<page>
    <title>Història de Suècia</title>
    <ns>0</ns>
    <id>1000312</id>
    <revision>
      <id>13946357</id>
      <parentid>13943821</parentid>
      <timestamp>2014-08-17T11:00:24Z</timestamp>
      <contributor>
        <username>ArnauBot</username>
        <id>90823</id>
      </contributor>
      <comment>Robot estandarditza i catalanitza referències, catalanitza dates i fa altres canvis menors</comment>
      <text>[[Fitxer:EU-Sweden.svg|thumb|300px|Suècia.]]
La moderna [[Suècia]] va començar a sorgir de la [[Unió de Kalmar]], fundada en 1397 i per la unificació del país pel rei [[Gustau I de Suècia|Gustau Vasa]] al [[segle XVI]]. Al [[segle XVII]],Suècia va ampliar els seus territoris per formar l[[Imperi Suec]]. La majoria d'aquests territoris conquistats van haver de ser abandonats durant el segle [[segle XVIII]]. Al [[segle XIX]] [[Finlàndia]] i els territoris que queden fora de la Península Escandinava es van perdre. Després de la seva última guerra el 1814, Suècia va entrar en una [[unió personal]] amb [[Noruega]] que es va perllongar fins a 1905. Des de 1814, Suècia ha estat en pau, i ha adopat una política de [[Movimient de Països No Alineats|no alineació]] en temps de pau i de neutralitat en temps de guerra..ref[http://www.state.gov/r/pa/ei/bgn/2880.htm#foreign ''U.S. State Department Background Notes: Sweden''] la política exterior sueca es basa en la premissa que la seguretat nacional es manté millor en romandre lliure d'aliances en temps de pau per tal de romandre neutral en cas de guerra./ref

== Prehistòria ==
[[Fitxer:Masslebergs hällristningar, den 4 oktober 2008, bild 6.JPG|thumb|[[Art rupestre|Pintura rupestre]] a [[Massleberg]].]]

=== Fi de l'era glacial ===
Fins als volts de l'any [[11000 aC]], [[Suècia]] es troba completament recoberta d'una [[casquet glacial]] que arriba de vegades a 3.000 metres d'altitud. Només l'[[Escània]] és lliure de gel; l'actual [[Mar Bàltica]] formava per la seva part un llac glacial.

Cap a l'any [[8500 aC]], el gel es comença a retirar i l'[[Oceà Atlàntic]] es precipita fins al mar Bàltic i forma el [[Mar Yoldia]]. El Dalsland, el Västergötland i l'Östergötland estaran, d'ara endavant, lliures de gel.

Vers el [[7000 aC]], l'ascens de les terres aïlla el mar així format que va donar a llum, per exemple, a l'actual [[Llac Vänern]]. Suècia va conèixer en els segles següents diversos fluxos i refluxos de l'oceà.

És només cap al [[4500 aC]] que Suècia adquireix la forma amb què la coneixem avui. Malgrat això, els més antics rastres de població humana trobats daten de 8000 anys abans de Jesucrist, a la regió de [[Malmö]], [[Escània]]. Aquests pobles de caçadors i recol·lectors van pujar cap al nord a mesura que el banc de glaç es retirava.

Segons els últims descobriments arqueològics, és tanmateix probable que Suècia ja hagi estat poblada abans de l'última glaciació, cap al [[50000 aC]], per l'[[Home de Neandertal]].

=== Paleolític superior (8000 a 7000 aC) ===
Quan els gels es retiren, els [[ren]]s vénen a pasturar a [[Dinamarca]] i al sud de Suècia. Les tribus cacen sobre un territori de més de 100.000|km²; i viuen en tipis sobre la [[tundra]] s'hi estableixen llavors, donant a llum la [[Cultura d'Ahrensburg]]. Hi ha llavors pocs boscos, però s'hi troben [[Bedoll|bedolls blancs àrtics]] i [[Sorbus|servers]]. La [[taigà]] apareix progressivament.

=== Mesolític (7000 a 5000 aC) ===
Durant el setè mil·lenni abans la nostra era, els rens i els seus caçadors migren cap al nord d'Escandinàvia i es comencen a formar boscos sobre tot el territori. Dues cultures específiques viuen llavors a Suècia: la [[Maglemosià|Cultura de Maglemosa]], establerta al sud de Suècia i a Dinamarca, així com les cultures de [[Fosna]] i de [[Hensbacka]], establertes més al nord i a [[Noruega]]. La utilització del [[foc]], de [[barca|vaixells]] i d'eines de pedra permet a aquests habitants sobreviure al nord d'Europa.

Els caçadors-recol·lectors del nord segueixen els ramats de [[ren]]s i el recorregut dels [[salmó|salmons]], migrant cap al sud durant l'hivern i tornant més al nord durant l'estiu. Aquestes poblacions segueixen així tradicions similars a aquelles practicades a través de tot el gran nord, ja sigui a Finlàndia, a Rússia o en l'extrem-nord d'[[Amèrica]].

Durant el sisè mil·lenni, el sud de Suècia és recobert de boscos frondosos, al si dels quals viuen [[Ur (bòvid)|urs]], [[Visó europeu|visons]], [[ant]]s i [[cérvol]]s. Les tribus de la [[Cultura de Kongemose]] viuen d'aquests animals. Com els seus predecessors, cacen igualment [[foca|foques]] i practiquen la pesca.

Al nord de la Cultura de Kongemose viuen dues altres cultures de caçadors-recol·lectors, anomendades cultures de [[Cultura de Nøstvet|Nøstvet]] i de [[Cultura de Lihult|Lihult]], descendents de les cultures de Fosna i de Hensbacka. Aquestes dues cultures existeixen encara al final del sisè mil·lenni, quan la cultura de Kongemose és reemplaçada per la d'[[Cultura d'Ertebølle|Ertebølle]].

=== Neolític (5000 a 1800 aC) ===
[[Fitxer:Skivyxa, Nordisk familjebok.jpg|200px|thumb|right|Tallant de destral típic [[Cultura d'Ertebølle]].]]
Durant el cinquè mil·lenni, la cultura d'Ertebølle s'assabenta de l'atuell de tribus establertes més al sud, tribus que han començat igualment a cultivar les seves terres i domesticar animals. Al voltant del [[4000 aC]], la cultura d'Ertebølle comença igualment a cultivar les seves terres i forma d'ara endavant part de la [[cultura dels vasos en embut|cultura megalítica dels vasos en embut]].

Durant el quart mil·lenni, aquestes tribus s'estenen progressivament cap al nord, fins a l'Uppland. Les cultures de Nøstvet i de Lihult aprenen les noves tecnologies d'aquests grangers, però no de l'agricultura. Formen la [[cultura de la ceràmica perforada]] des de la fi del quart mil·lenni. Aquestes tribus retenen l'avanç dels grangers de la cultura dels vasos en embut i els rebutgen fins i tot cap al sud-oest de Suècia. Certs investigadors pensen que els grangers del nord de Suècia van adoptar simplement l'estil de vida de la cultura de la ceràmica picada.

La llengua parlada pels antics escandinaus no és coneguda, però molts investigadors pensen que foren submergits al final del tercer mil·lenni per noves tribus proto-indo-europees pertanyents a la [[cultura de la ceràmica cordada]]. Aquestes tribus avancen fins a l'Uppland i porten probablement amb elles la llengua que serà l'avantpassat de les que parlen els escandinaus avui. Es tracta de societats patriarcals, basades en la cria.

== La Protohistòria ==
=== L'edat del bronze ===
{{Principal|Edat del bronze danès}}
Una mica més tard, des del començament del [[mil·lenni II aC]], fan la seva aparició els primers intercanvis comercials amb [[Europa]], i principalment amb les [[Illes Britàniques]]. També fa la seva aparició la utilització del bronze aparició.

Des d'un punt de vista cultural, és una societat fortament jerarquitzada que es desenvolupa en forma de [[clan]]s. Existeix nombroses tribus cadascuna dirigida per un rei o un cap. Si bé no disposem més que de poques dades quant a les civilitzacions que van existir a [[Suècia]] en aquesta època, el descobriment de nombrosos túmuls individuals (precursors dels de l'època dels [[víkings]]) ricament decorats amb bronze i amb or mostra que estaven molt desenvolupades i que mantenien nombrosos intercanvis amb el continent. Aquests intercanvis van anar multiplicant-se amb els anys.

Al [[segle VI aC]] els intercanvis existeixen amb la [[Cultura de La Tène|civilització celta de la Tène]]. Un segle més tard, és amb la [[República Romana]]. S'han trobat nombroses monedes i altres articles d'aquestes regions per part dels arqueòlegs sobre el territori [[Suècia|suec]]. És igualment a partir d'aquesta època que es troben els primers textos que parlen de [[Suècia]] principalment amb els escrits de [[Tàcit]], [[Procopi (historiador)|Procopi]] i [[Jordanes]].

=== L'edat de ferro : l'era de Vendel ===
{{Principal|Era de Vendel|Era del ferro germànica}}
[[Fitxer:Gotland-Tjelvars grav 2.jpg|thumb|Tomba a [[Gotland]].]]
En la història sueca, el [[Era de Vendel|període de Vendel]] (550-793) és el nom donat a l'[[Era del ferro germànica]], anomenada més generalment Era de les migracions.

S'han fet importants descobriments arqueològics d'aquest període a Suècia, sobretot nombroses sepultures en forma de vaixell prop de [[Vendel (Suècia)|Vendel]] en l'[[Uppland]] així com a l'illa de [[Gotland]]. En aquestes sepultures, s'ha trobat nombrosos cascos, glavis i escuts de fabricació local o estrangera.

En aquesta època, la societat es continua estructurant sota la forma de clans. Els descobriments arqueològics tendeixen a mostrar que l'[[Uppland]] és una zona important i poderosa. Una part de les riqueses provenia probablement del control de les mines de ferro. Els dirigents disposen de guerrers armats a cavall, equipats amb costoses armadures. El coneixement d'això prové, d'una banda, dels descobriments arqueològics i, de l'altra banda, dels textos de [[Jordanes]].

Existeixen contactes comercials amb l'Europa central, sota la forma d'exportacions de pell, de ferro i d'esclaus, a canvi, sobretot, d'obres d'art. És igualment en aquesta època que els suecs van començar a explorar les vies marítimes que portaran els víkings fins a [[Rússia]].

== L'època víkinga (~ 800 - ~ 1050) ==
[[Fitxer:Viking expansion.png|thumb|Mapa de les expansions víkingues.]]
=== Les expedicions víkingues ===
{{Principal|Varegs|Era víkinga}}
Al final de l'[[Era víkinga|època víkinga]], els pobles de [[Suècia]] ja havien teixit nombrosos vincles amb els pobles d'[[Europa]]. No hi ha una explicació certa que permeti saber per quina raó van augmentar tant aquests viatges dels pobles escandinaus. Una raó sovint avançada és la superpoblació de la regió per causa d'un reescalfament climàtic. Es trobaven vinyes a [[Escània]] als voltants de l'any [[1000]]. Una altra hipòtesi avançada, sobretot per [[Henri Pirenne]], és que l'expansió de l'imperi de [[Carlemany]] a l'oest i del [[Islam|món musulmà]] a l'est van tallar els canals de comunicació tradicionalment utilitzats pels pobles d'[[Escandinàvia]] que van buscar així noves vies.
[[Fitxer:Fornsalen - Bildstein - Schiff unter Segeln.jpg|thumb|Representació d'un [[drakar]].]]
Sigui com sigui, les expedicions [[víkings|víkingues]] sueques es van produir sobretot sobre l'est del continent europeu. Les expedicions cap a l'oest foren obra, sobretot, dels [[Dinamarca|danesos]] i [[Noruega|noruecs]]. Els víkings originaris de [[Suècia]] porten també el nom de [[varegs]]. Les seves expedicions partiren, en la seva major part, de l'illa de [[Gotland]], del [[Mälaren]] i de l'[[Uppland]]. La ciutat de [[Birka]] és reputada per haver estat un dels alts llocs de la civilització víkinga sueca. S'hi han trobat nombroses monedes, armament i altres objectes procedent de tota [[Europa]] però principalment del Regne dels [[Francs]], de [[Bizanci]] i de [[Bagdad]]. S'han trobat també nombroses monedes [[Aràbia|àrabs]] a l'illa de [[Gotland]].

Les expedicions víkingues sueques cap a Bizanci passaven pels territoris de les actuals [[Rússia]] i [[Ucraïna]]. Són els [[varegs]] els que van fundar l'[[Kíev|Estat de Kíev]] en el transcurs del [[segle IX]] que va donar lloc a [[Gran Ducat de Moscou|Moscòvia]] i després a [[Rússia]]. El nom d'aquest últim país ve d'altra banda del terme ''rus'', terme utilitzat pels pobles eslaus per designar els [[varegs]]. Avui encara, [[Suècia]] es diu ''Ruotsi'' en [[finès]].

La fi brutal de les expedicions víkingues a la meitat del [[segle XI]], resta encara inexplicada.

=== La religió ===
{{Principal|Mitologia nòrdica}}
[[Fitxer:Sacrificial scene on Hammars (II).png|thumb|left|Escena de sacrifici sobre la [[Pedra d'Stora Hammar]].]]
El poble de [[Suècia]] posseïa una religió [[Politeisme|politeista]] amb diversos [[déu]]s i [[mites]], entre els quals els més coneguts són [[Odin]] (''Óðinn''), [[Thor]] (''Þórr'') o [[Freyr]]. La vida espiritual de [[Suècia]] descansava principalment sobre el [[culte als avantpassats]]. Ho testimonien encara avui els nombrosos túmuls que es poden trobar sobre tot el territori suec.

Al final del [[Era víkinga|període dels víkings]], Suècia es va [[Cristianització|cristianitzar]]. El missioner franc [[Anscari de Bremen]] va venir dues vegades a [[Birka]] en la primera meitat del [[segle IX]]. La religió [[cristianisme|cristiana]] no es va implantar tanmateix verdaderament a [[Suècia]] més que cap a la fi del [[segle XI]] sobre les ribes del llac Mälar i a la regió d'[[Uppsala]]. Les primeres esglésies van ser construïdes al començament del [[segle XII]], sobretot a [[Sigtuna]] o [[Linköping]]. El primer [[arquebisbe]] fou entronitzat en [[1164]] a [[Uppsala]]. És la religió [[cristianisme|cristiana]] la que va posar fi a la societat [[clan|clànica]] i va portar a la formació d'un Estat estructurat tals com existien ja a Occident.

== Els començaments del regne suec (~ 1050 - 1389) ==
=== Cap a la unificació ===
[[Fitxer:Silvermynt slaget för Olof Skötkonung, Nordisk familjebok.png|thumb|Moneda encunyada per Olof Skötkonung.]]
L'origen tradicional de la unificació de Suècia es remuntaria al [[segle VI]] si hom es creu el poema ''[[Beowulf]]''. Les més recents recerques han demostrat que és a la regió de [[Götaland]] on s'hauria produït el naixement de la Suècia unificada. La forta implantació del [[cristianisme]] des del [[segle XII]] en aquesta regió, al [[Västergötland]] i a [[Östergötland]] fou un vector molt important de creació d'un regne unit que reemplaçà el conjunt de clans i tribus enemigues que regnaven sobre el país. La regió del [[mälaren|Llac Mälar]] on es trobava l'illa de [[Birka]] fou cristianitzada força més tard.

Fins al bell mig del [[segle XIII]], la seu de l'autoritat resta regional, entre les mans d'un [[senescal]] (''[[jarl]]''). El primer personatge d'importància nacional que pot ser considerat com a prou influent per ser designat amb el terme de rei de Suècia és [[Olof Skötkonung]], al [[segle X]]. Aquest regnava sobre [[Västergötland]] però la seva influència es feia sentir fins a [[Uppland]]. Tanmateix, aquesta influència no va ser tan forta quant als seus descendents ja que en anys posteriors, foren diversos els reis que van regnar sobre el territori de l'actual Suècia.

En la primera meitat del [[segle XII]] va començar una unificació real de Suècia amb el regnat de [[Sverker I|Sverker l'ancià]]. El tron s'alternà durant un centenar d'anys entre els seus descendents i els d'[[Eric el Sant|Erik Jedvardsson]].

=== Suècia sota els Folkungar ===
[[Fitxer:Stockholms skyddsbrev 1252.jpg|thumb|Carta on es garanteix la protecció dels monestirs Fogdö, emesa per Birger Jarl a Estocolm el juliol de 1252.]]
Des del començament del [[segle XIII]], la influència dels ''jarl'' creix. En [[1252]], el ''jarl'' [[Birger Magnusson]] que governa Suècia des de [[1248]] funda la ciutat d'[[Estocolm]] amb l'objectiu de protegir el llac [[Mälaren]]. La influència d'[[Estocolm]] augmenta a una velocitat tal, que tot just una generació després, esdevé la ciutat més important de [[Suècia]] gràcies a l'afluència de venedors principalment procedents d'[[Alemanya]]. Les primeres expedicions de [[cristianització]] de [[Finlàndia]] van sortir d'Estocolm.

El fill de Birger Jarl, [[Valdemar Birgersson|Waldemar]] és escollit rei en [[1250]]. És el primer dels representants de la [[Dinastia Folkung]]. Malgrat això, és [[Birger Jarl]] qui continua exercitant ''de fet'' el poder sobre el regne. És reemplaçat pel seu germà, [[Magnus Ladulås]], en [[1266]] a la mort de Birger Jarl. Aquest últim pren el títol de rei en [[1279]]. En aquesta època, en [[1280]], Suècia es troba dividida en feus (''[[län]]'') i la noblesa, d'ara endavant eximida d'impostos és establerta de manera secular.

[[Magnus Ladulás]] mor en [[1290]]. El poder torna al conestable [[Torgils Knutsson]] ja que el jove [[Birger I Magnusson|Birger]] és encara menor. La regència, durant la qual es conquereixen vastos territoris a [[Finlàndia]], durarà fins al [[1303]]. En [[1317]], [[Birger I Magnusson,|Birger]] fa assassinar els seus dos germans que intentaven enderrocar-lo, en jutjar-lo massa allunyat de l'[[Església (institució)|Església]]. Esclatà una revolta i Birger fou deposat uns anys més tard. El seu jove fill de tres anys d'edat, [[Magnus II Eriksson|Magnus]] és escollit rei. Aquest regna sobre [[Noruega]] (és el directe hereu del seu avi maternal [[Håkon Magnusson]] que mor en [[1319]]) fins al [[1343]] i sobre [[Suècia]] fins al [[1363]]. Regna sobre Suècia amb el nom de Magnus IV i sobre Noruega sota el nom de Magnus VII.

En [[1350]], sota el regnat de Magnus, es promulga el ''Codi general'', una mena de primera constitució sueca. En aquest, s'estipula sobretot que el rei no podia decretar nous impostos sense l'acord del Consell del regne, que el rei es compromet a regnar en virtut de la llei o que aquest últim és escollit.

És encara sota el regnat de [[Magnus II Eriksson|Magnus]] que Suècia comença a obrir-se de manera important a la resta d'[[Europa]]. Es creen vies comunicació cap al sud i tenen lloc importants intercanvis econòmics, principalment amb la [[Lliga Hanseàtica]] i la ciutat de [[Lübeck]]. Des d'un punt de vista cultural, la poesia cortesana i la cavalleria fan la seva aparició a la cort.

Acusat d'anar en contra del Codi general pel Consell del regne des de fa diversos anys, el seu fill [[Eric XII de Suècia]] va ser col·locat al tron pel Consell en [[1356]]. Aquest mor en [[1359]] a causa de pesta que castiga al regne. Durant aquest temps, el regne de [[Dinamarca]], conduït per [[Valdemar Atterdag]] conquereix diverses regions de Suècia i sobretot les províncies d'[[Escània]], [[Halland]] i [[Blekinge]] en [[1360]] i l'illa de [[Gotland]] i el seu important port de [[Visby]] en [[1361]]. En [[1364]], Magnus és obligat a l'exili. [[Albert III de Mecklemburg]] és escollit rei de Suècia el mateix any.

La noblesa, sempre en oposició amb el rei, va apel·lar a la filla de [[Valdemar IV de Dinamarca|Valdemar de Dinamarca]], [[Margarida I de Dinamarca|Margarida]], vídua de [[Håkon VI de Noruega]], segon fill de [[Magnus IV de Suècia|Magnus IV Ericsson]] per escollir-la com a reina de Suècia amb el seu fill [[Olaf Haakonsson|Olaf]] en [[1387]] la qual cosa va tenir lloc l'any següent.

== Suècia sota la Unió de Kalmar ( [[1389]] - [[1523]]) ==
{{Principal|Unió de Kalmar}}
=== La noblesa contra la corona (1389 - 1440) ===
La unió dels regnes de [[Suècia]], [[Dinamarca]] i [[Noruega]] és ratificada en [[1397]] a la ciutat de [[Kalmar]]. El nebot de Margarida, [[Eric de Pomerània]] és reconegut rei dels tres regnes. És el començament de la [[Unió de Kalmar]]. Durant aquest període, els tres regnes conservaran la seva autonomia, les seves lleis i la seva pròpia administració. Tanmateix, Margarida, regenta fins a la seva mort en [[1412]] arribarà a concentrar el poder entre les seves mans i les del seu nebot, [[Eric de Pomerània|Eric]].

La influència de la noblesa sueca així debilitada va comportar tensions entre aquesta i la reina. Un dels objectius de Margarita - i que serà reprès per Eric - és de posar fi a la influència econòmica de la [[Lliga Hanseàtica]] als regnes escandinaus. Això porta a una guerra costosa i desafiant per al poble suec amb la [[Lliga Hanseàtica]]. [[Suècia]] s'aïlla econòmicament i aquesta situació catastròfica comporta diverses revoltes contra la corona, sobretot a les mines del [[Bergslagen]] en [[1434]] (liderada per [[Engelbrekt Engelbrektsson]]). Aquesta [[revolta]] comença per obtenir el suport dels pagesos, després ràpidament dels habitants de les ciutats, del clergat i finalment de la noblesa. En [[1435]], els representants d'aquests estats es reuneixen per formar una mena de parlament que acabarà conduint a l'actual [[Parlament de Suècia|Riksdag]], el parlament suec. [[Engelbrekt Engelbrektsson|Engelbrektsson]] és assassinat poc temps després d'haver estat escollit Tinent general (''rikshövitsman''). La lluita continua gràcies a [[Karl Knutsson Bonde]], ''líder'' de la noblesa. Aquest és elegit regent del regne pel Consell el [[1438]], la qual cosa li confereix el títol de rei de [[Suècia]]. [[Eric de Pomerània|Eric VII]] és deposat en la mateixa ocasió.

És al mateix període que aquest perd la batalla per al tron que l'oposa al seu nebot [[Cristòfor de Baviera]]. En [[1440]], aquest última és escollit rei de [[Dinamarca]], i hom li reconeix els drets dels Consells a dirigir els regnes de la Unió.

=== La fi progressiva de la Unió (1440 - 1523) ===
La noblesa, erigida de nou com a poder dominant a Suècia, reprèn les seves antigues lluites fratricides per poder. Els feus, no hereditaris, són disputats entre els diferents representants de la noblesa. A la mort de [[Cristòfor de Baviera]], el Consell, a [[Suècia]] escull [[Carles VIII Knutsson|Carles VIII]]. Però els Consells de [[Dinamarca]] i de [[Noruega]] opten per [[Cristià I de Dinamarca|Cristià I]]. Carles és deposat per Cristià, però aquest torna temporalment al poder entre [[1467]] i la seva mort en [[1470]].

Després d'haver enfrontat i haver batut els exèrcits de [[Dinamarca]] i de [[Suècia]] de [[Cristià I de Dinamarca|Cristià I]] a [[Brunkeberg]] en [[1471]], [[Sten Sture el Vell|Sten Sture]] és escollit virrei de [[Suècia]] pel Consell. Aquest posseeix el suport de la noblesa cada vegada més hostil a [[Dinamarca]] i intenta allunyar [[Suècia]] de [[Dinamarca]]. Sten Sture és expulsat del poder en [[1497]] per [[Joan I de Dinamarca|Joan I]] però el recupera en [[1501]] fins a la seva mort en [[1503]].

Diversos regents exerceixen el poder entre [[1503]] i [[1517]], amb el suport de certes faccions de la noblesa. El poder a Suècia continua sent erràtic durant aquest període. Entre [[1517]] i [[1518]], [[Cristià II de Dinamarca]] intenta reprendre el poder a Suècia atacant [[Estocolm]]. Ho aconsegueix en [[1520]] amb l'ajuda d'una part de la noblesa sueca favorable a la [[Unió de Kalmar]]. Fa matar el regent de Suècia, [[Sten Sture el Jove]] així com els seus opositors entre la noblesa sueca. Aquest episodi és conegut amb el nom de [[Bany de Sang d'Estocolm]].

[[Gustau I de Suècia|Gustau I]] forma part de la noblesa sueca i és un dels principals opositors a [[Cristià II de Dinamarca]]. Va escapar tanmateix a la massacre i és fet presoner per aquest últim. Aconsegueix tanmateix escapar-se i tornar a Suècia. Troba refugi en [[Dalarna]] on intenta reunir la població, fortament oprimida pels representants de la corona danesa i que pateix els estralls de l'aturada del comerç amb la [[Lliga Hanseàtica]].

Envalentit per diversos èxits i aprofitant una altra revolta a [[Småland]], la noblesa s'uneix ràpidament a la causa de Gustau i l'anomena regent de [[Suècia]] en [[1521]]. Amb el suport de [[Lübeck]] a qui promet el control del comerç exterior del regne, Gustau aconseguirà fer sortir les forces daneses d'[[Estocolm]] en [[1523]]. El mateix any, [[Cristià II de Dinamarca]] és destituït en resposta a les revoltes produïdes a [[Dinamarca]] i a [[Noruega]] i [[Gustau I de Suècia]] entre triomfalment a la capital sueca. El [[6 de juny]], Gustau és escollit rei de [[Suècia]] per la noblesa, amb la qual cosa es posa fi definitivament a la [[Unió de Kalmar]] pel que fa a [[Suècia]].

Aquest esdeveniment és considerat com el naixement de la Suècia moderna. El [[6 de juny]] és commemorat avui com a [[Festa nacional]] per aquesta raó.

== Gustau Vasa i els seus fills (1523 - 1611) ==
=== La restauració de la independència econòmica sueca ===
Per tal d'assentar l'economia sueca, durament afectada per la influència de [[Lübeck]] sobre aquesta, [[Gustau I de Suècia]] decideix la confiscació, en [[1527]], d'una part dels béns de l'[[Cristianisme|Església]], els adquritis des de [[1454]], que representen llavors més d'un 20% dels predis rurals. 

Aquesta desgràcia per a l'Església va ser ampliada per l'arribada de les tesis de [[Martí Luter]] sobre el territori suec i la traducció del [[Nou Testament]] en suec per [[Olaus Petri]] en [[1526]]. Es va instaurar així, en [[1540]], una Església d'Estat que adoptava les tesis de Luter, després d'una primera ruptura amb [[Cristianisme|Roma]] en [[1531]]. Les revoltes que això va poder comportar foren ràpidament esclafades i Gustau I decideix al mateix temps de centralitzar encara més els poders de l'Estat.

Alhora, i sempre per intentar millorar la situació financera del regne, Gustau segella la pau amb [[Dinamarca]] en [[1534]], llavors en guerra amb [[Lübeck]]. Suècia s'uneix a la guerra i retroba així la seva independència econòmica en [[1536]].

Les institucions relatives a les finances i als assumptes exteriors són reformades i reforçades, la qual cosa contribueix a l'erecció d'un regne centralitzat i poderós. En [[1544]], Gustau obliga el [[Parlament de Suècia|Riksdag]] a suprimir el sistema de designació electoral del rei per reemplaçar-lo per un sistema hereditari en benefici de la [[Dinastia Vasa]].

Al mateix temps, al llarg del regnat de [[Gustau I de Suècia|Gustau]], l'economia, encara fortament orientada cap a l'agricultura i la ramaderia, coneix un creixement constant i important que contrasta clarament amb l'economia malaltissa de l'[[Edat mitjana]]. La població del regne augmenta i es colonitzen noves regions més al nord. Les granges del sud, on la densitat de població s'intensifica, es reagrupen en pobles, fins i tot en ciutats.

A la seva mort en [[1560]], Gustau deixa un regne fort i amb les finances finalment sanejades.

=== La guerra de Livònia ===
{{Principal|Guerra de Livònia}}
Gustau comença la [[guerra de Livònia]] el 1558, però mor poc després. La guerra seran principalment conduïda pel seu fill [[Eric XIV de Suècia|Eric XIV]].

Els seus dos germans, [[Joan III de Suècia|Joan]] i [[Carles IX de Suècia|Carles]] van rebre com a llegat de llur pare importants ducats. Durant el seu regnat, Suècia s'oposarà a [[Dinamarca]], a [[Rússia]] i [[Polònia]] per al control de la [[mar Bàltica]], després de l'annexió de [[Letònia]] per part de Polònia. En [[1561]], [[Suècia]] conquereix la ciutat de [[Tallinn|Reval]] i comença a imposar la seva influència fora de [[Escandinàvia]]. Intenta jugar un paper entre [[Rússia]] i [[Europa Occidental]]. Tanmateix, la conquesta d'[[Estònia]] causarà una ''guerra dels set anys'' de [[1563]] a [[1570]] amb Dinamarca, una guerra que Suècia perdrà a la [[Pau de Stettin]] on veurà com li són imposats pesats tributs.

Malgrat la pau signada amb Dinamarca, el rei compromet Suècia contra la Rússia d'[[Ivan IV de Rússia|Ivan IV]] a [[Livònia]]. En [[1581]], Suècia s'apodera del port estonià de [[Narva]]. La Treva de Plussa posa fi a una guerra que va durar 34 anys. Rússia reconeix les conquestes sueques al sud del golf de Finlàndia i la conquesta de Narva.

En [[1595]], de resultes d'una nova [[Guerra russo-sueca de 1590-1595|Guerra dels Cinc Anys]], Rússia reprèn els territoris perduts dotze anys abans.

=== Conflictes amb la noblesa === 
Al mateix temps, la noblesa, endormiscada sota el regnat de Gustau comença a fer de nou sentir la seva veu. Eric, en intentar reforçar encara el poder de la corona, provoca la còlera de la noblesa, amb els seus germans al capdavant. En resposta a això, i a l'assassinat per part d'Eric de diversos membres de la noblesa, aquesta última es revolta i el fa empresonar en [[1568]]. És el seu germà, [[Joan III de Suècia|Joan III]] qui hereta la corona, designat pel Consell que s'ha ocupat abolir la successió hereditària del tron. Al principi, el nou rei atorga nous privilegis a la noblesa però, alhora, es nega a cedir a totes les seves exigències.

A la mort de [[Joan III de Suècia|Joan III]] en [[1592]], el seu fill [[Segimon III Vasa|Segimon]], llavors rei de [[Polònia]] puja al tron. El nou rei, [[catolicisme|catòlic]], inquieta la noblesa que posa tot els mitjans per limitar el seu poder. En [[1593]], [[Carles IX de Suècia|Karl, duc de Södermanland]] i quart fill de [[Gustau I de Suècia|Gustau I]] reuneix la noblesa en el [[sínode d'Uppsala]] que adopta definitivament la [[luteranisme|confessió luterana]]. El rei Segimon és obligat a reconèixer-la i de garantir-li l'estatut de religió d'Estat. En [[1599]], Karl fa fora [[Segimon III Vasa|Segimon]] i esdevé regent.

Després del [[Bany de sang de Linköping]] de [[1600]] on una important part de la noblesa és executada, esdevé rei en [[1604]]. Karl esdevé [[Carles IX de Suècia]] i reinstaura la monarquia absoluta del seu pare així com la successió hereditària del tron.

Quan es reuneix el [[Parlament suec|Riksdag]] de 1604, els membres de l'assemblea es manifesten de manera irrevocable a favor del [[protestantisme]], exclouen els catòlics de la successió al tron, i els prohibeixen exercir tot càrrec o dignitat a Suècia. D'altra banda, tot suec que continuï sent catòlic ha de ser desposseït dels seus béns i ser expulsat del regne.

És durant el regnat de Carles IX que Suècia esdevé una monarquia essencialment protestant i militar. La coloració militar del règim prové igualment d'aquest Riksdag de 1604 ja que, a petició de Carles IX, s'institueix un exèrcit regular a Suècia. Cada província del regne ha de mantenir llavors i proveir un nombre prefixat d'unitats d'infanteria i de cavalleria per al servei de l'Estat.

== L'època d'esplendor de Suècia (1600 - 1718) ==
[[Fitxer:Sweden2.gif|thumb|right|L'expansió territorial del regne de Suècia al [[segle XVII]].]]

La militarisation du régime initiée par Charles IX et, notamment, l'introduction d'une armée régulière en 1604, poussera la Suède dans une politique d'expansion dont les conséquences se feront sentir pendant 120 ans. Les guerres se multiplient durant cette période et rythment la vie du royaume.

La militarització del règim iniciada per Carles IX i, sobretot, la introducció d'un exèrcit regular el 1604, empenyerà Suècia vers una política expansiva, les conseqüències de la qual es faran sentir durant 120 anys. Les guerres es multipliquen durant aquest període i marquen la vida del regne.

En [[1619]], [[Gustau II Adolf]] crea una societat.refLa guerre de trente ans: L'Empire supplicié, per Henri Sacchi, pàgina 350 /ref per a l'explotació de coure a [[Falun]]ref name=SacchiHenri Sacchi, ''La Guerre de trente ans: L'Empire supplicié'' [http://books.google.fr/books?id=sYHIomxFVJACpg=PA350dq=cuivre+falun+gustavehl=frei=SErxTNWxHcGA4Qak0eXJAQsa=Xoi=book_resultct=resultresnum=2ved=0CC8Q6AEwAQ#v=onepageq=cuivre%20falun%20gustavef=false Llegir en línia]/ref que utilitza un miler d'obrers, un any després que [[Guillaume de Bèche]] hagués fundat una societat per a la fabricació de canons, basada en les [[fargues de Finspang]],ref name=Sacchi/ que permet a Suècia i el seu exèrcit de multiplicar els canons de cuir, tirats per un sol cavall.refLa guerre de trente ans: L'Empire supplicié, per Henri Sacchi, pàgina 351 /ref

=== La modificació de l'ordre constitucional ===
Aquest període, que contempla l'extensió del regne a l'estranger, és igualment marcat pel desenvolupament pacífic de l'ordre constitucional suec. En aquest àmbit com en tots els altres, és el mateix [[Gustau II Adolf]] qui pren la iniciativa.

Teòricament, el Consell reial [[Riksråd]]) continua sent encara el poder que domina al si de l'estat, però tota l'autoritat real és transferida progressivament a la corona. El Consell reial perd progressivament el seu antic paper de representant de l'aristrocratie semifeudal i esdevé una burocràcia que ocuparà els càrrecs principals, segons el capritx del rei.

El paper del [[Parlament de Suècia|Riksdag]] és igualment modificat durant aquest període. Mentre que a tots els altres països europeus, a excepció del Regne de Polònia-Lituània i d'Anglaterra, l'antiga representació popular dels estats està desapareixent, la Suècia de Gustau Adolf l'erigeix al rang de part integral de la constitució. L'ordenança de 1617 sobre el Riksdag transforma una assemblea turbulenta i aleatòria en una verdadera assemblea nacional, que es reuneix i delibera segons normes precises.

Un dels càrrecs nobiliaris, anomenat en principi [[Landmarskalk]] (mariscal de la dieta), serà d'ara endavant atribuïit regularment. El seu titular esdevé el portaveu de la Cambra dels Nobles ([[Riddarhus)]], mentre que el primat assumeix la presidència de les tres altres cambres, el clergat, la burgesia i els pagesos. Aquests tres estats escolliran llavors, ells mateixos, els seus propis portaveus.

Quan es produeix l'obertura de cada sessió, el rei sotmet als estats les proposicions reials. Cadascun dels estats delibera llavors de manera separada sobre aquestes proposicions i les seves respostes són aportades al rei en la sessió següent. Si les respostes dels estats difereixen entre elles, el rei pot escollir l'opinió que millor li sembli.

Els drets del Riksdag són garantits pel [[Konungaförsakran]], que és el jurament donat per cada rei en el moment de la seva accessió al tron, on promet col·laborar amb els estats durant l'elaboració de la legislació i consultar-los sobre tota qüestió de política estrangera.

És doncs el rei qui pren la iniciativa, però els estats tenen el dret d'oposar-se a les mesures proposades pel rei al final de cada sessió. És igualment durant el regnat de Gustau Adolf que es crea la Comissió secreta ([[Hemliga Utskottet]]), que s'ocupa dels assumptes extraordinaris; els membres de la qual són escollits pels estats.

Les onze sessions del Riskdag dirigides per Gustau Adolf estigueren gairebé totes orientades a trobar mitjans de finançar les guerres poloneses i alemanyes. Els estats van mostrar un zel patriòtic sense fisures durant aquest període.

=== El conflicte suec-polonès ===
Carles desitja continuar l'ampliació del regne fora d'[[Escandinàvia]] i xoca llavors amb el seu aliat, tant dinàstic com territorial, Polònia. Després d'Estònia, que havia estat recobrada en [[1600]], intenta recuperar la [[Livònia]]. Entre 1601 i [[1609]], els esforços tant suecs com polonesos, per establir-se a Livònia, són tanmateix contrarestats pel talent militar del general lituà [[Jan Karol Chodkiewicz]].

En [[1608]], el conflicte es desplaça a territori rus. Al començament de l'any, Carles IX s'alia en efecte amb el tsar de Rússia [[Vassili IV de Rússia|Vassili IV]] contra el seu enemic comú, el rei de Polònia. Però el 1611, quan el tsar és deposat pels seus propis súbdits, Rússia sembla estar a punt d'esfondrar-se. La política sueca canvia llavors radicalment, i els suecs es deleixen per apoderar-se de les riqueses russes abans que els polonesos. És el començament de la [[guerra d'Íngria]].

[[Carles IX de Suècia|Carles]] mor en [[1611]]. El seu jove fill i hereu, [[Gustau II Adolf|Gustau II]], puja al tron als 17 anys.

=== La guerra de Kalmar (1611-1613) ===
{{Principal|Guerra de Kalmar}}
La [[guerra de Kalmar]] oposa Suècia a [[Dinamarca]]. En tenir Dinamarca el control dels estrets que connecten la [[mar Bàltica]] amb el [[mar del Nord]], Suècia busca des de fa diversos anys l'obertura d'una nova via comercial que passaria per la poc poblada [[Lapònia]] i el nord de Noruega, territoris que pertanyen igualment a Dinamarca.

En [[1607]], Carles IX s'havia proclamat rei dels lapons i del Norrland i havia començat a cobrar impostos en aquestes regions. En ser els peatges dels estrets la principal font d'ingressos del regne de Dinamarca-Noruega, el rei [[Cristià IV de Dinamarca|Cristià IV]] s'oposà ràpidament i de manera ferma a la voluntat sueca de crear una nova via comercial.

En [[1611]], en resposta a les pretensions sueques sobre el nord de Noruega, Dinamarca ataca Suècia i un exèrcit de 6000 homes posa sota setge la ciutat de [[Kalmar]] i pren la ciutat. Les tropes noruegues estacionades a la frontera havien rebut ordres de no atacar.

El 20 d'octubre, Carles IX mor i el seu fill Gustau Adolf succeeix. Demana immediatament a Suècia de concloure un tractat de pau, però Cristià IV veu llavors una oportunitat d'aconsguir una major victòria i fortifica els seus exèrcits al sud de Suècia.

Els [[Països Baixos]] i [[Anglaterra]], implicats igualment en el comerç a la mar Bàltica, fan tanmateix pressió sobre Dinamarca perquè signi la pau. Els danesos, tot i estar ben equipats i animats, no tenen diners, i per tant es veuen forçats a signar el [[Tractat de Knäred]]ref{{Ref-llibre |cognom=Nolan |nom=Cathal J. |títol=The Age of Wars of Religion, 1000-1650 |url=http://books.google.es/books?id=1h9zzSH-NmwCpg=PA495lpg=PA495dq=kalmar+warsource=blots=SJ3glK5Dtdsig=WQACDWdTwtVmXCJDXK1Cq--blPEhl=casa=Xei=OS8UUJD2DMmChQeJrIGoDgved=0CDUQ6AEwAQ#v=onepageq=kalmar%20warf=false |llengua=anglès |editorial=Greenwood Publishing Group |data=2006 |pàgines=p.496 |isbn=0313337330 }}/ref el 20 de gener de 1613.

Dinamarca obté llavors el control sobre la Lapònia sueca i Suècia és obligada a pagar un fort rescat per les dues fortaleses que ocupen els danesos. Suècia obté per contra el dret de ser eximida del peatge sobre el Sund. Anglaterra i els Països Baixos obtenen els mateixos drets.

=== La guerra d'Íngria (1611-1617) ===
{{Principal|Guerra d'Íngria}}
{{VT|Íngria sueca}}
La dificultat russa és més fàcil d'ajustar i se salda més honorablement per a Suècia. Quan [[Nóvgorod]] reconeix la sobirania feudal de Suècia, el govern suec creu que podrà crear momentàniament un domini que s'estendrà fins a [[Arkhànguelsk]] al nord i fins a [[Vólogda]] a l'est. L'adhesió de la nació russa al voltant del nou tsar [[Miquel I de Rússia]] dissipa ràpidament aquest somni ambiciós.

Des del començament de [[1616]], Gustau Adolf està convençut de la impossibilitat de dividir la Rússia reunificada, mentre que Rússia reconeix la necessitat de pagar la retirada dels invencibles suecs amb alguna cessió de territori.

Al [[Tractat de Stolbova]], signat el [[27 de febrer]] de [[1617]], el tsar cedeix les províncies d'[[Íngria]] i de [[Kexholm]], així com la fortalesa de [[Schlüsselburg|Nöteborg]] (anomenada més tard Schlusselburg), que és la clau de Finlàndia. De més, Rússia renuncia a tota pretensió sobre [[Estònia]] i [[Livònia]], i paga una indemnització de guerra de 20.000 [[ruble]]s. En contra part, Gustau Adolf torna Nóvgorod i reconeix Miquel III com a tsar de Rússia.

=== La guerra suec-polonesa 1621-1629) ===
El 1621, Gustau ataca Polònia per tal de prendre el control de Livònia. Riga és presa i esdevé la ciutat més important de l'[[Imperi suec]].

=== La guerra dels Trenta Anys (1618-1648) ===
{{Principal|Guerra dels Trenta Anys}}
Gustave entra llavors en guerra i venç el 1631 l'exèrcit del Sacre Imperi Romà Germànic. Continua els combats al sud d'Alemanya i és mort el 1632 a Lützen. [[Axel Oxenstierna|Oxenstierna]] esdevé regent sota [[Cristina de Suècia|Cristina]], filla de Gustau; accompleix els dos objectius suecs : reunir els protestants sota la seva ègida i transformar la costa bàltica alemanya en post avançat. El 1643, Suècia ataca Dinamarca, que ha de signar dos anys més tard el tractat de Brömsebro i cedir al seu enemic les illes del mar Bàltic, [[Gotland]] i [[Ösel]] (Saaremaa) i les províncies noruegues frontereres de [[Jämtland]] i [[Härjedalen]].

Amb la [[Pau de Westfàlia]], Suècia esdevé la potència dominant de la Bàltica i assegura la seva supremacia a Europa del Nord : arriba a la [[Pomerània]] occidental, les ciutats de [[Wismar]] i [[Stettin]], el [[Mecklemburg]], els bisbats de [[Bremen i Verden]], amb la qual cosa s'assegura el control de les desembocadures de l'[[Elba (riu)|Elba]] i del [[Weser]].

=== L'Imperi suec (1648-1718) ===
{{Principal|Imperi suec|Primera guerra del nord|Gran Guerra del Nord}}
Suècia es llança al colonialisme el 1638 amb la Nova-Suècia a Amèrica després el 1650 amb una factoria a l'Àfrica per participar en el tràfic dels esclaus. Aquest mateix any, Cristina fa acceptar el seu cosí Karl Gustav com a hereu. Abdica el 1654 i [[Carles X Gustau de Suècia|Carles X Gustau]] esdevé [[reis de Suècia|rei de Suècia]].

Promulga una sèrie de mesures que apunten a recuperar els béns de la corona de mans de la noblesa. Decideix el 1655 atacar Polònia llavors en guerra contra Rússia per tal de recuperar la costa bàltica entre la [[Pomerània]] i la [[Livònia]]. Però ha d'enfrontar-se a una coalició entre el [[Sacre Imperi Romanogermànic]], [[Brandenburg]], [[Dinamarca]] i [[Rússia]]. El 1657, el rei prefereix envair el Dinamarca que capitula l'any següent. El [[tractat de Roskilde]] desllasta Dinamarca de les províncies d'[[Escània]], [[Blekinge]], [[Halland]], [[Bohuslän]] i [[Trondheim]], així com l'illa de [[Bornholm]]. Un segon atac suec el 1660, que fracassà, va fer perdre Trondheim i Bornholm a Carles X que va morir de malaltia i va deixar el tron al seu fill Carles XI, encara menor (fins a 1672).

Suècia va participar en la guerra contra [[Brandenburg]] en el bàndol de França, però va ser vençuda el 1675 a [[Fehrbellin]]. Els danesos ho van aprofitar per envair Escània, on es van quedar fins a la seva expulsió pel rei. [[Lluís XIV de França]] va aconseguir negociar una pau que aconseguí no fer perdre a Suècia més que alguns territoris a Pomerània. El 1680, el Riksdag va imposar la recuperació dels béns de la corona al rei, el que va permetre reflotar les caixes de l'Estat i debilitar els nobles suecs. Després d'una fi de regnat consagrada a les reformes financeres, [[Carles XI de Suècia|Carles XI]] mor el 1697 i deixa el poder al seu fill [[Carles XII de Suècia|Carles XII]], de quinze anys d'edat.

Per evitar una altra regència, el rei va ser declarat major d'edat. [[Frederic August I de Saxònia (elector)|August II]], [[llista de reis de Polònia|rei de Polònia]], el tsar de Rússia [[Pere I de Rússia|Pere el Gran]], i [[Frederic IV de Dinamarca|Frederic IV]], rei de Dinamarca i de Noruega s'alien contra el jove rei i ataquen Suècia el 1700. Carles bat Dinamarca i després Polònia que es col·loca als seus costats contra Rússia el 1704. Però una vegada a Rússia, és desviat cap a [[Ucraïna]], i ha de fugir a [[Turquia]] després de la seva derrota a [[Batalla de Poltava|Poltava]] (1709). Refeta la coalició, Suècia és atacada de nou: Dinamarca pren Escània i Rússia ocupa [[Finlàndia]] i els països bàltics. Havent tornat d{{'}}''incògnit'' al seu regne el 1714, Carles XII mobilitza l'exèrcit i ataca Noruega llavors territori danès. És mort quan es troba assetjant Fredriksten el 1718. La seva germana Ulrika Eleonora esdevé reina en detriment del seu nebot Carles Frederic, duc de Holstein-Gottorp. En contrapartida, la monarquia absoluta desapareix. El 1720, el seu marit, [[Frederic I de Suècia|Frederic I]] esdevé rei de Suècia. Aconsegueix obtenir una pau molt costosa el 1721 : Prússia pren una part de Pomerània, [[Hannover]], [[Bremen i Verden]]; pel [[Tractat de Nystad]] Suècia ha de cedir la [[Livònia]], [[Estònia]], l'[[Íngria]] i la [[Carèlia Finlandesa|Carèlia]] oriental a Rússia, que es converteix així en la principal potència de la regió.

== L'era de la llibertat (1719 - 1772) ==
{{Principal|Era de la Llibertat}}
Des de la mort de [[Carles XII de Suècia|Carles XII]] al cop d'estat de [[Gustau III de Suècia|Gustau III]], el poder s'esquitlla provisionalment a favor del parlament, conseqüència directa de la desastrosa [[Gran Guerra del Nord]]. 

Al començament de [[1720]], [[Ulrica Elionor I de Suècia|Ulrica Elionor]], germana de Carles XII que s'havia convertit en reina a la mort d'aquest últim, va abdicar a favor del seu marit, [[Frederic I de Suècia|Frederic I]]. A la seva arribada al tron dos anys abans, havia acceptat una reforma que confiava l'essència del poder al parlament. Abans d'entrar en vigor, una llei havia de recollir l'assentiment de tres dels quatre cossos que es reunien de manera separada, la noblesa, el clergat, la burgesia i la pagesia. Els conflictes i gelosies eren nombrosos i el procés legislatiu continuava sent poc eficaç. Entre el quart cos, només els pagesos propietaris eren representats al parlament.

El comte [[Arvid Horn]], president de la Cancelleria, es va esforçar a rompre amb l'antiga política bel·licosa del regne distanciant-se de [[França]] per acostar-se al [[Regne Unit]], del qual admirava les institucions liberals. La seva política va permetre al país aprofitar vint anys de pau per trobar la seva prosperitat. A mesura que les seqüeles de la guerra es difuminaven, una nova generació de polítics, liderada pel comte [[Carl Gyllenborg]] i el comte [[Carl Gustaf Tessin]], es van posar a criticar la pusil·lanimitat del parlament d'una manera cada vegada més rigorosa. Van atorgar als seus adversaris el sobrenom de «Gorres de nit», i ells mateixos van adoptar el nom de ''[[Partit dels barrets]]'', en referència al [[tricorn]] portat pels oficials. En [[1738]], al final de la [[guerra de Successió de Polònia]], durant la qual Suècia havia donat supoart a [[Estanislau I de Polònia|Stanislas Leszczyński]] contra [[Frederic August II de Saxònia (elector)|August III]], van aconseguir obligar Horn a la dimissió.

=== Guerra russo-sueca ===
Els Barrets van tornar ràpidament a l'antiga aliança amb França, amb la idea de restablir la puixança de Suècia. El seu primer error va ser tanmateix d'introduir-se de manera poc clara en una perillosa [[Guerra russo-sueca de 1741-1743|guerra contra Rússia]]. Al principi, les complicacions ocasionades per la mort simultània de [[Carles VI del Sacre Imperi Romanogermànic|Carles VI d'Habsburg]] i d'[[Anna Ivànovna de Rússia]] semblaven jugar a favor dels Barrets. El [[8 d'agost]] de [[1741]], Suècia va declarar la guerra a Rússia. El conflicte va girar ràpidament a l'avantatge dels russos i es va acabar per la firma del [[Tractat d'Åbo]], segons el qual Suècia va contemplar con la seva frontera retrocedia encara més cap al nord.

=== Guerra dels Set Anys ===
{{Principal|Guerra dels Set Anys}}
A nivell intern, els Barrets no van perdre tanmateix llur influència i van dominar una temptativa de reapropiació del poder per part del nou rei, [[Adolf Frederic de Suècia|Adolf Frederic]], en [[1756]]. La seva política exterior va seguir, per la seva part, experimentant revessos i la seva implicació, a iniciativa de França, en la [[guerra dels Set Anys]] es va saldar amb una pèrdua de 40.000 homes. Els Estats Generals de [[1760]] s'anunciaven com a molt arriscats, però el seu sentit polític els va evitar la ruïna. El respir no va ser més que passatger i, en [[1765]], les Gorres van tornar al poder.

== Era gustaviana (1772 - 1809) ==
Després d'un demi-siècle de parlamentarisme, [[Gustau III de Suècia|Gustau III]] va restaurar la monarquia absoluta mitjançant un cop d'estat no violent. El seu règim es va mantenir fins a les [[guerres Napoleòniques|guerres napoleòniques]], en el transcurs de les quals Suècia va ser obligada a cedir Finlàndia a Rússia.

== La modernització de Suècia (1809 - 1866) ==
El [[21 d'agost]] de [[1810]], l'hereu instituït pel rei, el [[Mariscal de França|mariscal francès]] [[Carles XIV Joan|Jean-Baptiste Bernadotte]], és escollit [[príncep hereu]] pel parlament. En [[1813]], les seves forces s'uneixen a la coalició contra Napoleó i vencen Dinamarca a [[Bornhöved]]. Pel [[Tractat de Kiel]], el rei de Dinamarca ha de cedir la Noruega continental a la corona sueca. Noruega declara tanmateix la seva independència, adopta una constitució i escull un nou rei. Suècia envaeix Noruega per assegurar-se del respecte del tractat. Després d'una curta guerra, la [[Pau de Moss]] ratifica una unió personal entre els dos Estats. La unió dura fins al [[1905]], data en la qual és pacíficament dissolta a petició de Noruega. Bernadotte regna de [[1818]] a [[1844]] sota el nom de [[Carles XIV Joan]], període en el transcurs del qual el país s'industrialitza progressivament, en particular en el camp del tèxtil i les serradores.

== La industrialització de Suècia (1866 - 1907) ==
Durant la [[Revolució Industrial]], l'economia, llavors principalment agrícola, passa progressivament d'una estructura vilatana al model de la granja privada. Això tanmateix no comporta gaire progressos econòmics i socials i, mercès a l'augment de població, un milió de suecs emigren als Estats Units entre [[1850]] i [[1890]].

El [[segle XIX]] contempla el sorgiment d'una premsa d'oposició liberal, l'abolició del monopoli dels gremis a favor de la lliure empresa, reformes fiscals i electorals, la introducció d'un servei militar nacional i el desenvolupament de tres grans partits, social demòcrata, liberal i conservador.

És en aquesta època quan [[Alfred Nobel]] inventa la [[dinamita]] i s'institueixen els [[Premi Nobel|Premis Nobel]].

== Segle XX ==
Suècia va romandre neutral durant la [[Primera Guerra Mundial]]. Durant la guerra i la [[dècada de 1920]], les seves indústries s'expandiren per proveir la demanda europea d'acer suec, [[coixinet (mecànica)|coixinets de rodament]], polpa de fusta i [[misto]]s. La prosperitat de la postguerra va proporcionar els fonaments per a les polítiques de l'[[estat del benestar]], característiques de la moderna Suècia.

=== El període d'entreguerres a Suècia (1920 - 1939) ===
Les preocupacions de la política exterior en la [[dècada de 1930]] es van centrar en l'expansionisme soviètic i alemany, el que va estimular els esforços fallits de la cooperació de defensa nòrdica. Suècia va seguir una política de neutralitat armada durant la Segona Guerra Mundial (encara que milers de voluntaris suecs va lluitar en la [[Guerra d'Hivern]] contra els soviètics), emperò, no permeté el pas de les tropes alemanyes a través del seu territori per tal d'exercitar els drets d'ocupació en el veí, [[Noruega]]. Tanmateix, forní el règim nazi amb acer i amb els molt necessaris [[coixinet (mecànica)|coixinets de rodament]].

=== Suècia en el transcurs de la Segona Guerra mundial (1939 - 1945) ===
{{Principal|Suècia durant la Segona Guerra mundial}}
Suècia va romandre neutral durant la [[Segona Guerra Mundial]], tot i la involucració dels seus veïns, i va proveir assistència a ambdós bàndols.

=== Suècia des de [[1945]] ===
Suècia va ser un dels primers no bel·ligerants a la [[Segona Guerra Mundial]] que s'uniren a les [[Nacions Unides]] (en 1946). A part d'això, el país va tractar de mantenir-se al marge de les aliances i va romandre oficialment neutral durant tota la [[Guerra Freda]] (per exemple, mai es va unir a l'[[OTAN]]).

El [[Partit Socialdemòcrata de Suècia|Partit Socialdemòcrata]] es va mantenir al govern durant 44 anys (1932-1976), i durant gran part de la [[dècada de 1950]] i la del [[dècada de 1960|1960]] es va dedicar a construir el ''[[Folkhemmet]]'' (literalment ''Casa del Poble''), l'[[estat de benestar]] suec. La indústria de Suècia no havia sofert danys per la guerra i estava en condicions d'ajudar a reconstruir el nord d'Europa en les dècades que van seguir a 1945. Això va conduir a un auge econòmic en l'era de la postguerra que va fer possible el sistema del benestarref Albert Harold Rosenthal,''The social programs of Sweden: a search for security in a free society'' (1967) cap. 8/7 /ref

En la [[dècada de 1970]] les economies de la resta d'Europa occidental, en particular la d'[[Alemanya Occidental]] eren pròsperes i creixien ràpidament, mentre que l'economia sueca es va estancar. Molts economistes van culpar al seu impost sobre grans fons del [[sector públic]].ref Vegeu Dezsö J Horvath, Donald J. Daly'' [http://books.google.com/books?id=U7uRY3FvdC4Cpg=PA32dq=sweden+1970s+stagnationlr=as_drrb_is=bas_minm_is=0as_miny_is=1980as_maxm_is=0as_maxy_is=as_brr=3cd=3#v=onepageq=sweden%201970s%20stagnationf=false Dezsö J Horvath; Donald J Daly''Small countries in the world economy: the case of Sweden'' (1989) pp 30-35 online]/ref

El 1976, els socialdemòcrates van perdre la seva majoria. Les [[Eleccions legislatives sueques de 1976|eleccions parlamentàries de 1976]] va portar una coalició liberal/d'extrema dreta al poder. Durant els sis anys següents, quatre governs van governar i va caure, formats per tots o alguns dels partits que havien guanyat el 1976. El quart govern liberal en aquests anys va ser atacat pels socialdemòcrates, els sindicats i el [[Partit Moderat (Suècia)|Partit Moderat]], i va culminar amb el [[Eleccions legislatives sueques de 1982|retorn al poder dels socialdemòcrates el 1982]].

Durant la Guerra Freda, Suècia va mantenir un doble enfocament; públicament, el país mantenia una forta política de [[País neutral|neutralitat]], però extraoficialment es van mantenir forts vincles amb els EUA, Noruega, Dinamarca, Alemanya Occidental i altres països de l'OTAN. Els suecs esperaven dels EUA l'ús d'armes convencionals i nuclears en el cas d'un atac soviètic contra Suècia. Es va mantenir una forta capacitat de defensar-se contra una invasió amfíbia, duta a terme amb avions de combat construïts a Suècia, però no hi va haver capacitat d'atac de llarg abast.refAskelin, Jan-Ivar, [http://www.foi.se/FOI/templates/Page____3726.aspx Lifeless lifeline to the west], ''Framsyn Magazine'', [[Agència d'Investigació de la Defensa Sueca]], 2004, Número 1, Obtingut el 24 febrer del 2010 /ref

En la [[dècada de 1960]] els EUA van desplegar, prop de la costa occidental de Suècia, [[submarí nuclear|submarins nuclears]] armats amb míssils nuclears de mig abast del tipus [[Míssil Polaris|Polaris]]. L'abast i les condicions de seguretat la feien una bona zona des de la qual llançar un atac de represàlia nuclear a Moscou. Els EUA, secretament, van donar a Suècia una garantia de seguretat militar, en la qual li prometin l'ús de la força militar en ajut de Suècia en cas d'una agressió soviètica. Com a part de la cooperació militar dels EUA, aquest proporcionaren molta ajuda en el desenvolupament del [[Saab 37 Viggen]], atès que es veia com a necessària l'existència d'una poderosa força aèria sueca per mantenir a ratlla els avions anti-submarins soviètics avions que operaven en l'àrea de llançament de míssils. Com a contraprestació, científics suecs de l'[[Institut Reial de Tecnologia]] van fer contribucions considerables en la millora de la capacitat dels [[Míssil Polaris|míssils Polaris]] per focalitzar l'objectiu.refBruzelius, Nils, [http://www.foi.se/FOI/templates/Page____4065.aspx Secret nuclear submarines guaranteed Swedish security], ''Framsyn Magazine'' Agència d'Investigació de la Defensa Sueca, 2005, Número 1, obtingut el 24 de febrer del 2010 /ref

El 28 de febrer de 1986, el líder socialdemòcrata i primer ministre suec, [[Olof Palme]] va ser assassinat, els suecs, commocionats, es preguntaren preocupats si la nació s'havia perdut la innocència.

A principis de 1990 es va produir un cop més una crisi econòmica amb alta desocupació i molts bancs i empreses en fallida. Pocs anys després del final de la Guerra Freda Suècia Guerra es va convertir en un membre de la [[Unió Europea]] el 1995, i el vell terme política de neutralitat va caure en desús.refErich Reiter i Heinz Gärtner, eds. ''Small States and Alliances'' (2001) [http://books.google.com/books?id=NjN6fJSLbggCpg=PA103dq=sweden+1990s+neutralitylr=as_drrb_is=bas_minm_is=0as_miny_is=2000as_maxm_is=0as_maxy_is=num=50as_brr=3cd=4#v=onepageq=sweden%201990s%20neutralityf=false online p. 103]/refrefChristine Agius, ''The Social Construction of Swedish Neutrality: Challenges to Swedish Identity and Sovereignty'' (2006) p. 207/ref

El poble suec va refusar l'adopció de l'euro per [[referèndum]] el 14 de setembre [[2003]], quatre dies després de l'assassinat de la ministra d'afers exteriors [[Anna Lindh]].

El 2009, Suècia autoritza el matrimoni homosexual i l'Església Luterana va permetre els matrimonis homosexuals.ref{{ref-web|url=http://news.bbc.co.uk/2/hi/8321502.stm |títol=Sweden church allows gay weddings |consulta=10/1/2013 |obra= |editor=BBC News |data=22/10/2009 |llengua=anglès }}/ref

== Vegeu també ==
*[[Germànics]]
*[[Vasaloppet]]
*[[Reis de Suècia]]
*[[Història de Dinamarca]]
*[[Història de Finlàndia]]
*[[Història de Noruega]]

==Referències ==
{{Referències}}

== Bibliografia ==
{{Commonscat|History of Sweden}}

*{{en}} Irene Scobbie, ''Historical Dictionary of Sweden'', Scarecrow Press, Lanham Md, 2006, 368 p. {{ISBN|978-0-8108-5375-1}} 
*{{fr}} Jörgen Weibull, ''Suècia : una ullada històrica'', [[Svenska Institutet|Institut suec]], [[1993]]. {{ISBN|9152003051}}
*{{ref-llibre
 | cognom = Kessler
 | nom = Nicolas
 | editor = Presses Universitaires de France
 | títol = Scandinavie 
 | url = http://www.puf.com/wiki/Autres_Collections:Scandinavie
 | data = novembre del 2009
 | editorial = 
 | lloc = París
 | llengua = francès
 | pàgines = 
 | isbn = 2130563813
 | ref =
}}

* {{sv}} Lizelotte Lundgren Rydén,''Ett svenskt dilemma : socialdemokraterna, centern och Eg-frågan 1957-1994'', Göteborg : Historiska inst. Univ. 2000, 319 S (= Avhandlingar från Historiska institutionen i Göteborg; 23) {{ISBN|91-88614-29-8}}

== Enllaç extern ==
* [http://www.memo.fr/dossier.asp?Id=178 Història de Suècia]


{{ORDENA:Historia De Suecia}}	!--ORDENA generat per bot--
{{Enllaç AB|lt}}

[[Categoria:Història de Suècia]]</text>
      <sha1>k6ml7go27n8uabcgd9pkt6tm6gbd8kx</sha1>
      <model>wikitext</model>
      <format>text/x-wiki</format>
    </revision>
  </page>