<page>
    <title>Junkers Ju 287</title>
    <ns>0</ns>
    <id>1000192</id>
    <revision>
      <id>13941612</id>
      <parentid>13696805</parentid>
      <timestamp>2014-08-15T09:53:32Z</timestamp>
      <contributor>
        <username>CastorBot</username>
        <id>76036</id>
      </contributor>
      <minor></minor>
      <comment>Check Wikipedia #25. Jerarquia d'encapçalaments</comment>
      <text>{{2L|data=febrer de 2013}}
{{Infotaula aeronau
|nom = Dj 287
|imatge = file:Modellphoto Ju287V1 2.png
|peu de foto = Model a escala del Dj 287 V1.
|tipus = [[Prototip]] de [[bombarder]]
|fabricant ={{Bandera|Alemanya Nazi}}[[Junkers]]
|dissenyador = [[Philipp von Doepp]]
|primer vol = [[8 d'agost]] de [[1944]]
|introduït =
|retirat =
|estat = Abandonat
|usuari =
|altres usuaris =
|producció =
|unitats construïdes = 2 prototips
|cost del programa =
|cost unitari =
|desenvolupament del =
|variants amb el seu propi article =
|desenvolupat en =
}}

El ''' Junkers Dj 287 ''' va ser un [[avió]] [[experimental]] [[Alemanya|alemany]] construït per desenvolupar la tecnologia necessària per a un avió [[bombarder]] multi-motor de reacció.ref name =  LRG  [http://www.warbirdsresourcegroup.org/LRG/ju287.html Pàgina del Luftwaffe Resource Group del Junkers Ju 287] /ref Estava impulsat per quatre motors [[Junkers Jumo 004]],ref name = LRG/ presentava una ala revolucionària escombrada cap endavant i va ser construït en gran part per components d'altres aeronaus. El prototip de vol i un segon prototip inacabat van ser capturats per l'[[Exèrcit Roig]] en les etapes finals de la [[Segona Guerra Mundial]] i el disseny va ser desenvolupat a la [[Unió Soviètica]] després del final de la guerra.ref name=LRG/

== Desenvolupament ==
[[Fitxer: Esquema 3D con Jumo 004 y He S 011.JPG|thumb|left|A l'esquerra veiem un Junkers Dj 287 amb 4 motors [[Junkers Jumo 004]] ia la dreta un amb 6 [[He S 011]].]]
El Dj 287 era el bombarder de la [[Luftwaffe]] 320px|que podria evitar la intercepció dels caces enemics. El escombrat de l'ala cap endavant va ser suggerit pel dissenyador cap del projecte, el Dr [[Hans Wocke]] com una forma de proporcionar sustentació extra a baixa velocitat - necessària a causa de la pobra capacitat de resposta dels primers turbojets en els enlairaments i aterratges. El primer prototip tenia la intenció d'avaluar el concepte, i va ser a partir de la improvisació d'un fuselatge d'un [[Heinkel He 177]], de la cua d'un [[Junkers Dj 388]], el [[tren d'aterratge]] principal d'un [[Junkers Dj 352]], i del tren de proa d'un [[B-24 Liberator]] que es va estavellar. Dos dels motors [[Jumo 004]] van ser penjats sota les ales, amb els altres dos muntats en góndoles afegides a banda i banda del fuselatge cap endavant.

El '' Junkers Dj 287 V1 '' (amb codi ''' RS+RA ''') va volar per primera vegada, i sota estrictes mesures de seguretat, el [[16 d'agost]] de [[1944]]. En els comandaments de l'avió el cap de proves de Junkers, el Flugkäpitan [[Siegfried Holzbauer]]. L'avió només va requerir 1/3 de la pista més llarga de [[Brandis]], ja que va usar 3 unitats de [[ESTONA|ESTONA (Rocket assisted Take Off)]] [[Walter109-501]] muntats sota 3 dels quatre motors. Aquestes unitats proporcionaven 1200 kg d'empenta extra en l'enlairament i eren un sol ús i reutilitzables. L'aeronau, que va mostrar molt bones característiques de maneig, així com va revelar alguns dels problemes de l'escombrada de l'ala progressiva cap endavant en algunes condicions de vol. Les proves també van suggerir que l'aeronau es beneficiaria d'una major concentració en massa de motors sota les ales, una característica que seria incorporat en els posteriors prototips. Aquests van ser subministrats amb motors [[Heinkel H, i S 011]], però a causa dels problemes de desenvolupament que va experimentar aquest motor, el BMW 003 va ser seleccionat al seu lloc. El segon i tercer prototips tenien sis d'aquests motors, el primer amb un raïm de tres en cada ala, aquest últim amb dos a cada ala i un a cada costat del fuselatge, com el primer prototip. Aquestes màquines tenien bucs totalment nous, i el tercer prototipref El Dj 287 V3 es va utilitzar per àmplies proves sota càrrega estàtica a l'Institut Central de Aerodinàmica i Hidrodinàmica (ZAGI) a Moscou, on se l'ha estudiat pel que fa al compliment dels requisits. /ref transportava armament i va servir per al desenvolupament de la versió de producció dels avions.

== Denominació de la fàbrica Junkers ==
Els alemanys de la [[Junkers]] denominaven ''' EF ''' ('' Entwicklungs Flugzeug, en [[idioma alemany]]: avió de desenvolupament) '' als seus projectes.ref Monogram Close Up 1, Junkers Ju287, Thomas Hitchcock, Monogram Aviation Publication, 1974, ISBN 0-914144-01-4. /ref

== La fàbrica Junkers és presa pels soviètics ==
Abans que el segon prototip estigués complet, però, la fàbrica [[Junkers]] va ser presa pels [[Unió Soviètica|soviètics]]. Wocke i el seu personal, juntament amb els dos prototips d'avions, van ser portats a la Unió Soviètica. Allà, el segon prototip (tornar a la seva designació Junkers original, ''' EF-131 ''') va ser acabat i volat el [[23 de maig]] de [[1947]],ref 'Letadla Luftwaffe' by Marek J. Murawski /refref [http://wp.scn.ru/en/ww2/b/1821/1/0/1 Esquema del segon prototip del Junkers Ju 287 amb insígnies soviètiques] /ref però en aquest moment, el desenvolupament d'altres jet ja ha superat el Dj 287.ref Es creu que va realitzar més de 200 hores de vol, provant fuselatges i motors, fins que va ser donat de baixa en 1948/1949. /ref

[[Fitxer: Modellphoto Ju287V1 1.png|340px|thumb|left|Disposició dels motors, llançament d'un coet auxiliar i el tren d'aterratge de la Dj 287 V1 (imatge del model)]]
=== Junkers EF 132 ===

{{VT|EF 132|Alekseev Tipus 150}}

Més enllà de les noves superfícies en forma de fletxa de la cua i les turbines situades sota les ales, el Dj EF 132 era similar al Dj 287 V2. El projecte [[Dj EF 132]] abandonament la radical ala en fletxa invertida cap endavant per canviar-lo per la més convencional ala en fletxa escombrada cap enrere. Estava proposat per utilitzar únicament 2 motors [[Jumo 012]], que, s'estimava, eren molt més potents que qualsevol altra turbina desenvolupada fins a aquest llavors. També es van posicionar les turbines al fuselatge i es va alliberar de protuberàncies l'ala. El desenvolupament del Dj EF132 per part dels soviètics no és verificable però indubtablement l'hi ha investigat per al seu possible desenvolupament. No obstant això, una versió modificada de Dj EF132 popularment coneguda com a [[Alekseev Tipus 150|Tipus 150]] va ser Junkers EF-150] /refref Després de gairebé quatre anys el ''' Tipus 150 ''' va ser acabat i propulsat per 2 turbo jets de 6400 lliures d'empenta i eren, de fet, la versió soviètica dels Jumo 012. Tots dos motors estaven suspesos sota les ales. Ja que l'amplada de les ales es va veure reduït es va optar per utilitzar un tren d'aterratge quatricicle muntat en tàndem i plegable al fuselatge. El tren d'aterratge del morro era lleument més curt, el que li donava un angle terrestre negatiu. Es diu que hagués tingut una velocitat màxima de 1047 km/h amb un sostre de servei de 13.800 [[metre|m]] i una rang operacional de 3800 [[km]]. Encara que es van dur a terme proves exhaustives durant tot aquest any, no es va iniciar cap producció. Després d'un aterratge forçós on es va danyar el tren d'aterratge i part de l'estructura, el 150 no va ser restaurat a condicions de vol, i es desconeix el seu destí /refref El Tipus 150 nfluyó molt en el [[Miasíshchev M-4]]. El Tipus 150 de ales en fletxa positives, que va volar en l'URSS dissenyat per l'equip de Baade, em sembla que seria l'últim descendent. /refref [http://www.airpages.ru/cgi-bin/epg2.pl? page = img150_2 Tipus 150 en un aeroport de [[Lukhovitsy]]] /ref

=== OKB-1 EF 140 ===

{{VT|OKB-1 EF 140|OKB-1}}

A la [[Unió Soviètica]] van ser presos a càrrec per la [[OKB-1]], '' SP Korolev Rocket and Space Corporation Energia (en [[Idioma rus|rus]]: Ракетно-космическая корпорация Энергия им. С.П.Королева) '' una fàbrica russa (amb tecnologia nazi capturada) de naus espacials i components de l'Estació espacial.

Un derivat final molt ampliat, ja amb denominació soviètica, l'OKB-1 EF 140 La diferència rau en els motors (i la mida) ja que el 131 estava previst per utilitzar 6 turboreactors BMW o Jumo, en canvi el Tipus 140 era un bimotor (per les millores efectuades a les turbines).
El tipus 140 (el prefix EF d'origen alemany va ser abandonat) és bàsicament un EF-131 equipat amb els nous turboreactors disponible el 1947. Aquests motors són molt més potents, de manera que es va convertir en una aeronau bimotor, però també més eficients quant a consum de combustible i molt més fiable.

Al maig de 1948, a causa de l'elecció del IL-28 com bombarder i el rebuig del Tupolev 78R com avió de reconeixement, les autoritats russes van decretar que els Tipus 140 es desenvoluparan exclusivament per a missions de reconeixement amb el nom de tipus 140R. Més tard, l'agost de 1948, un nou decret que autoritza la construcció de tipus 140B/R, capaç de dur a terme missions de bombardeig i de reconeixement. /ref es va posar a prova en forma de prototips, el [[1949]], però aviat va abandonar.

El [[Alekseev Tipus 150]],ref [http://www.aviastar.org/air/russia/alekseev_150.php Alekseev Tipus 150] /ref un dels últims desenvolupaments de l'equip rus-alemany. Era un bombarder a mig camíref [http://www.aviastar.org/pictures/russia/alekseev_150.gif Esquema 3D del Alekseev Tipus 150] /ref entre l'[[Il-28]] i el [[Tu-16]].

== Especificacions (Dj 287 V1) ==
Dadesref name=LRG/

=== Característiques generals ===
* Tripulació: 2, pilot i copilot
* Longitud: 18,30 m (60 peus)
* Envergadura: 20,11 m (65 peus 11 en)
* Alçada: 4,70 m (15 peus)
* Superfície alar: 61 m² (655 m²)
* Pes en buit: 12.500 kg (27.500 lliures)
* Carregat de pes: 20.000 kg (44.000 lliures)
* Motor: 4 (prototip #1) o 6 (prototip #2) × [[turbojet]]s [[Junkers Jumo 004]] B-1, 8825 kN (1.984 lliures f)

=== Rendiment ===
* Velocitat màxima: 780 km/h (487,5 mph)
* Rang: 1.570 quilòmetres (980 milles)
* Sostre de servei 9.400 m (30.000 peus)
* Règim d'ascens: 580 m/min (1.890 peus/min)

=== Armament ===
* Armes: 2 ×, [[metralladora]] [[MG 131]] 13 mm a la torreta de cua. Posteriorment es van canviar per les còpies sovieticas de la MG131, les [[FHL151]] en muntatge doble controlada remotament a la cua de l'avió.
* Bombes: 4.000 kg (8.800 lliures) de bombes (proposta).

== Models ==

Hi ha almenys un [[model a escala]] del Dj 287, de la [[Humans|fàbrica Humans]], en escala 1/72.ref [http://www.hsgalleries.com/gallery04/ju287pfg_1.htm Junkers Ju 287 V1 Pier Francesco Grizi] /ref

== Vegeu també ==
* [[Junkers EF 132]]
* [[OKB-1 EF 140]]
*{{Bandera|USA}}[[Boeing B-47 Stratojet]]
* [[Sistema de designació aeronaus del RLM]]: ← [[Fa 284]] · [[Fl 285]] · [[Dj 286]] · ''' Dj 287 ''' · [[Dj 288]] · [[Dj 290]] · [[Em 290]] →

== Referències ==
{{referències|2}}

=== Bibliografia ===
 
* Lommel, Horst. '' Junkers Dj 287 The World 's First Swept-Wing Jet Aircraft '' ISBN 190322392X
* Hitchcock, Thomas H. '' Junkers 287 (Monogram Close-Up 1) ''. Acton, MA: Monogram Aviation Publications, 1974. ISBN 0-914144-01-4.
* Gunston, Bill  Wood, Tony - '' Hitler s Luftwaffe, '' 1977, Salamander Books Ltd Londres

== Enllaços externs ==
{{Commonscat|Junkers Ju 287}}

* [http://www.warbirdsresourcegroup.org/LRG/images/ju287-1.jpg Dj 287]
* [http://www.zonamilitar.com.ar/foros/showthread.php?t=17907 Pàgina completíssima de Fòrum de sobre el Dj 287 i els seus derivats soviètics.]
* [http://forum.keypublishing.co.uk/showthread.php?t=26709 Interessants fotos d'un Junkers Dj 287]
* [http://www.luftwaffepics.com/LCBW/Imatges del Dj 287]
* [http://www.luftwaffepics.com/LCBW3/Més imatges del Dj 287]
* {{ref-web |url=http://prototypes.free.fr/ju287/ju287-1.htm|títol=Prototypes.com/Le Junkers Ju-287 et ses dérivés/I. La conception du Junkers 287!--Títol generat per bot--}}
* {{ref-web |url=http://www.samoloty.ow.pl/|arxiuurl=http://web.archive.org/web/20080725030742/http://www.samoloty.ow.pl/|arxiudata=25 de juliol de 2008|títol=www.samoloty.ow.pl}} 
* [http://www.warbirdsresourcegroup.org warbirdsresourcegroup]
* [http://www.luft46.com luft46]
* [http://www.luftarchiv.de luftarchiv]
* [http://www.aviastar.org aviastar]
* [http://wp.scn.ru/en/ww2/b/1821/1/0/1 Wings Pallete]

{{Plantilla:Denominacions dels avions del RLM}}
[[Categoria:Avions alemanys de la Segona Guerra Mundial]]
[[Categoria:Bombarders]]
[[Categoria:Avions de reacció]]</text>
      <sha1>3cslta04fcg3id62bpe2edt9onjc7ta</sha1>
      <model>wikitext</model>
      <format>text/x-wiki</format>
    </revision>
  </page>