<page>
    <title>Junkers EF 132</title>
    <ns>0</ns>
    <id>1000194</id>
    <revision>
      <id>13709883</id>
      <parentid>13655667</parentid>
      <timestamp>2014-06-29T21:54:05Z</timestamp>
      <contributor>
        <username>PereBot</username>
        <id>118448</id>
      </contributor>
      <minor></minor>
      <comment>Robot inserta {{Commonscat}} que enllaça amb [[commons:category:Junkers Ju EF 132]]</comment>
      <text>{{2L|data=febrer de 2013}}
{{Infotaula aeronau
 |nom = EF 132
 |imatge = file:Esquema JU Ef132.JPG
 |peu de foto = Dibuix del Junkers EF 132.
 |tipus = [[Bombarder]]
 |fabricant ={{Bandera|Alemanya Nazi}}[[Junkers]]
 |dissenyador = [[Brunolf Baade]]
 |primer vol =
 |introduït =
 |retirat =
 |estat = Cancel·lat
 |usuari =
 |altres usuaris =
 |producció =
 |unitats construïdes = 0
 |cost del programa =
 |cost unitari =
 |desenvolupament del = [[Junkers Dj 287]]
 |variants amb el seu propi article =
 |desenvolupat en = [[OKB-1 EF 140]] br / [[Miasíshchev M-4]]
}}

L '''' Junkers EF 132 ''' va ser un dels últims plans en desenvolupament de projecte de bombarder realitzats per [[Junkers]] a la [[Segona Guerra Mundial]],ref name=autogenerated1 Geheimprojekte der Luftwaffe Band II: Strategische Bomber 1935 -1945 /ref i va ser la culminació del disseny del [[Junkers Dj 287]] que va començar el 1942. Capturat pels [[Unió Soviètica|soviètics]].ref [http://www.luft46.com/mrart/mr132-5.jpg Rememoració de com hauria lluït un JU EF 132 amb insígnies sovieticas.] /ref Va ser la base de molts dels [[bombarder]]s de la [[Guerra Freda]] com el [[Miasíshchev M-4]].ref name=autogenerated1/

== Descripció ==
=== Ales ===
Les ales muntades a l'espatlla van ser deixades enrere en un angle de 35 graus i en un petit anhedro. Sis motors a reacció [[Jumo 012]] cada un de 2500 kgf (5500 lliures) d'embranzida, van ser tancats en les arrels alars. Els resultats del [[túnel de vent]] van mostrar les avantatges de tenir els motors dins de l'ala, en lloc de causar resistència quan estan muntats per sota de la superfície de l'ala. Diverses maquetes de fusta es van construir de les seccions de l'ala, per tal de trobar la millor manera de muntar els motors sense gastar massa espai i alhora l'accessibilitat del seu manteniment. Els flaps d'aterratge van ser dissenyats per dividir els lloms, i l'objectiu era fer la revisió i el funcionament senzills.

=== Fuselatge ===
A causa de la col·locació alta de les ales al fuselatge es podria utilitzar en el centre del fuselatge una badia de bombes ininterrompuda de 12 metres (39 '4 ).ref Name=autogenerated1/ La cua dels avions també van ser dissenyada de nou i l'EF 132 tenia una aleta vertical i timó normal. Un interessant concepte de [[tren d'aterratge]] estava previst, que consistia en una roda de nas, dos en tàndem principal centre de les rodes sota de la part posterior del fuselatge, i rodes de tipus '' Outrigger '' a cada ala exterior. Aquest tren d'aterratge es va usar posteriorment en avions nord-americans i soviètics com el [[Boeing B-52]], el [[Boeing B-47]] i el [[Miasíshchev M-4]].ref name=autogenerated1/

=== Cabina ===
Una [[cabina pressuritzada]] totalment envidrada, situada a l'extrem del fuselatge nas s'acomodava una tripulació de cinc persones.

=== Armament ===
L'armament constava de dues torres bessones amb canons de 20 mm (un situat a popa de la cabina i l'altre sota el fuselatge) i en la popa tenia una doble torreta amb canó de 20 mm. Tot aquest armament defensiu estava controlat a distància des de la cabina.ref Name=autogenerated1/

Tenia una càrrega de bombes de 4000-5000 kg (8.818-11.023 lliures) per a ser transportades.

== Història ==
=== Desenvolupament i proves ===
Un model de túnel de vent es va posar a prova a principis de 1945, i una maqueta escala 1:1 de fusta també es va construir en la instal·lació [[Junkers]] de [[Dessau]] per posar a prova la col·locació dels diversos components, i per comprovar les diferents obertures d'admissió d'aire en l'ala avançada dels motors a reacció.ref name=autogenerated1/

=== Cau a mans dels soviètics ===
{{AP|OKB-1}}
L'etapa de desenvolupament havia avançat molt quan els soviètics van envair el complex de [[Dessau]] i van prendre possessió de tots dissenys i components dels '' [[Dj 287]] i EF 132 ''. Els soviètics van donar la seva aprovació per a la fàbrica de '' Junkers Dessau '' a ser parcialment reconstruïda, reparats els túnels de vent i els motors a reacció i la de les instal·lacions de prova de fabricació que es posessin de nou en funcionament ja que havien estat severament bombardejada. La maqueta de fusta va ser inspeccionada freqüentment per funcionaris Soviètics, i traslladada a l'URSS, juntament amb el trasllat forçós de tots els treballadors de [[Junkers]] d'octubre de [[1946]]. El treball va ser iniciat amb un planador per la necessitat de realitzar més assaigs de vol en les característiques de maneig, que es va informar com excel·lent. Els treballs de construcció havien començat en el Dj EF 132 quan es va donar ordre per aturar tots els treballs, i el projecte va ser cancel·lat.ref Name=autogenerated1/ref [http://xh2002.photo.hexun.com/10716356_d.html#10716356 Gràfic d'un Dj EF 132 amb insígnies nazis] /ref

== Especificacions (EF 132) ==
{{Especificacions d'aeronau
|Referència = ref name=autogenerated1/
|Imatge = Esquema JU Ef132.JPG
|Descripció imatge =
|Mida imatge =
|Avió o helicòpter? = Avió
|Reactor o hèlix? = Reactor

|Tripulació = 5
|Capacitat =
|Càrrega = 33700
|Envergadura = 32.4
|Longitud = 30.8
|Alçada = 8/4
|Superfície alar = 161
|Perfil alar =
|Pes buit = 31300
|Pes carregat =
|Pes útil =
|Pes màxim = 65000
|Nombre reactors = 6
|Tipus reactor = [[turbojet]]
|Model reactor = [[Junkers Jumo 012]]
|Empenta = 5500
|Empenta peça = lbf
|Empenta més =
|Empenta/pes = 4,33
|Altres general =
* ''' Combustible ''': 18.000 kg
* ''' Lubricants ''': 250 kg

|Vnexceder =
|Vnormal = 930
|Vcrucero = 850
|Vpérdida =
|Vmcontrol =
|Autonomia = 3500
|Autonomia més = ref La distància màxim en una altra font mostra que era 9.800 km (6.090 milles), el que al seu torn sembla més probable donada a Dj EF 132 va ser dissenyat com un bombarder de llarg abast. /ref
|Autonomia ferri =
|Ràdio acció = 2,7 hores.
|Sostre servei = 10300
|Sostre servei més =, probablement 11.000-14.000 metres.ref Una altra font indica el sostre de servei era 11000-14000 m (36.089-45931 peus), que sembla més probable que el Dj EF 132 va ser dissenyat com un bombarder de llarg abast i gran altura /ref
|Règim ascens = 15/05
|Càrrega alar = 403,7 kg/m²
|Altres rendiment = br /
* ''' Distància enlairament ''': 1.260 m
* ''' Distància aterratge ''': 580 m
* ''' Velocitat aterratge ''': 190 km/h

|Aviònica =
|Altres dades =
}}

== Vegeu també ==
* [[Junkers Dj 287]]
* [[OKB-1]]
* [[Miasíshchev M-4]]
*{{Bandera|USA}}[[Boeing B-47 Stratojet]]

== Referències ==
{{referències|2}}

== Bibliografia ==
* Geheimprojekte der Luftwaffe, Bd.2, Strategische Bomber 1935-1945 (Gebundene Ausgabe) ISBN 3-613-01788-1
* Antony Kay, German Jet Engine and Gas Turbine Development, Airlife Books, 2002.

== Enllaços externs ==
{{Commonscat}}
* [http://www.ussr-airspace.com/index.php?main_page=product_infocPath=28_39_38_108products_id=2515 Projecte secret JU EF132]
* [http://www.luft46.com/mrart/mr132.html Art aeri de Marek ris]

{{Plantilla:Denominacions dels avions del RLM}}
[[Categoria:Avions alemanys de la Segona Guerra Mundial]]
[[Categoria:Bombarders]]
[[Categoria:Avions de reacció]]</text>
      <sha1>7l80pkzaklj3jyjb7hkg76d4um1eu3z</sha1>
      <model>wikitext</model>
      <format>text/x-wiki</format>
    </revision>
  </page>