<page>
    <title>Steilshoop</title>
    <ns>0</ns>
    <id>1000137</id>
    <revision>
      <id>13099190</id>
      <parentid>13088135</parentid>
      <timestamp>2014-03-20T22:11:35Z</timestamp>
      <contributor>
        <username>Langtoolbot</username>
        <id>128552</id>
      </contributor>
      <minor></minor>
      <comment>Corregit: nomès  només</comment>
      <text>{{Infotaula d'entitat de població|| de|{{PAGENAME}} width =200
| topònim =Steilshoop
| escut =
| mapa de comarca =Steilshoop in HH.svg
| mapa_mida =300px
| X = 
| Y = 
| subtítol =El barri (vermell fosc)br al districte de brWandsbek (vermell clar)bra l'estat d'Hamburg 
| fotografia =Steilshoop - Borchert-Ring.jpg
| fotografia_descripció =Al carrer [[Wolfgang Borchert|Borchert]]-Ring
| fotografia_mida = 270px
| admin_tipus1 = País
| admin1 = [[Alemanya]]
| admin_tipus2 = [[Estat federal alemany|Estat]]
| admin2 = [[Hamburg]]
| admin_tipus3 = [[Bezirk (Hamburg)|Districte]]
| admin3 = [[Wandsbek (districte)|Wandsbek]]
| admin_tipus4 = 
| admin4 = 
| admin_tipus5 = 
| admin5 = 
| gentilicis = 
| malnom = 
| població =19343
| superfície =2,5
| any_cens = 2010
| altitud = 30ref[http://www.earthtools.org/ Earthtools] Cota al carrer ''Gründgenstraße''/ref
| codi_postal = 
| coordenades ={{coord|53|36|37.1|N|10|3|32.29|E|region:DE|display=inline,title}}
| opció_nom1 = 
| opció1 = 
| opció_nom2 = 
| opció2 = 
| opció_nom3 = Webs no oficials
| opció3 =[http://www.wir-steilshooper.de/html/index.php www.wir-steilshooper.de]br[http://www.steilshooper.de/ www.steilshooper.de]
| web =[http://www.hamburg.de/steilshoop/ Steilshoop]
|}}
'''Steilshoop''' (ídem en [[baix alemany]]) és un nucli del [[bezirk (Hamburg)|districte]] de [[Wandsbek (districte)|Wandsbek]] a la [[ciutat estat]] d‘[[Hamburg]] a [[Alemanya]]. A la fi de 2010 comptava amb 19.343 habitants a una superficie de 2,5nbsp;km².ref[http://www.statistik-nord.de/uploads/tx_standocuments/A_I_1_j10_H.pdf Bevölkerungsstand und -entwicklung im Jahr 2010 nach Stadtteilen], [http://www.statistik.nord Statistisches Amt für Hamburg und Schleswig-Holstein]/ref
==Història==
[[Fitxer:Steilshoop - Borchert-Ring-Nord.jpg|thumb|esquerra|El carrer [[Wolfgang Borchert|Borchert-]]Ring]]El primer esment escrit ''Steyleshop'' data del 1347. L'[[etimologia]] del nom queda incerta. Una primera teoria parla d'un mas (hoop) prop d'un vessant abrupte (steil) el que no correspòn gaire al relleu del nucli del poble antic. Una altra interpretació proposa  el [[sufix]] ''hoop'' i ''Steil'', una derivació del nom del primer masover '' Steygel''.refHorst Beckershaus, «Steilshoop», ''Die Namen der Hamburger Stadtteile'', Hamburg, Editorial Ernst Kabel, 1998, pàgines 116-117, ISBN 3-8225-0471-8 (en català: Els noms dels barris d’Hamburg)/ref

[[Fitxer:Hamborg - Quelle vun de Seebek.jpg|thumb|esquerra|La font del [[Seebek (Osterbek)|Seebek]] davall del llac Bramfelder See]]El 1347 el comte Joan d'[[Holstein]] i de [[Stormarn]] a la nissaga del conseller hamburguès [[Daniel von Bergen]]. Després el poble d'uns pocs masos i només 27 habitants el 1775 a l'[[amt]] de [[Trittau]] i el ducat d'Holstein. El 1870 sempre comptava amb tres masos, no gaire més que cinc segles abans. La població va començar a créixer a la fi del segle XIX quan l'[[horticultura]] va desenvolupar-se, després de l'expulsió dels horticultors d'[[Hammerbrook]], on es van construir pisos pels obrers portuaris expulsat de [[Grasbrook]] per causa de l'eixample del [[port d'Hamburg]]. Després van arribar les [[Colònia industrial|colònies]] dels [[jardí popular|jardins populars]], parcel·les llogades a baix preu a famílies obreres per a poder cultivar els seus hortets i cultivar la seva verdura sana. La situació era menys [[idil·li|idíl·lica]] que la teoria, com que el [[proletariat]] s'hi instal·lava de manera permanent per tal de poder profitar de les despeses d'escolaritat molt més baixes a [[Slesvig-Holstein]] que a Hamburg.ref[http://www.hamburgwiki.de/wiki/Steilshoop Steilshoop] al [http://www.hamburgwiki.de/wiki/Hauptseite Hamburgwiki]/ref La primera església luterana va inaugurar-se el 1907. 

Després de la [[Segona Guerra Mundial]], les casetes a l'hort van convertir-se en cases provisionals per als hamburguesos que van perdre la llar als [[Bombardeig estratègic|bombardejos]]. Als anys 1950 es va concebre el pla de construir una ciutat nova, segons el model dels ''New Towns'' anglesos. La realització era difícil, a causa de la gran quantitat de petites parcel·les, totes habitades. Segons la llei, s'havia de fornir habitatge alternatiu abans de poder [[Expropiació|expropiar]]. L'obra va començar finalment el [[14 de juliol]] de [[1969]] i els primers habitants nous van instal·lar-se al carrer Fritz-Flinte-Ring el 1971.refHamburgwiki, ibídem/ref L'estil [[Brutalisme (arquitectura)|brutalista]] no convenç tothom, però als ''rings'', carrers circulars a l'entorn d'un jardí públic llarg, la qualitat de vida està superior a l'estètica dels edificis. El barri al qual cohabiten 30 nacionalitats i llengües va trobar una convivència que sembla funcionar, sense caure en conflictes de [[xenofòbia]] habituals a molts d'urbanitzacions semblants.refDaniel Tilgner (redacció), «Steilshoop», ''Hamburg von Altona bis Zollenspiecker: Das Haspa-Handbuch für alle Stadtteile der Hansestadt'', Hamburg, Hoffmann  Campe, 2002, pàgina 973, ISBN 3-455-11333-8 (en català: Hamburg d'Altona cap a Zollenspiecker: el manual Haspa de tots els barris de la ciutat hanseàtica)/ref

==Economia==
És principalment un barri-dormitori i un centre important d'escoles. El centre de formació ''Bildungszentrum Steilshoop'' accull cada dia uns 2000 estudiants i aprenents. Un projecte de desenclavar el barri en connectar-lo a la xarxa del [[metro]] o per un [[tramvia]] una promesa repetida i menjada va ser anul·lada definitivament pel primer [[burgmestre]] [[Olaf Scholz]], mogut per a una obssessió automobilística, el 2011.refMatthias Iken, [http://www.abendblatt.de/hamburg/article2268008/Gelingt-die-Wiedervereinigung-der-Stadt.html «Gelingt die Wiedervereinigung der Stadt?»], [[Hamburger Abendblatt]], 7 de maig de 2012,  (en català: Reeixirà la reunificació de la ciutat?)/ref

==Llocs d'interès==
* [[Bramfelder See|Braamfelder See]]
* El patis llargs a l'entorn dels ''rings''

==Galeria==
gallery
Fitxer:Steilshoop - Einkaufcenter.jpg|Entrada del [[centre comercial]]
Fitxer:Steilshoop - Endstation.jpg|Bar «Estació terminal» (''Endstation'')
Fitxer:Steilshoop - Grundschule.jpg|[[Escola]] elemental
Fitxer:Gründgensstraße Hamburg-Steilshoop.jpg|La «roca dels [[simi]]s»
Fitxer:Steilshoop - Eichenlohweg.jp.JPG|Carrer Eichenlohweg a la frontera amb el [[Cementiri d'Ohlsdorf|Cementiri]] d'[[Ohlsdorf]]
Fitxer:Steilshoop - Beauty Look.jpg|El ''Beauty Look''
Fitxer:Steilshoop EKZ Süüdkant.jpg|Centre comercial del costat meridional
Fitxer:Bramfelder See.jpg|El llac [[Bramfelder See|Braamfelder See]]
/gallery

== Referències ==
{{Commonscat|Hamburg-Steilshoop}}

{{referències|2}}

[[Categoria:Barris d'Hamburg]]
[[Categoria:Història de Dinamarca]]
[[categoria:Wandsbek (districte)]]</text>
      <sha1>q5vc0v5wm74col2i85mku775wnbrsv0</sha1>
      <model>wikitext</model>
      <format>text/x-wiki</format>
    </revision>
  </page>