<page>
    <title>Història d'Àustria</title>
    <ns>0</ns>
    <id>1003622</id>
    <revision>
      <id>13778129</id>
      <parentid>13628875</parentid>
      <timestamp>2014-07-10T10:06:23Z</timestamp>
      <contributor>
        <username>Langtoolbot</username>
        <id>128552</id>
      </contributor>
      <minor></minor>
      <comment>Corregit: aamb  amb</comment>
      <text>[[Fitxer:Austria Bundesadler.svg|thumb|[[Escut d'Àustria]]]]
La '''història d'Àustria''' designa la història del país d'[[Europa Central|Europa central]] anomenat actualment [[Àustria]]. Però la definició [[geopolítica]] del país ha conegut profunds canvis en el transcurs dels períodes moderns i contemporània. Així doncs, aquesta història pertoca també els països veïns: [[Alemanya]], [[Hongria]], [[Suïssa]], [[Itàlia]], etc.

Ja poblada pels [[celtes]] ([[Cultura de Hallstatt]]), pertanyent a l'[[Imperi Romà]] (províncies de la [[Nòrica]] així com una part de la [[Pannònia]] i de la [[Rècia]]) després en part posseïda per la [[França oriental]], Àustria és durant tota l'Edat Mitjana dels nombrosos principats [[Germanòfon|germanòfons]] que componen el [[Sacre Imperi Romanogermànic]]. Gràcies al ''[[Privilegium Minus]]'' i la [[Casa de Babenberg]], independent de [[Baviera]] des de 1156, l'Àustria adoptada per la casa d'[[Dinastia dels Habsburg|Habsburg]] en 1278 ([[Rodolf I d'Alemanya|Rodolf I]]) fou molt de temps la força dominant de l'Imperi, i va col·locar al capdavant molts dels seus sobirans, fins a la seva dissolució el 1806 pel «doble-emperador» austríac [[Francesc I d'Àustria]].

Al final de l'Edat Mitjana, la casa d'[[Dinastia dels Habsburg|Habsburg]] transforma les seves possessions en potència europea per la unió dels països germanòfons i no-germanòfons, centralitza l'administració i el dret en l'[[Arxiducat d'Àustria]] - sobretot després de la [[Guerra de Successió Austríaca]] per [[Maria Teresa I d'Àustria]] i el seu fill [[Josep II del Sacre Imperi Romanogermànic|Josep II]] - i forma finalment el 1804 l'[[Imperi Austríac]]. El 1815 - després del [[Congrés de Viena]] - Àustria i els altres països germanòfons intenten de nou formar una [[Confederació Germànica]], però l'oposició austro-prussiana domina i la [[Guerra Austroprussiana]] acaba amb aquesta confederació el 1866 i resol definitivament la [[Unificació alemanya|qüestió alemanya]] per part d'Àustria. En 1867, Àustria, sota el regnat de [[Francesc Josep I d'Àustria]] es gira cap al sud-est d'Europa de manera que l'imperi d'Àustria es transforma i creix per formar la ''monarquia danubiana'' (en alemany : ''Donaumonarchie'' ), l'[[Imperi austrohongarès]].

La derrota dels [[Potències Centrals|Imperis centrals]] al final de la [[Primera Guerra Mundial]] contempla el trossejament de la Monarquia danubiana, dividida en diversos nous Estats independents. Àustria és llavors reduïda al seu territori actual. El país es deixa temptar llavors per la temptació de l'[[austrofeixisme]], després pel [[nazisme]]. En [[1938]], Àustria és purament i simple annexada al [[Tercer Reich]] (''[[Anschluss]]''). La derrota hitleriana al final de la [[Segona Guerra Mundial]], deixa el país exsangüe. [[Viena]], la capital històrica, coneix llavors durant deu anys una sort similar al de [[Berlín]] i coneix una divisió quadripartida. En [[1955]], el país recobra la seva sobirania i duu a terme una política d'estricta [[neutralitat]].

Avui, malgrat una relació de vegades difícil amb el seu passat, Àustria és un país de la [[Unió Europea]].

== Etimologia ==
El nom ''Ostarrîchi'' (nom popular, del llatí ''Marcha orientalis'', la [[Marca (territori)|Marca]] de l'est) és documentat en un acte imperial d'[[Otó III]] per primera vegada el novembre de 996ref{{harvsp|Isabella Ackerl|2009|p=34|id=GOD1}}/ref i és a l'origen del nom '''Österreich''' ([[Àustria]] en alemany). La forma llatinitzada d'''Austria'' dóna la paraula catalana Àustria.

== Antiguitat i Alta Edat Mitjana ==
[[Fitxer:Celts 800-400BC.PNG|thumb|thumb|Els [[celtes]] i la [[Cultura de Hallstatt]]]]
[[Fitxer:Austria Romana.png|thumb|[[Imperi Romà|Províncies romanes]] al territori actual d'Àustria.]]

Poblada des de temps prehistòrics ([[celtes]] en la [[Cultura de Hallstatt]]), Àustria formava part en els seus orígens de les províncies romanes anomenades [[Nòrica]], [[Pannònia Superior]] i [[Rècia]].

Va ser reunida en l'[[Imperi Romà]] sota [[Tiberi]]ref{{harvsp|Isabella Ackerl|2009|p=19|id=GOD1}}/ref cap a l'any [[33]].

En l'any [[69]], «l'[[any dels quatre emperadors]]», les tropes de [[Vitel·li]] (exèrcit del [[Rin]]) i de [[Vespasià]] (exèrcit del [[Danubi]]) s'enfronten sobre l'[[Inn (riu)|Inn]].

En [[70]], l'emperador Vespasià funda la ciutat de [[Flavia Solva]] (actualment [[Leibnitz]]). La ciutat obté l'estatut de municipi. Un regiment de cavallers és estacionat a [[Vindobona]] (Viena). L'imperi reforça així l'edificació militar del ''[[limites romani]]''. 

Vers el [[106]], l'emperador romà [[Marc Ulpi Trajà]] divideix la província de Pannònia en [[Pannònia Superior]] a l'oest, la capital de la qual és [[Carnuntum]], i [[Pannònia Inferior]] a l'est, la capital de la qual és [[Aquincum]] ([[Budapest]]).ref{{harvsp|Isabella Ackerl|2009|p=20|id=GOD1}}/ref

=== Naixement d'Àustria ===
Al començament de l'[[Edat mitjana]], el territori d'Àustria és partit en dues zones: L'oest de l'[[Steyr]] pertany a [[Baviera]], sota la influència dels [[francs]], dirigida pels [[Dinastia Agilolfinga|agilòlfides]]. [[Straubing]] és el nucli del seu territori que van ampliar amb l'[[Alta Àustria]] actual i fins al [[Tirol del Sud]]. Aquests territoris estaven poc poblats. L'est es trobava sota influència eslava. Els [[longobards]] instal·lats sobre les vores del [[Danubi]] migren a partir del [[568]] cap a [[Itàlia]]. Els [[Àvars eurasiàtics|àvars]] prenen el seu lloc.

[[Tassiló III]] (741-794), cap dels [[agilòlfides]] s'alia amb els llombards que es mantenen al sud, així com amb el Papa. Aquesta distància amb els [[Dinastia Carolíngia|carolingis]] no és del gust de [[Carlemany]] que aniquila els llombards en el [[774]]. En [[787]], el Papa no sosté més tampoc Tassiló III, que es troba aïllat. Carlemany el venç militarment i integra el seu territori al regne dels Francs en l'any 800.

Carlemany ja no desitja que existeixi un ducat de Baviera. Després d'haver derrotat els àvars en el [[791]],ref{{harvsp|Isabella Ackerl|2009|p=30|id=GOD1}}/ref col·loca el territori «austríac» directament sota la seva tutela.

El [[segle IX]] contempla l'assentament durador del [[cristianisme]] en l'Àustria actual. 

En [[841]], el nom de [[Viena]] apareix per primera vegada. [[Salzburg]], fundada en [[791]], és la ciutat més gran.

A la fi del [[segle IX]], un nou poble entra en joc: els [[magiar]]s. Conquereixen una gran part de la [[Planura de Pannònia]]. En [[881]] prop de Viena i en [[907]] prop de [[Bratislava]], vencen els bavaresos que han de cedir els territoris situats a l'est de l'[[Enns]]. Tanmateix, en [[945]], [[Otó I del Sacre Imperi Romano-Germànic]] atura els magiars a [[Lerchenfeld]], prop d'[[Augsburg]].

En el [[976]], [[Leopold de Babenberg]] és anomenat comte de la marca sobre el Danubi. En [[1056]], [[Ottokar I]] és instal·lat amb el mateix títol al capdavant del [[Ducat d'Estíria]].

En el [[996]], el territori danubià apareix per primera vegada sota el nom d{{'}}''Ostarrichi''. 

=== Els Babenberg (976-1246) ===
[[Fitxer:Marcha orientalis-fr.svg|thumb|Expansió d'Àustria sota els [[Babenberg]].]]
La dinastia dels [[Babenberg]] juga un paper decisiu en el desenvolupament d'Àustria.

[[Leopold III, marcgravi d'Àustria]] (1095-1136) funda nombrosos claustres, entre els quals el de [[Klosterneuburg]] el 1114, que havia de contenir les sepultures familiars. Al costat d'aquest claustre fou construït un castell, residència dels Babenberg, la qual cosa féu Klosterneuburg la primera capital d'Àustria.

Leopold es casa amb Agnès, de la dinastia franconiana. És la filla de l'emperador [[Enric IV del Sacre Imperi Romanogermànic]], la germana d'[[Enric V del Sacre Imperi Romanogermànic]] i la mare de [[Conrad III d'Alemanya]]. En [[1105]] intervé un conflicte entre Enric IV i Enric V. Enric V promet la seva germana en matrimoni a Leopold a canvi del seu suport. Aquest matrimoni farà de Leopold un candidat possible al tron del [[Sacre Imperi Romanogermànic]] el 1125.

A la mort de Leopold, el seu fill Enric V decideix instal·lar-se a [[Viena]] i desenvolupa la ciutat. 

En els anys [[1140]], un conflicte oposa els Babenberg als [[Welf]] que regnen sobre [[Ducat de Baviera|Baviera]] i [[Ducat de Saxònia|Saxónia]]. Konrad III, emperador i cunyat d'Enric V retira Baviera de les possessions dels Welf per oferir-lo als Babenberg. Els Babenberg deceben les expectatives de l'emperador. A la coronació del nou emperador, [[Frederic I del Sacre Imperi Romanogermànic]], aquest vol reconciliar-se amb els Welf, i els torna Baviera. Per vèncer les reticències dels Babenberg, eleva Àustria al rang de [[ducat]] en el [[Privilegium Minus]] (1156). És la fi de la influència dels Babenberg sobre Baviera, que es concentren ara en Àustria.

En [[1186]], els Babenberg signen un tractat d'heretatge amb els Ottokar que regnaven sobre l'[[Ducat d'Estíria|Estíria]] veïna. Aquest tractat ofereix l'Estíria a Àustria si un Ottokar arribés a morir sense hereu, però amb la condició que els drets particulars d'Estíria siguin preservats. 

En [[1192]], Ottokar mor sense descendència, i els Babenberg hereten l'Estíria.

En [[1236]] esclata un conflicte entre els Babenberg i l'emperador [[Frederic II del Sacre Imperi Romanogermànic]]. Aquest retreu al duc els seus nombrosos conflictes amb els seus veïns des de la mort de [[Leopold VI d'Àustria»]] en [[1230]]. L'emperador vol dominar els Babenberg i prendre Àustria sota la seva tutela. Des de 1236 comença a treure als Babenberg els seus drets ducals. Va a Viena, on la població li dóna suport. El duc es retira a [[Wiener Neustadt]] i deixa el seu territori a l'emperador. Viena esdevé ciutat d'imperi. El duc intenta reconquerir el seu territori. El 1239, tota Àustria és de nou sota la seva autoritat, excepte Viena, que assetja. El 1240, la ciutat cau i és de nou duc d'Àustria i d'Estíria. Es reconcilia amb l'emperador que li torna els seus drets.

El 1246, el duc mor en una batalla contra els hongaresos. Solament dues dones poden accedir al tron, la seva germana i la seva neboda. Ara bé, sent la [[noblesa]] poderosa, es considera l'única que pot decidir del futur duc. Els estirians es giren cap al rei d'[[Hongria]], mentre que els austríacs desitgen el rei de [[Bohèmia]]. El 1251, és finalment l'[[Ottokar II de Bohèmia]] que esdevé duc d'Àustria. L'emperador havia intentat abans recuperar el poder sobre Àustria però sense èxit.

=== Ottokar II de Bohèmia (1251-1278) ===
[[Fitxer:PO2jakomormarkrabe.jpg|thumb|[[Ottokar II de Bohèmia]]]]
[[Ottokar II de Bohèmia]] estén ràpidament el seu poder sobre el [[Ducat d'Estíria]], la noblesa del qual ràpidadment es mostrà insatisfeta amb el rei d'Hongria, que intentava limitar els seus drets. Així, el seu regne s'estén des de [[Bohèmia]] fins a la [[Mar Adriàtica]].

En [[1269]], rep la [[Ducat de Caríntia|Caríntia]] en heretatge en resposta a la mort de l'últim [[Spanheimer]] sense hereu. El regne d'Ottokar no és més que un conjunt bastant fràgil de territoris que no se sostindrà molt de temps.

Ottokar instal·la la seva cort a [[Praga]]. Però [[Viena]] continua ampliant-se i esdevé la segona major ciutat del [[Sacre Imperi Romanogermànic]] després de [[Colònia (Alemanya)|Colònia]].

En [[1273]], [[Rodolf I d'Alemanya]] esdevé emperador. Des de [[1276]], l'emperador intenta una acció en justícia per fer fora Ottokar del poder. Rep el suport de nombrosos descontents a Àustria i a Estíria. El 18 d'octubre de 1276 després d'una curta batalla prop de Viena, Ottokar abandona l'Estíria. Sobre les vores del [[Danubi]], l'emperador no troba més que poca resistència. Aliat amb [[Hongria]], encercla Ottokar que negocia. Accepta tornar els territoris adquirits des de [[1252]] si es veu confirmada la seva autoritat sobre els seus territoris originals.

Ottokar conserva tanmateix partidaris a Viena. Per engalipar-los, l'emperador concedeix privilegis a la ciutat. El 1278, Ottokar es recolza en els seus partidaris per provar un últim combat. Mor a la batalla de [[Marchegg]]. Àustria és definitivament a les mans dels [[Dinastia dels Habsburg|Habsburg]].

== Els Habsburg a l'Edat Mitjana (1276-1526) ==
=== Començaments difícils. (1276-1330) ===
{{VT|Arxiducat d'Àustria}}
L'arribada sobre el tron de [[Rodolf I d'Alemanya]] constitueix una cesura en la història d'Àustria. És la fi del gran imperi fundat per Ottokar, el que ofereix a Rodolf la possibilitat reorganitzar el seu territori. Com que vol respectar els drets de successions d'Ottokar, cedeix [[Bohèmia]]. És autoritzat pels prínceps electors a conservar les altres províncies (Àustria, [[Ducat d'Estíria|Estíria]], [[Ducat de Caríntia|Caríntia]], [[Carniola]]). El 1282, cedeix Àustria i Estíria als seus dos fills, i ofereix la Caríntia al comte del Tirol Meinhard von Görz-Tirol en agraïment per a la seva ajuda de cara a Ottokar. 

[[Albert I d'Alemanya]] i [[Rodolf II d'Àustria]] han de regnar doncs junts sobre Àustria i Estíria. Per temor d'una rivalitat, signen un acord que dóna la direcció dels territoris a Albert en exclusiva, tot assegurant a Rodolf el tron del pròxim territori sense monarca. Albert regna doncs sol a partir de 1283 i consolida el poder dels Habsburg, malgrat les dificultats, atorgant privilegis, sobretot a la ciutat de Viena. Tanmateix, els vienesos es rebel·len contra Albert el 1287/1288, sense gaudir de suport exterior. Albert se'n va de la ciutat i bloqueja el seu proveïment en aliments. Els preus augmenten i els pobres són els primers castigats. Els artesans es dessolidaritzen amb la noblesa, i obliguen aquesta a capitular. Albert anul·la els privilegis de la ciutat que deixa definitivament de ser una [[ciutat imperial]].

El 1291, [[Rodolf I d'Alemanya]] mor. Els prínceps electors escullen deliberadament un emperador feble per assegurar el seu propi poder, [[Adolf I d'Alemanya|Adolf de Nassau]]. El 1298, Albert I, esdevingut poderós a Àustria, es decideix a lluitar contra Adolf de Nassau per obtenir el tron. No té tanmateix el suport dels prínceps electors. Guanya la batalla de [[Göllheim]] aquell any i converteix així en rei del Sacre Imperi Romanogermànic. El seu regnat continua estant marcat per tensions freqüents amb els prínceps electors.

=== Consolidació del poder (1330-1365) ===
Albert I és assassinat el 1308 per [[Joan de Suàbia]], anomenat el Parricida, fill de Rodolf II, per venjança, ja que el seu pare mai no havia rebut el tron promès. 

El fill d'Albert, [[Frederic el Bell]], intentarà per dues vegades pujar al tron del Sacre Imperi, sense èxit. [[Enric VII del Sacre Imperi Romanogermànic]] li és preferit en [[1308]], i en [[1314]], és escollit conjuntament amb [[Lluís IV del Sacre Imperi Romanogermànic]] però ha de renunciar a la corona en [[1322]] després d'haver perdut la batalla de [[Mühldorf am Inn]].

A partir de 1330, [[Albert II d'Àustria]] regna sobre totes les províncies d'Àustria. Amplia el territori dels Habsbourg i obté [[Ducat de Caríntia|Caríntia]]. En efecte, la dinastia tirolesa es troba sense hereu mascle. Els [[Dinastia Wittelsbach|Wittelsbach]] de [[Baviera]] i els Habsburg signen un acord: els Wittelsbach obtenen el Tirol, i els Habsbourg la Caríntia. Tanmateix, l'hereva Margarida Maultasch es casa amb un membre de la família Luxemburg, amb la qual impedeix als Wittelsbach d'imposar-se al Tirol. 

El 1345, [[Rodolf IV d'Àustria]], fill d'Albert II, es casa amb la filla de l'emperador [[Carles IV del Sacre Imperi Romanogermànic]], amb la qual cosa normalitza les relacions entre les dues famílies (Habsburg i Luxemburg). A la mort de Carles IV el 1378, el seu fill li succeeix al tron i dóna suport als Habsbourg.

El regnat d'Albert II també és marcat per una situació econòmica difícil, agreujada per la [[Pesta Negra|Gran Pesta]] que arriba a [[Viena]] a la primavera [[1349]]. Les conseqüències són més dramàtiques a les ciutats que al camp.

A la mort d'Albert II el 1358, Rodolf IV li succeeix. Des de 1365, obté el Tirol, i crea així un vincle entre les possessions habsburgueses a l'est i les de l'oest. La noblesa tirolesa s'havia rebel·lat contra el primer marit de [[Margarida Maultasch]], un luxemburguès. Aquesta el repudia i es casa amb un Wittelsbacher, sense l'acord del papa. Albert II intervé i obté l'anul·lació del primer matrimoni. El 1362, el segon marit mor, sense descendència. Rodolf IV signa un acord amb Margarida, que regna oficialment sobre el Tirol. És tanmateix portada a Viena, i deixa la província [[de facto]] a les mans dels Habsburg.

Un conflicte oposa Rodolf IV i l'emperador [[Carles IV del Sacre Imperi Romanogermànic]] sobre el [[privilegius maius]] un document falsificat per Rodolf IV que dóna als Habsburg el títol de prínceps electors, encara que no hagin estat mencionats a la [[butlla d'or]] que regula la qüestió. La falsificació és descoberta, però el document serà oficialitzat un segle més tard per [[Frederic III del Sacre Imperi Romanogermànic]].

La competència entre Rodolf i Carles s'expressa també en l'aspecte religiós. Carles fa construir la [[Catedral de Sant Vit]] que esdevé una diòcesi. Rodolf decideix llavors ampliar la [[Catedral de Sant Esteve de Viena]] que esdevé catedral. Demana també al papa la creació d'una diòcesi per a Viena, dependent de [[Passau]], demanda refusada a causa de la resistència de Passau, per bé que Rodolf havia fet transferir nombroses relíquies a Viena, transformant la ciutat en un gran centre religiós d'Europa central.

Igual com Carles IV contribueix al desenvolupament de Praga, Rodolf IV fa desenvolupar Viena. Els dos inauguren una universitat a la seva ciutat respectiva (1348 a Praga, 1365 a Viena). La [[Universitat de Viena]] coneix tanmateix començaments financerament difícils, ja que Rodolf mor alguns mesos després de la seva inauguració i no la pot doncs sostenir financerament. Els seus successors no li mostren gaire interès.

=== Les divisions (1365-1453) ===
A la seva mort als 27 anys el 1365, Rodolf no havia tingut temps d'arranjar la qüestió de la seva successió. Els seus dos germans de 14 i 16 anys són designats com a hereus seus i regnen junts. Ara bé, des dels [[dècada del 1370|anys 1370]], apareixen tensions, si bé encara es pensa a dividir el territori. El 1379, el tractat de Neuberg concreta aquesta divisió: Albert regna sobre Àustria, i Leopold sobre la resta (Estíria, Carniola, Caríntia, Tirol i Àustria interior). Aquesta divisió assegura als dos germans ingressos equivalents, però priva Leopold d'una ciutat, i l'obliga a mantenir una cort ambulant. 

Leopold mor en [[1386]] i Guillem, el seu fill, li succeeix. Albert mor en [[1395]]. El seu fill Albert i el seu nebot Guillem es disputen la successió. Guillem rep el suport de les corporacions d'artesans vieneses, majoritàries a la ciutat. S'imposa i atorga privilegis a la ciutat (un consell municipal amb un alcalde escollit).

Àustria, llavors unida, esdevé el segon major principat de l'imperi. Ara bé, les lluites familiars provocaran una nova divisió del territori en [[1411]]. Es marquen tres parts, que donen naixement a tres línies dels Habsburg: 

* l'[[Alta Àustria]], formada pel Tirol i les possessions més a l'oest;
* l'[[Àustria Interior]], formada per Estíria, Cartíntia i Carniola;
* la [[Baixa Àustria]] formada per les províncies danubianes.

Les temptatives de govern comú encallen. La regulació que fa de cadascun dels monarques el regent d'un territori si l'hereu és massa jove provoca nombroses friccions. La unitat no pot ser preservada. De més, la geopolítica influencia les accions de cada línia. L'Alta Àustria mira cap a l'oest i el sud i dóna suport al [[Papat d'Avinyó (Valclusa)|papat d'Avinyó]], al contrari de les altres línies, que donen suport al [[Papa]] de Roma i estan interessats per les polítiques bohèmia i hongaresa.

A Viena i a la Baixa Àustria regna Albert V a partir de 1411. En [[1422]], es casa amb Elisabeth, la filla de l'últim representant baró dels Luxemburg, Segimon, emperador del Sacre Imperi, rei de [[Bohèmia]] i d'[[Hongria]]. A la mort d'aquest en [[1437]], Albert hereta doncs Bohèmia i Hongria. Es fa també escollir rei del Sacre Imperi. Mor en [[1439]]. El seu regnat també és marcat per la [[Gesera]] en [[1421]], expulsió fins i tot execució de tots els jueus del territori, en la qual participa activament.

Les altres branques es queden en l'ombra d'Albert V fins a la seva mort. En aquest moment, el seu hereu és massa jove, igual com el de l'Alta Àustria, [[Frederic III del Sacre Imperi Romanogermànic|Frederic III]] d'Àustria interior pren el poder i reuneix tota Àustria. La noblesa de Viena li oposa tanmateix una resistència massiva. És escollit rei del Sacre Imperi en [[1440]] però no pot marxar a Roma fins al [[1452]] per fer-se coronar emperador.

=== Reconquesta i ampliació d'Àustria ===
[[Elisabet de Luxemburg]], vídua d'[[Albert II d'Alemanya]], havia intentat preservar al seu fill [[Ladislau el Pòstum]] el tron d'Hongria. El seu fill no va ser tanmateix reconegut, i és una noble hongarès [[János Hunyadi]] que es va imposar al capdavant d'Hongria. A Bohèmia, el moviment hussita va reprendre amplitud. [[Jordi de Poděbrady]] va acceptar el regnat de Ladislau, però tan sols de manera formal. Així, l'emperador [[Frederic III del Sacre Imperi Romanogermànic]] no exercia més que la regència de Ladislau a Àustria, mentre que a Hongria i a Bohèmia, els nobles s'havien apoderat del poder. El 1452, Frederic III porta Ladislau amb ell a Roma per a la seva coronació. Un noble austríac, Eytzing, aprofita aquesta absència per fomentar un complot i prendre a Frederic el paper de regent. En el moment de la seva tornada, Frederic continua estant bloquejat a [[Wiener Neustadt]] i ha de cedir Ladislau que és portat a [[Viena]] per Eytzing. Frederic III es troba sense poder.

Ara bé, el 1457, Ladislau mor a l'edat de 16 anys. Frederic intenta recuperar tots els trons.

* A Hongria, els Hunyadi volen conservar el tron i el fill de Joan (mort el 1456), [[Maties Corví]] es fa escollir. Frederic aconsegueix tanmateix obtenir els sufragis dels nobles de l'oest d'Hongria, i es fa coronar a [[Güssing]], ja que són els Habsburg els que es trobaven en possessió de la corona.
* A Bohèmia, Jordi no té competència i esdevé doncs el rei.
* A Àustria, els pretendents al tron són Frederic, el seu germà Albert III i Segimon de la branca tirolesa. La lluita es desenvolupa essencialment a Viena. El 1460/1461, la situació és favorable a Frederic que concedeix privilegis a la ciutat en agraïment, així com el dret de posar l'àguila de dos caps i la corona imperial sobre l'escut d'armes de la ciutat. Tanmateix, des de 1462, els vienesos es giren contra Frederic, munten un setge de sis setmanes davant el palau imperial. Frederic se'n va llavors de la ciutat i la deixa al seu germà. Aquest mor el 1463, Frederic hereta finalment tota Àustria.

Frederic signa un tractat de pau amb Matthias d'Hongria: Frederic conserva el títol de rei d'Hongria, però signa un tractat d'heretatge: si una de les famílies disminueix sense hereu, és l'altra qui hereta de tots els territoris.

El 1471, Jordi de Bohèmia mor sense hereu. Frederic, Maties i el rei de Polònia es mostren interessats per l'heretatge. Maties obté [[Moràvia]] i el rei de Polònia [[Bohèmia]]. El poder de Maties creix, i intenta llavors anul·lar el tractat signat amb Frédéric. Nombrosos incidents els oposen, però cap conflicte militar no té lloc fins als [[dècada del 1480|anys 1480]]. Maties pren mesures per conquerir Àustria militarment. El 1485, assetja Viena i la conquereix. Frederic s'escapa i s'estableix a Viena. Dos anys més tard, és Wiener Neustadt la que és conquerida. Maties es troba en possessió de tota la [[Baixa Àustria]]. Viena es converteix en la capital d'Hongria. La cort és fastuosa, però costa molt a la ciutat de Viena, ja que nombrosos nobles i comerciants austríacs deixen la ciutat. La mort de Maties el 1490 va permetre a Frederic de recuperar Viena i la Baixa Àustria.

[[Fitxer:Albrecht Dürer 084b.jpg|thumb|right|[[Maximilià I del Sacre Imperi Romanogermànic]]]]
Frederic III mor el 1493 després d'haver reunificat tota Àustria. El seu fill [[Maximilià I del Sacre Imperi Romanogermànic]] contribueix a ampliar Àustria i a fer-ne una de les majors potències mundials. Actua tanmateix més per matrimonis que per guerres. En efecte, es casa el 1477 [[Maria de Borgonya]], hereva dels [[Llista de ducs de Borgonya|Ducs de Borgonya]]. A la seva mort accidental el 1482, Maximilià (de fet el seu fill) hereta els Països-Baixos, el Franc Comtat i la Borgonya. Borgonya, ducat vassall de França va ser tanmateix immediatament ocupada per França. 

El 1486, estant viu el seu pare, és escollit emperador del Sacre Imperi. El mateix any, en el moment del conflicte que l'oposava a França sobre l'heretatge borgonyó, va ser fet pres a Gand. Però el seu pare va aplegar un exèrcit per alliberar-lo, i va estabilitzar alhora la situació en aquesta regió.

El 1495, de cara a les temptatives franceses d'entrar a Milà, [[Maximilià I del Sacre Imperi Romanogermànic]] s'alià amb el Papa, el duc de Milà, la [[República de Venècia]] i [[Ferran el Catòlic]]. Va prometre la seva filla a l'[[Infant Joan d'Aragó]], fill de [[Ferran el Catòlic]] i hereu d'Aragó i de Castella. L'any següent, [[Felip el Bell]], fill de Maximilià, es va casar amb [[Joana I de Castella]], filla de Ferran II. Com que l'hereu espanyol va morir, fou Joana qui es convertí en hereva.

El poder dels Habsburg no era del gust de tothom, i diversos Estats europeus es van sentir amenaçats. Per pacificar l'atmosfera, Maximilià es va trobar el rei [[Vladislau II de Bohèmia i Hongria]] així com amb el rei de Polònia [[Segimon I el Vell]] a [[Viena]]. Hi va arreglar el matrimoni del seu nét [[Ferran I del Sacre Imperi Romanogermànic]] amb [[Anna d'Hongria]], la filla del rei d'Hongria i Bohèmia, així com el de [[Maria d'Habsburg|Maria]] amb [[Lluís II d'Hongria]], el fill del rei d'Hongria i de Bohèmia.

La divisa d'Àustria sota [[Maximilià I del Sacre Imperi Romanogermànic]] és la següent: {{citació|lang=la|Bella gerant allii, tu felix Austria nube!}} : {{Citació|Que les guerres siguin dutes a terme pels altres, tu, feliç Àustria, casa't!}}

L'emperador Maximilià I duu a terme una política d'aliances sistemàtiques. És així com Àustria s'estén de manera important al [[segle XVI]].

Així, a la mort de Ferran el Catòlic el 1516, els Habsburg hereten Espanya i les seves colònies. El 1526, quan Lluís, rei d'Hongria i de Bohèmia mor, aquestes dues províncies tornen als Habsburg.

== Els Habsburg dels Temps Moderns (1526-1740) ==
{{VT|Guerres austro-turques|Guerra dels Trenta Anys}}
[[Fitxer:Cerclesimperiaux.svg|thumb|L'[[Arxiducat d'Àustria]] en el [[Sacre Imperi Romanogermànic]] el 1512]]
El matrimoni de Maximilià amb [[Maria de Borgonya]] (1477) va donar a casa d'Àustria els [[Països Baixos]] i una gran part de [[Borgonya]]; l'adveniment de [[Carles V del Sacre Imperi Romanogermànic]] hi va ajuntar [[Espanya]] amb les seves immenses possessions als dos mons. La Reforma luterana afecta els estats austríacs. Les persecucions que van patir els protestants comporten diversos moviments de població. Els [[anabaptisme|anabaptistes]] del [[Tirol]] troben refugi a [[Moràvia]], abans de marxar a Amèrica del Nord. Prop de {{formatnum:100000}} luterans fugen cap a les ciutats d'Alemanya, de Suïssa, de Suècia i a les províncies bàltiques sueques.ref name=clio.frGeorges Castellan, [http://www.clio.fr/BIBLIOTHEQUE/_drang_nach_osten__lexpansion_germanique_en_europe_centrale_et_orientale.asp « Drang nach Osten », l'expansion germanique en Europe centrale et orientale], clio.fr./ref

Pel repartiment de 1521 entre [[Carles V del Sacre Imperi Romanogermànic]] i l'arxiduc Ferran, el seu germà, els Països Baixos i el cercle de Borgonya recauen en la branca espanyola d'Àustria; Ferran va conservar l'arxiducat d'Àustria i totes les seves dependències, a les quals va ajuntar [[Bohèmia]] i [[Hongria]], després [[Moràvia]], [[Silèsia]] i la [[Lusàcia]]. El [[pau de Westfàlia|Tractat de Vestfàlie]] (1648) va prendre aquesta última província, així com [[Alsàcia]], a Àustria, que va reparar aquesta pèrdua per l'adquisició del [[Principat de Transsilvània]] i de [[Croàcia]].

Pels [[tractat d'Utrecht|Tractats d'Utrecht]] (1713) i de [[Tractat de Rastatt|Rastadt]] (1714),ref{{Ref-llibre |cognom=Ingrao |nom=Charles W. |títol=The Habsburg Monarchy, 1618-1815 |url=http://books.google.es/books?id=Ncgq08FZYlQCpg=PA119dq=Treaty+of+Rastatthl=casa=Xei=9pLiUdX-E_TQ7AbMj4CoDgved=0CD8Q6AEwAjgK#v=onepageq=Treaty%20of%20Rastattf=false |llengua=anglès |editorial=Cambridge University Press |data=2000 |pàgines=119 |isbn=0521785057}}/ref Àustria va rebre com a heretatge de [[Carles II de Castella]], rei d'Espanya, el cercle de Borgonya, el ducat de [[Màntua]], el [[Regne de Nàpols]] i de [[Regne de Sardenya|Sardenya]]; el 1714, va intercanviar amb els [[Estats de Savoia]] el regne de Sardenya contra la [[Sicília]]. Després de 1735, va tornar el [[Regne de les Dues Sicílies]] a l'infant dom Carles i va rebre a canvi [[Parma]], [[Piacenza]] i [[Guastalla]].

Al [[segle XVIII]], l'emperador [[Carles VI del Sacre Imperi Romanogermànic]] intenta augmentar la població d'[[Hongria]] establint-hi dels alemanys. Després de l'ocupació del [[Banat]] el 1718, els comerciants i artesans alemanys i aproximadament quinze mil pagesos de [[Renània]], de [[Suàbia]] i de [[Francònia]] formen un nou nucli germànic.ref name=clio.fr/

== Els Habsburg-Lorena ==
{{Principal|Guerra de Successió Austríaca}}
En [[1740]], havent-se extingit la branca masculina de la casa d'Àustria, els seus Estats hereditaris escolliren [[Maria Teresa I d'Àustria]], filla de l'emperador [[Carles VI del Sacre Imperi Romanogermànic]], el marit de la qual, [[Francesc I del Sacre Imperi Romanogermànic|Francesc de Lorena]], va ser, després de llargues discussions, reconegut emperador el 1745, sota el nom de Francesc I, i es va convertir en cap de la nova casa d'Àustria-Lorena. L'emperadriu [[Maria Teresa I d'Àustria]], preocupada per progressos agrícoles, instal·la sobre els dominis reials quaranta-cinc mil colons, entre altres bavaresos. El [[Banat]] i la regió veïna de la [[Bačka]] són totalment de cultura alemanya. S'estableixen de cent a dos-cents mil colons alemanys a Àustria entre 1740 i 1780, a la recerca de terres més productives. [[Josep II del Sacre Imperi Romanogermànic]] confirma els privilegis dels tretze mil colons alemanys establerts a [[Galítsia]] i a [[Bucovina]].ref name=clio.fr/

Àustria va sostenir després contra [[Prússia]] la [[guerra dels Set Anys]], que li va fer perdre [[Silèsia]] (1756-63); es va indemnitzar, amb el primer i tercer [[repartiment de Polònia]] (1772 i 1795), quan hom li adjudicà la Galítsia i la Lodomíria, les quals les va unir des del territori de Cracòvia. El 1791, va entrar, pel [[Tractat de Pillnitz]], en coalició contra França, el que va atreure sobre ella les majors calamitats: després d'haver vist la seva capital ocupada pels francesos, l'emperador [[Francesc I d'Àustria]] va ser obligat de renunciar al títol d'emperador del Sacre-Imperi el 1806, i de conformar-se amb els seus [[Territoris hereditaris dels Habsburg|Estats hereditaris]], amb el títol d'''Emperador d'Àustria'', que s'havia atorgat el 1804.

Fins a aquesta data, el [[Sacre Imperi Romanogermànic]] és el govern en vigor a [[Àustria]]. La divisa dels Habsburg és designada com a '''AEIOU''':

* '''AEIOU''' en [[llatí]] : {{citació|lang=la|Austriae Est Imperare Orbi Universo}} : {{Citació|Li correspon a Àustria de dominar el món sencer.}}

* '''AEIOU''' en [[alemany]] : {{citació|langue=de|Alles Erdreich ist Österreich untertan}} : {{Citació|Tot el que és terrestre és sotmès a Àustria.}}

gallery
Fitxer:Pragmatica Sanc.jpg|La [[Pragmàtica Sanció del 1713]] és un edicte de l'emperador [[Carles VI del Sacre Imperi Romanogermànic]] per assegurar-se que el tron d'Àustria i del territori dels [[Dinastia dels Habsburg|Habsburg]] pugui ser heretat per una dona.
Fitxer:Kaiserin Maria Theresia (HRR).jpg|EL 1745, [[Maria Teresa I d'Àustria]], últim sobirà de la [[Dinastia dels Habsburg]], esdevé emperadriu del [[Sacre Imperi Romanogermànic]]
Fitxer:Joseph II.jpg|[[Josep II del Sacre Imperi Romanogermànic]] és el fill del fundador de la casa [[Habsburg-Lorena]]
Fitxer:Friedrich von Amerling 003.jpg|[[Francesc I d'Àustria]] va ser [[imperi Austríac|Emperador d'Àustria]] de 1804 a 1835
/gallery

== L'Imperi Austríac ==
[[Fitxer:Austrian empire.png|thumb|Imperi austríac]]
{{Principal|Imperi Austríac}}
=== L'era Metternich ===
{{Principal|Klemens Wenzel Lothar von Metternich}}
[[Fitxer:Klemens von Metternich by Lawrence.jpg|thumb|El canceller [[Klemens Wenzel Lothar von Metternich]]]]
Les guerres de la Revolució i de l'Imperi van llevar a Àustria una gran part de les seves possessions a Alemanya i tota Itàlia; però el [[congrés de Viena]] de 1814/1815 els les tornà, a excepció del cercle de Borgonya, la pèrdua del qual és compensada per les províncies de [[Llombardia]] i de [[Vèneto]] a Itàlia. De 1815 a 1848, la vida política austríaca és dominada per la personalitat del canceller Metternich que esdevé, a partir del [[1817]] el principal ministre de [[Francesc I d'Àustria]].

Al setembre del 1815, [[Klemens Wenzel Lothar von Metternich|Metternich]] accepta de participar en la [[Santa Aliança]] proposada a les potències conservadores per l'emperador [[Alexandre I de Rússia]]: els sobirans de [[Rússia]], d'Àustria i de [[Prússia]], en virtut del principi del cristianisme, afirmen la seva solidaritat i es prometen ajuda i socors mutu. Metternich continuava sent escèptic enfront d'aquesta aliança i veia en la renovació del [[Pacte de Chaumont]] de [[1814]], el [[novembre]] del [[1815]], un mitjà més segur de mantenir l'ordre establert pel [[Congrés de Viena]]. Les grans potències prometen reunir-se de manera puntual en forma de conferència i s'atorguen el dret d'intervenir en altres països per mantenir l'ordre. Al [[Congrés de Troppau]] el [[desembre]] de [[1820]], Àustria rep el mandat d'intervenir contra la revolució napolitana que amenaça els interessos d'Àustria. L'exèrcit austríac restableix a Nàpols el poder absolut del rei [[Ferran I de les Dues Sicílies]] i l'abril intervé al Piemont a petició del [[Regne de Sardenya|rei]] [[Víctor Manuel I de Sardenya]].

Quan es produeix la insurrecció dels grecs, Metternich es nega a intervenir en benefici dels insurgents cristians, ja que desitja mantenir l{{'}}''statu quo'' als [[Balcans]]. Tota modificació als Balcans, segons ell, beneficiaria Rússia. S'inquieta quan Rússia intervé oficialment en favor dels insurgents en [[1828]] però el [[tractat d'Adrianòpolis (1829)|Tractat d'Adrianòpolis]] manté el principi de la integritat de l'Imperi otomà i conté l'empenta russa als Balcans.

[[Fitxer:Carte Allemagne 1838.jpg|200px|left|thumb|Àustria a Europa Central en 1838]]

La [[Revolució francesa de Juliol|revolució de 1830]] posa en entredit el sistema imposat per les potències conservadores. Sorgida a França, es propaga en la resta d'Europa sense que Àustria pugui sempre fer alguna cosa. Metternich no intervé en la [[Revolució belga|crisi belga]] en la mesura que considera que Bèlgica és massa lluny i que es preocupa d'Itàlia. Hauria volgut una intervenció de les altres potències però aquestes últimes no volen intervenir sense Àustria. En canvi, Metternich envia l'exèrcit austríac quan la [[Romanya]] s'alça contra la [[Seu Apostòlica|Santa Seu]]. L'ocupació de la Romanya provoca la intervenció de França que amenaça amb una intervenció armada si Àustria no retira les seves tropes una vegada l'ordre estigui restablert. Metternich respecta la seva promesa però els romanyols es revolten sis mesos més tard tan bé que fan ocupar [[Bolonya]]. [[Casimir Perier]] fa ocupar llavors Ancona mentre les tropes austríaques no hagin evacuat Bolonya. La presència francesa a Itàlia és propícia a les insurreccions liberals però aquestes últimes són dominades pels sobirans preocupats per les seves prerrogatives. París es nega a donar suport als insurgents.

El moviment liberal i nacional s'estén en la [[Confederació Germànica]] la qual cosa inquieta Metternich que obté fàcilment el suport del rei de Prússia [[Frederic Guillem III de Prússia|Frederic Guillem]]. Metternich aconsegueix restaurar una política autoritària en els Estats de la Confederació. Havent necessitat el suport de Prússia per dominar els liberals, Metternich ja no pot reaccionar contra la unió duanera - el ''{{lang|de|[[Zollverein]]}}'' - que [[Prússia]] organitza a Alemanya del Nord. Metternich comprèn que els Estats alemanys formaran d'ara endavant un bloc compacte dirigit per Prússia.

En els [[dècada del 1840|anys 1840]], el sistema internacional establert per Metternich s'esmicola a conseqüència de la competència de les grans potències. Àustria i Prússia s'enfronten sobre la unitat alemanya. Àustria i Rússia s'enfronten sobre els Balcans, Metternich desitja un [[statu quo]] i el tsar desitja el desmembrament de l'Imperi otomà. En resposta a la tornada dels liberals a la Gran Bretanya, les relacions entre les dues potències es degraden. És per això que Metternich comença un acostament amb la França de [[François Guizot|Guizot]], la qual aplicava una política molt conservadora.

En política interior, Metternich no és l'amo. És l'[[Francesc Josep I d'Àustria|emperador Francesc]] qui determina tot. Preocupat per lluitar contra les idees revolucionàries, el govern austríac és una mica més favorable a l'Església. El clergat retroba el seu dret d'inspecció sobre les escoles primàries i els col·legis. El clergat és assimilat en un cos de funcionaris, dispensadors de sagraments.ref[[Jean Bérenger]], ''L'Autriche-Hongrie, 1815-1918'', A. Colin, 1994/ref Si bé la majoria dels membres del clergat estan satisfets de la seva situació, alguns altres, els catòlics romàntics, intenten retornar a una dimensió mística en la vida de l'Església. El 1840, el servei militar és rebaixat de deu anys als vuit anys, excepte a Hongria i es continuen atorgant nombroses excepcions als nobles, a funcionaris, a metges, a estudiants, a grans terratinents i a caps de família.

=== La Revolució de 1848 ===
{{Principal|Primera guerra de la independència italiana|Francesc Josep I d'Àustria|Lajos Kossuth}}
El 1848, esclata una violenta insurrecció a Viena; al mateix temps Hongria i les províncies italianes es revolten, però Itàlia és submisa, malgrat el suport del rei de Piemont, que perd la batalla decisiva de [[Novara]] (maig de 1849), i [[Hongria]] és després d'una llarga resistència reduïda amb l'ajuda de l'[[Imperi Rus]] (1849): una Constitució li és atorgada el 1861, després una de nova el 1865, que estableix una [[Dieta (assemblea)|dieta]] i un ministeri hongarès, i calma els ànims.

=== El període neoabsolutista ===
{{Principal|Segona guerra de la independència italiana}}
El 1859, l'emperador, amenaçat en les seves possessions italianes pels Estats sards, els envaeix; rebutjat pels piemontesos i els francesos, sobretot a la [[Batalla de Magenta]] i a la [[Batalla de Solferino]], signa el [[Tractat de Zurich]], i cedeix la Llombardia.

=== Vers el compromís austro-hongarès ===
{{Principal|Guerra Austroprussiana}}
Els conflictes creixents amb la moderna Prússia condueixen a la [[Guerra Austroprussiana|guerra de 1866]]. Els prussians s'alien amb Itàlia per tal d'encerclar l'Imperi. Els italians són derrotats a la [[Batalla de Custoza (1866)|Batalla de Custoza]] (24 de juny), però l'Imperi és vençut per Prússia a la [[Batalla de Sadowa]] el [[3 de juliol]] de [[1866]], i és obligat de cedir la Vénétie. Pel [[pau de Praga (1866)|Tractat de Praga]] (23 d'agost), Àustria abandona la [[Confederació Germànica]], que és reconstituïda més tard com a [[Imperi Alemany]] sense la seva participació.

== Àustria-Hongria ==
[[Fitxer:Austria-Hungary map.svg|thumb|upright=1.3|right|Àustria-Hongria el 1910]]
[[Fitxer:Franz joseph1.jpg|thumb|upright=0.7|Francesc Josep I]]
Per calmar les tensions nacionalistes, l'imperi d'Àustria esdevé una doble monarquia que integra la corona [[Hongria|hongaresa]] i es converteix en [[Imperi austrohongarès|Àustria-hongria]]. L'imperi austro-hongarès és, llavors, un [[Estat]] constituït per l'[[Imperi Austríac]] i el [[Regne d'Hongria]], units per la família dels [[Habsburg-Lorena]]. La monarquia dual es va formalitzar en [[1867]] pel [[compromís austrohongarès]].

La [[Triple Aliança (1882)|Triple Aliança]] fou una coalició inicialment integrada per l'[[imperi Alemany]] i l'imperi Austrohongarès per iniciativa d'[[Otto von Bismarck]] per evitar un conflicte entre l'[[imperi Rus]] i l'imperi Austrohongarès.ref name=Lee{{Ref-llibre |cognom=Lee |nom=Stephen J. |títol=Imperial Germany 1871-1918 |url=http://books.google.es/books?id=KFjXNnIAClkCpg=PA38dq=dual+Alliance+1879+russian+empire+bismarckhl=casa=Xei=-xBoUvfzF8rT7AaHqoGYCAved=0CDgQ6AEwAQ#v=onepageq=dual%20Alliance%201879%20russian%20empire%20bismarckf=false |llengua=anglès |editorial=Routledge |data=2013 |pàgines=38 |isbn=1134665679}}/ref Davant la impossibilitat de mantenir al mateix temps una aliança amb [[Viena]] i [[Sant Petersburg]], enfrontades en els [[Balcans]], Bismarck trobà en el [[Regne d'Itàlia (1861–1946)|Regne d'Itàlia]] l'aliat ideal contra [[França]].ref name=Lee/

L'imperi existí fins al [[1918]]. Incloïa l'actual [[Àustria]] i [[Hongria]] al centre, la [[República Txeca]] i [[Eslovàquia]] al nord, [[Eslovènia]], [[Croàcia]] i [[Bòsnia i Hercegovina]] cap al sud, i part dels territoris d'[[Itàlia]] de [[Polònia]], [[Romania]], [[Sèrbia]] i [[Ucraïna]].

== La Primera Guerra Mundial ==
El [[28 de juny]] de [[1914]], l'hereu al tron imperial, l'arxiduc [[Francesc Ferran d'Àustria]] i [[Sofia Chotek von Chotkowa|la seva dona]] [[Assassinat de Sarajevo|són assassinats a Sarajevo]] per [[Gavrilo Princip]], un nacionalista serbi.

Després d'haver enviat un pseudoultimàtum a Sèrbia i haver-se assegurat el suport total de l'[[Imperi Alemany]], el vell (83 anys) emperador [[Francesc Josep I d'Àustria]] declara la guerra a [[Sèrbia]] el 28 de juliol. En menys d'una setmana, el conflicte es transforma en una [[Primera Guerra Mundial|guerra mundial]].

L'Àustria-Hongria s'introdueix en aquesta guerra amb tristor, sense demostrar de cap manera el mateix entusiasme que coneixen Alemanya o França al començament del conflicte. En efecte, el país coneix nombrosos disturbis nacionalistes i ètnics, així com una aspiració republicana que esdevé cada vegada més important. Els hongaresos es neguen igualment al principi a mobilitzar-se per a l'esforç de guerra.

A més, les fràgils finances de l'Imperi impedeixen mantenir l'esforç de guerra, fins i tot amb una ajuda alemanya considerable.

Si bé l'exèrcit austro-hongarès és considerat com una de les principals potències militars i si bé el poble compta amb una victòria ràpida, en realitat l'exèrcit no disposa que de {{formatnum:1800000}} homes per a {{formatnum:52000000}} habitants! De més, aquest exèrcit està força mal equipat i sobretot molt poc motivat per a un conflicte d'aquesta envergadura. El seu pressupost militar, clarament inferior al de França, d'Alemanya o del Regne Unit, es revelarà ràpidament com a responsable de les capacitats limitades de l'exèrcit.

El 1914, el teatre d'operacions se centra en Rússia i Sèrbia. El començament de la guerra és catastròfic per a Àustria-Hongria. La primera gran ofensiva és russa, amb la presa de la província austríaca de [[Galítsia]]. L'Exèrcit imperial i la ''[[Landwehr]]'' austríaca no brillen en els rudes combats de les primeres setmanes, i l'artilleria austríaca, que es revela tanmateix superior a la de l'Entesa i fa palesa la seva potència de foc, no és suficient per restablir la situació. Les forces austro-alemanyes aconsegueixen tanmateix derrotar els russos a [[Batalla de Tannenberg (1914)|Tannenberg]] el 29 d'agost. Però si bé els alemanys poden contenir els russos, no s'esdevé el mateix per als austríacs, que són de nou esclafats en la [[Batalla de Lemberg (1914)|Batalla de Lemberg]] l'11 de setembre. Els russos són finalment aturats el novembre, després d'haver envaït totalment la Galítsia, els [[Carpats]] i la [[Bucovina]]. Els austríacs aposten llavors tot pels [[Balcans]]: volen acabar ràpidament amb [[Sèrbia i Montenegro]] per poder reprendre l'ofensiva a l'est l'any següent. El 24 d'agost, els austríacs llancen una ofensiva a [[Cer (muntanya)|Cer]], però són ridiculitzats per primer cop. Una nova ofensiva el 6 novembre els permet de prendre la ciutat de [[Belgrad]], que serà perduda el 13 de desembre després de les derrotes de [[Rudnik]] i dels Monts Putnik. El balanç per a l'any 1914 és alarmant: l'exèrcit austríac es revela ràpidament incapaç de venir a extrem del modest però valent exèrcit serbi i no pot fer res contra els russos sense l'ajuda alemanya. La situació evolucionarà finalment gràcies a la intervenció de tropes alemanyes a Sèrbia i sobretot gràcies als caps polítics hongaresos que decideixen donar suport a l'esforç de guerra austríac principalment perquè temen que una victòria russa no arrossegui la secessió de les minories eslaves d'Hongria. Els hongaresos mobilitzen llavors prop de {{formatnum:4000000}} homes que s'incorporen en la ''Honved'' hongaresa.

A començaments del 1915, Àustria-Hongria progressa de nou enfront de les tropes russes que guanyen tanmateix algunes batalles, però no aconsegueixen aturar l'avanç de les tropes de la [[Triple Aliança (1882)|Triple Aliança]].

Però el maig de 1915, Itàlia, que s'havia declarat neutral el 1914, deixa la Triple Aliança i entra en guerra del costat dels Aliats. L'exèrcit austro-hongaresa, pres a l'inrevés, pateix nombroses derrotes. El 23 de juny, els italians llancen una ofensiva sobre l'[[Soča|Isonzo]]. Però l'Exèrcit austríac es refà i atura l'ofensiva el 5 de juliol. A l'est, aquest s'apodera igualment amb Alemanya del territori polonès el 31 d'agost, i empeny l'exèrcit rus a [[Ucraïna]].

Als Balcans, els serbis estan sense alè: [[Belgrad]] cau el 9 d'octubre. Montenegro és igualment derrotat i els italians contemplen, per la seva banda, el fracàs de totes les seves ofensives. Els generals i el poble reprenen l'esperança davant l'evolució del conflicte.

A principis del 1916, els austríacs rebutgen una nova ofensiva italiana i accepten la capitulació del Montenegro el 13 de gener. Els russos són igualment incapaços de defendre l'immens front de l'Est, el que beneficia evidentment les forces de la Triple Aliança.

Però el 19 d'abril, els austríacs perden el control del coll de Di Lana en benefici dels italians.

Es llança una contraofensiva el 15 de maig en el [[Trentino - Tirol del Sud]], però acaba en fracàs. Els russos ho aprofiten per llançar en el seu torn una àmplia ofensiva, que es revelarà també com un desastre total.

Una nova ofensiva italiana el 6 d'agost posa en dificultats les forces austríaques i el 17 d'agost; és la presa de [[Gorizia]] pels italians. Aquests continuen hostilitzant les tropes austro-hongareses, desembarquen a [[Macedònia (regió)|Macedònia]] el 20 d'agost i ataquen [[Tessalònica|Salònica]] el 22 d'agost. Per acabar-ho d'empitjorar, Romania s'uneix a l'[[Triple Entesa|Entesa]] i ataca l'Àustria-Hongria el 27 d'agost.

Els mesos posteriors són una prova de foc per a la Doble Monarquia, que pateix tres noves ofensives italianes així com un assalt britànic als Balcans el 5 d'octubre.

El 1917, les reivindicacions nacionalistes, provocades per la mort de Francesc Josep I el 1916, esdevenen més apressants, sobretot en el si de l'exèrcit austro-hongarès. Els italians llancen una desena ofensiva sobre l'Isonzo el 12 de maig i els russos intenten debilitar els austríacs a l'est l'1 de juliol. El 17 d'agost, onzena ofensiva dels italians sobre l'Isonzo que no serà aturada fins al 12 de setembre. Malgrat una certa desmoralització dels italians a causa de les incessants ofensives i la perspectiva d'una pau propera amb Rússia, [[Carles I d'Àustria i IV d'Hongria|el nou emperador Carles I]] comprova que el seu país es troba en un estat crític i intenta acordar una pau separada amb els membres de l'Entesa, el que desagrada fortament als alemanys.

Aquesta confessió de feblesa condueix els representants de les nacions oprimides txeques, polonesa i iugoslaus a intentar el seu reconeixement per part dels països aliats, en tant que nacions sobiranes. 

A la primavera 1918, els exèrcits austro-hongaresos són a la vora de la ruptura. Mancats d'avituallament i presos del clima separatista, reculen sobre la majoria dels fronts i pateixen greus motins.

Dins del país, l'agitació nacionalista condueix a la formació de Consells Nacionals independents que sacsegen la doble Monarquia.

De més, el país coneix vagues generals a [[Budapest]] i [[Praga]] a partir del 15 de gener, la qual cosa li impedeix de proseguir amb el seu esforç de guerra.

Els tractats de pau amb Rússia i després amb Romania del 7 de maig no canvien absolutament res. Les minories reclamen sempre més autonomia i ho manifesten violentament. Com a últim recurs, l'emperador reconeix el dret d'autodeterminació dels pobles austríacs el 4 d'octubre de 1918 i intenta transformar la monarquia en federació el 17 d'octubre, però això no impedeix als eslaus del sud d'aprovar el 7 d'octubre de 1918 la unió amb Sèrbia, uns seguits de prop pels txecoslovacs que proclamen llur independència el 28 d'octubre.

L'armistici es produeix finalment el 3 de novembre de 1918, al mateix temps que el govern hongarès anuncia la seva separació d'Àustria.

Carles I deixa el poder i el país el 12 de novembre, la qual cosa permet als dos països de convertir-se oficialment en repúbliques.

El [[Tractat de Saint-Germain-en-Laye]] entra en vigor el 16 de juliol de 1920, sense cap consulta de part d'Àustria, i aboleix definitivament l'imperi dels Habsburg i debilita el país de manera considerable amb pesades sancions econòmiques, militars i geogràfiques.

== 1918-1945 ==
=== Els partits ===
Els partits polítics de la República foren fundats sota la monarquia. Són tres els que van jugar un paper de primer pla després de la [[Primera Guerra Mundial]] i l'esfondrament de la monarquia:

* El [[Partit Socialdemòcrata d'Àustria|SDAP]] ''({{lang|de|Sozialistische Demokratische Arbeiter Partei}}'' - Partit social demòcrata dels treballadors), creat el 1889 que demana més parlamentarisme així com la protecció dels treballadors. Viktor Adler n'és un representant.
* El [[Partit Socialcristià (Àustria)|CS]] - (''{{lang|de|Christlich Sozial}}'' Cristians socials), creat en [[1892]], catòlic, de Leopold Kumschak o [[Karl Lueger]]. Demanen reformes socials amb el rerefons de catolicisme i una relació estreta entre l'Església i l'Estat.
* El DNV ''( {{lang|de|Deutschnational Verband}}'' - Associació nacional alemanya, o ''{{lang|de|Großdeutsche}}'' - Gran alemany). No és un partit de masses, defensa els alemanys enfront de les altres minories de l'Imperi.

Aquests tres partits volen fundar una República i formen bàndols polítics que fan perdre poder a la monarquia. Altres grups es giren també contra la monarquia (sobretot els txecoslovacs). El nacionalisme és un obstacle a la creació d'un Estat-Nació. El « pseudoparlamentarisme» és també una feblesa de la monarquia. Els partits són doncs reserves de poder per al període que seguirà a la caiguda de la monarquia, causada també, evidentment, per la derrota militar en [[1918]].

Els representants dels partits de la monarquia seran els primers representants a la nova República. El partit majoritari és el DV, després el CS i finalment el SDAP. Si bé el DV i el CS es deuen a la monarquia, el SDAP aconsegueix convèncer-los que és anacrònica i responsable de la derrota militar. Una república seria més forta, més encara perquè estaria lligada a [[Alemanya]]. La República, proclamada el 12 de novembre de 1918, omple de moment un buit polític.

=== L'adveniment de La República ===
{{Principal|Primera República Austríaca}}
Els diputats es reuneixen en Assemblea nacional i escullen un govern dirigit per [[Karl Renner]] (SDAP).

L'Assemblea també ha de redactar una constitució per a la República, però com que ha sorgit de la monarquia, s'han d'organitzar noves eleccions. Se celebren a la primavera [[1919]], i les dones també poden votar. Es produeix un capgirament de la correlació de forces: el SDAP esdevé el primer partit, seguit del CS i del DV. Això tindrà conseqüències sobre la forma de la Constitució. Karl Renner (SDAP) esdevé canceller, Fink (CS) vicecanceller i [[Joseph Schumpeter|Schumpeter]] (sense partit) ministre de finances. Malgrat que el sistema de votació és proporcional, els tres partits obtenen gairebé la totalitat dels escons. Fins i tot els comunistes, que havien jugat un paper important en les vagues de 1918, pateixen fortament la competència del SDAP, molt orientat a l'esquerra. Les relacions entre el SDAP i el CS són tibants malgrat la coalició.

Té lloc un debat entre els partits sobre la forma de la Constitució després de l'elecció de la coalició. Aquest debat és tibant, i portarà al final de la coalició. La Constitució entra en vigor el novembre del [[1920]]. És un compromís entre les voluntats dels diferents partits. El CS desitjava una república federal amb un cap d'Estat poderós, el SDAP una república centralitzada sense cap d'Estat (només el canceller). La república adoptada és federal però les seves regions no tenen massa autonomia; el cap d'Estat té competències limitades.

Les armes d'[[Àustria]] són una àguila amb una falç, un martell i una corona. Simbolitzen les tres classes de la societat austríaca: els pagesos, els obrers i els burgesos. Els colors recorden la voluntat d'unió a Alemanya: negre, vermell i groc.

Existeix una altra assemblea, el Bundesrat, que representa els Länder, així com un president que no és escollit per sufragi universal directe. El primer és [[Michael Hainisch]], un economista representant del liberalisme però que predica reformes socials.

La ruptura de la coalició s'esdevé el juliol de 1920. Les primeres eleccions legislatives són organitzades per formar un nou govern. El CS es converteix en el primer partit del país i forma una coalició amb el DV, anomenada Bürgerblock i durarà fins al final de la República. No obstant això, cap govern no restarà més d'un any i tres mesos en les seves funcions. Els partits experimenten dificultats per entendre's, i la situació econòmica no els és favorable.

=== Les qüestions territorials ===
[[Fitxer:Map Europe 1923a-fr.jpg|thumb|right|300px|Àustria a Europa després del [[Tractat de Saint-Germain-en-Laye]]]]

Després de la caiguda de la monarquia, els «no-alemanys» obtenen la independència i són adscrits als diferents països fronterers (Polònia...), i els «alemanys» funden el seu propi Estat, Àustria. La República austríaca és proclamada el 12 de novembre de 1918. El règim de l'Estat ha estat canviat a causa dels problemes socials: la gana i les males condicions de vida provoquen grans vagues des del gener de 1918.

Es proposa la unió amb Alemanya, justificada pel Programa del president americà [[Woodrow Wilson|Wilson]], en el qual exigeix l'autodeterminació dels pobles, que permetria així als germanòfons d'Alemanya i d'Àustria de ser considerats com un sol i mateix poble. Neix doncs la república «austro-alemanya» (''Deutschösterreich''); la unió amb Alemanya es preveu per a més endavant: paral·lelament a la tria de la República, els diputats es pronuncien també a favor de la unió amb Alemanya.

En el [[Vorarlberg]], un 80% de la població desitja ser integrat a [[Suïssa]], però aquesta s'atura per no comprometre l'equilibri de les confessions sobre el seu territori. De més, el 98,5% dels tirolesos i 99,2% els habitants del Land de [[Salzburg]] desitgen la integració de la seva regió a Alemanya. Els aliats es pronuncien contra, i Alemanya també, per raons diplomàtiques. Àustria desitjava aquesta integració, ja que havia esdevingut massa petita i ja no posseïa massa indústria. De més, Alemanya també estava dirigida pels socials-demòcrates.

Àustria és un país vençut. Les negociacions de pau es fan doncs amb els països vencedors. Segons el principi de l'autodeterminació dels pobles, s'hauria pogut pensar en una unió d'Àustria a Alemanya, ara bé, el [[Tractat de Saint-Germain-en-Laye]] (1919) la prohibeix formalment per no reforçar Alemanya. De més, l'[[Imperi austrohongarès]] representava per a [[Georges Clemenceau|Clemenceau]] el clericat; no era, doncs, qüestió d'afavorir-lo. Aquest tractat redefineix les fronteres d'Àustria. Cedeix el [[Tirol]] del Sud, el Sud de l'[[Estíria]] i una part de [[Burgenland]].

=== Política econòmica ===
[[Fitxer:Wenzl Weis - Ignaz Seipel.jpg|thumb|upright=0.9|[[Ignaz Seipel]] fou elegit per dos cops [[Canceller d'Àustria]]. Capellà catòlic,anti-liberal i [[antisemita]], combat la corrupció en l'administració imperial]]
Durant l'hivern de 1919-1920, Àustria coneix un període de dificultats econòmiques, sobretot d'inflació, que comporta vagues i manifestacions. El govern intenta manllevar diners a altres Estats. Aquesta política és responsabilitat del canceller [[Ignaz Seipel]], molt actiu diplomàticament. 

Signa el [[Protocol de Ginebra]] l'octubre [[1922]], un acord amb [[França]], el [[Regne Unit]], [[Itàlia]] i [[Txecoslovàquia]] que garanteix préstecs a Àustria a canvi dels quals aquesta última promet preservar la seva independència, fins i tot si pocs hi creuen verdaderament. Un buit polític per raons econòmiques seria perillós per a l'equilibri de l'Europa central.

Les finances són sanejades: el nombre de funcionaris s'abaixa, l'Estat gasta menys. Malgrat la pujada de l'atur, la política econòmica de Seipel és aprovada i condueix a un èxit electoral del seu partit en [[1923]].

S'estableix una nova el gener del [[1925]]: el [[Xíling austríac|xíling]].

=== Radicalització de la vida política ===
Seipel és víctima d'un atemptat i dimiteix en [[1924]]. Reprèn les seves funcions el 1926. Aquest atemptat és un exemple de la violència cada vegada més viva en la vida política, sobretot des de la fi de la coalició el 1920. Els dos principals partits s'enfronten cada vegada més, i són defensats per organitzacions paramilitars: 

* Les ''[[Heimwehr]]en'' per al CS (Cristians socials) i el DNV. Petits grups d'autodefensa, apareixen al final de la Primera Guerra mundial. No tenen objectiu polític en els seus inicis, però s'acosten de pressa al CS i al DNV. Es radicalitzen i redacten el seu propi programa polític en [[1930]], el Programa de Korneubourg, en el qual rebutgen la democràcia i el sistema parlamentari i es pronuncien a favor del ''Führerprinzip'' i un Estat corporativista.
* La ''[[Republikanischer Schutzbund]]'' per al SDAP. Centralitzada i organitzada militarment, compta aproximadament amb {{formatnum:80000 }} membres.

Nombrosos antics soldats troben un lloc en aquestes organitzacions, sobretot aquells colpits per la pujada de l'atur.

L'abril del 1927 se celebren [[Eleccions legislatives austríaques de 1927|eleccions legislatives]], que són guanyades pels partits de dreta. La vida política es radicalitza encara. El SDAP havia proposat en el seu programa de [[1926]] (Programa de Linz) la dictadura del proletariat, la qual cosa va ser interpretada pel CS com un desafiament.

El gener de 1927, a Schattendorf, tenen lloc violents enfrontaments al carrer entre les ''[[Heimwehr]]en'' i la ''Republikanische Schutzbund'' que fan 2 morts en el bàndol de les ''Heimwehren''. En el procés judicial que se segueix arran d'això, els acusats són absolts (15 de juliol de 1927). Es produeixen manifestacions espontànies i el Palau de Justícia, símbol de l'Estat injust, és incendiat ([[Revolta de juliol)]]. Schober, el cap de la policia, fa disparar als manifestants, la qual cosa provoca 90 morts, entre els quals 4 policies. Aquesta repressió policíaca signa la separació definitiva del CS i del SDAP. La població s'allunya del govern. Els manifestants són condemnats i el canceller Seipel (sacerdot d'altra banda) es nega a amnistiar-los. Aproximadament {{formatnum:30000}} austríacs se'n van de l'Església Catòlica.

Per sortir d'aquesta crisi, es decideix reforçar el poder executiu. Es decideix una modificació de la Constitució el [[1929]]: el president és d'ara endavant escollit directament pel poble i els seus poders són ampliats. És l'expressió de les tendències autoritàries i antiparlamentàries europees. A causa de problemes interns als partits polítics, el pròxim president no és escollit directament pel poble, però rep amb tot més poder.

=== Les crisis ===
[[Fitxer:Antisemitisches Wahlplakat CSP 1920.jpg|thumb|Caricatura antisemita en un cartell de propaganda electoral del partit cristià social a Viena, 1920 ]]
La crisi econòmica mundial no perdona Àustria. El descontentament creix i el govern és considerat responsable. Així, a les [[Eleccions legislatives austríaques de 1930|eleccions de 1930]], el SDAP esdevé el primer partit. De més, una nova força política fa la seva entrada: les ''[[Heimwehr]]en'' s'han constituït en efecte en partit. Són més nacionalistes i es deuen menys als principis democràtics que el CS i prenen vots a aquest últim. Malgrat allò, la coalició CS/DNV continua funcionant.br /

El resultat de les eleccions de 1930 va xocar el CS que reflexionà sobre un mitjà d'evitar les pròximes eleccions, en pensar que el resultat seria força pitjor.

Dues altres crisis vénen a reforçar la crisi econòmica: 

* França, Itàlia i Txecoslovàquia prohibeixen una unió duanera entre Àustria i Alemanya, ja que hi veuen la preparació d'una unió política. Aquesta unió duanera hauria permès a Àustria sortir de la crisi econòmica, i els partits la desitjaven, ja que desitjaven sempre la unió pura i simple d'Àustria al seu veí (fins i tot el CS que el 1919 no hi era favorable per raons religioses i perquè es devia a la monarquia).

* El DNV es retira de la coalició en [[1932]], ja que no desitja ser considerat responsable de la situació. Veu, d'altra banda, com el seu electorat fuig progressivament cap a les [[Heimwehr]]en i el partit nazi, que obté els seus primers èxits a les eleccions regionals.

El setembre del [[1931]] Pfrimer, cap de les Heimwehren intenta un cop d'estat que fracassa ràpidament.

=== Els canvis polítics ===
A la dreta, el partit nazi, i a l'esquerra, el SDAP, es fan cada vegada més forts. El CS decideix impedir les pròximes eleccions. El règim presidencial de [[Paul von Hindenburg|Hindenburg]] a Alemanya demostra que és possible governar un país sense parlament.

El 4 de març [[1933]], el parlament s'autodissol: el president del parlament, que no té el dret de participar en les votacions, dimiteix per poder aportar el seu vot al seu bàndol; el primer vicepresident ho fa igualment, així com el segon. Per al canceller [[Engelbert Dollfuß|Dollfuß]], el parlament havia demostrat que no era capaç funcionar i declarà el 7 de març que governaria sense ell. El 15 s'organitza una sessió del parlament per part d'alguns diputats, però és impedida pel govern.

Diverses mesures anuncien un canvi ideològic, el pas d'un Estat democràtic a un Estat autoritari: la ''Republikanische Schutzbund'' és dissolta i les ''Heimwehren'' s'organitzen en milícies. El SDAP reacciona creant un moviment dins del partit: els socialistes revolucionaris. Prediquen la resistència armada en cas de dissolució dels partits, de prohibició dels sindicats, d'atacs contra [[Viena]] la Roja (dirigida per l'SDAP) i de constitució feixista.

=== Les relacions amb Alemanya ===
Sorgeixen dificultats entre Àustria i Alemanya, per bé que ambdós són estats autoritaris i ideològicament propers. Per a [[Adolf Hitler|Hitler]], Dollfuß no va bastant lluny, no és bastant radical. Desitja prendre el poder a Àustria.

Els nazis perpetren atemptats a Àustria, i el partit és prohibit el juny de 1933. Hitler amenaça amb l'annexió, i Àustria busca suport amb els seus veïns hongaresos i italians. L'agost de 1933, [[Benito Mussolini|Mussolini]] exigeix una feixització més important d'Àustria a canvi del seu suport. El govern austríac crea llavors un partit únic feixista: el Front Patriòtic.

=== L'austrofeixisme ===
L'[[austrofeixisme]] és un feixisme el component essencial del qual és el [[catolicisme]]. Sobre l'escut d'armes d'Àustria s'hi afegeix una aurèola. Aquesta referència a la religió diferencia la dictadura austríaca de les altres formes de dictadures europees que veuen la religió com a competidora. L'Estat és feixista però no autoritari, corporativista però sense lleis racials. Hi ha un partit únic, però res de control total de la vida política. No és un nou partit que arriba al poder, sinó un partit antic que s'ha transformat.

L'estat corporativista austríac és jerarquitzat i té com a model l'[[Edat mitjana]] amb un component catòlic. El programa és establert el setembre de 1933 (mes del 250è aniversari de l'alliberament de Viena dels turcs). És presentat com un alliberament nacional dels enemics de l'interior. «Volem un Estat austríac cristià i alemany sobre una base corporativista i amb un dirigent autoritari». Els enemics són el [[marxisme]], el [[capitalisme]], el partit nazi i el domini dels partits sobre l'Estat.

Dollfuß continua sent canceller, la qual cosa crea, doncs, una continuïtat entre la democràcia i el feixisme. Utilitza els mitjans constitucionals per crear aquest nou règim, però no arriba al poder de resultes d'una elecció, ja que ja hi és. S'aprofita d'això per impedir noves eleccions. L'austrofeixisme no és una nova ideologia sinó la transformació d'un antic partit democràtic.

Es redacta una nova constitució: la «constitució de maig», que entra en vigor l'1 de maig del [[1934]]. La data fou escollida per intentar aplegar els treballadors tot mostrant-los que el nou règim no els oblida. El preàmbul declara: «En nom de Déu molt poderós, de qui emanen tots els drets, el poble austríac adopta aquesta constitució per al seu estat federal, alemany i cristià. » Els antics valors del federalisme i del catolicisme són reafirmats. L'accentuació del caràcter alemany d'Àustria és, això sí, nou.

=== Les dificultats interiors ===
[[Fitxer:Bundesarchiv Bild 102-00805, Wien, Februarkämpfe, Bundesheer 2.jpg|thumb|Soldats de la {{lang|de|[[Bundesheer]]}} a [[Viena]], 12 de febrer del 1934]]
{{Principal|Guerra Civil Austríaca}}
El febrer de 1934 esclata una [[Guerra Civil Austríaca|guerra civil]]. El govern ordena indagacions per trobar armes en poder dels antics membres de la ''Republikanische Schutzbund''. Aquests es defensen, la qual cosa provoca lluites al carrer amb la policia i l'exèrcit, així com amb els Heimwehren. Es compten aproximadament 1500 morts i ferits. Alguns representants del SDAP són executats i el partit és prohibit. Els altres s'escapen a l'estranger. el govern en vigor en surt reforçat, ja que el seu principal opositor és eliminat.

El juliol de 1934, els nazis austríacs intenten un cop d'estat. Fracassa i fa aproximadament 270 morts. 13 persones són executades i 4 se suïciden abans. El canceller Dollfuß és assassinat, [[Kurt Von Schuschnigg]] li succeeix i es queda a la cancelleria fins al març del [[1938]]. Durant aquest cop d'estat, Alemanya continua sent neutral, ja que no és encara bastant forta militarment per intervenir. Mussolini envia soldats a la frontera austríaca per protegir la independència d'Àustria si arribés a ser amenaçada.

=== La influència creixent del nazisme ===
La població alemanya desitja cada vegada més la unió d'Àustria a Alemanya, perquè és en el programa del partit nazi i perquè seria un mitjà d'oposar-se al [[Tractat de Versalles]]. Però la població austríaca hi és cada cop menys favorable. La situació econòmica millora, i les elits no desitgen perdre llurs posicions.

El context internacional evoluciona en [[1935]] a favor dels nazis. Alemanya és remilitaritzada, s'organitza un referèndum a [[Saarland]], moment en el qual la població local es pronuncia a favor de la integració a Alemanya. Aquest referèndum és reconegut internacionalment i Alemanya en pot desitjar un similar a Àustria 

Itàlia es llança a una política de colonització a l'[[Àfrica]] i s'interessa doncs menys per Àustria, la qual cosa deixa més marge de maniobra a Alemanya per permetre-li estendre la seva influència.

El juliol del [[1936]] se signa «l'acord de juliol» entre Alemanya i Àustria: Àustria es defineix com a Estat alemany, renuncia a la seva política estrangera i amnistia els nazis austríacs condemnats.

El partit únic és cada vegada més controlat pels nazis que s'hi adhereixen per apoderar-se'n. Es prepara l{{'}}''[[Anschluss]]'' (annexió). Nombrosos nazis ocupen ja altes funcions en l'estat austríac.

=== L'Anschluss ===
{{Principal|Anschluss}}
[[Fitxer:Stimmzettel-Anschluss.jpg|thumb|right|250px|Papereta de vot del 10 d'abril del 1938: s'hi pot llegir: «Estàs d'acord amb la reunificació d'Àustria amb l'Imperi germànic que va ser decretada el 13 de març del 1938, i votes pel partit del nostre cap [[Adolf Hitler]]? ». El cercle gran mostra el ''Sí'', el més petit el ''No''.]]

El febrer de 1938, Hitler i Schuschnigg es troben i Hitler exigeix que [[Arthur Seyß-Inquart]] (nazi) sigui anomenat ministre de l'interior i que Àustria unifiqui el seu sistema econòmic amb el d'Alemanya. Es llança un ultimàtum per al 15 de març.

Schuschnigg manté reunions amb els diferents caps dels partits. [[Otto von Habsburg]], cap del partit monàrquic, proposa una reconciliació amb els partits d'esquerra que també estan d'acord. Schuschnigg tanmateix ho refusa.

Organitza llavors un referèndum contra Hitler, anunciat el 9 de març i organitzat per al 13. Llança la divisa «rot-weiß-rot bru in dem Tod» (vermell-blanc-vermell fins a la mort»). Es demana si el poble vol «una Àustria lliure i alemanya, independent i social, cristiana i unida.» 

Hitler exigeix la dimissió de Schuschnigg, que obeeix sota pressió. El 12 de març, les tropes alemanyes entren a Àustria sota els crits d'alegria de la multitud. Els que estaven contra no desitjant evidentment manifestar-se. La població veia en l'Anschluss un mitjà de millorar la situació econòmica del país.

En el moment del referèndum del 10 d'abril del 1938 sobre l'Anschluss, el 99,73% de la població es pronuncia a favor, segons els resultats oficials. Es parla llavors de «reunificació».

* Aquesta unió es va fer sense violència, ja que no hi va haver resistència de l'exèrcit austríac.
* El president [[Wilhelm Miklas]] no va signar la llei sobre l'Anschluss
* L'entusiasme de la població es va traduir en una multitud important que va aclamar el discurs de Hitler a la [[Heldenplatz]] de Viena el 15 de març de 1938.
* La comunitat internacional no reacciona. Només [[Mèxic]] protesta oficialment, posant un veto a la [[Societat de Nacions|SDN]].

=== Àustria en el Tercer Reich ===
La història d'Àustria es confon amb la de l'Alemanya de 1938 a 1945. Àustria, integrada al Reich després de l{{'}}''[[Anschluss]]'', i s'estructura segons el programa nazi. Les antigues institucions són dissoltes el [[17 de març]] de [[1938]]. El primer comboi vers [[Camp de concentració de Dachau|Dachau]] surt l'1 d'abril, i el maig és construït el [[Camp de concentració nazi|camp de concentració]] de [[Mauthausen-Gusen|Mauthausen]].

Alemanya aprofita els recursos naturals d'Àustria, s'apodera del banc nacional i de les indústries. Es prepara una guerra i només serà un èxit si l'economia funciona bé i permet un bon armament. Àustria produeix molta energia gràcies a la seva aigua i el seu petroli a la [[Baixa Àustria]]. Posseeix també indústries pesades a [[Linz]]. L'atur baixa, però nombrós Aastríacs ja han deixat el seu país.

L'administració és ocupada pels alemanys, però els austríacs ocupen també llocs importants i no només són víctimes. El 30 de maig de 1938, Àustria és dividida en 7 ''Gaue'', anomenats «Ostmark» en 1939 després « Gaue dels Alpes i del Danubi» en [[1942]].

La persecució dels jueus no troba massa oposició a Àustria; l'[[antisemitisme]] té una llarga tradició, sobretot a Viena. Experimenten la mateixa sort que els jueus alemanys. Aproximadament {{formatnum:130000}} fugen, la majoria al Regne Unit. {{formatnum:70000}} moren en camps de concentració.

Si bé la població austríaca no representa més que un 8% de la població de la Gran Alemanya, els austríacs constitueixen un 14% dels membres de les [[Schutzstaffel|SS]] i el 40% del personal vinculat a la posada en marxa de l'assassinat dels malalts mentals i de la [[Holocaust|Xoà]]. Entre els austríacs que van ocupar alts càrrecs al si del Tercer Reich, es poden citar [[Franz Böhme]], [[Lothar Rendulic]], [[Julius Ringel]] i [[Alexander Löhr]], generals de la Wehrmacht i la Luftwaffe, [[Adolf Eichmann]], un dels principals organitzadors de la Xoà, [[Odilo Globocnik]], també implicat en la Xoà, [[Amon Göth]], comadant del camp de concentració de Plaszow, [[Franz Stangl]], comandants dels camps d'extermini de Sobibor i Treblinka, [[Ernst Kaltenbrunner]], successor de [[Reinhard Heydrich]] al capdavant de l'[[RSHA|Oficina Principal de Seguretat del Reich]], o [[Otto Skorzeny]], que va organitzar sobretot l'evasió de [[Benito Mussolini]] del Gran Sasso. Quant a [[Arthur Seyss-Inquart]], després d'haver estat l'adjunt de [[Hans Frank]] a Polònia, va ser comissari del Reich als Països Baixos.ref Evan Burr Bukey, Hitler's Austria, Popular sentiment in the nazi Era 1938-1945. The University of North Carolina/ref Finalment, el mateix [[Adolf Hitler]] era natiu de la Baixa Àustria i hi havia estat criat. 

Després de la guerra es presentarà com a «primera víctima del nazisme», i Àustria refusarà de manera duradora tota responsabilitat i tota indemnització de les víctimes jueves.

Àustria no patirà durant tant de temps com Alemanya el fragor dels combats. No esdevindrà camp de batalla sinó a partir de l'abril de [[1945]].

{{formatnum:245000}} soldats austríacs moren o es donen per desapareguts. {{formatnum:20000}} civils moren sota els bombardejos. 1,5 milions d'austríacs van prendre part en la guerra.

La resistència (''[[Österreichische Freiheitsfront]]'') és present però no obté massa èxit. És sovint intel·lectual, difon fulletons contra la propaganda per exemple. No s'arma més que al final de la guerra i allibera fins i tot la ciutat d'[[Innsbruck]] abans de l'arribada de les tropes aliades.

== Des de 1945 ==
=== Reconstrucció de la vida política ===
[[Fitxer:Austria 1945-55.png|300px|thumb|Àustria dividida en quatre zones pels Aliats (1945-1955)]]
La presó o els camps de concentració van tenir com a efecte acostar els diferents partits austríacs durant la [[Segona Guerra Mundial]]. Així, els socials-demòcrates i els cristians-socials comencen a treballar junts des de la fi de la guerra.

L'abril del [[1945]], l'antic canceller socialdemòcrata [[Karl Renner]] és ja en contacte amb les autoritats soviètiques que el recolzen en la formació d'un govern provisional. Això podia permetre a la [[Unió de Repúbliques Socialistes Soviètiques|Unió soviètica]] estendre la seva influència a [[Àustria]]. Renner accepta aquest suport, però només és reconegut per l'URSS. El 27 d'abril es forma un govern, compost de tres partits: el partit social demòcrata ([[Partit Socialdemòcrata d'Àustria|SPÖ]]), el partit comunista ([[Partit Comunista d'Àustria|KPÖ]]) i el partit popular austríac ([[Partit Popular d'Àustria|ÖVP]], antics cristians-socials).

El 28 d'abril és signada la Declaració d'Independència. La nova república havia de ser fundada en l'esperit de la Constitució de [[1920]], però sota la pressió dels [[Aliats de la Segona Guerra Mundial|Aliats]], la II República es recolzarà en la Constitució de [[1929]] (que dóna més poder al president), ja que és l'última que va estar en vigor a Àustria.

Els països occidentals es mostren desconfiats enfront d'Àustria, ja que aquesta formava part integrant del [[Tercer Reich|Reich]], i ara és recolzada per l'URSS. Reconeixen finalment el govern austríac, sobretot després que els conservadors perdessin el poder al [[Regne Unit]].

Àustria és dividida en quatre zones, com [[Alemanya]] i [[Viena]] en quatre sectors, com [[Berlín]]. Tanmateix, en ser considerada Àustria com la primera víctima de la guerra, els Aliats li deixen un govern.

=== La postguerra ===
Les [[Eleccions legislatives austríaques de 1945|primeres eleccions]] tenen lloc el 25 de novembre de [[1945]]. Hi ha 3,5 milions d'electors i un 64% són dones. L'ÖVP (antics cristians-socials) obté 49,8% de les veus, l'SPÖ 44,8% i el partit comunista el 5,4% (la propaganda nazi anticomunista havia deixat rastres, i l'[[Exèrcit Roig]] tenia una mala imatge en la població, sobretot a causa de la violència amb què havia actuat a Viena).

[[Leopold Figl]] esdevé canceller, [[Adolf Schärf]] vicecanceller. Si bé l'ÖVP va tenir la majoria absoluta en escons, sota pressió de l'URSS es va formar una coalició amb aquests tres partits (el partit comunista, tanmateix, només disposà d'un ministeri).

Nombrosos antics resistents o opositors al [[nazisme]] es troben al poder, però el seu poder resta limitat a causa del consell de control aliat: com en Alemanya, els Aliats mantenen un cert control sobre la política austríaca. Aquest consell és modificat des del 28 de juny [[1946]]: els Aliats no tenen més que un dret de veto quant als canvis constitucionals. De més, els desacords entre americans i soviètics deixen més marge de maniobra al govern austríac, tot sent un obstacle a una decisió quant al futur d'Àustria. No hi ha tractat de pau, i Àustria continua sent ocupada fins al [[1955]]; l'Est i l'Oest temen que una Àustria definitivament lliure s'acosti al camp contrari.

Els antics problemes fronterers no són arranjats per la Segona Guerra mundial. Si bé la Declaració de Moscou ajusta finalment els d'Alemanya, [[Itàlia]] i [[Txecoslovàquia]] suposen encara un problema. Existeix una minoria germanòfona al [[Tirol]] del Sud (italià des de [[1918]]). El 5 de setembre de 1946 és signat l'acord Gruber-De Gasperi que preveu que aquesta regió sigui esmentada al tractat de pau. L'Europa occidental intenta afavorir Itàlia i sobretot evitar una situació que portaria a la creació d'un partit revolucionari que s'oposaria a tota concessió quant a aquesta regió (en [[1948]], un 35% dels italians votaven pel partit communista…). Les relacions italo-austríaques continuaran sent dolentes fins al [[1969]]. Itàlia impedirà fins i tot l'entrada d'Àustria a la [[Unió Europea]].

A [[Caríntia]] del Sud (Àustria), és la minoria iugoslava la que planteja problemes. Aquesta regió hauria hagut de ser lligada a [[República Federal Socialista de Iugoslàvia|Iugoslàvia]], ja que forma part dels vencedors de la guerra, però com les seves relacions amb l'URSS són execrables, la Caríntia del Sud continua sent austríaca.

La [[desnazificació]] d'Àustria es fa a cada zona d'ocupació de manera diferent. És responsabilitat de les autoritats austríaques a partir de 1946. {{formatnum:134000}} persones passen davant la justícia, un 17% d'elles són condemnades, 34 de les quals a mort. {{formatnum:100000}} persones perden el seu lloc de treball en l'administració pública. Però aquesta desnazificació s'acaba de pressa, ja que en temps de reconstrucció, tothom és útil, i poc importa quin és el seu passat polític. En [[1948]], {{formatnum:480000}} persones reconegudes culpables de fets menors són amnistiades. Tenen de nou el dret de vot. Un nou partit es crea en [[1949]], amb l'objectiu de democratitzar els antics nazis : la [[Federació d'Independents]] (''Verband der Unabhängigen'' VdU) que es convertirà en [[Partit Liberal d'Àustria|FPÖ]] el 1955). És recolzat per l'SPÖ, ja que pot fer perdre vots a l'ÖVP.

A les [[Eleccions legislatives austríaques de 1949|eleccions de 1949]], l'ÖVP recull el 44% dels vots, l'SPÖ el 38,7%, el VdU l'11,7% i el KPÖ el 5,1%. La gran coalició funciona sempre (fins a 1966) però sense els comunistes que deixen el govern en [[1947]] quan Àustria accepta el [[pla Marshall]]. Esperen continuar tenint una influència al carrer. Tindran una certa importància en el moment de la crisi econòmica de 1949/ [[1950]] consecutiva a la [[guerra de Corea]], que va comportar una alça dels preus, un empobriment de la població i un deteriorament de la situació social, però les grans vagues de 1950 seran un fracàs, i el KPÖ continuarà sent marginal.

=== Els anys 1950, un nou començament ===
Els anys 1949-50 marquen la fi de la postguerra. Un nou partit de dretes és creat, un antic partit d'esquerra perd la seva importància, noves institucions són establertes, els antics nazis són alliberats. El canceller Renner mor el 1950, una nova generació de polítics entra en escena, entre els quals [[Theodor Körner]] (SPÖ), escollit president per un període de sis anys. Es forma un nou govern en [[1953]] després de [[Eleccions legislatives austríaques de 1953|noves eleccions]]. [[Julius Raab]] reemplaça Figl a la cancelleria.

Queda tanmateix una qüestió en suspens: l'ocupació. El [[15 de maig]] del [[1955]] és signat el [[Tractat de l'Estat Austríac]] entre les quatre potències aliades i Àustria. És un tractat de pau en el qual Àustria proclama la seva «neutralitat permanent», seguint el model suís. A canvi, els Aliats se'n van d'Àustria. Les tropes estrangeres es retiren el 25 d'octubre i l'endemà, el parlament aprova oficialment aquest tractat, i fa del 26 d'octubre la festa nacional austríaca. De més, el desembre d'aquest mateix any, Àustria entra a l'[[Organització de les Nacions Unides|ONU]].

La situació econòmica millora gràcies al pla Marshall que accelera la reconstrucció. La prosperitat s'instal·la i dóna confiança als austríacs en la República. Els dos partits que governen es mantindran al govern fins al [[1966]]. Cap aldarull interior no ve a enterbolir la tranquil·la Àustria; sols la [[Revolució hongaresa de 1956|crisi d'Hongria de 1956]], revolta reprimida per l'Exèrcit Roig, provoca l'arribada massiva de {{formatnum:150000}} refugiats a Àustria.

=== Els anys 1960-70, la modernització ===
El 1966, [[Eleccions legislatives austríaques de 1966|l'ÖVP obté la majoria dels escons]] al [[Nationalrat]] i decideix governar tot sol. Al començament dels anys [[1960]], les seves relacions amb el SPÖ s'havien tensat, sobretot quan [[Otó d'Habsburg-Lorena]] havia volgut entrar a Àustria; l'ÖPV estava a favor, mentre que l'SPÖ estava en contra.

[[Josef Klaus]] esdevé canceller, i una dona arriba per primer cop al càrrec de ministra.

El 1969, la qüestió del Tirol del Sud és arranjada, la qual cosa és un èxit per a Klaus, però la recessió econòmica li farà perdre les [[Eleccions legislatives austríaques de 1970|eleccions de 1970]].

El SPÖ arriba al poder, i governa sol (s'hi quedarà, sol o en coalició, fins a 2000). [[Bruno Kreisky]] és canceller. El FPÖ sosté el govern sense participar-hi, ja que nombrosos social-demòcrates estan en contra d'una coalició. A canvi, el govern augmenta el nombre de diputats a l'Assemblea, mesura favorable als petits partits. [[Eleccions legislatives austríaques de 1971|Noves eleccions són, doncs, organitzades en 1971]]. L'SPÖ obté la majoria absoluta.

S'adopten nombroses reformes: dret a l'avortament en [[1975]], protecció jurídica dels nens nascuts fora del matrimoni, drets de les minories (plafons bilingües a Caríntia en [[1972]]), etc. L'SPÖ guanya les eleccions de 1975 malgrat la [[Crisi del petroli del 1973|crisi del petroli]].

Un moviment d'esquerra fa la seva aparició lentament al final dels [[dècada del 1960|anys 1960]]/[[dècada del 1970|principi dels anys 1970]]: [[Els Verds (Àustria)|Els Verds]]. En el seu origen es manifesten contra la construcció de la [[central nuclear]] de [[Zwentendorf]] i provoquen un referèndum en [[1978]]. La majoria dels austríacs es manifesten contra la posada en servei d'aquesta central.

=== Els anys 1980-90 ===
[[Fitxer:Europe before 1989, western, estern, neutral-countries.png|thumb|L'Àustria neutral i el ''[[Teló d'acer]].'']]
[[Fitxer:Flag of Europe.svg|thumb|Adhesió a la UE el 1995]]
[[Fitxer:EU location AUT.png|thumb|Àustria a la UE]]
L'SPÖ [[Eleccions legislatives austríaques de 1983|perd la majoria absoluta en 1983]] a causa de la progressió de l'atur i dels escàndols financers. [[Bruno Kreisky]] dimiteix i és reemplaçat per [[Fred Sinowatz]] en una coalició amb l'FPÖ, que obté tres ministeris (justícia, comerç, i defensa) i el càrrec de vicecanceller.

Noves forces polítiques s'instal·len progressivament en Àustria: els Verds entren per primera vegada en un parlament regional en [[1982]] i al [[Nationalrat|parlament nacional]] en [[1986]]; [[Jörg Haider]] esdevé cap de l'FPÖ, és força més nacionalista que el seu predecessor i fa del seu partit un partit d'extrema dreta, el que condueix al final de la coalició governamental. [[Eleccions legislatives austríaques de 1986|Una nova gran coalició es forma en 1987]] entre l'SPÖ i l'ÖVP.

Les eleccions presidencials de 1986 provoquen un gran debat sobre el passat austríac. Es fa públic que el candidat de la dreta, [[Kurt Waldheim]], havia estat oficial en l'exèrcit nazi als Balcans. Aquest debat mostra en quin punt la qüestió de la responsabilitat del poble austríac ha estat eludida. Waldheim no és escollit de nou, ja que Àustria es troba aïllada en l'escena internacional. Pocs caps d'Estat accepten rebre Waldheim.

La nova gran coalició es marca com a objectiu de resoldre la crisi econòmica i endegar reformes. Comença a treballar amb la Unió Europea, i es preveu la seva adhesió a partir del [[1989]], el que qüestiona la seva neutralitat. L'atur baixa però el problema del finançament de l'Estat del Benestar es manté, sobretot el de les jubilacions.

El 1989, el bloc de l'Est es dissol, provocant l'arribada de nombrosos refugiats, pa beneit per a Haider el partit del qual progressa a les [[Eleccions legislatives austríaques de 1990|eleccions de 1990]]. La [[Guerra dels Balcans|guerra a Iugoslàvia]], país veí d'Àustria, inquieta la població austríaca.

La població austríaca és d'entrada hostil a una adhesió a la Unió Europea, així com l'SPÖ, ja que això qüestiona la neutralitat, component essencial de la identitat austríaca. Es tem una pèrdua de llibertat i de drets fonamentals. Però alhora constitueix també una protecció contra els danys col·laterals d'eventuals guerres a Europa de l'Est. En [[1994]], la població austríaca es pronuncia clarament a favor de l'adhesió que es farà l'any següent.

Malgrat la seva derrota al referèndum sobre la UE, l'FPÖ continua sent popular a les eleccions nacionals. Duu a terme una política d'oposició agressiva. L'ala liberal del partit se separa per crear el Fòrum Liberal el 1993.

Els [[dècada del 1990|anys 1990]] són també un període de canvi en la vida política austríaca. La coalició és cada cop més qüestionada. L'FPÖ es converteix en el segon partit del país. Això és, juntament amb l'adhesió a Europa, un altre signe de normalització d'Àustria. En efecte, aquesta situació de l'extrema dreta es troba a nombrosos països com Itàlia, [[Bèlgica]], els [[Països Baixos]], [[Dinamarca]] etc. El 1994, els dos grans partits ja no reuneixen per primera vegada la majoria dels dos terços, necessària a una modificació de la Constitució.

En [[1999]], [[Eleccions legislatives austríaques de 1999|l'ÖVP esdevé el tercer partit del país]]. Les negociacions per fomrar una coalició duren diversos mesos, i fracassen entre l'ÖVP i l'SPÖ. L'ÖVP decideix doncs governar amb l'FPÖ. [[Wolfgang Schüssel]] esdevé canceller. L'ÖVP tenia present que la pujada de l'FPÖ era deguda a la gran coalició. Si aquesta hagués continuat, l'FPÖ s'hauria convertit potser en el primer partit austríac a les pròximes eleccions. De més, a causa de les seves reformes radicals, l'FPÖ mai no podria obtenir bons resultats en l'espai d'una legislatura (quatre anys). El 2002, [[Eleccions legislatives austríaques de 2002|l'FPÖ perd en efecte vots a les eleccions]], però la coalició continua. Aquesta coalició és una ruptura en la història recent austríaca, ja que l'SPÖ no hi participa. A més, és la primera coalició «tradicional» (vista des de l'estranger) que es forma.

Finalment, dos altres resultats mostren canvis: una dona pastor protestant és candidata a les eleccions presidencials de [[1998]] i recull el 13,5% de les veus; a les [[Eleccions al Parlament Europeu de 2004|eleccions europees de 2004]], un antic membre del l'SPÖ fa campanya sobre temes populistes i obté un 14%. Els electors austríacs es mostren llestos per votar per noves persones.

[[Fitxer:Nationalratswahlen.jpg|thumb|center|300px|Eleccions al ''[[Nationalrat]]'' sota la II República]]

== Notes i referències ==
{{Referències|3}}

== Bibliografia ==
{{Commonscat|History of Austria}}

* {{ref-llibre |cognom= Ackerl|nom= Isabella |títol= eschichte Österreichs in Daten|llengua= alemany |editorial= Marixwissen |lloc= Wiesbaden |data= 2009|pàgines= 224|isbn= 978-3-86539-947-2 |ref= }}
* {{ref-llibre |cognom= |nom= |títol=Kurze Geschichte Österreichs im 20. Jahrhundert |url= http://facultas.wuv.at/list?back=17c7e00b64ecf94a17dd07288b0ce10dxid=175520 |llengua= alemany |edició= primera edició 2007 |editorial= Facultas |lloc= Viena |data= 2007|pàgines= 452 |isbn= 978-3-7089-0354-5 }}
* [[Brigitte Hamann]], ''Österreich: ein historisches Portrait'', C.H. Beck, Munich, 2009, 191 p. {{de}}
* Paula Sutter, ''Historical dictionary of Austria'', Scarecrow Press, Lanham Md, 2009 2ona ed.), LXXXIV-409 p. {{ISBN|978-0-8108-5592-2}}{{en}}
* Félix Kreissler, ''L'Autriche, brûlure de l'histoire, Brève histoire de l'Autriche, 1800-2000'', Publications de l'université de Rouen núm. 284, 2000. {{ISBN|2-87775-289-5}}
* Ernest Marboe ''El Llibre d'Àustria'', Impremta nacional austríaca, Viena, 1948

== Vegeu també ==
* [[Unificació italiana]]
* [[Història d'Hongria]]

== Referències ==
{{referències}}

{{ORDENA:Historia D'Austria}}
{{Enllaç AB|de}}
{{Enllaç AB|da}}

[[Categoria:Història d'Àustria| ]]</text>
      <sha1>nkdflisyqpke89gwa1blgesg9zgdbki</sha1>
      <model>wikitext</model>
      <format>text/x-wiki</format>
    </revision>
  </page>