<page>
    <title>Història de Suïssa</title>
    <ns>0</ns>
    <id>1003623</id>
    <revision>
      <id>13653394</id>
      <parentid>13628965</parentid>
      <timestamp>2014-06-23T14:11:52Z</timestamp>
      <contributor>
        <username>Langtoolbot</username>
        <id>128552</id>
      </contributor>
      <minor></minor>
      <comment>Correcció tipogràfica: espais sobrants</comment>
      <text>La '''història de [[Suïssa]]''' comença amb [[Juli Cèsar]] i els seus ''[[De bello gallico|Comentaris sobre la Guerra de les Gàl·lies]]''. Després de les [[Invasions bàrbares|grans invasions]], que esbossen les fronteres lingüístiques del país, es teixeixen aliances entre petits estats a l'[[Edat Mitjana]], entre 1291 i 1332, per formar la [[Confederació dels tres cantons]], la primera etapa de formació de la Confederació suïssa. Després la [[Confederació dels vuit cantons]] es constitueix per aliances defensives successives fins al [[1481]]. Durant els segles següents, la [[Confederació dels tretze cantons]] es construirà progressivament i aconseguirà la seva independència en [[1648]]. Dividida i reorganitzada en [[República Helvètica]] durant la seva ocupació per la [[França]] revolucionària, Suïssa obté el 1803 de [[Napoleó Bonaparte|Bonaparte]] un estatut federal. Suïssa passa llavors a vint-i-dos [[Confederació dels vint-i-tres cantons|cantons]] abans de recuperar la seva independència en [[1815]]. Es produeix llavors una [[guerra civil]] i religiosa d'on emergeix l'[[Estat federal de 1848]]. Amb una estricta política de [[neutralitat]], Suïssa travessarà el [[segle XX]] sense conèixer la guerra.

== Suïssa prehistòrica i cèltica ==
[[Fitxer:Historische Karte CH Helvet.png|thumb|Mapa de la distribució de les tribus celtes al [[segle I aC]].]]
Per bé que els primers rastres d'ocupació del territori suís es remunten al [[Mosterià]] ([[100000 aC]]) i que s'han trobat diverses peces arqueològiques del [[Magdalenià]], de l'[[Azilià]], del [[Sauveterrià]] i del [[Tardenosià]], els principals vestigis daten del [[Neolític]] i de la introducció de l'[[agricultura]] al [[mil·lenni VI aC]]. El període del Neolític mitjà a l'[[edat del bronze]] és caracteritzat pels hàbitats lacustres i els poblaments litorals, entre els quals en particular cal destacar la [[Cultura del vas campaniforme|civilització campaniforme]] que s'implanta sobretot a la vora del [[Llac de Neuchâtel]] i en la badia de [[Zuric]] on s'han trobat les més antigues [[roda|rodes]] d'Europa, que daten del [[2500 aC]].{{sfn|Nappey|2007|p=8-9}} Aquests pobles, alguns dels quals podien tenir llavors fins a un centenar d'habitants, seran abandonats a la fi del [[segle IX aC]] amb la [[cultura de Hallstatt|civilització de Hallstatt]]. 

Des del començament de l'[[Edat del ferro]], els [[celtes]] ocupen el territori, i porten amb ells la forja del [[ferro]] així com les arts de la [[terrissa]] i de les [[joies]]. La segona part de l'Edat del ferro ha estat d'altra banda anomenada «[[Cultura de La Tène]]» pel nom de l'indret [[epònim]] situat a l'actual [[cantó de Neuchâtel]] i descobert en [[1857]]. Certs noms de llocs actuals tals com ara [[Nyon]] o [[Yverdon-les-Bains|Yverdon]] són d'origen celta.

Després de la migració de la tribu germànica dels [[cimbres]] que deixa [[Jutlàndia]] cap al [[115 aC]] en direcció al sud.ref group=durrenmattpàg. 16 /ref i de la dels [[teutons]] que s'hi uneixen alguns anys més tard,ref[[Diccionari Històric de Suïssa]], ''Helvètes - Les Helvètes avant la guerre des Gaules''/ref la major part de l'[[altiplà suís]] és ocupat a partir de 100 aC aproximadament per les cinc tribus dels [[helvecis]] que són mencionades per primera vegada per l'historiador [[llatí]] [[Tàcit]].ref{{Ref-llibre | nom = Tàcit
 | enllaçautor = Tàcit | capítol = XXVIIII
 | urlcapítol = http://bcs.fltr.ucl.ac.be/GERM/gt-28-33.htm#XXVIII | títol = Germania | llengua = francès}}/ref
[[Fitxer:Caesar campaigns gaul-fr.svg|left|thumb|Campanya de Cèsar durant la guerra de les Gàl·lies]]

Originalment [[Nòmada|nòmades]], les tribus es van assentar progressivament, si bé dues d'elles es van ajuntar als [[cimbres]] en la seva expedició del [[107 aC]] al sud-oest de la [[França]] actual. Empesa pels cimbres, la tribu helvècia dels [[tigurins]] baixa la Vall del [[Roine]] sota l'ordre del jove cap [[Divicó]]. Arribats a la vora de la [[Garona]], s'enfronten i desfan al [[107 aC]] un exèrcit romà els soldats supervivents del qual han de passar llavors sota el [[jou]] en senyal de derrota. En reacció, Roma envia un nou exèrcit comandat per [[Gai Mari]] que atrapa els germànics el [[102 aC]] i els extermina gairebé del tot a la [[batalla d'Aquae Sextiae]]; els tigurins es veuen llavors forçats a fer mitja volta i s'assenten a la regió d'[[Avenches]].ref group=durrenmattpàg. 16-17/ref

En vigílies de la [[guerra de les Gàl·lies]], diferents poblacions cèltiques viuen al territori de l'actual Suïssa: si bé l'[[altiplà suís]] es troba principalment ocupat pels [[helvecis]], una part de la [[Serralada del Jura]] i la regió de [[Basilea]] són a les mans dels [[rauracs]], els [[recis]] ocupen una part de la Suïssa oriental i dels [[Grisons]], el [[Cantó de Ticino|Ticino]] és poblat de [[lepontis]] mentre que el [[Valais]] actual és partit entre els [[nantuats]], els [[veragris]], els [[seduns]] i els [[uberis]] i que [[Ginebra]] és un [[oppidum]] dels [[al·lòbriges]]. Els helvecis són sobretot descrits per [[Juli Cèsar]] que, si bé mai no va penetrar al seu territori, descriu aquest en els seus ''[[De bello gallico|Comentaris sobre la Guerra de les Gàl·lies]]'' com a delimitat {{Citació|d'una banda pel [[Rin]] [...], d'una altra per la [[serralada del Jura]] [...] i d'una altra pel [[Llac Leman]] i el [[Roine]].ref name = gdg-livre1''Ad Genevam extremum oppidum Allobrogum quam maximis itineribus pervenit'' (''[Juli Cèsar]'' arriba a marxes forçades a Ginebra, la més allunyada de les ciutats al·lòbriges) : extret de ''[[De bello gallico]]'' de [[Juli Cèsar]], llibre 1/ref}} [[Juli Cèsar|Cèsar]] descriu quatre [[Tribu (antropologia)|tribus]] d'helvecis i dotze ciutats, una de les quals es troba en un dels [[meandre]]s de l'[[Aar]], així com ho està actualment la ciutat de [[Berna]].

Cap a mitjans del [[segle I aC]], els helvecis decideixen emigrar cap al país de la [[Gals|tribu gal·la]] dels [[santons]], a l'oest de la [[França]] actual. Per bé que les raons d'aquesta decisió no són conegudes amb certesa, entre les diverses motivacions que haurien pogut empènyer a tal migració, s'han invocat sobretot la manca de terres i l'ambició del seu cap Orgetorix.ref group=bouquetpàg. 3/ref Sigui quina sigui la raó, aquests últims cremen les seves ciutats i els seus pobles i més de 360.000 helvecis emprenen el camí.ref[[Diccionari Històric de Suïssa]], |8017-1-2|Helvètes 2 - Du début de la guerre des Gaules à la défaite de Bibracte (58 av. J.-C.)/ref [[Juli Cèsar]], llavors [[procònsol]] de la [[Gàl·lia Narbonesa]], els rebutja en la [[Batalla de Bibracte]] ([[58 aC]]) i els obliga a tornar a casa seva, on han de defensar la frontera del [[Rin]] contra les invasions dels [[germànics]]. El [[52 aC]], segons Cèsar, els helvecis envien reforços a [[Vercingetòrix]].

== Suïssa gal·loromana==
[[Fitxer:MapGalliaParts.png|thumb|Organització del territori pels Romans]]
Els helvecis són integrats progressivament dins del jove [[Imperi Romà]] amb la fundació d'una [[Colònia romana|colònia]] de veterans a [[Nyon]] després, sota el regnat d'[[August]], amb la fundació de l'[[Augusta Raurica]] prop de [[Basilea]], el territori helveci pertanyerà des de llavors a la [[Gàl·lia Belga]]. Només les tribus valesianes i els recis continuen sent independents fins a la seva conquesta per [[Tiberi]] i [[Claudi]] cap al [[7 aC]] quan són aplegats a la província de [[Rècia]] la [[capital]] de la qual és [[Augsburg]].

[[Fitxer:Historische Karte CH Rom 1-fr.png|left|thumb|Mapa del territori helvètic sota domini romà]]

Al [[segle I]], la riba nord del [[Rin]] és una zona fronterera estratègica de l'[[Imperi Romà]]: és ocupada militarment i és plena de campaments militars permanents, com a [[Augusta Raurica]]. La xarxa de vies és consolidada, es creen ciutats noves com ara ''[[Octodurus|Forum Claudii Vallensium]]'' (actual [[Martigny (Suïssa)|Martigny]]), mentre que les elits celtes es romanitzen. L'ancià [[oppidum]] principal dels helvecis, [[Aventicum]] (actual [[Avenches]]), elevada al rang de colònia en l'any [[73]], esdevé progressivament la principal ciutat de la regió.ref[[Diccionari Històric de Suïssa]] |12281-1-2|Aventicum : 2 - Histoire d'une capitale/ref Cap al [[47]], el [[Valais]] és transformat en una província autònoma, la ''[[Vallis poenina]]'', i el territori dels [[helvecis]] és unit en l'any [[89]] a la província de [[Germània Superior]] la capital de la qual és l'actual [[Magúncia]].

[[Fitxer:Convent of St Gall.jpg|thumb|[[Abadia de Sankt Gallen]]]]
Entre el [[segle II]] i el [[segle III]], la ''[[Pax romana]]'' regna sobre l'imperi, les fronteres han reculat cap al nord i Suïssa ja no és, doncs, una zona fronterera. Mentre que el [[llatí]] s'estén, el territori coneix un període de prosperitat econòmica. Provinent d'Itàlia i seguint els canals de comunicació, el [[cristianisme]] s'estén progressivament sobre el territori amb l'aparició de les primeres [[Església (arquitectura)|esglésies]] a [[Ginebra]] i [[Martigny (Suïssa)|Martigny]] i dels [[bisbe|bisbats]] de [[Basilea]], Martigny, Ginebra i [[Coira]] entre el [[350]] i [[400]]. Els [[missioners]] funden diverses comunitats religioses, en particular a [[Saint-Ursanne]] i a [[Romainmôtier]], mentre que el [[monjo]] [[Sant Gal]] s'estableix al sud del [[llac de Constança]] on s'aixecarà un segle més tard l'[[Abadia de Sankt Gallen|abadia que porta el seu nom]].

Tanmateix, cap a la fi del [[segle III]], les incursions bàrbares dels [[alamans]] a [[Germània (regió)|Germània]] i després en territori suís, sobretot en [[260]], quan nombroses ciutats són saquejades, desplacen progressivament la frontera sobre el Rin, al llarg del qual els [[Emperador romà|emperadors romans]] del [[segle IV]] fan construir línies defensives (fortaleses i talaies). Progressivament, des del [[401]], la població inquieta migra cap al sud abandonant les ciutats de Nyon i després la d'Augusta Raurica, per a aquesta última a favor de Basilea, al mateix temps que les tropes romanes se'n van del [[Rin]] per arribar al sud dels [[Alps]], abandonant així definitivament el territori de Suïssa als pobles germànics anomenats «[[foederati]]», primer els [[burgundis]] i després els [[alamans]].

== Suïssa a l'Alta Edat Mitjana ==
Vers el [[443]], els burgundis s'estableixen a l'oest del país en una regió anomenada [[Sapàudia]] («país dels avets»), que correspon a la [[Savoia (regió)|Savoia]] actual, i fa de [[Ginebra]] una de les seves capitals. Assimilen a la població gal·loromana tot preservant la llengua [[llatí|llatina]] i després transformen progressivament el seu territori en regne - poc després que [[Odoacre]] va haver deposat en [[476]] l'últim emperador romà, [[Ròmul August]] - ampliant-lo considerablement a la Vall del [[Roine]] ([[Lió]]), el [[Valais]] i els colls alpins.ref[[Diccionari Històric de Suïssa]] |8028-1-2|Burgondes : 2 - De l'établissement en Sapaudia (443) à la chute de l'ancien royaume burgonde (532/534)/ref

A partir de [[260]], els [[alamans]] s'estableixen progressivament en el centre i l'est del país a la recerca de terres cultivables i hi imposen els seus [[dialecte]]s alemànics. La frontera entre les dues tribus es fixa entre els segles [[segle VIII|VIII]] i [[segle IX|IX]]. Els Alps orientals estan per la seva part poc afectats per les invasions i s'hi parla encara avui un dialecte baix llatí, el [[romanx]] de vegades dit «[[Llengües retoromàniques|retoromànic]]». Formant El [[Cantó de Ticino]], part sud de Suïssa, que forma part de la [[Gàl·lia Cisalpina]], resta en el si de la [[península Itàlica]].

[[Fitxer:Le royaume Burgonde au Ve siècle la.svg|thumb|upright=1|Regne dels burgundis al segles IV i V.]]

En [[534]], el rei burgundi [[Segimon de Borgonya]] és vençut pels [[francs]] que s'annexionen el seu regne i hi afavoreixen l'assentament dels alamans que havien vençut abans. Els francs conquereixen [[Rècia]] en [[550]], acabant així la seva presa de control del conjunt del territori helvètic.

Suïssa forma part de l'imperi de [[Carlemany]] abans de tornar al [[regne de Provença]], amb la dislocació de la [[França Mitjana]], i després serà dividida entre els ducats de [[Ducat de Borgonya|Borgonya]] a l'oest i de [[Suàbia]] o d'[[Alemània]] a l'est. El [[feudalisme]] s'estableix a la fi del [[segle IX]] quan diverses grans famílies intenten assentar la seva autoritat sobre diferents parts del territori : els [[Comtat de Savoia|comtes de Savoia]] sobre [[Vaud]], Ginebra (de la qual desposseeixen els [[Comtat de Ginebra|comtes de Ginebra]]) i el [[Valais]], els comtes de Gruyère sobre l'[[Cantó de Friburg|rerepaís friburguès]], els [[Zähringen]] que funden nombroses ciutats, entre les quals [[Friburg (Suïssa)|Friburg]] i [[Berna]], els [[Kyburg (Zuric)|Kyburg]] que s'instal·len sobre l'[[altiplà suís]], els [[Hohenstaufen]] i els [[Dinastia dels Habsburg|Habsburg]] a la [[Zuric|regió de Zuric]] i fins al [[Pas del Sant Gotard]].

L'omnipresència i la llarga mà dels Habsburg, junt amb la seva voluntat d'estendre el seu domini i d'apoderar-se de les riqueses dels petits ducats i comtats suïssos inquieten la petita [[noblesa]] local que no té prou força per oposar-se al seu poder, i no té altra opció que servir aquests «estrangers» per viure. Per la seva banda, els [[camperol|pagesos]] pobres suporten cada vegada més malament els pesats cànons que han de pagar per a l'únic benefici d'una [[aristocràcia]] estrangera que els imposa lleis sense tenir en compte els antics costums. Els ''[[Waldstätte]]n'' les altes valls del [[Llac dels Quatre Cantons]] proven d'oposar-se ([[1240]]) amb una revolta a aquesta amenaça però fracassen i són durament reprimits, així com les ciutats de [[Berna]], i sobretot [[Zuric]] que es veu gairebé arruïnada.

== Expansió de l'antiga Confederació Suïssa ==
{{Principal|Expansió de l'antiga Confederació Suïssa|guerra entre Suïssa i la Casa d'Habsburg}}
=== Confederació dels tres cantons ===
[[Fitxer:Swiss Rütlischwur.jpg|light|thumb|Al·legoria del jurament del Grütli per [[Jean Renggli]]]]
[[Fitxer:Bendicht_Tschachtlan,_Die_Schlacht_am_Morgarten_(c._1470).jpg|right|thumb|Representació de la [[batalla de Morgarten]] (15 de novembre del 1315)]]
div align=center
gallery heights=50 widths=50
Fitxer:Wappen Uri matt.svg| [[Uri]]
Fitxer:Wappen Schwyz matt.svg| [[Cantó de Schwyz|SZ]]
Fitxer:Wappen Nidwalden matt.svg| [[Nidwalden|NW]].ref group=n name=unterwaldEl cantó d'[[Unterwalden]] és format per les comunitats de Nidwald, d'Obwald i de l'abadia d'Engelberg./ref 
Fitxer:Wappen Obwalden matt.svg|[[Obwalden|OW]]ref group=n name=unterwald/ 
/gallery
Membres de la Confederació dels tres cantons
/div
L'arranjament del [[Pas del Sant Gotard]] amb l'ajuda dels [[walser]]s recentment immigrats i experts en construcció de canals d'irrigació, al començament del [[segle XIII]], té conseqüències importants : el [[coll del Gran Sant Bernat]] a [[Valais]] perd de la seva importància en el trànsit internacional, i això una crisi econòmica de dos segles a la vall de l'Alt-Roine. En recompensa per a aquest treball, [[Uri]] obté pels «serveis retuts a l'emperador», la [[immediatesa imperial]] que l'allibera de la dependència dels Habsburg i li permet d'enriquir-se amb els [[peatge]]s i la venda dels serveis (guies i hostals), el que atia evidentment les cobdícies dels Habsburg.

L'abril del [[1291]], [[Rodolf I d'Alemanya]], primer membre de la família que esdevé emperador, redimeix els drets sobre [[Cantó de Lucerna|Lucerna]], a l'extrem del [[Llac dels Quatre Cantons]], amb l'objectiu de restablir l'autoritat de la seva família de la regió. Després de la seva mort sobrevinguda el [[15 de juliol]] de [[1291]] i en previsió d'eventuals conflictes de successió, els homes lliures de les valls d'[[Uri]], de [[Cantó de Schwyz|Schwyz]] i de [[Nidwalden]].ref[http://www.admin.ch/org/polit/00056/index.html?lang=fr Pacte federal de l'1 d'agost de 1291] a Admin.ch vallée inférieure d'Unterwald significa Nidwalden/refref [http://icp.ge.ch/po/cliotexte/la-confederation-suisse-au-moyen-age/suisse.histoire.1291.html Pacte federal de l'1 d'agost de 1291] a Cliotexte /ref renoven a principis del mes d'agost (data precisa desconeguda) un pacte d'aliança jurídica i defensiva eterna.

[[Fitxer:Bundesbrief.jpg|left|thumb|Pacte federal de 1291]]

El pacte restà molt de temps en l'oblit, i no fou descobert fins al [[segle XVIII]] i publicat en la seva versió llatina original en [[1760]] per [[Johann Heinrich Gleser]]. No serà escollit com a [[pacte federal]] més que a la fi del [[segle XIX]] a iniciativa del [[Consell Federal de Suïssa|Consell federal]] i commemorat per primera vegada en ocasió del seu sisè centenari en [[1891]]. A partir de 1899, la [[festa nacional]] suïssa és celebrada anualment l'[[1 d'agost]]; abans d'aquesta data, la fundació de la Confederació era col·locada al [[8 de novembre]] del [[1307]], data del llegendari [[Jurament del Grütli]] segons [[Aegidius Tschudi]].ref[[Diccionari Històric de Suïssa]] |17438|Fête nationale|Georg Kreis/ref Els esdeveniments mítics descrits per la [[llegenda]] de [[Guillem Tell]] tenen també lloc a la mateixa època (començament del [[segle XIV]]).

La situació es deteriora entre els [[Waldstätte]]n i els Habsburg durant l'interregne que segueix a la defunció d'[[Enric VII del Sacre Imperi Romanogermànic|Enric VII de Luxemburg]] en [[1313]]. En resposta a l'atac de [[Schwyz (Suïssa)|Schwytz]] contra el [[convent]] d'[[Einsiedeln]] sobrevinguda el [[6 de gener]] del [[1314]], el mercat de [[Lucerna|Lucerne]] és prohibit als Waldstätten que prenen partit per [[Lluís IV del Sacre Imperi Romanogermànic|Lluís de Baviera]] contra l'Habsbourg [[Frederic I d'Ausburg|Frederic el Bell]] després de la [[doble elecció del Wittelsbach]] ([[25 de novembre]] del [[1314]]).

En [[1315]], el [[Duc d'Àustria]] [[Leopold I d'Àustria|Leopold]], germà segon de Frederic, llança un doble atac contra 1.500 muntanyencs que prenen per assalt la primera columna composta de 3.000 a 5.000 soldats en la [[Batalla de Morgarten]].{{sfn|Nappey|2007|p=22}} El [[15 de novembre]], els austríacs pateixen una veritable derrota. La segona columna, que es dirigia cap a [[Unterwalden]], es retira llavors sense combatre. 

Després d'aquesta victòria, els confederats renoven la seva aliança amb el [[Pacte de Brunnen]] del [[9 de desembre]] de [[1315]]. Redactat en [[alemany]], aquest text és el primer en el què s'utilitza el terme ''{{lang|de|Eidgenossen}}'' («confederat», literalment «companys lligats per un jurament»), mot del qual deriva [[Eidgenossenschaft]] (''confederació''). Detalla igualment la prohibició feta als signataris d'unir-se amb potències estrangeres. Aquesta última clàusula no serà abrogada més que amb la fundació de la [[República Helvètica]] en [[1798]].ref
{{citar web |url=http://icp.ge.ch/po/cliotexte/la-confederation-suisse-au-moyen-age/suisse.histoire.1315.html|títol= Le Pacte de Brunnen (1315)|consulta=26 juliol 2012 |obra= |editor=cliotexte |data= |llengua= francès}}/ref

=== Confederació des vuit cantons ===
div align=center
gallery heights=50 widths=50 perrow=5
Fitxer:Wappen Luzern matt.svg|[[Cantó de Lucerna|LU]]
Fitxer:Wappen Zürich matt.svg|[[Cantó de Zuric|ZH]]
Fitxer:Wappen Glarus matt.svg|[[Cantó de Glarus|GL]]
Fitxer:Wappen Zug matt.svg|[[Cantó de Zug|ZG]]
Fitxer:Wappen Bern matt.svg|[[Cantó de Berna|BE]]
/gallery
Nous membres de la Confederació dels vuit cantons
/div
En la imatgeria popular, el cercle original dels tres membres fundadors s'estén progressivament per acollir nous membres. En la realitat, les tres entitats conclouran, o bé globalment o bé individualment, una verdadera xarxa d'aliances defensives en l'espai de quaranta anys.ref group=bouquetpàg. 21 /ref primer de tot amb [[Cantó de Lucerna|Lucerna]] en [[1332]] i [[Cantó de Zuric|Zuric]] en [[1351]].ref{{citar web |url=http://icp.ge.ch/po/cliotexte/la-confederation-suisse-au-moyen-age/suisse.histoire.1332.html |títol= Extension de la Confédération de 1332 à 1353|consulta=28 juliol 2012 |obra= Cliotexte |editor= |data= |llengua= francès }}/ref
[[Fitxer:Historische Karte CH 1385.png|right|thumb|Mapa de Suïssa abans de la batalla de Sempach]]

La ciutat de [[Zug (Suïssa)|Zug]] i després la vall de [[Glarus]] conclouen al seu torn una aliança en [[1352]], encara que aquesta última no tindrà un estatut d'igualtat amb els altres membres. Tanmateix, algunes setmanes després d'haver signat aquests acords, els confederats han de tornar aquests dos territoris als Habsbourg. No els recuperen finalment que en [[1365]] per a Zoug i [[1388]] per a Glaris. En [[1353]], li toca a [[Cantó de Berna|Berna]] de signar una aliança que té igualment per objectiu d'impedir tota reivindicació [[Obwalden|obwaldiana]] sobre l'[[Oberland bernès]], rerepaís rural i subjecte de la ciutat.

Mentre que els vuit petits Estats, enllaçats per aquesta xarxa d'aliances, s'agrupen sota el nom genèric de «Confederació dels vuit cantons», és en [[1359]] que apareixen per primera vegada les dues bandes creuades blanques sobre fons vermell com a signe de reconeixement sobre els camps de batalla. Força més tard, en [[1815]], la creu blanca de branques iguals sobre fons vermell serà definida com l'[[Bandera de Suïssa|escut d'armes oficial]] del país. En [[1370]], un nou pacte, anomenat ''Pfaffenbrief'' («[[Pfaffenbrief|Carta dels sacerdots]]» en [[alemany]](, és signat entre tots els cantons que controlen el pas del Gothard, és a dir tots els cantons a excepció de Glaris i Berna. Aquest document unifica el dret existent i fa que tot home, noble o plebeu, laic o religiós, sigui igual davant la justícia que és administrada per jutges locals.ref{{citar web |url= http://icp.ge.ch/po/cliotexte/la-confederation-suisse-au-moyen-age/suisse.histoire.1370.html|títol= Charte des prêtres ''Pfaffenbrief'' (7 d'octubre del 1370)|consulta=28 juliol 2012 |obra= cliotexte |editor= |data= |llengua= francès}}/ref

Els Habsburg no renuncien tanmateix a les seves pretensions. Per dues vegades, intenten vanament vèncer els cantons : la primera vegada en [[1386]], en la [[Batalla de Sempach]]; el segon en [[1388]], en la [[Batalla de Näfels]]. En els dos casos, muntanyencs inferiors en nombre baten soldats experimentats, i guanyen així una reputació de guerrers intrèpids però igualment poc respectuosos amb els costums guerrers.{{sfn|Nappey|2007|p=23}} Aquesta doble victòria consolida l'aliança de les vuit comunitats que signen en [[1393]] el primer tractat comú als vuit cantons, anomenat [[Conveni de Sempach]], que defineix regles militars de comportament durant i després dels combats així com la manera d'endegar un conflicte, qui no ho pot ser més que després d'una deliberació comuna.

[[Fitxer:Struktur Eidgenossenschaft 1474-fr.svg|thumb|left|Mapa de Suïssa el 1474, poc abans del començament de les guerres de Borgonya.]]

Els cantons suïssos es van assegurar més o menys llavors la seva independència enfront dels senyors locals, tot continuant subjectes al [[Sacre Imperi Romanogermànic]]. El [[segle XV]] coneix una fase d'expansió dels confederats que van conquerir els territoris veïns i van concloure aliances amb nombroses regions de les rodalies ([[Cantó d'Appenzell|Appenzell]], el [[Valais]] i [[Cantó de Sankt Gallen|Sankt Gallen]]). En [[1415]], els Confederats planifiquen i executen en comú, a costa dels Habsburg i amb la benedicció de l'emperador, la conquesta de l'[[Argòvia]], una part de la qual és administrada sota la forma d'una [[Batllies comunes de Suïssa|batllia comuna]]. Aquesta expansió no està exempta de topades : a la mort del comte [[Frederic VII de Toggenburg]] sense successor, els confederats, particularment Schwytz i Zuric, s'esquinçaran per repartir-se el [[Districte de Toggenburg|Toggenburg]] durant l'[[Antiga Guerra de Zuric]] que dura de [[1436]] a [[1450]] i contempla la victòria del cantó de Schwytz. Finalment, [[Turgòvia]] és conquerida en [[1460]] i igualment transformada en batllia comuna.

Inquiets pel poder creixent dels seus veïns occidentals, els [[Ducat de Borgonya|Estats borgonyons]], els confederats, amb Berna al capdavant, s'alien amb el rei [[Lluís XI de França]] i declaren, en [[1474]], la [[Guerra de Borgonya|guerra]] a [[Carles I de Borgonya|Carles El Temerari]]. Els suïssos en surten victoriosos de manera successiva en les batalles de [[Batalla de Grandson|Grandson]] i de [[Batalla de Morat|Morat]], i després en la [[Batalla de Nancy]] en [[1477]] que posa fi a la guerra. Amb gran decepció de Berna, sols la regió d'[[Aigle (Vaud)|Aigle]] li és atribuïda després de la guerra i només en tant que batllia comuna amb [[Cantó de Friburg|Friburg]] que s'uneix poc temps després de la Confederació en companyia de [[Cantó de Solothurn|Solothurn]] en el que esdevindrà la [[Confederació dels tretze cantons]].

=== Confederació dels tretze cantons ===
div align=center
gallery heights=50 widths=50 perrow=6
Fitxer:Wappen Freiburg matt.svg|[[Cantó de Friburg|FR]]
Fitxer:Wappen Solothurn matt.svg|[[Cantó de Solothurn|SO]]
Fitxer:Basel.png|[[Cantó de Basilea|BA]]ref group=nEl cantó de Basilea no està encara dividit en dos subcantons. La bandera i l'abreviatura utilitzades aquí mai no han estat reconegudes oficialment. /ref 
Fitxer:Wappen Schaffhausen matt.svg|[[Cantó de Schaffhausen|SH]]
Fitxer:Wappen Appenzell Innerrhoden matt.svg|[[Cantó d'Appenzell|AP]]ref group=nEl cantó d'Appenzell no és encara dividit en dos mig-cantons./ref 
/gallery
Nous membres de la Confederació dels tretze cantons
/div

Al final de la guerra de Borgonya, dos nous cantons, [[Cantó de Friburg|Friburg]] i [[Cantó de Solothurn|Solothurn]], piquen a la porta de la Confederació. Tanmateix, els cantons es troben dividits sobre aquestes demandes d'adhesió i l'amenaça de la guerra [[guerra civil]] plana sobre els cantons [[Espai rural|camperols]] que temen perdre la seva majoria i els cantons urbans. És finalment l'[[ermità]] [[Nicolau de Flüe]] que proposa en [[1481]] un compromís acceptable, el [[Conveni de Stans]]: Friburg i Solothurn són admesos en la Confederació.

[[Fitxer:Carte guerre de Souabe.png|right|thumb|Mapa de la guerra de Suàbia]]

Després de la desfeta dels borgonyons, l'emperador [[Maximilià I del Sacre Imperi Romanogermànic|Maximilià]] reorganitza el Sacre Imperi Romanogermànic i instaura un tribunal imperial i un nou impost, el cèntim imperial, en [[1495]]. Els confederats es neguen a sotmetre-s'hi i venceran les tropes imperials així com una coalició de ciutats del sud de l'actual [[Alemanya]] en la [[Guerra de Suàbia]] que s'estandrà des del desembre de [[1498]] al setembre de [[1499]]. El [[Tractat de Basilea (1499)|Tractat de Basilea]] del [[22 de setembre]] de [[1499]]ref{{ref-llibre |cognom= |nom= William Martin|títol= Histoire de la Suisse (pàg.82) |editorial= |lloc= |data= |isbn= }}/ref marca la independència ''de facto'' dels [[cantons de Suïssa|cantons suïssos]] enfront de l'imperi que renuncia als seus drets. Cal tanmateix esperar el [[1648]] i als [[pau de Westfàlia|Tractats de Westfàlia]] perquè aquesta independència sigui reconeguda ''[[de iure]]''. Les ciutats de [[Basilea]] i [[Schaffhausen]], ja aliades, esdevenen cantons en [[1501]], seguides per [[Cantó d'Appenzell|Appenzell]] en [[1513]]. La Confederació dels tretze cantons havia nascut, i perdurà fins al [[1798]].

Els confederats es veuen llavors immersos en la tempesta de les [[guerres d'Itàlia]]. Successivament aliats i enemics dels francesos, sotmeten una part del [[Cantó de Ticino|Ticino]] abans de conèixer una punyent desfeta en la [[batalla de Marignano]] en [[1515]]. Han de signar llavors la «pau perpètua» amb [[França]], que obté el dret de reclutar a voluntat [[mercenari]]s suïssos contra el Ticino i una part de la [[Valtelina]]. Aquest tractat marca igualment la fi de la política d'expansió dels confederats, que ja no participaran en les grans batalles del [[Europa|continent]] sinó com a mercenaris.

[[Fitxer:Ulrich-Zwingli-1.jpg|left|thumb|Retrat del reformador [[Huldrych Zwingli|Zwingli]]]]

El [[segle XVI]] contempla l'aparició de la [[Reforma Protestant]] a [[Zuric]] en resposta a la predicació i a la influència d'[[Huldrych Zwingli]]. Guanya aviat una gran part de la Confederació que es trencarà amb quatre guerres de religions : la primera i segona [[Guerres de Kappel]] que contemplen, en [[1531]], la derrota dels protestants i la mort de Zwingli, són seguides per les dues guerres de Villmergen en [[1656]] i [[1712]]. La [[Dieta federal]] es troba llavors dividida entre set cantons catòlics, dos mixtos i quatre reformats, menys nombrosos però més poblats. Aquesta divisió s'accentuarà encara amb la [[Contrareforma]] duta a terme en particular pels [[companyia de Jesús|jesuïtes]] que provoca sobretot, la divisió en [[1597]] del [[cantó d'Appenzell]] en dos [[Mig cantó suís|mig-cantons]] : [[Appenzell Ausser-Rhoden]] protestant i [[Appenzell Inner-Rhoden]] catòlic.
div align=center
gallery heights=50 widths=50
Fitxer:Wappen Appenzell Ausserrhoden matt.svg|[[Appenzell Ausser-Rhoden|AR]]
Fitxer:Wappen Appenzell Innerrhoden matt.svg|[[Appenzell Inner-Rhoden|AI]]
/gallery
1597 : Divisió del cantó d'Appenzell
/div

[[Fitxer:Jean Calvin.png|right|thumb|Retrat del reformador [[Jean Cauvin|Calví]]]]

Aturada progressivament per la [[Contrareforma]] en la part alemanya del país, la Reforma es propaga per contra a l'oest, en particular sota l'acció del francès [[Guillaume Farel]] que predica i converteix la major part del [[Vaud|País de vaud]], de [[Neuchâtel]] i de [[Ginebra]] abans de portar-lo a [[Lausana]] en un debat públic (conegut llavors sota el nom de «Disputa de Lausana») amb l'ajuda de [[Jean Cauvin]] i [[Pierre Viret]] contra els catòlics. En [[1533]], el bisbe de Ginebra fuig i la ciutat esdevé una [[república]] lliure després, en [[1541]], una [[teocràcia]] sota la [[Calvinisme|influència radical]] de Calví que transforma la ciutat en una «Roma protestant».{{sfn|Nappey|2007|p=32}}

Mentrestant, el [[ducat de Savoia]], que fracassa en [[1536]] a apoderar-se de Ginebra, és foragitat del país de Vaud pels bernesos, els friburguesos i els valesians. Tanmateix, alguns dels territoris conquerits en aquesta ocasió, com ara el [[Chablais]] francès i la riba sud del [[llac Léman]] són posteriorment tornats, i es fixen així les fronteres del país.

Durant la [[Guerra dels Trenta Anys]], Suïssa continua sent neutral però s'ha de defensar mobilitza 36.000 homes a les seves fronteres,{{sfn|Nappey|2007|p=36}} creant així el concepte de «neutralitat armada» abans que la independència i la neutralitat de Suïssa siguin finalment reconeguts amb els [[pau de Westfàlia|Tractats de Westfàlia]] que posen fi al conflicte europeu en [[1648]].

El [[segle XVIII]] marca un període de prosperitat científica i econòmica amb l'evolució de l'[[agricultura]] i l'aportació dels [[hugonot]]s francesos. És d'aquest període que data el concepte de [[nació]] suïssa, desenvolupat amb la creació de càtedres d'història nacional en les universitats del país, mentre que l'arribada de viatgers estrangers marca els començaments del [[turisme a Suïssa]]. Tanmateix, durant aquest període, es produeixen diversos alçaments, entre d'altres els dels [[Guerra dels pagesos de 1653|pagesos]] a Berna en [[1653]] i Lucerna, la «conjuració Henzi» contra el patriciat bernès en [[1749]], l' « aixecament Livin» contra Uri en [[1755]] o 0 « aixecament Chenoux» en [[1781]] contra Friburg, o dels «alliberadors» com en la [[Leventina]] o al país de Vaud amb el major [[Abraham Davel]] en [[1755]].ref group=bouquetpàg. 57 /ref Aquests aixecaments, tanmateix, no passen de ser fets puntuals per tal d'obtenir o de mantenir drets particulars, i no tenen, a excepció de la temptativa de Davel, caràcter revolucionari.

== Suïssa sota ocupació francesa ==
[[Fitxer:Tuileriensturm.jpg|333px|thumb|Representació de la presa de les Tuileries per [[Jean Duplessi-Bertaux]]]]
La primera reacció a Suïssa és virulenta després de l'anunci de la massacre de 800 guàrdies suïssos al [[Palau des Tuileries]] el [[10 d'agost]] del [[1792]]. El mateix any, tropes berneses i zuriqueses són enviades a [[Ginebra]] per impedir una invasió francesa d'aquest territori aliat. Tanmateix, algunes setmanes més tard, la ciutat lemànica passa a les mans dels revolucionaris. Sempre el 1792, França envaeix el [[Bisbat de Basilea]] que esdevé breument independent sota el nom de [[República rauraciana]] abans de ser lligat a França sota el nom de departament del [[Mont-terrible]], que comprèn els actuals districtes [[Cantó del Jura|jurassians]] de [[Porrentruy]] i [[Delémont]], el [[23 de març]] de [[1793]].

En [[1795]], [[Frédéric-César de La Harpe]] endega una revolta vauduesa contra [[Berna]]. Frédéric s'haurà de refugiar a [[París]] davant la manca de seguiment de la seva acció. Des del seu exili, empeny el [[govern francès]] a enviar tropes a [[Romandia]]. És finalment en [[1798]] quan, prenent com a pretext la mort de dos soldats en missió a [[Thierrens]], les tropes franceses envaeixen el país. La resistència és feble, a excepció de Berna i a la [[Suïssa central]], on Nidwald lliura tot sol un combat desesperat contra els francesos.ref group=bouquetpàg. 61/ref Els invasors són relativament ben acollits. Les dues victòries franceses del [[Grauholz]] i de [[Fraubrunnen]] arrosseguen la capitulació de Berna a la tardor del [[1798]]. Després de la proclamació efímera d'aproximadament quaranta [[república|repúbliques]] en algunes setmanes, és finalment [[París]] qui estableix el nou règim de la [[República Helvètica]].

[[Fitxer:Helvetische Revolution.png|right|thumb|Mapa de la República helvètica]]
La «República helvètica una i indivisible» segons el seu nom oficial.{{sfn|Nappey|2007|p=44}} és un estat centralitzat i unitari governat per un [[Directori (República helvètica)|directori]] que anomena els governadors dels cantons, esdevinguts simples divisions administratives, i les fronteres de les quals són àmpliament redibuixades.ref{{citar web |url= http://icp.ge.ch/po/cliotexte/xviiie-et-xixe-siecle-epoque-de-la-revolution-francaise/suisse.histoire.1798.html|títol=La constitution de la République helvétique (12 avril 1798) |consulta=30 juliol 2012 |obra= |editor= Cliotexte |data= |llengua= francès}} (extrets de la primera constitució helvètica)/ref A més a més dels conflictes europeus, il·lustrats per les [[Batalles de Zuric]] en [[1799]], que es desenvolupen en part sobre el territori suís, els conflictes entre centralitzadors i federalistes són incessants fins a l'estiu del [[1802]] quan les tropes franceses es retiren del territori i quan s'inicia la ''[[Stecklikrieg]]'' («Guerra dels bastons» en [[alemany]]), una revolta [[Federació|federalista]] contra la República helvètica, el govern de la qual s'ha de refugiar a [[Lausana]].

El [[30 de setembre]] del [[1802]], [[Napoleó Bonaparte]] intervé i, després haver convocat a París una delegació helvètica formada de 63 representants suïssos i de quatre [[Senat francès|senadors francesos]].,ref group=bouquetpàg. 65 /ref imposa l'[[Acta de mediació]] proclamada el [[19 de febrer]] del [[1803]] que defineix una nova [[constitució]] per al país.ref{{citar web |url=http://icp.ge.ch/po/cliotexte/xviiie-et-xixe-siecle-epoque-de-la-revolution-francaise/suisse.histoire.1803.html|títol= L'Acte de médiation (19 février 1803)||consulta=30 juliol 2012 |obra= |editor= Cliotexte |data= |llengua=francès }} (diversos documents, entre els quals extractes de l'Acta de Mediació) /ref Aquesta acta calma les tensions internes, en particular gràcies al restabliment de les fronteres tradicionals de la majoria dels cantons, amb l'excepció notable del [[cantó de Berna]] que es veu definitivament amputat dels nous cantons de [[Vaud]] i d'[[Argòvia]]. Els cantons de [[Cantó de Sankt Gallen|Sankt Gallen]], [[Turgòvia]], del [[Cantó de Ticino|Ticino]] i dels [[Grisons]] són igualment creats per l'agrupació de batllies comunes. Per tal de garantir el control dels colls alpins, el Valais deixa Suïssa i es fa independent però serà annexat per l'[[Primer Imperi Francès|Imperi francès]] en [[1810]], així com ginebra, que esdevé [[chef-lieu]] del [[Léman (departament)|Departament del Léman]] i Neuchâtel transformat en [[principat]] ofert al [[Louis-Alexandre Berthier|Mariscal Berthier]], que no hi anirà mai.

br clear=all/
div align=center
gallery heights=50 widths=50 perrow=6
Fitxer:Wappen Waadt matt.svg|[[Vaud|VD]]
Fitxer:Wappen Aargau matt.svg|[[Argòvia|AG]]
Fitxer:Wappen St. Gallen matt.svg|[[Cantó de Sankt Gallen|SG]]
Fitxer:Wappen Thurgau matt.svg|[[Turgòvia|TG]]
Fitxer:Wappen Tessin matt.svg|[[Ticino|TI]]
Fitxer:Wappen Graubünden matt.svg|[[Cantó dels Grisons|GR]]
/gallery
Nous cantons creats per l'Acta de mediació
/div

Els 19 cantons restants tornen a ser entitats independents, i cadascun disposarà de la seva constitució i dels seus impostos. El poder central, exercit per la Dieta federal, és dirigit pel ''[[Landammann]]'' de Suïssa, única vegada en la història on el país és dirigit per una sola persona.{{sfn|Nappey|2007|p=45}} La Dieta té el control de l'[[exèrcit suís]] així com del [[franc suís|franc]] que esdevé fa l'única moneda oficial del país. Tanmateix, entre [[1803]] i [[1813]], Suïssa és un [[protectorat]] francès sense gran poder decisori, un poder que es troba en realitat a París. Però el país coneix llavors un període d'estabilitat i de pau, per bé que la seva [[indústria]] es veu durament afectada pels efectes del [[Bloqueig Continental]] i que el país ha de proveir quatre regiments a la [[Grande Armée]], és a dir un total teòric de {{formatnum:16000}} homes.ref group=bouquetpàg. 67/ref

== Confederació dels vint-i-tres cantons ==
[[Fitxer:CH Religionen 1800.jpg|333px|thumb|Divisió confessional al començament del [[segle XIX]]]]
div align=center
gallery heights=50 widths=50
Fitxer:Wappen Wallis matt.svg|[[Valais|VS]]
Fitxer:Wappen Neuenburg matt.svg|[[Cantó de Neuchâtel|NE]]
Fitxer:Wappen Genf matt.svg|[[Cantó de Ginebra|GE]]
/gallery
Els tres nous cantons de 1815
/div

A partir de [[1813]], diversos exèrcits estrangers, en persecució dels exèrcits francesos, travessen moltes vegades el país alimentant-se sobre el terreny, la qual cosa comporta la [[fam]] entre la població sense que ni la Dieta ni l'exèrcit no es pugui interposar, si no és per la incursió durant alguns mesos de {{formatnum:24000}} homes al [[País de Gex]], el que marca l'últim compromís de les tropes suïsses a l'estranger.{{sfn|Nappey|2007|p=48}} Un cop van marxar els francesos, diversos cantons, parcialment recolzats per les potències europees, s'afanyen a restaurar l'Antic Règim mentre que l'existència dels nous cantons, en particular l'Argòvia que Berna vol recuperar, es veu amenaçada. 

A Suïssa se li va garantir la seva independència amb el [[Tractat de París (1814)|Tractat de París]] de [[1814]],ref{{Ref-llibre |cognom=Bozeman |nom=Adda B. |títol=Regional Conflicts Around Geneva: An Inquiry Into the Origin, Nature, and Implications of the Neutralized Zone of Savoy and of the Customs-free Zones of Gex and Upper Savoy |url=http://books.google.es/books?id=ZZ6aAAAAIAAJpg=PA110dq=paris+1814+switzerland+independencehl=casa=Xei=xoxHUbemAcjJhAev24GIBwved=0CDQQ6AEwATgU#v=onepageq=paris%201814%20switzerland%20independencef=false |llengua=anglès |editorial=Stanford University Press |data=1949 |pàgines=110 |isbn=0804705127}}/ref 

[[Fitxer:CongressVienna.jpg|right|thumb|Signatura del Congrés de Viena de 1815]]
En aquest context, se signa finalment entre tots els cantons un nou pacte federal el [[7 d'agost]] del [[1815]], que estableix la Confederació suïssa constituïda amb cantons independents lligats entre ells per un sol tractat comú i ja no per una xarxa d'aliances heterogènies.ref{{citar web |url= http://icp.ge.ch/po/cliotexte/xviiie-et-xixe-siecle-epoque-de-la-revolution-francaise/suisse.histoire.1815.html|títol=Le Pacte fédéral du 7 août 1815 |consulta=31 juliol 2012 |obra= |editor=Cliotexte |data= |llengua=francès}} (extractes del pacte)/ref Al [[Congrés de Viena]], les potències europees reconeixen la [[Neutralitat Perpètua de Suïssa]] el [[20 de maig]] del [[1815]].ref group=bouquetpàg. 71/ref i li atribueixen tres nous cantons, el [[Valais]], [[Ginebra]] - a qui [[França]] i el [[Regne de Sardenya]] atribueixen alguns territoris per tal d'assegurar-li una continuïtat territorial - i [[Neuchâtel]], que continua sent no obstant això un principat prussià. Es funda així la Confederació dels XXIII cantons.ref{{Ref-llibre |cognom= |nom= |títol=Journals of the House of Commons |volum=vol.71 |url=http://books.google.es/books?id=MRhDAAAAcAAJpg=PA734dq=switzerland+1815+parishl=casa=Xei=4Rq8Uf-kNtOf7AbIooDADQved=0CDgQ6AEwAQ#v=onepageq=switzerland%201815%20parisf=false |llengua=anglès |editorial=Great Britain House of Commons |data=1816 |pàgines=734-735 |isbn=}}/ref

El [[Tractat de París (1815)|Tractat de París]] de [[1815]] atribueix igualment la part jurassiana del [[Bisbat de Basilea]] i la regió de [[Biel/Bienne|Bienne]] al [[cantó de Berna]], en compensació de la pèrdua de l'Argòvia i del país de Vaud. Les batllies de [[Valtellina]] i [[Bormio]], perdudes per les lligues grises en [[1798]], ho són definitivament en base al rebuig a aquestes tres lligues d'atorgar la igualtat als seus antics subjectes. La frontera de Suïssa ja no experimentarà des de llavors canvis majors.

br clear=all/div align=center
gallery heights=50 widths=50
Fitxer:Wappen Basel-Stadt matt.svg|[[Basilea-Ciutat|BS]]
Fitxer:Coat of arms of Kanton Basel-Landschaft.svg|[[Basilea-Camp|BL]]
/gallery
1833 : Divisió del cantó de Basilea
/div

Després de la [[Revolució francesa de Juliol|revolució francesa]] de [[1830]] i a les idees igualitàries propagades per aquesta, una meitat dels cantons democratitzen progressivament les seves [[constitució|constitucions]] generalitzant el [[sufragi|dret de vot]]. En [[1832]], esclata una [[guerra civil]] entre la ciutat de [[Basilea]] i el seu [[Espai rural|camp]] que obliga l'[[expercit suís|exèrcit]] a intervenir i que provoca la separació del cantó en dos [[Mig cantó suís|mig-cantons]], [[Basilea-Ciutat]] i [[Basilea-Camp]]. El mateix any, es refusa una revisió del pacte federal que introduïa més llibertats individuals. 

[[Fitxer:Sonderbund.png|right|thumb|Mapa de la guerra de Sonderbund]]

En els anys següents, el [[Partit radical-democràtic]] coneix un fort creixement a diversos cantons urbans i protestants. Els seus membres, partidaris d'un sistema més centralitzat, esdevenen progressivament majoritaris al parlament, on adopten diverses mesures anticatòliques i anticonstitucionals{{sfn|Nappey|2007|p=50}} com el tancament dels [[convent]]s argovians en [[1841]]. En [[1845]], el [[Cantó de Lucerna]] catòlic crida els [[companyia de Jesús|jesuïtes]] al seu territori i els confia l'ensenyament superior, el que escandalitza els radicals entre els quals no falten algunes veus que fan vots per l'expulsió dels jesuïtes. Sentint-se amenaçats, els set cantons catòlics de Lucerne, d'Uri, de Schwytz, d'Unterwalden, del Valais, de Friburg i de Zug conclouen en [[1845]] una aliança secreta, la ''[[Sonderbund]]'' (literalment «Aliança particular» en [[alemany]]) que es dóna a conèixer de manera destacada quan quan intenta aliar-se amb [[Àustria]], acte contrari a la constitució. En [[1847]], el parlament ordena la dissolució de la Sonderbund i, davant el rebuig dels set cantons, esclata la [[guerra civil]]. El conflicte, conduït pel general [[Guillaume-Henri Dufour]] del costat confederat, és breu i poc sagnant i contempla la derrota dels cantons catòlics seguida per l'adopció d'una nova constitució en [[1848]], que ja no serà revisada de manera radical fins al [[1874]].

== Estat federal ==
[[Fitxer:Bern, Federal Palace, 1857.jpg|thumb|right|Vista del [[Palau federal]] en [[1857]]]]
[[Fitxer:Committee of Five Geneva 1863.jpg|thumb|right|Retrats dels fundadors de la [[Comitè Internacional de la Creu Roja|Creu Roja]]]]
La nova constitució federal votada el [[12 de setembre]] de [[1848]] amb una majoria de quinze cantons i [[Mig cantó suís|mig]] contra sis i mig.{{sfn|Nappey|2007|p=54}} defineix un nou Estat federal i centralitzat que segueix tanmateix portant el nom de «[[confederació]]», on els cantons no són més independents però sí «sobirans» i cedeixen alguns dels seus privilegis a l'Estat federal. La constitució defineix igualment les noves institucions polítiques, el [[Consell Federal de Suïssa|Consell federal]] i l'[[Assemblea Federal de Suïssa|Assemblea federal]] bicameral que es reuneix a [[Berna]], nova [[capital]] on és construït el [[Palau federal]]. S'instaura una unió duanera i monetària, s'aboleixen les duanes, les fronteres i les monedes cantonals i regionals. La llei federal sobre la moneda del [[7 de maig]] del [[1850]] instaura el [[franc suís]] que circula des de [[1852]] i s'instaura un sistema monetari similar al de França, la qual cosa permet a Suïssa de formar part de la [[Unió Monetària Llatina]] des de la seva creació en [[1865]] fins a la seva dissolució en [[1926]]. En [[1854]] és fundat el [[ETH Zürich|Polytechnikum]] de Zuric mentre que els ferrocarrils privats comencen a veure la llum del dia sobre tot l'[[altiplà suís]].

Tanmateix, les divisions entre els cantons centrals i catòlics i els protestants de l'altiplà estan sempre presents. El deute de guerra que han de pagar els perdedors de la guerra del Sonderbund fins al [[1852]], el sistema majoritari utilitzat per a les eleccions federals que elimina pràcticament l'oposició conservadora i la separació constitucional entre l'Església i l'Estat són també motius de tensió que seran progressivament apavaigats, en particular quan els conservadors catòlics obtenen un seient al Consell federal en [[1891]]. 

Pel que fa a la política exterior, el període és marcat per l'[[afer de Neuchâtel]] entre [[1856]] i [[1857]] continuació de l'[[afer de Savoia]] en [[1860]] on el Consell federal tracta de l'ocupació del [[Chablais francès]] i del [[Faucigny]]. En [[1868]], quan se signa [[Convenció de Mannheim]], Suïssa obté la seva única sortida marítima : la zona del [[Rin]] compresa entre l'últim pont de la ciutat de Basilea i per tant el [[port]] i la seva desembocadura esdevénen aigües internacionals. Durant la [[guerra francoprussiana|guerra franco-prussiana de 1870]], Suïssa mobilitza el seu exèrcit comandat pel [[general]] [[Hans Herzog]] però s'arrapa a la seva neutralitat i acull nombrosos refugiats, com ara 85.000 homes de l'exèrcit francès de l'Est a les ordres del general [[Charles Denis Bourbaki]].ref[[Diccionari Històric de Suïssa]] |8925|Franco-allemande, guerre| /ref que seran els primers beneficiaris de l'ajuda de la [[Creu Roja]] recentment creada per [[Jean Henri Dunant]].

En l'aspecte interior, el dret de [[referèndum facultatiu]] i el d'[[Iniciativa popular federal|iniciativa popular]] són concedits progressivament als ciutadans. En [[1868]], el sistema majoritari és abandonat en benefici del sistema proporcional, que es considera més representatiu. En el mateix sentit, la revisió de la constitució de [[1874]] concedeix encara de noves prerrogatives en l'Estat federal i el [[Tribunal federal (Suïssa)|Tribunal federal]], d'ara endavant permanent, és establert a [[Lausana]]. L'escola primària esdevé obligatòria igual com el manteniment d'un registre d'[[estat civil]].ref group=nhsspàg. 626-633/ref Aquesta revisió constitucional té lloc durant el ''[[Kulturkampf]]'' [[Alemanya|alemany]] els efectes del qual es fan sentir igualment a Suïssa per alguns articles constitucionals, anomenats [[articles d'excepció]], que restringeixen les llibertats de culte i d'expressió, en particular enfront del [[catolicisme]], i condueixen a la ruptura relacions diplomàtiques entre Suïssa i la [[Seu Apostòlica|Santa seu]] en [[1874]].ref group=bouquetpàg. 84/ref

La centralització del poder prossegueix amb el monopoli de l'emissió dels bitllets de banc confiat a la Confederació ([[1891]]) que comporta, en [[1907]], la creació del [[Banc Nacional Suís]] encarregat d'aquesta tasca així com de tota la política monetària.ref group=nhsspàg. 64 /ref En [[1898]], el dret penal i el dret civil en el seu conjunt es converteixen en prerrogativa de l'Estat federal, amb vistes a la creació d'un codi civi] i d'un codi penal federals seguits pel codi d'obligacions. És igualment en aquest període que els primers progressos socials veuen la llum del dia : la durada quotidiana del treball és limitada en [[1877]] a onze hores i sis dies setmanals després, en [[1890]], la Confederació ha de crear una assegurança en cas d'accident o de malaltia que podrà ser obligatòria o bé per al conjunt dels habitants, o bé per a una o de les categories particulars.{{sfn|Nappey|2007|p=63}}

== Suïssa al segle XX ==
[[Fitxer:Ferdinand Hodler 010.jpg|thumb|Retrat del general Wille per [[Ferdinand Hodler]].]]
[[Fitxer:Bunker im wasserschloss.jpg|thumb|Búnquer de defensa de la Segona Guerra mundial sobre l'Aar.]]
[[Fitxer:Frauenstimmrecht01.jpg|thumb|Cartell contra el [[Sufragi femení a Suïssa|sufragi femení]].]]
Quan esclata la [[Primera Guerra Mundial]], la població es troba dividida. La [[Suïssa alemanya]]s'inclina del costat dels imperis centrals mentre que la [[Romandia]] té més simpatia pels [[Aliats de la Primera Guerra Mundial|Aliats]]. El Consell federal rep els plens-poders i l'Assemblea federal designa com a [[general]] de l'[[exèrcit suís]] [[Ulrich Wille]], que és lluny d'aconseguir la unanimitat, en ser considerat massa proper a [[Alemanya]].{{sfn|Nappey|2007|p=66}} Si bé les tropes suïsses, relativament ben preparades i avituallades, no sofreixen massa de la guerra, la població suïssa sofreix més fins al punt que en [[1915]] el Consell federal atorga el [[monopoli]] de la distribució dels [[cereal]]s a la Confederació per tal d'intentar lluitar contra el [[mercat negre]].

El [[tractat de Versalles]] que marca la fi de la guerra reconeix la neutralitat perpètua de Suïssa a canvi de l'abandó del dret, molt teòric, obtingut en [[1815]] d'ocupar la [[Savoia (regió)|Savoia]] del nord en cas de conflicte. S'organitza un [[plebiscit]] al [[Vorarlberg]] quant a la seva unió a la Confederació : els habitants ho accepten, però els Aliats lliguen finalment la regió a la nova República d'[[Àustria]].ref group=bouquetpàg.103 /ref

Les dificultats socials engendrades per la guerra porten a la [[vaga general de 1918 a Suïssa|vaga general del 1918]] començada l'endemà de l'[[armistici]] pel [[Comitè d'Olten]] i que dura tres dies.ref{{lien web|url=http://www.gymalp.ch/%7Ehistoire/article.php3?id_article=14|titre=La Grève Générale de 1918|en ligne le=6 juillet 2006|site=site d’histoire du Gymnase de la rue des Alpes de Bienne}} /ref La vaga, encara que trencada per l'amenaça de la intervenció de l'exèrcit, permet tanmateix al [[Partit Socialdemòcrata de Suïssa]] d'obtenir guany de causa sobre certes reivindicacions tals com la limitació del temps de treball setmanal a 48 hores al començament dels [[dècada del 1920|anys 1920]] o encara l'elecció, des de [[1919]], del [[Consell Nacional de Suïssa|Consell nacional]] amb l'escrutini proporcional.ref group=bouquetpàg. 103/ref Aquesta última mesura marca la fi de la majoria radical que perd en [[1919]] 45 dels 105 escons que tenia al Parlament. El Consell federal és igualment retocat amb l'adjudicació d'un segon seient al [[Partit Popular Democristià de Suïssa]] i després, en [[1929]], d'un seient al Partit dels pagesos, artesans i burgesos (futur [[Partit Popular Suís]]). El Partit socialista suís continua estant tanmateix encara apartat de l'executiu per la coalició al poder.

La política exterior és basada en la [[Neutralitat Pertètua de Suïssa|neutralitat]] armada : Suïssa s'adhereix en [[1920]] a la [[Societat de Nacions]] (SDN) la seu de la qual és a [[Ginebra]] després de la votació del [[16 de maig]] del [[1920]] que presenta una forta majoria als cantons francòfons (93,2% al [[Vaud]]). La retirada de l'organització d'[[Alemanya]] i d'[[Itàlia]] en la segona meitat dels [[dècada del 1930|anys 1930]] complica la política de la Suïssa que escull, en nom de la neutralitat, no aplicar més les sancions econòmiques decidides per la SDN contra Itàlia.

La política interior del [[període d'entreguerres]] es polaritza en dos fronts oposats, l'[[Esquerra (política)|esquerra]] i la [[Dreta (política)|dreta]], amb l'ús per part de cada bàndol de l'arma del [[referèndum]] per bloquejar les decisions que no li agraden, la qual cosa obliga el govern federal a utilitzar els [[decrets federals urgents]] que no poden ser discutits per votació popular. Econòmicament, Suïssa és sacsejada per una primera crisi en [[1921]] i en [[1922]]; després pateix de ple el fuet, amb alguns anys de retard a conseqüència de l'existència de grans tallers, de la [[crac del 29|crisi mundial de 1929]]. Ha de devaluar fins i tot el [[franc suís]] d'un 30% en [[1936]].ref group=bouquetpàg. 106/ref

=== Segona Guerra mundial ===
[[Fitxer:Monument 9 novembre.JPG|left|thumb|Monument commemoratiu del [[Tiroteig del 9 de novembre de 1932 a Ginebra|tiroteig del 9 de novembre del 1932]].]]
El començament dels [[dècada del 1930|anys 1930]] és marcat per la pujada dels «fronts», dels moviments feixitzants, dels quals els partits burgesos s'allunyen tanmateix ràpidament. Els enfrontaments entre l'[[extrema esquerra]] i l'[[ultradreta|extrema dreta]] culminen en [[1932]], quan el [[9 de novembre]], en el [[Tiroteig del 9 de novembre de 1932 a Ginebra|tiroteig de Ginebra]], l'exèrcit dispara a la multitud, i causa 13 morts i 65 ferits. La segona meitat dels anys 1930 coneix tanmateix un canvi del clima polític amb l'adhesió dels diferents partits nacionals a la idea comuna de «defensa nacional espiritual» que culmina amb l'[[Exposició nacional]] de [[1939]] a [[Zuric]], la ''landi''. En [[1937]], els patrons i obrers signen la [[pau del treball]] que privilegia la concertació i la negociació en els conflictes socials.{{sfn|Nappey|2007|p=69}} Durant aquest període, el govern prepara igualment el país per a un conflicte militar : [[Europa]] s'arma ràpidament i el Consell federal desitja evitar els problemes de proveïment de la [[Primera Guerra Mundial]]. De fet, en el moment del desencadenament de la [[Segona Guerra Mundial]] en [[1939]], Suïssa no és presa d'improvís : el proveïment és assegurat, l'exèrcit dirigit pel general [[Henri Guisan]] ocupa les fronteres i el racionament garanteix la subsistència de la població.ref{{citar web |url= http://www.gymalp.ch/%7Ehistoire/article.php3?id_article=11|titre=Comment la Suisse se prépare-t-elle à affronter la Seconde Guerre mondiale ?|títol= Comment la Suisse se prépare-t-elle à affronter la Seconde Guerre mondiale ?|consulta=1 agost 2012 |obra= Histoire du Gymnase de la rue des Alpes de Bienne |editor= |data= 4 de juliol del 2006|llengua= francès}}/ref 

Després del fracàs francès del maig de [[1940]], el país és completament envoltat per les forces de l'[[Potències de l'Eix|Eix]]. Un discurs ambigu del conseller federal [[Marcel Pilet-Golaz]] que sembla indicar la necessitat de tractar amb les [[dictadura|dictadures]]ref[http://real.xobix.ch/ramgen/ext/srg_75/audio/2_encerclee_piletgolaz1940_f.rm « Il faut être prêt », ''Les bruits de l'histoire'', RSR, 10 de maig del 1940]/ref provoca protestes. El [[25 de juliol]] de [[1940]], en el seu [[Informe del Grütli]], Guisan presenta l'estratègia del [[reducte nacional]] que consisteix a desguarnir les fronteres i reforçar el rerepaís muntanyós per tal de permetre una guerra de desgast contra un eventual invasor. Experimentant pressions dels dos grups de bel·ligerants, Suïssa manté una posició ambigua obrint per exemple les seves fronteres als [[jueus]] que fugen del [[Tercer Reich|règim nazi]], però de manera esporàdica i no sistemàtica,ref{{citar web |url=http://archives.tsr.ch/dossier-fondsjuifs L'honneur perdu de la Suisse |títol= Temps présent |consulta=1 agost 2012 |obra= |editor=tsr.ch |data= |llengua=francès }}/ref tot continuant comerciant tant amb els aliats com amb l'Eix. En política interior, un socialista, [[Ernst Nobs]] és escollit al Consell federal per primera vegada en [[1943]] i seguit per un segon en [[1959]], establint així la [[fórmula màgica]] que continua sent igual fins al [[2003]].

=== La postguerra ===
Després de la guerra, Suïssa continua desenvolupant l'Estat social amb la introducció de l'assegurança de vellesa i supervivència en [[1946]] després per l'establiment del «sistema dels tres pilars» en [[1972]].ref[http://real.xobix.ch/ramgen/ext/srg_75/450k/1_etatsocial_3piliers1972_f.rm « La théorie des trois piliers », ''Actualités'', TSR, 29 de novembre 1972]/ref El [[Sufragi femení a Suïssa|sufragi femení]], que ja existia a certs cantons, és acceptat en el pla federal en [[1971]] i després introduït al nivell cantonal en els altres cantons, principalment en 1971 i 1972. El cantó d'[[Appenzell Inner-Rhoden]] és obligat en [[1990]] per decisió judicial, a respectar el principi de la igualtat entre dones i homes tal com queda garantit per la Constitució federal. Els problemes confessionals del [[segle XIX]] són oblidats i els articles d'excepció són abolits per a l'essencial en [[1973]].ref group=bouquetpàg. 116 /ref El 1991, el límit d'edat per al dret de vot i d'elegibilitat és reduït dels 20 als 18 anys per als homes i les dones.ref{{citar web |url= http://www.admin.ch/ch/f//pore/va/19910303/det369.html|titre=Arrêté fédéral du 05.10.1990 abaissant à 18 ans l'âge requis pour l'exercice du droit de vote et d'éligibilité|títol= Chancellerie Féderale|consulta=1 agost 2012 |obra= |editor= |data= |llengua= francès}}/ref

La fi dels [[dècada del 1960|anys 1960]] és marcada per la [[qüestió jurassiana]] que reclama la separació dels districtes bernesos francòfons i la constitució d'un 23è cantó. Finalment, s'organitza una votació el [[1974]]: els districtes francòfons catòlics accepten la creació de la nova entitat mentre que els districtes protestants voten pel seu manteniment al [[cantó de Berna]]. De resultes de la votació federal de [[1978]],ref[http://real.xobix.ch/ramgen/ext/srg_75/450k/4_jura_ambiance1978_f.rm « Le Jura est libre ! », ''Un jour, une heure'', TSR, 25 de setembre del 1978]/ref el nou [[cantó del Jura]], majoritàriament catòlic, veu la llum del dia l'[[1 de gener]] del [[1979]].{{sfn|Nappey|2007|p=79}}

br clear=all/
div align=center
gallery heights=50 widths=50 perrow=6
Fitxer:Wappen Jura matt.svg|[[Cantó del Jura|JU]]
/gallery
Creació del cantó del Jura
/div
[[Fitxer:Sculpture onu geneve.jpg|thumb|right|Escultura del jardí del [[Palau de les Nacions]] a Ginebra]]
En l'aspecte exterior, Suïssa resta fora de l'[[Organització de les Nacions Unides|ONU]] i de l'[[Organització del Tractat de l'Atlàntic Nord|OTAN]] i predica una neutralitat armada estricta. Ni tan sols s'interessa per la [[Comunitat Europea del Carbó i de l'Acer|CECA]] i la [[Comunitat Econòmica Europea|CEE]] en formació. De fet, es converteix en membre del [[Consell d'Europa]] en [[1963]] i de l'[[Associació Europea de Lliure Comerç|AELC]] en [[1960]], tots dos concebuts com un contrapès a la naixent CEE.{{sfn|Nappey|2007|p=80}} Durant aquest període, Suïssa és el país més pròsper del món : malgrat el [[Crisi del petroli del 1973|xoc petrolier de 1973]] que contempla la instauració d'alguns diumenges sense cotxe, la indústria química i tèxtil així com els [[banc (empresa)|bancs]] es desenvolupen. La [[taxa d'atur]] continua sent inferior a un 3% i Suïssa persegueix en l'aspecte exterior una política amb neutralitat estricta tot proposant els seus «bons oficis» per arreglar els conflictes. Així la primera trobada entre [[Mikhaïl Gorbatxov]] i [[Ronald Reagan]] té lloc a [[Ginebra]] en [[1985]]. La seu europea de l'ONU en aquesta mateixa ciutat permet igualment a la institució d'escoltar persones, com ara [[Iàssir Arafat]], que no poden anar als [[Estats Units d'Amèrica]].

Tanmateix, la crisi econòmica dels [[dècada del 1990|anys 1990]] afecta el país : l'[[atur]] s'enfila a més d'un 6%, algunes empreses importants es reestructuren o passen a mans estrangeres. Malgrat aquestes reestructuracions, l'economia helvètica presenta una indústria poderosa així com sectors financers i bancaris molt desenvolupats. Al mateix temps, les relacions exteriors són marcades per l'augment de poder del [[Partit Popular Suís]] que predica la independència i la neutralitat del país enfront dels grans grups supranacionals. Si bé Suïssa entra finalment al si de l'ONU el [[10 de setembre]] del [[2002]], el fracàs de la votatció sobre l'[[Espai Econòmic Europeu|EEE]] el desembre del [[1992]] marca una aturada en el procés d'integració a la [[Unió Europea]] jutjada per alguns com a perillosa per a la [[democràcia directa]] suïssa així com per a l'economia en aspectes com el [[secret bancari]]. Es privilegia la via d'[[Relacions entre Suïssa i la Unió Europea|acords bilaterals]] i s'etableix la lliure circulació de les persones amb els 25 països europeus (així com amb els tres de l'AELC), una major integració econòmica i la integració al Cel únic europeu.

== Notes ==
{{referències|group=n}}

== Referències ==

{{Referències|2}}
*Referències J-J Bouquet, 2005 ''[[#bouquet2005|Histoire de la Suisse]]'', 2005
{{Referències|group=bouquet}}
*Referències Durrenmatt
{{Referències|group = durrenmatt}}
* Referències Roland Ruffieux, ''[[#nhss|Nouvelle histoire de la Suisse et des Suisses]]'', 1982
{{Referències||group=nhss}}

== Bibliografia ==
{{Commonscat|History of Switzerland}}

*{{ref-llibre |cognom=François Schröter |nom= |títol= Les Frontières de la Suisse : questions choisies |editorial= Bruylant lloc=Zurich, Schulthess / Paris, LGDJ / Bruxelles |data= 2007|isbn= }}
*{{Ref-llibre |cognom=Nappey |nom=Grégoire |títol=Histoire Suisse |data=2007 |editorial=Le Mont-sur-Lausanne |llengua=francès |ref=harv}}
*{{Ref-llibre
 | cognom = Jean-Jacques Bouquet | títol = Histoire de la Suisse | data = 2005
 | editorial = PUF
 | lloc = París
 | llengua = francès | col·lecció = Que sais-je ? | ref =bouquet2005}}
*{{Ref-llibre
 | cognom = Georges Andrey | títol = Histoire de la Suïsse pour les nuls | data = 2007 | llengua = francès | ref = durrenmat
}}
*{{ref-llibre |cognom=Edgar Bonjour |títol= Geschichte der schweizerischen Neutralität, tome V |editorial= Helbing  Lichtenhahn|lloc= Basilea|data= 1970 |llengua=alemany }}
*{{Ref-llibre |cognom= Willi Gautschi |títol= Le Général Guisan, Le commandement de l’armée suisse pendant la Seconde Guerre mondiale |editorial= Payot |lloc= Lausana|data= 1991|isbn= 978-3-85823-516-9}}
*''[[Diccionari Històric de Suïssa]]''

{{ORDENA:Historia De Suissa}}
[[Categoria:Història de Suïssa| ]]

{{Enllaç AB|de}}
{{Enllaç AB|fr}}
{{Enllaç AB|no}}</text>
      <sha1>80okh5tf8eydcxq9b5srgfg7b772kgz</sha1>
      <model>wikitext</model>
      <format>text/x-wiki</format>
    </revision>
  </page>