<page>
    <title>Història de Romania</title>
    <ns>0</ns>
    <id>1003624</id>
    <revision>
      <id>13628956</id>
      <parentid>13337654</parentid>
      <timestamp>2014-06-22T14:55:53Z</timestamp>
      <contributor>
        <username>Langtoolbot</username>
        <id>128552</id>
      </contributor>
      <minor></minor>
      <comment>Correcció tipogràfica: espais sobrants</comment>
      <text>Per '''Història de Romania''' s'entén, de manera convencional, la història de la regió geogràfica de Romania i els pobles que vivien allà i que, per raó de les diferències culturals específiques i les transformacions polítiques, l'han dotada d'una identitat específica, que ha portat al reconeixement de Romania com a subjecte històric per dret propi. En un sentit més estricte, la història de Romania s'entén referida només a la història de l'estat modern unitari, o sigui l'estat modern de [[Romania]], el [[Regne de Romania]] i els esdeveniments que van portar a la seva formació com un estat nacional.

== La [[Prehistòria]] ==
[[Fitxer:250px-Ganditor-Hamangia.jpg|thumb| ''Els pensadors''  de [[Hamangia]], V mil·lenni a. C.]]
Els orígens del poblament romanès daten del període [[paleolític]] i van continuar lentament fins al [[neolític]] (fins al [[mil·lenni III aC]]). Amb això han deixat nombroses realitzacions de la vida quotidiana i artística en diverses cultures com '''[[Hamangia]]''', '''[[Cultura de Cucuteni|Cucuteni]] Ariuşd''', '''Boian [[Cultura Gumelnita|Gumelniţa]]''' i [[Cultura de Vinča|Vinča]]. A l'arribada dels [[Protoindoeuropeus|pobles indoeuropeus]], aquests habitarien la península dels [[Balcans]] i les valls del [[Danubi]] i van tenir el seu apogeu com a [[civilització]] durant l'[[Edat del bronze]] amb els [[tracis]]. Les primeres referències històriques foren les dels '''[[getes]] - [[Dàcia|dacis]]''', que assimilarien la cultura d'altres pobles com els [[celtes]] i [[Grècia|grecs]].

== L'Antiguitat ==
=== La colonització grega ===
{{AP|Regió d'Ístria}}
La colonització grega s'inicia el [[segle VII aC]] a tota la franja costanera de la [[Mar Negra]] i del [[Mar de Màrmara]].br/

En menys de 50 anys el litoral va ser colonitzat d'un extrem a l'altre, sobretot per [[Milet]] (90 colònies).

En el litoral romanès van ser fundades [[Mangalia|Calatis]] i [[Tomis]]. En els segles [[segle VI aC|VI]] i [[segle V aC|V aC]] aquestes ciutats van prosperar amb la importació des d'[[Anatòlia|Àsia Menor]], de [[Corint]] i d'[[Atenes]] d'objectes sumptuaris destinats a l'aristocràcia de l'interior i intercanviats per cereals i esclaus. Després es van convertir en centres de producció artesanal per al mercat traci.

Estan testimoniades les inclinacions al luxe i la prosperitat de l'aristocràcia dels [[getes]] del baix [[Danubi]]. Prosperitat desconeguda pels [[dacis]] de [[Transsilvània]].

L'hel·lenització va ser un esdeveniment decisiu en la història de totes les regions riberenques del [[Pont Euxí]], a les quals va conferir una fisonomia cultural gairebé inalterada fins a l'antiguitat tardana.

*La primera colònia milèsia és també la primera colònia grega de [[Dobrudja]], [[Regió d'Ístria|Ístria]] o ''Istro'' (''Histria''o'' Hístros''), nascuda a mitjan segle VII aC a la desembocadura del [[Danubi]], a la costa occidental del [[Pont Euxí]].
*Al [[segle VI aC]], els colons d'[[Heraclea Pòntica]] funden [[Mangalia|Calatis]], l'actual Mangalia. 
*A principis del [[segle V aC]], els [[Milet|milesis]] funden [[Tomis]], que adquirirà importància en l'època romana.

=== Del segle IV a. C. fins a l'època romana ===
[[Fitxer:AtHistEur250.jpg|thumb|200px|L'[[Imperi Romà]] vers el 250]]
Al [[segle IV aC]], les notícies històriques sobre els antics romanesos ([[getes]]) són més freqüents, en veure's involucrats en esdeveniments de gran abast:

*La política expansionista de [[Filip II de Macedònia]].
*Les obres d'[[Alexandre el Gran]], la dissolució del seu imperi en els diferents regnes hel·lenístics.
*El fracassat intent d'annexió de [[Valàquia]] per part de [[Lisímac de Tràcia]].

Sobre els segles [[segle III aC|III]] i [[segle II aC|II aC]], les fonts històriques no en diuen gairebé res. br/

Però l'historiador llatí [[Troge Pompeu]], diu que en aquest període, va créixer el poder dels [[dàcia|dacis]] per obra del rei Lubostenes. És una notícia aïllada però coincideix amb el resultat de les investigacions.

De finals del [[segle II aC]] data la fortalesa de [[Costeşti]], la primera en ordre cronològic, d'una sèrie d'[[Fortaleses dàcies de les muntanyes d'Orăştie|imponents obres defensives]], estratègicament distribuïdes al llarg de la vessant carpàtica.

Amb la desaparició dels [[celtes]] de [[Transsilvània]], el centre del poder polític dels [[tracis]] es desplaça dels [[Balcans]] i el baix Danubi a la regió [[Carpats|carpàtica]], on comença el procés d'unificació de les tribus dacies, culminada pel rei Berebistes (o ''Burebista'' ) en la primera meitat del [[segle I aC]].

=== Època romana ===
[[File:Ulpia Traiana Sarmizegetusa 08.JPG|thumb|150 px|Ruïnes d'Ulpia Traiana Sarmizegetusa, capital de la [[Dàcia|Dàcia romana]]]]
Cap al [[70 aC]], [[Romania]] va ser poblada pels [[dàcia|dacis]], que eren diverses tribus procedents de [[Regió de Tràcia|Tràcia]] i residien a la riba esquerra del [[Danubi]]. El primer rei va ser [[Burebista]], que va governar fins a l'any [[44 aC]] però posteriorment el seu regne es va desintegrar. En iniciar-se el [[segle II]] i després d'intermitents guerres amb l'[[Imperi Romà]], el rei [[Decèbal]] fou finalment vençut per les tropes imperials de l'emperador [[Marc Ulpi Trajà|Trajà]] en [[106]], fet històric que va ser registrat en la [[Columna de Trajà|Columna]] d'aquest últim a [[Roma]] i en la [[Tropaeum Traiani]] a la [[Dobrudja Meridional]].

Amb la dominació imperial, Romania va obtenir les bases de la seva cultura i llengua llatines, la qual cosa distingeix aquest país dels seus veïns que majoritàriament són d'ascendència eslava (a excepció dels hongaresos que són fino-úgrics). Vers el [[275]], les tribus [[gots|godes]] van envair el territori, la qual cosa va causar la retirada administrativa dels [[antiga Roma|romans]].

== L'[[Edat mitjana]] ==
Després de la retirada [[Antiga Roma|romana]], el territori de l'actual Romania entra en l'edat mitjana, i és objecte d'invasions, com les dels [[gots]], [[huns]], [[àvars eurasiàtics|ávars]], [[eslaus]], [[magiar]]s, i [[Bulgària|búlgars]]. Malgrat les freqüents guerres, la població romanitzada va conservar la llengua i identitat llatina. La presència de paraules com  ''Dumnezeu''  (Dominus Deus),  ''biserica''  (basilica) o  ''Pasti''  (Pasqua) en romanès suggereix una primera cristianització en [[llatí]]. Després els protoromanesos van ser influïts pel patriarcat [[Patriarca de Constantinoble|bizantí]] i el búlgar. 

Al [[segle XI]] dominaven els [[petxeneg]]s i al [[segle XII]] els [[cumà|cumans]], però hi havia en terres de l'actual Romania petits principats amb amos romanesos. Al [[segle XIV]] es van formar els estats romanesos de [[Valàquia]] i [[Principat de Moldàvia|Moldàvia]], que existiran fins a la seva unió sota [[Alexandru Ioan Cuza]], en [[1859]]. 

[[Imatge:Stefan cel Mare.jpg|thumb|left|120 px|[[Esteve III de Moldàvia]]]]

Posteriorment els [[Mongols|mongols]] de l'[[Horda d'Or]] van envair el país ( [[1237]]- [[1242]]). Després els alemanys es van establir a [[Transsilvània]], on hi van fundar diverses ciutats. Cap a finals del [[segle XIII]], els hongaresos es van apoderar d'aquesta última regió, i la noblesa romanesa va perdre gradualment els seus drets. 

Amb això es van posar les bases dels tres principats que s'unificarien al voltant del [[segle XIX]]: [[Transsilvània]], [[Principat de Moldàvia|Moldàvia]] i [[Valàquia]], que no sol van haver de guerrejar contra el regne d'[[Hongria]] (més tard contra l'[[Dinastia dels Habsburg|Imperi habsbúrgic)]], sinó també contra [[Polònia]] i l'[[Imperi Otomà]].

== La lluita contra la dominació otomana ==
{{VT|Imperi Otomà}}
[[Imatge:MViteazul at Alba Iulia.jpg|thumb|[[Miquel el Valent]], fresc a la catedral d'[[Alba Iulia]]|150px]]
A partir del [[segle XV]], els moldaus i valacs van haver de lluitar insistentment contra els [[Imperi Otomà|otomans]] en defensa de la seva llibertat i de la [[cristianisme|fe cristiana]]. Valàquia i Moldàvia mai no van ser províncies de l'[[Imperi Otomà]], encara que els seus prínceps van haver de pagar tribut als sultans en repetides ocasions, per mantenir la seva independència. Hi va haver alguns períodes de fites culturals i de completa independència, com durant el regnat dels ''[[voivoda|voivodes]]'' [[Mircea I]], [[Esteve III de Moldàvia]], [[Miquel el Valent]] (va aconseguir la primera unió dels principats de Transsilvània, Valàquia i Moldàvia, va ser assassinat a les ordres dels austríacs un any desprésref name=Stoica1{{cite book|last=Stoica|first=Vasile|title=The Roumanian Question: The Roumanians and their Lands|year=1919|publisher=Pittsburgh Printing Company|location=Pittsburgh|page=18|url=http://www.wdl.org/en/item/7314/view/1/18/}}/ref) o [[Vlad Ţepeş|Vlad Draculea]] (aquest últim, recordat per les seves crueltats, és habitualment considerat com l'arquetip que [[Bram Stoker]] va usar en el seu [[Dràcula]]). 

De tota manera l'administració del país va recaure primer en els [[voivoda|voivodes]], i, després, el [[segle XVIII]], en els ''[[Fanariota|fanariotes]]'' (governants grecs nomenats pel Sultà). Molt aviat també [[Àustria]] no sol governaria a Transsilvània sinó també es va introduir en la baralla contra els turcs al llarg dels segles [[Segle XVII|XVII]] i [[Segle XVIII|XVIII]].
[[Fitxer:Nicolae Mavrocordat.png|Nicolae Mavrocordat, primer governador fanariota dels principats del Danubi.|thumb|left|120px]]

== Cap a la independència ==
Amb l'expansió i influència de l'[[Imperi Rus]] a partir de [[1775]], la [[Revolució Francesa]], les [[Guerres Napoleòniques]] i la independència de [[Grècia]], Romania ja proclamava també la seva autodeterminació nacional amb [[Tudor Vladimirescu]], que va abolir l'administració fanariota en favor del principat. Després es va sumar la [[Guerra de Crimea]] amb el suport de [[França]]. Amb això apareixerien trets d'una [[democràcia]] burgesa a partir de 1860.

L'aparició de la monarquia constitucional va prendre forma amb [[Alexandru Ioan Cuza]] que, en [[1859]], va ser elegit príncep de Moldàvia i Valàquia, i féu que aquestes impulsessin la unificació romanesa el 1866, quan aquests països van formar el regne de Romania. Amb [[Carles I de Romania|Carol I]] finalment es va fer respectar la llibertat del regne amb el [[Tractat de San Stefano]] i la [[Conferència de Berlín]], ambdós en [[1878]].

== Consolidació del país ==
{{VT|Unió de Transsilvània amb Romania|Principat de Romania}}
Mentre s'advocava per la independència, [[Principat de Moldàvia|Moldàvia]] i [[Valàquia]] es van unificar no sols políticament sinó econòmicament i social, com a preludi de la formació d'un sol páis el [[segle XIX|Segle xix]]. Cap a [[1878]] es va iniciar la conquesta de dues antigues províncies romaneses: [[Bessaràbia]] i [[Dobrudja]]. 

En economia, les reformes de Cuza, i més tard les de [[Carles I de Romania|Carol I]], van generar malestar i oposició entre les classes [[terratinent]]s però no així en la burgesia, que necessitava impulsar la modernització i industrialització del país i la secularització dels béns clericals. Així mateix, la vida política començava a democratitzar-se entorn dels partits [[Partit Nacional Liberal (Romania)|liberal]] i conservador.

Quant a [[Transsilvània]], antiga província romanesa, la dominació [[Imperi austrohongarès|austrohongaresa]] va comportar seriosos problemes polítics i ètnics pel predomini dels hongaresos en l'economia de tipus terratinent i la conseqüent discriminació dels romanesos de la regió.

==La Primera Guerra Mundial ==
{{AP|Romania durant la Primera Guerra Mundial|Gran Romania}}
[[Imatge:Greater Romania ES.svg|La [[Gran Romania]] després de la Primera Guerra Mundial, amb la incorporació de Transsilvània, Besarabia i Bucovina i nombroses minories.|thumb|right]]
Malgrat la seva [[Triple Aliança (1882)|aliança amb les Potències Centrals]], en esclatar la [[Primera Guerra Mundial]] Romania es va declarar [[Neutralitat|neutral]] fins al [[1916]], amb el poder dividit entre el monarca germanòfil i la classe política aclaparadorament partidària de l'Entesa. Però el rei Carol I va morir en [[1914]] i fou succeït pel seu nebot [[Ferran I de Romania]]. Ferran va firmar un tractat amb la [[Triple Entesa]], que li permetria incloure la [[Transsilvània]] en el seu regne. Romania va declarar la guerra a l'[[Imperi austrohongarès]] el [[14 d'agost]] de [[1916]], i, després d'un efímer avenç a Transsilvània, va sofrir una dura derrota a les mans dels búlgars al sud i dels exèrcits combinats d'Alemanya i Àustria-Hongria a l'oest. Aviat [[Valàquia]] va ser ocupada per les [[Potències Centrals]]. Només Moldàvia va poder rebutjar els atacs alemanys el 1917 fins que l'esclat de la revolució a Rússia va debilitar la capacitat de resistència romanesa. Amb el consentiment dels representants de l'Entesa va firmar una pau ([[tractat de Bucarest (1918)]], desfavorable amb els Imperis Centrals quan la resistència no va poder continuar a la primavera de 1918. La ràpida derrota d'aquests, tanmateix, va permetre al país reprendre la lluita del costat vencedor hores abans de la proclamació de l'armistici el [[10 de novembre]] de [[1918]]. Els romanesos van recobrar la iniciativa, van reconquerir el país, ja sense oposició de les potències derrotades i fins i tot van ocupar la província de Transsilvània, habitada mayoritaritariamente per romanesos.

L'[[1 de desembre]] de [[1918]], els romanesos de Transsilvània i [[Banat]], representats per una Gran Assemblea Nacional, van votar la unificació amb Romania a la ciutat d'[[Alba Iulia]]. La unió va ser reconeguda internacionalment a través dels tractas de [[Tractat de Saint-Germain-en-Laye|Saint Germain-en-laye]] i de [[Tractat del Trianon|Trianon]]. La unió de [[Bessaràbia]] amb Romania va ser decidida per l{{'}}''Sfatul rii'' (Consell del País) de Bessaràbia, el [[27 de març]] de [[1918]], i el mateix va passar a [[Bucovina]], amb la qual es completava la formació de la [[Gran Romania]]. Posteriorment el país es va incorporar a la [[Societat de Nacions]], el [[28 de juny]] de [[1919]].

==El període d'entreguerres ==
[[Fitxer:Karol II rumuński.JPG|[[Carles II de Romania]] monarca durant la [[dècada de 1930]] i figura que va marcar aquesta dècada, debilitant el sistema parlamentari alhora que va fomentar la industrialització del país.|thumb|left]]
El període entre les dues guerres va ser molt problemàtic per a Romania, ja que els problemes amb la reforma agrària es van aprofundir i només s'hi va donar una solució parcial: l'expropiació d'àrees pròpies dels terratinents. Després, es va tenir una relativa estabilitat política fins a la [[Gran depressió]] de [[1929]], en la qual el país va restar vulnerable als atacs feixistes i vagues obreres. La gran crisi econòmica que va afectar al món des de finals dels [[dècada de 1920|anys vint]] va afectar durament al país, amb l'eliminació del seu crèdit la reducció dràstica de les seves exportacions, especialment agrícoles i petrolíferes. Les penúries i la debilitat de l'oposició d'esquerres, durament reprimides pel govern i associades a l'enemiga URSS, van comportar que creixés una oposició radical de dreta propera al feixisme, el principal representant de la qual fou el partit de la [[Guàrdia de Ferro]] de [[Corneliu Zelea Codreanu]], que el poder va fomentar intermitentment com a alternativa a l'oposició d'esquerra i amb la il·lusió, fallida, d'utilitzar-la per guanyar suports.

Després del retorn del príncep Carol i el seu ascens al tron el [[1930]] es va produir una gradual desintegració del sistema polític semidemocràtic dels anys vint, a causa, en part, de l'actitud favorable a l'autocràcia del monarca, en part per la crisi econòmica que cap govern no va aconseguir resoldre i en part també a la falta de representativitat dels partits tradicionals, més propers als interessos de l'escassa burgesia que als de la gran massa camperola, que va seguir en la pobresa. A mitjan la dècada, junt amb la tendència a recolzar-se els governs en la gràcia del monarca en comptes de fer-ho els partits polítics, es va donar també una certa recuperació econòmica i un augment de la industrialització, però allunyada aquesta de les necessitats de l'agricultura, principal activitat de la nació i subjecta a una enorme corrupció, molt associada al sobirà i els seus pròxims. Va créixer així mateix el comerç amb Alemanya, única potència disposada a importar els productes romanesos en grans quantitats, encara que en un règim de canvi que no permetia al país guanyar divises sinó només aconseguir productes industrials alemanys (singularment armament), mentre que els tradicionals aliats anglo-francesos no feien esforços per donar sortida a les exportacions romaneses, poc competitives i secundàries respecte al comerç amb les colònies d'ambdues potències.

En el pla exterior, i amb l'ascensió de [[Miquel I de Romania|Miquel I]] i [[Carles II de Romania|Carol II]] (1930) es van establir aliances defensives amb la tradicional [[Triple Entesa|Entesa]], així com amb la [[Petita Entesa]], Polònia i França. També va realitzar esforços pel desarmament mundial i la indemnització de danys de guerra. Aquesta clara preferència per les potències occidentals, especialment per França, va anar decreixent gradualment al llarg de la [[dècada de 1930]], primer per les necessitats econòmiques del país, que Alemanya va ser més capaç i disposada de pal·liar que França i, més endavant, per les successives derrotes diplomàtiques franceses i el creixement del poder alemany a la zona, especialment amb l'[[Anschluss|Annexió d'àustria]] (destacat inversor als Balcans) i la destrucció de [[Txecoslovàquia]], tradicional aliat i principal subministrador d'armes de Romania. Els governs del país van mantenir, tanmateix, una hostilitat permanent envers la [[Unió de Repúbliques Socialistes Soviètiques|Unió Soviètica]], tant per raons socials com a territorials (disputa per [[Bessaràbia]]).

== La Segona Guerra Mundial i el final de la monarquia ==
{{AP|Romania durant la Segona Guerra Mundial}}
[[Fitxer:Bundesarchiv Bild 183-B23201, Joachim von Ribbentrop und Ion Antonescu.jpg|El cabdill romanès [[Ion Antonescu|Antonescu]] (dreta) al costat del ministre d'exteriors alemany [[Ribbentrop]].|thumb|right]]

En [[1938]] Romania va començar una època política complicada amb la dictadura del rei [[Carles II de Romania|Carol II]]. Aquest va promulgar una constitució que restringia la [[democràcia]] i proscrivia els partits polítics, i es creava un únic partit estatal a imatge i semblança dels règims [[feixisme|feixistes]]. El mateix any el país va ser testimoni de la repressió de la principal formació feixista, la [[Guàrdia de Ferro]], que tenia una popularitat creixent i el rei va considerar amenaçant i sotmesa a control alemany. Els seus principals dirigents van ser assassinats a presó. 

Es va mantenir alhora la política d'equilibri entre les potències democràtiques occidentals i les feixistes que s'havia iniciat en 1936, encara que les successives derrotes diplomàtiques i més tard militars de les primeres, així com les necessitats econòmiques, armamentístiques i la por a la [[Unió de Repúbliques Socialistes Soviètiques|Unió Soviètica]] per part del govern romanès van fer que s'estrenyessin les relacions amb [[Tercer Reich|Alemanya]], que es va anar consolidant com la principal potència regional. En [[1940]], amb la caiguda de [[Bèlgica]] a finals de maig i després la de França, tradicional aliat de Romania, el país es va veure pressionat per [[Alemanya]] per alinear-se definitivament amb l'[[Potències de l'Eix|Eix]]. El juny, alhora que Alemanya rematava la campanya francesa, Romania va haver de cedir la [[Bessaràbia]] disputada i el nord de [[Bucovina]] a l'[[Unió de Repúbliques Socialistes Soviètiques|URSS]] davant de la falta de suport alemany davant l'ultimàtum soviètic. Malgrat els intents del rei per demostrar als alemanys la seva total fidelitat, amb el nomenament d'un nou govern clarament progermànic que incloïa la reconciliada Guàrdia de Ferro la tensió amb els països veïns no va deixar de créixer durant l'estiu. Alemanya es va negar a garantir les noves fronteres romaneses fins que el país no resolgués les seves disputes territorials amb Hongria i Bulgària. El setembre va haver de cedir el sud de [[Dobrudja]] a aquesta ([[Tractat de Craiova]] i, després del fracàs de les negociacions bilaterals i la imposició italo-alemanya a finals d'agost d'una nova frontera romanès-hongaresa, va perdre el nord de [[Transsilvània]].

[[Fitxer:Romania WWII.png|left|250px|thumb|La pèrdua del territori romanès després de 1945]]

En política nacional, aquestes pèrdues van forçar la renúncia del rei Carol II, totalment desacreditat. Es va exiliar el setembre, va abdicar en el fill [[Miquel I de Romania|Miquel I]], sota pressió de l'organització feixista ''[[Guàrdia de Ferro]]'' i va col·locar [[Ion Antonescu]] com a cap de govern amb plens poders. Aquest va completar l'acostament a les potències feixistes, va firmar el [[Pacte Tripartit]], es va desfer després d'uns mesos d'inestable coalició dels seus socis de govern de la Guàrdia (gener de 1941) i va implantar una dictadura militar. El juny de 1941 [[Operació Barbarroja|va envair l'URSS]] junt amb els altres exèrcits de l'Eix. Romania va recuperar així les províncies perdudes a la Unió Soviètica a l'estiu de 1940 i va rebre una zona d'ocupació coneguda com a [[Transnístria]].

Ben aviat la situació es va agreujar amb la derrota de l'exèrcit alemany a [[batalla de Stalingrad|Stalingrad]] en la qual diversos exèrcits romanesos van ser pràcticament aniquilats. Això va motivar una moderació del règim, una millora en el tracte cap als jueus i l'establiment de converses diverses amb els [[Aliats de la Segona Guerra Mundial|Aliats]] amb l'objectiu d'abandonar el bàndol alemany. L'agost de 1944, amb l'exèrcit soviètic a les portes de Romania i en no haver fructificat les negociacions amb els Aliats, el rei es va decidir a donar un cop d'estat i detenir Antonescu, amb el suport dels partits de l'oposició clandestina. El [[23 d'agost]] de [[1944]], el dictador va ser detingut i es va formar un nou govern de coalició, amb la qual cosa el país va canviar de bàndol i es va facilitar el ràpid avenç soviètic pels [[Balcans]]. El país va continuar lluitant contra l'Eix fins a la capitulació alemanya.

Un altre factor en el desenvolupament de la guerra va ser l'avenç del partit comunista que, a partir de l'alliberament del país pels soviètics, es va anar apropant constantment al poder polític mitjançant un govern de coalició controlat i el suport de les autoritats d'ocupació. En [[1947]], després de vèncer en les eleccions gràcies al frau electoral el novembre de l'any anterior, va abolir la [[monarquia]] i va proclamar la [[República Popular de Romania|república popular]] el [[31 de desembre]] d'aquell mateix any, suprimits ja els partits d'oposició.

== El període comunista ==
{{AP|República Popular de Romania|Revolució romanesa de 1989}}
Amb la proclamació de la república, es va formar un Consell d'Estat presidit per [[Petru Groza]], es va procedir a eliminar l'oposició multipartidista al [[Partit Comunista Romanès]]. Des de llavors, el sistema va seguir el model soviètic, amb la proclamació de les constitucions de 1948, 1952 i 1965. Això va significar la incorporació al país de profunds canvis partint de la nova industrialització i la nacionalització de l'economia, i per un altre, la vinculació al [[Pacte de Varsòvia]] i al [[Consell d'Assistència Econòmica Mútua|COMECON]] en el pla extern.

Però amb cada èxit que produiria en l'economia, també van sorgir temors de possibles fracassos, que amb el temps es van fer palesos a partir del seu distanciament amb el bloc soviètic. Tot i amb això, també va donar impuls al comerç amb els països occidentals com [[Estats Units d'Amèrica|Estats Units]], [[Espanya]], i [[Alemanya Occidental]].

Amb l'elecció de [[Nicolae Ceaușescu]] en [[1965]], es va mantenir una originalitat política, i es va advocar per la sobirania nacional dins del socialisme. Els primers anys de la seva política li van ser favorables i va desaprovar les les intervencions de la Unió Soviètica a [[Txecoslovàquia]] i l'[[Guerra afganosoviètica|Afganistan]]. Malgrat això, va mantenir bones i prudents relacions amb el bloc soviètic en diversos acords militars i econòmics. Va restablir relacions amb Alemanya i es va destacar en les qüestions de l'[[Orient Mitjà]]. Durant la [[Guerra dels Sis Dies]], es va negar a trencar relacions amb [[Israel]].

Però en el pla intern, va mantenir la fèrria estructura comunista en contra dels seus dissidents, de manera que l'economia, malgrat que estava molt bé va començar a tenir símptomes d'un deteriorament, igual com la resta dels països del bloc. En la [[dècada del 1980]] ja tots els recursos escassejaven, la qual cosa va donar lloc a fortes protestes i manifestacions que van ser un dels detonants de la caiguda del règim.

Precisament Ceaușescu va refusar les reformes efectuades a la Unió Soviètica (la [[perestroika]] i la [[glàsnost]]) i va reforçar la seva política estalinista a tot el país, amb la repressió dels disturbis de [[Timișoara]] en [[1989]], la qual cosa va comportar que l'exèrcit i la classe política finalment l'[[Revolució romanesa de 1989|enderroquessin]] al [[Nadal]] de [[1989]] i posteriorment el jutgessin i executessin en secret, junt amb la seva esposa [[Elena Ceaușescu|Elena]]. Després [[Corneliu Mănescu]] i [[Ion Iliescu]] es van posar al capdavant del país fins als primers dies de [[1990]].

== La transició i el segle XXI ==
En [[1990]], Romania va ingressar de cop a la transició cap a l'economia de mercat i el retorn a la democràcia multipartidista sota l'administració d'[[Ion Iliescu]], que va decidir acabar amb les mesures comunistes i establir mesures d'austeritat, malgrat que encara continuaven els problemes econòmics com la desocupació i els baixos salaris. En el pla polític, es va proclamar la constitució de [[1991]] i la consegüent reelecció d'Iliescu com a president. Mentre aquest governava com a president, [[Petre Roman]] com a [[Primer Ministre de Romania|primer ministre]], va intentar sense èxit apaivagar les protestes obreres, per la qual cosa es va veure obligat a dimitir en favor de [[Theodor Stolojan]].

Més encara, amb la transició es va plantejar el problema de les minories ètniques, amb els [[gitanos]], i amb els [[magiar|hongaresos]] a [[Transsilvània]]. Aquests últims es van agrupar en la [[Unió Democràtica dels Hongaresos de Romania|Unió Democràtica Magiar de Romania]], que [[Eleccions legislatives romaneses de 1996|va passar a formar part del govern en 1996]]. El govern central es va veure obligat a reconèixer els drets etnolingüístics de les minories en [[1994]]. Aprofitant aquests problemes, l'exmonarca [[Miquel I de Romania|Miquel I]], va intentar sense èxit restaurar la monarquia.

En [[2004]], Romania va ingressar a l'[[Organització del Tractat de l'Atlàntic Nord|OTAN]] amb l'acceptació de la majoria de la seva població.

Quant a la [[Unió Europea]], es van realitzar negociacions d'ingrés des de [[1993]], les quals van portar com a conseqüència reformes econòmiques i finalment l'ingrés del país en la UE a partir de l'[[1 de gener]] de [[2007]].

== Referències ==
{{referències}}

== Enllaços externs ==
{{commonscat|History of Romania}}
{{Portal|Romania}}
*[http://www.roembus.org/english/romanian_links/history_of_romanians.htm Història dels romanesos, en anglès]


{{ORDENA:Historia De Romania}}	!--ORDENA generat per bot--
[[Categoria:Història de Romania]]

[[id:Rumania#Sejarah]]</text>
      <sha1>ijyjwf99zo0lrsralandq81tnljkjl0</sha1>
      <model>wikitext</model>
      <format>text/x-wiki</format>
    </revision>
  </page>