<page>
    <title>Història de Bulgària</title>
    <ns>0</ns>
    <id>1003625</id>
    <revision>
      <id>13653833</id>
      <parentid>13537550</parentid>
      <timestamp>2014-06-23T14:30:54Z</timestamp>
      <contributor>
        <username>EVA2.0 (bot)</username>
        <id>167473</id>
      </contributor>
      <minor></minor>
      <comment>Robot: Reemplaçament automàtic de text  (-!--ORDENA generat per bot-- +)</comment>
      <text>La '''història de [[Bulgària]]''' com a país independent va començar el [[segle VII]] amb l'arribada dels [[Bulgària|búlgars]], i la fundació del [[Primer Imperi Búlgar]], reconegut en [[681]] per l'[[Imperi Bizantí]].

== Prehistòria i Edat Antiga ==
=== Prehistòria ===
Al territori de l'actual Bulgària es van desenvolupar durant el [[Neolític]] cultures com la de [[Cultura de Hamangia|Hamangia]] i la de [[cultura de Vinča|Vinča]] (entre el VI i l'III mil·lenni aC), durant l'[[Eneolític]] la [[Cultura de Varna]] (V mil·lenni aC), i durant l'[[Edat del bronze]] la [[Cultura d'Ezero]]. La [[Cultura de Karanovo|Cronologia Karanovo]] serveix de referència per a la prehistòria de tot el territori dels [[Balcans]].

=== Els tracis ===
{{AP|Tracis}}
El primer poble històricament documentat que es va instal·lar al territori de l'actual [[Bulgària]] van ser els [[tracis]], poble [[Protoindoeuropeus|indoeuropeu]], procedent de les estepes d'Euràsia, que va arribar a la zona possiblement al voltant de l'any [[mil·lenni IV aC|3500 aC]].

=== Colonització grega i conquesta macedònia ===
D'altra banda, des del [[segle VII aC]] va començar a produir-se la colonització [[Antiga Grècia|grega]] de la costa de la [[Mar Negra]], amb la fundació de nombroses [[ciutat]]s, moltes de les quals continuen existint en l'actualitat, com ara Odessos ([[Varna]]), [[Olint]], [[Mesèmbria]], Anchialon ([[Pomorie]]), Apolònia ([[Sozòpolis]] o Agathòpolis ([[Akhtopol]]). A mitjan [[segle V aC]] es va fundar el primer Estat traci que es coneix, el [[Regne dels Odrisis]], que es desintegraria el segle següent en diversos estats més petits.

Poc després, [[Filip II de Macedònia|Filip II]], rei de Macedònia ( [[359]] - [[dècada del 330 aC|336 aC]]), després de vèncer el rei [[Cersobleptes I]], es va annexionar els territoris dels tracis, i va conquerir la ciutat més gran en aquesta regió Filipòpolis (actual [[Plòvdiv]]). Al segle següent, el territori de Bulgària va ser envaït pels [[celtes]], que van mantenir un estat per espai d'uns setanta anys, i van fundar assentaments com Bononia (actual [[Vidin]]).

Durant el segle I, el territori de Bulgària va ser incorporat a l'[[Imperi Romà]], i va quedar dividit en les províncies de [[Regió de Tràcia|Tràcia]] i [[Moesia]]. Els romans van fundar nombroses ciutats, entre les quals destaquen Serdica (l'actual capital, [[Sofia]]), [[Nikopolis]] (Nikopol) i Durostorum ([[Silistra]]). Quan l'Imperi Romà es va dividir, a la mort de Teodosi, les províncies de Mèsia i de Tràcia van passar a formar part de l'[[Imperi Bizantí|Imperi Romà d'Orient]]. Des del segle Iii aquests territoris van sofrir invasions de pobles bàrbars: primer van ser els [[gots]], [[huns]]; més endavant, els [[àvars eurasiàtics|àvars]], [[eslaus]], que van travessar el Danubi a començaments del segle VII, quan es van abandonar les guarnicions de frontera [[Imperi Bizantí|bizantines]], i els [[búlgars]]. Aquests últims formarien, junt amb els eslaus, el primer estat búlgar, a finals del [[segle VII]]. El nom de Bulgària procedeix del d'aquest poble.

== Imperi Búlgar ==
{{Principal|Imperi Búlgar}}
=== El Primer Imperi Búlgar ===
[[Fitxer:Bulgaria Simeon I (893-927) es.svg|thumb|275 px|El Primer Imperi Búlgar en la seva màxima extensió territorial durant el regne del Tsar Simeó I.]]
{{AP|Primer Imperi Búlgar}}
Una de les teories és que els búlgars eren un poble nòmada i bel·licós procedent d'[[Àsia Central]], emparentat amb els [[huns]]. De fet, els primers [[khan]]s búlgars feien remuntar els seus orígens a l'hun [[Àtila]]. Ja a la primera meitat del [[segle VII]], sota el seu rei [[khan]] [[Kubrat]], havien format un regne al nord de la [[Mar Negra]], que els bizantins denominaven Magna Bulgària. Després de la mort de Khan Kubrat l'imperi es va dividir entre els seus tres fills més grans; com a conseqüència d'aquesta divisió, una part dels búlgars es va desplaçar cap a l'est, a la confluència dels rius [[Volga]] i [[Riu Kama|Kama]], i arribarien a formar l'estat de la [[Bulgària del Volga]], mentre que un altre grup s'establia al delta del [[Danubi]], comandat per [[Asparukh Khan]], tercer fill de Kubrat i una tercera part de la població búlgara s'hi va quedar.

Des d'allà, els búlgars fustigaven les guarnicions bizantines. Les seves freqüents expedicions de saqueig van conduir a la realització d'una expedició punitiva contra ells, enviada per l'emperador bizantí [[Constantí IV]]. En fracassar aquesta expedició, l'Imperi bizantí es va veure obligat a acceptar l'existència de l'[[Imperi Búlgar]], i a pagar-li un tribut anual per evitar incursions. L'any [[681]], quan Bizanci va reconèixer per primera vegada a l'estat búlgar, és considerat la data de naixement de la moderna Bulgària.

A començaments del [[segle IX]], durant el regnat del khan [[Crum]], l'Imperi Búlgar va arribar a estendre's per part de [[Pannònia]] i [[Transsilvània]]. Els búlgars van abraçar el [[cristianisme]] de [[ritus bizantí]] després de la conversió de [[Boris I de Bulgària|Boris I]] ( [[852]]- [[889]]). L'adopció de la nova fe va implicar també la utilització de l'[[eslau eclesiàstic]] com a llengua de la litúrgia i de l'administració. La cristianització i l'eslavització van proporcionar a l'Imperi Búlgar una àrea d'influència major. L'estat assoliria el seu apogeu tant polític com cultural amb el regnat de [[Simeó I de Bulgària|Simeó I]] ( [[893]]- [[927]]), el pla del qual, que va estar a punt de veure's realitzat, era unificar sota el seu poder les monarquies búlgara i bizantina. Simeó va ser el primer monarca búlgar en adoptar el títol de ''[[tsar]]'' (derivat del títol romà ''caesar'', [[cèsar (títol)|cèsar]]).

Després de la mort de Simeó, la decadència de l'autoritat reial, les lluites dinàstiques i els atacs exteriors de pobles com els [[magiar]]s i [[petxeneg]]s van anar minant a l'estat búlgar que va ser conquerit per l'emperador [[Basili II de Bizanci]], anomenat ''Bulgaróctonos'' (matador de búlgars) i incorporat a l'Imperi bizantí. Bulgària romandria sota l'autoritat de Constantinoble durant gairebé dos segles, entre el [[1018]]ref{{Ref-llibre |cognom=Crampton |nom=R. J. |títol=A Short History of Modern Bulgaria |url=http://books.google.es/books?id=iL06AAAAIAAJpg=PA4dq=1018+bulgariahl=casa=Xei=lJByUp3jK4m27Qa944CYBgved=0CGUQ6AEwBw#v=onepageq=1018%20bulgariaf=false |llengua=anglès |editorial=CUP Archive |data=1987 |pàgines=4 |isbn=0521273234}}/ref i [[1185]].

=== Segon Imperi Búlgar ===
{{AP|Segon Imperi Búlgar}}
[[Fitxer:BULGARIA under Iwan ASSEN II.jpg|thumb|275 px|El Segon Imperi Búlgar en la seva màxima extensió territorial durant el regne del Tsar Iván Asen Ii.]]

Malgrat que els búlgars es van rebel·lar en diverses ocasions contra el domini de Bizanci durant el segle XI, cap d'aquestes rebel·lions no va assolir el seu objectiu. Durant el [[segle XII]], tanmateix, aprofitant que l'Imperi bizantí es trobava afeblit per les seves lluites contra serbis i hongaresos, va esclatar una rebel·lió dirigida pels germans Petar i Asen. Petar va ser proclamat tsar dels búlgars, els grecs i els valaquis, amb la qual cosa va néixer el [[Segon Imperi Búlgar]] ([[1185]]- [[1396]]), el domini del qual es va estendre per tots els territoris entre el [[Danubi]], la [[Mar Negra]] i la serralada de [[Serralada dels Balcans|Stara Planina]], incloent part de [[Macedònia (regió)|Macedònia]] oriental i la vall del [[Riu Morava|Moraviana]]. Sota [[Ivan II Asen de Bulgària]] ([[1218]]- [[1241]]) l'estat búlgar es va estendre fins a les mars [[Mar Adriàtica|Adriàtica]] i [[Mar Egea|Egea]], i controlava directament [[Valàquia]] (a l'actual Romania), [[Moldàvia]], Macedònia, la [[Ròdope]] (regió del sud búlgar, des de llavors part d'aquest país) i [[Regió de Tràcia|Tràcia]]. La fortalesa dels estats d'Hongria i Sèrbia van impedir un major creixement de l'imperi.

Amb Ivan Asen II com a tsar, l'Imperi va ocupar [[Albània]] i [[Belgrad]]. Bulgària va trencar amb l'Església de Constantinoble, i va crear el [[Església Ortodoxa Búlgara|Patriarcat Ortodox de Bulgària]], al que es van adherir els diferents patriarcats dels Balcans. Va ser un monarca honest i humà, que malgrat la ruptura amb Roma va obrir vies de col·laboració, sobretot comercial, amb [[Venècia]] i [[Gènova]].

Durant el segle XIV, la debilitada Bulgària, que passava un període de desmembrament feudal, va ser presa fàcil per a uns nous invasors, els turcs otomans, que havien creuat Europa en 1354. En 1362 van conquerir [[Plòvdiv]], i en 1382 [[Sofia]]. En 1396, els otomans van posar fi al Segon Imperi Búlgar i van controlar per complet el país.

== Dominació otomana ==
Des de finals del segle XIV fins a finals del segle XVIII, Bulgària no va existir com a estat sobirà. En 1393, per voluntat del sultà dels turcs, el patriarcat de l'Església de Bulgària va ser suprimit i sotmès directament al [[Patriarca de Constantinoble]], el que va provocar que l'Església búlgara s'hel·lenitzés i abandonés l'[[eslau eclesiàstic]] en els seus ritus. L'aristocràcia búlgara que va sobreviure a la conquesta va ser deportada a Anatòlia o es va convertir a l'[[islam]]. Tanmateix, la major part dels camperols búlgars van mantenir la seva religió cristiana-ortodoxa, llevat del sud-oest del país, on es va concentrar una minoria de conversos musulmans -els [[pomacs]]. Els turcs es van instal·lar amb l'administració a les principals ciutats per tot el país.

Els otomans van convertir Bulgària en el '''beylerbeylik''', de [[Rumèlia|Rumili]], que era regit per un [[beglerbegi]] que residia a [[Sofia]]. Aquest territori, que incloïa [[Moesia]], [[Regió de Tràcia|Tràcia]] i [[Macedònia]], va ser dividit en alguns ''[[sandjak]]s'', cadascun dels quals era governat per un '''sandjakbegi''', dependent del beglerbegi. Una part important de la terra conquerida va ser repartida als seguidors del sultà, que van fundar feus directament dependents del [[sultà]].

A partir de la segona meitat del segle XVIII, |Rússia va intervenir activament en els Balcans, pressionant l'[[Imperi otomà]] a les seves fronteres i trencant l'aïllament dels búlgars. Durant la [[Guerra russoturca (1768-1774)|guerra de 1768]] els russos van travessar Moldàvia i Valàquia i van irrompre a Bulgària, on van aconseguir la victòria militar de Txumla i van obligar els turcs a firmar la pau. El [[Tractat de Küçük Kaynarca]] va concedir a Rússia la protecció dels cristians ortodoxos de l'Imperi otomà, la qual cosa va acabar convertint-se en una excusa per a posteriors intervencions russes en els Balcans. El 1829, la [[Guerra d'independència de Grècia|rebel·lió dels grecs]] va portar els russos a ocupar gran part de Bulgària i conquerir Adrianòpolis en la [[guerra russoturca (1828-1829)]]. El [[Tractat d'Adrianòpolis (1829)|tractat de pau]] va permetre als russos establir un [[protectorat]] sobre [[Moldàvia]] i [[Valàquia]]. Tanmateix, els búlgars van romandre sota domini otomà, encara que la invasió russa va fomentar el despertar nacionalista als Balcans.

Durant aquesta època la burgesia búlgara, formada principalment per comerciants i artesans, va obrir les primeres escoles i va publicar els primers llibres en llengua búlgara. Sota la pressió popular, l'Església va recuperar la litúrgia en eslau eclesiàstic, i contra la voluntat del [[Patriarca de Constantinoble]], el sultà otomà va acceptar el 1870 la creació d'un patriarcat búlgar independent. Malgrat aquestes concessions, la tensió nacionalista va seguir en augment: L'arribada de nombrosos refugiats musulmans procedents dels territoris conquerits per Rússia ([[tàtars de Crimea]] i [[circassians]] del Caucas) va provocar un creixent descontentament, mentre els nacionalistes búlgars començaven a organitzar-se a [[Bucarest]].

== Despertar nacional ==
[[Fitxer:Vasil Levski.jpg|right|thumb|upright|[[Vassil Levski]], figura clau del moviment revolucionari i heroi nacional de Bulgària]]
Sota la influència d'idees com el [[liberalisme]] i el [[nacionalisme]], a començaments del segle XIX va començar a despertar-se el nacionalisme búlgar. Va tenir una gran influència en la difusió d'aquestes noves idees entre els mitjans més cultivats de Bulgària la [[Guerra d'independència de Grècia|rebel·lió grega contra els otomans]], el 1821. Tanmateix, existia també un fort ressentiment pel control grec de l'Església Búlgara; de fet, els primers sentiments nacionalistes búlgars van estar orientats a la creació d'una església búlgara independent. Aquesta lluita es va veure finalment coronada per l'èxit el 1870, quan, per un edicte del sultà otomà, es va instituir l'exarcat ortodox búlgar. Antim I, el primer exarca, va ser el líder natural de la incipient nació. El Patriarca de Constantinoble va respondre a la creació de l'exarcat amb un decret d'excomunió, la qual cosa va reforçar encara més el sentiment nacionalista búlgar.

L'abril de 1876, el Comitè Revolucionari Secret Búlgar, amb seu a [[Bucarest]], va organitzar un alçament, conegut com a [[Revolta d'abril]]. La revolta va ser reprimida amb crueltat per les autoritats otomanes tant per l'exèrcit regular otomà com per les tropes irregulars dels [[baxi bozuq]]. Inumerables llogarrets van ser saquejats i les víctimes de la repressió es van comptar per desenes de milers, sobretot en les ciutats rebels de [[Batak (Bulgària)|Batak]], [[Perushtitsa]] i [[Bratsigovo]], a la regió de [[Plòvdiv]]. Les matances van provocar la reacció de l'opinió pública i la diplomàcia europees: tal va ser el cas, per exemple, del britànic [[William Ewart Gladstone|William Gladstone]], que va iniciar una campanya contra els horrors búlgars. Va ser també causa de la intervenció de Rússia, que va aprofitar les matances d'eslaus com a pretext per declarar la [[Guerra russoturca (1877-1878)]], l'abril de 1877. En la guerra van intervenir també l'exèrcit romanès i tropes de voluntaris búlgars. La guerra va acabar amb la completa derrota de Turquia.

== De l'autonomia a la independència ==
{{VT|Conferència de Constantinoble|Revolta d'abril|Tractat de San Stefano|Tractat de Berlín (1878)|Tractat de Bucarest (1886)}}
La rebel·lió contra l'[[Imperi Otomà]] que va esclatar a [[Bòsnia i Hercegovina]] el 1875 es va estendre fins a Bulgària a l'any següent. Els turcs van desencadenar una brutal repressió, en la qual van participar els ''baxi bozuks'', que van realitzar nombroses matances i van devastar el país. Altres països europeus es van indignar i van denunciar la brutalitat i els horrors búlgars. En negar-se el sultà a concedir l'autonomia a Bulgària, Rússia [[Guerra russoturca (1877-1878)|va declarar la guerra el 1877]] i va envair el país amb el suport dels romanesos i d'una legió búlgara. El gener de 1878 els exèrcits russos van arribar a les portes de Constantinoble.

El [[Tractat de San Stefano]] (3 de març de 1878) va estipular la creació d'un extens principat autònom de Bulgària i el desmantellament dels territoris europeus de l'Imperi otomà. Àustria i la Gran Bretanya temien que es trenqués l'equilibri als Balcans i en el [[Congrés de Berlín]] (juliol de 1878) van imposar a Rússia un tractat pel qual l'equilibri es va mantenir a costa de les aspiracions nacionals búlgares: el principat autònom de Bulgària es va mantenir, però molt reduït.

Encara que el Tractat de San Stefano mai no es va materialitzar més enllà del paper, es va convertir en una referència per als nacionalistes búlgars, perquè remetia l'antic regne de [[Simeó I de Bulgària|Simeó I]]. En les dècades següents Bulgària va aconseguir nomenar bisbes búlgars a Macedònia (en poder otomà durant aquesta època).
	
El 1879 una assemblea constituent reunida a la ciutat de Tarnovo va adoptar una constitució per a Bulgària (molt democràtica per a l'època, però que amb prou feines va ser aplicada) i va elegir com a príncep Alexandre de Battenberg, nebot de la tsarina de Rússia. A la província de Rumèlia Oriental les potències europees van elaborar els estatuts orgànics del Congrés de Berlín, va ser nomenat un governador en representació del sultà otomà i va ser acceptat per l'assemblea.

Les ambicions nacionalistes no es van conformar amb l'autonomia i es van estendre als territoris búlgars encara en poder de l'Imperi otomà: el 1885 l'exèrcit de Bulgària va ocupar la província de Rumèlia Oriental, al mateix temps que va esclatar la guerra contra [[Sèrbia]], de la qual els búlgars van sortir victoriosos. Poc després el rei Alejandro I va cessar al seu consell de ministres russos, la qual cosa va provocar la intervenció de Rússia en represàlia i defensa de la seva influència. Els russos van organitzar un complot militar en contra del rei búlgar. Malgrat el suport dels nacionalistes, [[Alexandre de Battenberg|Alexandre I]] va ser obligat a abdicar a causa d'una conspiració orquestrada pel govern de Rússia. Stefan Stambolov va prendre el poder i l'assemblea búlgara va elegir el 1887 un nou príncep: [[Ferran de Saxònia-Coburg-Gotha]], que el 1894 va aconseguir la caiguda de Stambolov, que havia constituït una dictadura (i que moria assassinat el 1895). El 22 de setembre de 1908, amb el suport de l'emperador d'Àustria-Hongria, [[Ferran I de Bulgària]] va proclamar a Tarnovo la independència de Bulgària i va prendre el títol de tsar

== Les guerres dels Balcans i la Primera Guerra Mundial ==
{{Principal|Guerres Balcàniques|Primera Guerra Mundial}}
[[Fitxer:BulgariaComienzosSigloXX.svg|Evolución territorial de Bulgària des de la independència fins al final de la Primera Guerra Mundial.|thumb]]
Bulgària es va aliar amb Sèrbia el febrer de 1912 i amb Grècia el març, i [[Primera Guerra Balcànica|va declarar la guerra]] a l'Imperi otomà l'octubre.ref{{Ref-llibre |cognom=Sondhaus |nom=Lawrence |títol=World War One: The Global Revolution |url=http://books.google.es/books?id=LHoA4psTCp4Cpg=PA19lpg=PA19dq=italo+turkish+balcanic+warsource=blots=MBqTAcXDj_sig=cELElUazqNuy8hBY8Txp9R6QqYMhl=casa=Xei=LOccUJu8McSLhQeukoHIDwved=0CDsQ6AEwAg#v=onepageq=italo%20turkish%20balcanic%20warf=false |llengua=anglès |editorial=Cambridge University Press |data=2011 |pàgines=p.19 |isbn=0521736269 }}/ref La ciutat d'[[Edirne|Adrianòpolis]] va caure el març de 1913 i l'Imperi otomà es va rendir: pel [[Tractat de Londres (1913)|Tractat de Londres]] (30 de maig de 1913), els turcs van abandonar gairebé tots els territoris europeus a l'oest d'Adrianópolis. El repartiment de les despulles entre les tres nacions vencedores va acabar en un desacord que va provocar l'esclat d'una nova guerra: els búlgars, que s'havien estès cap a l'est, van reclamar el territori de Macedònia, que havia estat conquerida pels serbis durant la guerra. El 23 de juny de 1913 Ferran I va atacar serbis i grecs sense una declaració de guerra. Tanmateix, la [[Segona Guerra Balcànica]] va constituir un desastre per a Bulgària, perquè Romania i l'Imperi otomà també van participar contra els búlgars. Pel [[Tractat de Bucarest (1913)|Tractat de Bucarest]] (10 d'agost de 1913), Bulgària va obtenir una part de Tràcia al sud que li va permetre un accés a la Mar Egea, però havia de cedir Dobrudja del sud a Romania, mentre que Sèrbia retenia el disputat territori de Macedònia. Pel Tractat de Constantinoble; Bulgària també havia de tornar Adrianòpolis i Tràcia Oriental a l'Imperi otomà.

L'[[Assassinat de Sarajevo|assassinat]] de l'[[Francesc Ferran d'Àustria|Arxiduc Ferran]] a [[Sarajevo]] va provocar la ruptura de relacions entre Àustria-Hongria i Sèrbia i va posar en moviment les aliances diplomàtiques i militars que s'havien realitzat en les dècades precedents entre els [[Imperis Centrals]] d'Àustria-Hongria i Alemanya i els seus aliats contra la [[Triple Entesa]] de França, la Gran Bretanya i Rússia i els seus aliats.

Després d'alguns titubejos diplomàtics, Bulgària es va aliar el setembre de 1915 amb l'Imperi d'Àustria-Hongria i va declarar la guerra a Sèrbia el 14 d'octubre. Envoltat per austríacs, hongaresos i búlgars, l'exèrcit serbi es va retirar cap al mar a través d'Albània. Els exèrcits de Bulgària van ocupar el territori de Macedònia i van fer front als exèrcits aliats que havien desembarcat a Tessalònica el 5 d'octubre: així es va formar el [[Front oriental (Primera Guerra Mundial)|Front d'Orient]], establert a la frontera septentrional de Grècia. Quan Romania va entrar en guerra a favor de la Triple Entesa, l'agost de 1916, Bulgària i els Imperis Centrals van prendre la contraofensiva i van ocupar el regne romanès en uns mesos. Bulgària es va apoderar del territori de Dobrudja del Sud, cedit el 1913.

Tanmateix, a poc a poc, i sobretot a partir de la intervenció dels Estats Units, la Primera Guerra Mundial es va decantar a favor dels aliats occidentals. La ruptura del Front d'Orient el 18 de setembre de 1918 va obligar Bulgària a firmar un armistici el 29. El 3 d'octubre el rei Ferran I va abdicar en el seu fill [[Boris III de Bulgària]].

== El període d'entreguerres ==
[[Fitxer:Stamboliyski - Treaty of Neuilly-sur-Seine.jpg|Stamboliski firma el Tractat de Pau de Neuilly.|thumb]]

Pel [[Tractat de Neuilly]] ([[27 de novembre]] de [[1919]]) Bulgària havia de tornar el territori de la [[Dobrudja]] del sud a [[Romania]]; [[Sèrbia]] va recuperar Macedònia i es va annexionar diversos territoris búlgars a la frontera occidental del país; Grècia va conquerir la Tràcia Occidental i va deixar Bulgària sense accés al [[mar Egea|Mar egea]]. En [[1923]], [[Grècia]] va expulsar dels territoris conquerits a uns 250.000búlgars i els van substituir per refugiats grecs arribats d'Àsia Menor després de la [[partició de l'Imperi Otomà]]

Durant el període d'entreguerras Bulgària va passar un convuls període polític. [[Aleksander Stamboliski]] va instaurar una dictadura camperola, però va ser destituït i assassinat el 1923. Poc després va esclatar una insurrecció comunista, que va ser durament reprimida pel govern, i en els anys següents el terrorisme polític i la inestabilitat van marcar el període. Van sorgir els komitadjis, dirigits per Mikhaïlov, sorgits de l'ORIM ([[Organització Interna Revolucionària de Macedònia]], creada a finals del segle XIX), a imitació dels [[Ústaixa|ustaixis]] de [[Croàcia]] i d'altres moviments d'inspiració feixista-nacionalista. El 1934 un agent de l'ORIM, al servei dels ustaixis croats, va assassinar el rei [[Alexandre I de Iugoslàvia]] a [[Marsella]]. El mateix any els oficials búlgars van provocar un cop d'estat ivan proclamar una dictadura personal en [[1935]] en la figura del rei [[Boris III de Bulgària]], que va manifestar les seves simpaties pel govern d'[[Adolf Hitler]] a [[Alemanya]].

== Bulgària durant la Segona Guerra Mundial ==
[[Fitxer:Administrative map of Bulgaria during WWII.svg|thumb|275 px|Divisions provincials de [[Bulgària]] durant la [[Segona Guerra Mundial]], en les que es destaca en violeta les annexions de territoris [[Grècia|grecs]] i en verd les de territoris [[iugoslaus]].]]
{{AP|Bulgària durant la Segona Guerra Mundial}}
Després de l'esclat de la [[Segona Guerra Mundial]] (SGM), en [[1940]] [[Alemanya]] i la [[Unió de Repúbliques Socialistes Soviètiques|Unió Soviètica]] van pressionar al govern de Romania, que va haver de cedir territoris a [[Hongria]] i l'URSS. [[Bulgària]] es va unir a l'ofensiva diplomàtica i va reclamar la devolució de [[Dobrudja]] del Sud, que va obtenir pels [[Tractat de Craiova|Acords de Craiova]] el [[7 de setembre]]. El març de 1941, Bulgària es va adherir als aliats d'Alemanya, i va participar en el repartiment de [[Regne dels Serbis, Croats i Eslovens|Iugoslàvia]] i [[Grècia]]. Gràcies a les seves aliances, Bulgària va obtenir una gran part de Macedònia, territoris serbis i Tràcia. El govern búlgar es va esforçar per guanyar-se la simpatia dels macedonis i integrar-los. En canvi, prop de 100.000 grecs van ser expulsats de Tràcia i van ser substituïts per búlgars (en resposta a les deportacions i expulsions dutes a terme pels grecs el 1923). Tanmateix, malgrat les seves aliances, [[Boris III de Bulgària]] es resistia a participar al costat dels alemanys en la guerra contra l'URSS i a lliurar els jueus de Bulgària a les autoritats nazis. L'agost de 1943 moria sobtadament, amb sospites d'haver estat assassinat. El seu successor, [[Simeó II de Bulgària]], només tenia sis anys, i va quedar sota la tutela de polítics al servei dels alemanys.

Durant la SGM, van anar augmentant les operacions de la guerrilla antifeixista del [[Front de la Pàtria]] (del qual formava part el [[Partit Comunista Búlgar]]), així com la repressió política del govern.ref name=nadra {{ref-llibre|cognom = Nadra|nom = Rodolfo|títol = ¿Conoce usted Bulgaria?|edició = 1ª|any = 1974|editorial = Ediciones Mundo Contemporáneo|lloc = Buenos Aires|pàgines = 12-13}}/ref

== El període socialista ==
{{AP|República Popular de Bulgària}}
A mesura que la guerra es girava en contra d'[[Tercer Reich|Alemanya]] i els seus partidaris, els dirigents búlgars en [[1944]] van buscar acords amb els [[Aliats de la Segona Guerra Mundial|Aliats]] occidentals davant de l'avenç dels [[Exèrcit Roig|exèrcits soviètics]]. Tanmateix, era massa tard; el [[5 de setembre]] la [[Unió de Repúbliques Socialistes Soviètiques|Unió Soviètica]], les tropes de la qual havien arribat ja a [[Romania]], va declarar la guerra a Bulgària. El govern búlgar va capitular als pocs dies, i el nou govern recolzat pels soviètics va declarar la guerra a Alemanya i va evacuar les seves tropes de [[Grècia]] i [[República Federal Socialista de Iugoslàvia|Iugoslàvia]]. El [[16 de setembre]] els exèrcits soviètics van entrar a [[Sofia]] (i romandrien al país fins i a finals de [[1947]]). El [[28 d'octubre]] es va firmar la pau amb Moscou. El [[9 de setembre]] una [[Revolució del 9 de setembre|revolució]] va situar en el govern el Front de la Pàtria. Després de l'abolició per referèndum de la monarquia (en el qual el 93% dels votants es va expressar en contra d'aquesta), es va proclamar la [[República Popular de Bulgària]] el [[15 de setembre]] de [[1946]].ref name=nadra / Mitjançant el suport soviètic i pel [[Tractat de París de 1947]], Bulgària va haver de tornar Macedònia i els territoris serbis a Iugoslàvia i Tràcia a Grècia, encara que va aconseguir retenir [[Dobrudja]] del Sud.

A partir de 1947 els comunistes van iniciar diversos processos judicials per eliminar els dirigents polítics no comunistes, entre ells Nikolaï Pètkov, líder del partit camperol. El 1949 es va produir una purga interna en el partit comunista, la qual cosa va permetre als agents de l'URSS apartar els seus rivals, als que van acusar de desviació política dels ideals del partit. [[Valko Txervènkov]], líder de la facció [[estalinisme|estalinista]], va prendre el poder i el lideratge, i en els anys següents acabaria delegant les seves responsabilitats en el seu successor [[Tòdor Jívkov]].

== Anys recents ==
A partir de la política reformista ([[perestroika]]) de [[Mikhaïl Gorbatxov]] a la Unió Soviètica, els governs d'Europa de l'Est van anar debilitant-se i caient un després d'un altre, i Bulgària no va ser una excepció. Aviat van començar les primeres manifestacions contra el govern de Sofia.

El novembre de 1989, [[Tòdor Jívkov]] va ser deposat en totes les seves funcions i inculpat de corrupció (tres anys més tard seria condemnat a set anys de presó). Davant del desmantellament de l'URSS i la crisi del [[estat socialista|socialisme real]] en tot el seu àmbit d'influència, el seu successor, Petar Mladenov, va transformar el [[Partit Comunista Búlgar]] en un [[Partit Socialista Búlgar]] que, amb la col·laboració i el consens d'altres faccions polítiques va reformar el país per a tornar ell multipartidista. En les [[Eleccions legislatives búlgares de 1990|eleccions de juny de 1990]], els socialistes van obtenir 211 escons dels 400 de la nova assemblea nacional. Tanmateix, donada la pressió popular, els antics comunistes van compartir el poder amb l'oposició, liderada per la [[Unió de Forces Democràtiques]] (UFD). El juliol de 1991, el Parlament electe va adoptar una nova Constitució. Les [[Eleccions legislatives búlgares de 1991|eleccions legislatives de 1991]] van donar 110 escons a l'UFD, 106 al Partit Socialista i 24 al Moviment dels drets i llibertats de turcs i pomacs (búlgars musulmans). [[Jéliu Jélev]], líder de l'UFD, va ser elegit [[President de Bulgària]] per sufragi universal el gener de 1992.

Com altres antics països socialistes d'Europa Oriental, Bulgària va trobar la transició al [[capitalisme]] més costosa de l'esperat. El govern de l'UFD va privatitzar la terra i les empreses estatals, però les mesures econòmiques van provocar un ascens de la desocupació i falta de competitivitat. Els socialistes van aprofitar el descontentament i a finals de 1994 el socialista Jan Videnov [[Eleccions legislatives búlgares de 1994|guanyava les eleccions]], però el nou govern no va poder frenar la crisi econòmica i la inflació es va disparar, i la incompetència governamental va provocar la fallida de la majoria dels bancs búlgars.
	
El 1996 va ser elegit president [[Petar Stoyànov]] de l'Ufd, encara que el govern va seguir a les mans dels socialistes durant un temps, fins que [[Eleccions legislatives búlgares de 1997|va acabar per col·lapsar-se el 1997]]. Es va formar un nou govern de l'UFD dirigit per [[Ivan Kostov]], que comptava amb un fort suport de la població, un suport que es va esvair davant dels successius escàndols de corrupció i la seva incapacitat per fer front als problemes del país. Els búlgars estaven insatisfets davant de la ineficàcia dels seus polítics.
	
Aquesta crisi econòmica i política va ser aprofitada per l'últim tsar, [[Simeó II de Bulgària]], que havia tornat el 1996 al país, després d'haver-lo abandonat el 1946 amb tan sol nou anys. Amb 59 anys era un pròsper empresari que va adoptar el nom civil de Simeó Sakskoburggotski (la pronunciació búlgara del seu cognom real Saxònia-Coburg-Gotha) i va formar el seu propi partit el [[Moviment Nacional per l'Estabilitat i el Progrés|Moviment Nacional Simeó II]] (MNS), que guanyaria les [[Eleccions legislatives búlgares de 2001|eleccions de 2001]].

En les [[Eleccions legislatives búlgares de 2005|eleccions celebrades el juny de 2005]], es va imposar [[Serguei Staníxev]], del [[Partit Socialista Búlgar]], en obtenir el 31% dels sufragis. El seu principal opositor Simeó Saxcoburggotski (anterior Primer Ministre), es va haver d'acontentar amb el 20% dels sufragis, mentre que el [[Moviment pels Drets i les Llibertats|Moviment de la Minoria Turca]], un braç separatista de l'actual govern, va obtenir el 12%. No obstant això aquestes tres forces polítiques van constituir un govern de coalició.

A les [[Eleccions legislatives búlgares de 2009|eleccions del 2009]] resultà vencedor el nou partit de centredreta [[Ciutadans pel Desenvolupament Europeu de Bulgària]]. El seu cap, [[Boiko Boríssov]], fou nomenat [[Primer Ministre de Bulgària]].

== Referències ==
{{Referències}}

== Enllaços externs ==
{{commonscat|History of Bulgaria}}
*[http://www.bgns.net/Bg/otech/history/sredna/maps.html Mapes històrics de la Bulgària medieval] {{bg}}.
*[http://www.bgns.net/Bg/otech/history/turigo/maps.html Mapes històrics de Bulgària sota dominació otomana(1396-1878)]
*[http://www.bgns.net/Bg/otech/history/nova/maps.html Mapes històrics de la Bulgària moderna] {{bg}}
*[http://terraeantiqvae.blogia.com/2006/080301-encontrado-en-bulgaria-el-pendiente-de-oro-mas-antiguo-del-mundo.php Trobada a Bulgària l'arracada d'or més antiga del món]
*[http://terraeantiqvae.blogia.com/2006/080401-bulgaria.-pictograma-de-hace-7.000-anos-prototipo-de-la-escritura-lineal.php Bulgària. Pictograma de fa 7.000 anys, prototip de l'escriptura lineal]
*[http://terraeantiqvae.blogia.com/2006/111301-el-utero-de-piedra-de-nenkovo-bulgaria-.php L'úter de pedra de Nenkovo (Bulgària)]
*[[wikisource:en:Essential History of Bulgaria in Seven Pages|Història de Bulgària en set pàgines]] {{en}} ([[wikisource:bg:История на България в седем страници]]) {{bg}}


{{ORDENA:Historia De Bulgaria}}	
[[Categoria:Història de Bulgària]]

{{Enllaç AD|sv}}

[[af:Bulgarye#Geskiedenis]]
[[ast:Bulgaria#Hestoria]]
[[be-x-old:Баўгарыя#Гісторыя]]
[[br:Bulgaria#Istor]]
[[bs:Bugarska#Historija]]
[[el:Βουλγαρία#Ιστορία]]
[[gl:Bulgaria - България#Historia]]
[[li:Bölgarije#Historie]]
[[sh:Bugarska#Istorija Bugarske]]
[[wa:Bulgåreye#Istwere]]</text>
      <sha1>bx8t92t59c4o7ac03j45tfpek4rjy7z</sha1>
      <model>wikitext</model>
      <format>text/x-wiki</format>
    </revision>
  </page>