<page>
    <title>Operació K</title>
    <ns>0</ns>
    <id>1003112</id>
    <revision>
      <id>13969476</id>
      <parentid>13969474</parentid>
      <timestamp>2014-08-24T20:59:06Z</timestamp>
      <contributor>
        <username>SMP</username>
        <id>1734</id>
      </contributor>
      <text>{{Polisèmia|Projecte K}}
{{2L|data=febrer de 2013}}
{{Fitxa de conflicte militar
|Conflicte = [[Guerra del Pacífic (1937-1945)|Teatre del Pacífic]] de la [[Segona Guerra Mundial]]
|Partof = the
|Imatge = [[Fitxer:Operation K.svg|300px|Ruta aproximada duta a terme durant l'Operació K.]]
|Descripción_imagen = Ruta aproximada duta a terme durant l'Operació K.
|Data = 4 març 1942
|Lloc = [[Oahu]]
|Resultat = Bombardeig avortat
|Combatientes1 ={{bandera|United States}}[[Estats Units]]
|Combatientes2 ={{bandera|Japó}}[[Imperi del Japó]]
|Comandante1 = ---
|Comandante2 = Hisao Hashizume
|Soldados1 = ---
|Soldados2 = 2 [[hidroavió|hidroavions]] br/ 2 [[submarí]] s
|Bajas1 = Danys mínims a propietats privades
|Bajas2 = Cap
}}

La{{nihongo|''' Operació K '''|K 作 戦|}}va ser una operació aeronaval japonesa duta a terme durant la [[Segona Guerra Mundial]], l'objectiu era el reconeixement aeri de [[Pearl Harbor]] i la interrupció de les operacions de rescat i reparació iniciades després de l'atac sorpresa del 7 de desembre de 1941. Va tenir lloc el 4 de març de 1942, amb un bombardeig infructuós dut a terme per dos hidroavions pesats [[Kawanishi H8K]]. Aquesta va ser la missió en què es va recórrer la major distància durant una missió de bombardeig en tot el conflicte mundial.ref Name=Budnick Budnick, p. 95 /ref

== Planificació ==
Els plans per dur a terme l'operació es van iniciar en les setmanes posteriors al [[atac a Pearl Harbor]], quan l'Alt Comandament de l'[[Armada Imperial Japonesa]] considerava de quina manera podien aprofitar les capacitats de les hidrocanoas de llarg abast H8K. Plans per bombardejar [[Califòrnia]] i [[Texas]] van ser tinguts en consideració, però quan es va necessitar informació actualitzada sobre les reparacions dutes a terme a les instal·lacions de Pearl Harbor, aquesta ubicació va tenir preferència. Una anàlisi de les reparacions en els molls, drassanes i camps aeris en [[Oahu]] ajudaria al personal de l'Armada Imperial a determinar la capacitat nord-americana de projectar el seu poder militar en els mesos següents.ref Name=Adatelivesonfew{{citar ref|url = http://www.honoluluadvertiser.com/article/20090316/NEWS01/903160345
|títol = Date lives on in few memòries|llengua = anglès|autor = William Cole|publicació = [[Honolulu Advertiser]]|data = 16 març 2009}}/refref L'article original del Honolulu Advertiser ja no està disponible després de la desaparició del periòdic en 2010, però hi ha una còpia de l'article] en un espai personal. /ref

En el projecte inicial s'havien emprar 5 H8K, que volarien fins al [[atol]] de [[French Frigate Shoals]], on repostarían combustible des submarins per volar finalment fins a Oahu.ref Name=Adatelivesonfew/ Si la incursió tenia èxit, noves missions les van dur a terme.ref name=Adatelivesonfew/

En una repetició dels fets previs a l'atac del 7 de desembre, comunicacions japoneses van ser desxifrades i es va descobrir l'objectiu de la missió, incloent el proveïment, però aquesta informació no va ser tinguda en compte.ref Name=Adatelivesonfew/

== Execució ==
Quan es va iniciar l'operació, només dos H8K estaven disponibles.ref Name=Adatelivesonfew/ El tinent Hisao Hashizume, pilot d'un dels hidroavions, estava al comandament de la missió, mentre que l'alferes Shosuke Sasao pilotava l'altre aparell. Van ser enviats a l'atol de [[Wotje]], en les [[Illes Marshall]], on cada aparell va ser carregat amb quatre bombes de 250 kg.ref Name=Budnick/ref name=Adatelivesonfew/ref name=Simpson1 Simpson p. 112 /ref Des d'aquí, van volar 1.900 milles fins French Frigate Shoals per repostar, i van emprendre la darrera etapa fins al seu destí a Oahu, distant 560 milles. A més de la seva missió de reconeixement, el seu objectiu era bombardejar el moll Tingues-Ten (cridat així per la seva longitud de 1.010 peus) a la base naval de Pearl Harborref name=Adatelivesonfew/ per aturar els treballs de rescat i reparació.
[[Fitxer: Kawanishi H8K Flying Boat Emily h8k-1.jpg|thumb|right|250px|Hidrocanoa Kawanishi H8K2 com les emprades en l'Operació K.]]
No obstant això, una sèrie de problemes i errors van ocórrer per ambdues parts. El [[I-23]], un submarí japonès del [[Tipus B1]], havia de patrullar al sud d'Oahu per facilitar informació meteorològica i rescatar les tripulacions dels hidroavions que portarien a terme l'atac en cas que fossin enderrocats, però va desaparèixer sense deixar rastre després del 14 de febrer.ref name=Adatelivesonfew/

Les estacions de [[radar]] nord-americans de [[Kauai]] i posteriorment Oahu, van detectar als dos hidroavions a mesura que s'aproximaven, iniciant una recerca per caces [[P-40 Warhawk]]. Hidroavions [[PBY Catalina]] van ser enviats per localitzar portaavions japonesos, que se suposava havien llançat als aparells incursores. Les espesses formacions de núvols van impedir als defensors localitzar els aparells japonesos, que volaven a una alçada de gairebé 4.600 metres.ref Name=Budnick/ref name=Adatelivesonfew/ref name = Simpson1/

Les mateixes núvols van confondre també als pilots japonesos. Meprant un far a Kaena Point com a referència, Hashizume dedició atacar des del nord. Sasao no va escoltar l'ordre de Hashizume i va virar per vorejar la costa meridional d'Oahu.ref Name=Adatelivesonfew/

Hashizume, després de perdre de vista al seu punt, i amb només retalls de terra visibles entre els núvols, va llançar les seves quatre bombes al vessant de la muntanya Tantalus, un volcà apagat al nord de [[Honolulu]], entre les 2 i les 2 : 15 de la matinada, hora local,ref name=Budnick/ref name=Adatelivesonfew/ref name=Simpson1/ sent incapaç de veure Pearl Harbor a causa de les apagades selectius per evitar atacs aeris.ref name=Adatelivesonfew/ref name=Simpson1/ Les bombes de Hashizume van esclatar a uns 300 metres d'un institut, creant cràters d'entre 2 i 3 metres de profunditat, amb un diàmetre d'entre 6 i 9 metres. El dany es va limitar al trencament dels vidres de diverses finestres.ref Name=Budnick/ref name=Adatelivesonfew/ref name=Simpson1/ref name=Simpson2 Simpson p. 113 /ref Després d'una altra infructuosa recerca, les bombes de Sasao van ser llançades al mar, enfront de Waianae o Pearl Harbor.ref Name=Budnick/ref name=Adatelivesonfew/ref name =  Simpson1 / Els dos hidroavions van volar al sud-oest en direcció al atol de [[Jaluit]], també a les Illes Marshall.ref name=Adatelivesonfew/

== Conseqüències ==
No hi va haver baixes en cap bàndol, tot i que la incursió va augmentar els temors d'una possible invasió japonesa de Hawaii.ref Name=Budnick/

Mitjans de comunicació japonesos van citar un suposat informe radial d'una emissora de Los Angeles que parlava de considerables danys en Pearl Harbor, amb 30 morts i 70 ferits entre personal civil i militar. L'Exèrcit i l'Armada dels Estats Units es van acusar mútuament de llançar les bombes que van caure a la muntanya Tantalus.ref Name=Adatelivesonfew/

Una altra missió de reconeixement estava prevista per al 6ref name=Adatelivesonfew/ref name=Horn Horn, p. 127] /ref o el 7ref name=Budnick/ de març, però va ser cancel·lada a causa del retard en portar a terme la primera incursió, danys al H8K de Hashizume i l'esgotament de la tripulació.ref name = Horn/

La següent missió es va traslladar al 30 de maig, però l'almirall [[Chester Nimitz]] va fer patrullar French Frigate Shoals per impedir que l'atol fos emprat com a punt de trobada. Un submarí japonès va observar a dos vaixells de guerra nord-americans ancorats allà, quan dos dies més tard hidroavions japonesos havien amarar exactament en aquesta posició, el que va comportar la cancel·lació del pla.ref Name=Adatelivesonfew/

Un efecte col·lateral a l'increment de patrulles va ser la impossibilitat per als japonesos d'espiar l'activitat naval nord-americana, i per tant la dels seus portaavions.ref Name=Adatelivesonfew/ Una nova línia de submarins japonesos van ser desplegats amb aquest objectiu el 3 de juny, però la flota nord-americana ja havia deixat Pearl Harbor rumb a la [[batalla de Midway]].

== Vegeu també ==
* [[Incursions Lookout]]

== Referències ==
{{referències|2}}

* Budnick, Rich (2005). '' Hawaii s Forgotten History: the good ... the bad ... the embarrassing ''. Aloha Press. ISBN 0-944081-04-5. (En anglès)
* Horn, Steve (2005). '' The Second Attack on Pearl Harbor: Operation K and Other Japanese Attempts to Bomb America in World War II ''. Naval Institute Press. ISBN 1-59114-388-8. (En anglès)
* Simpson, MacKinnon (2008). '' Hawaii Homefront: Life in the Islands during World War II ''. Bess Press. ISBN 978-1-57306-281-7. (En anglès)

[[Categoria:Operacions de la Segona Guerra Mundial|K]]</text>
      <sha1>q2v35ukf589kysohggid0vgqztbw9hv</sha1>
      <model>wikitext</model>
      <format>text/x-wiki</format>
    </revision>
  </page>