<page>
    <title>Heinkel Lerche II</title>
    <ns>0</ns>
    <id>1004150</id>
    <revision>
      <id>13714660</id>
      <parentid>13652813</parentid>
      <timestamp>2014-06-30T14:39:42Z</timestamp>
      <contributor>
        <username>PereBot</username>
        <id>118448</id>
      </contributor>
      <minor></minor>
      <comment>Robot inserta {{Commonscat}} que enllaça amb [[commons:category:Heinkel aircraft]]</comment>
      <text>{{2L|data=febrer de 2013}}
{{Infotaula aeronau
 |nom = Lerche
 |imatge = Fitxer:Heinkel Lerche.jpg
 |peu de foto =Disseny
 |tipus = Prototip de [[avió de caça|caça]] [[VTOL]]
 |fabricant ={{bandera|Alemanya Nazi}}[[Heinkel]]
 |dissenyador = Dr-Ing. [[Kurt Reiniger]] i Dr-Ing. [[Gerhard Schulz]]ref [http://discaircraft.greyfalcon.us/HEINKEL% 20WESPE.htm Heinkel Lerche II] /ref
 |primer vol =
 |introduït =
 |retirat =
 |estat = Abandonat
 |usuari =
 |altres usuaris =
 |producció =
 |unitats construïdes =
 |cost del programa =
 |cost unitari =
 |desenvolupament del =
 |variants amb el seu propi article =
 |desenvolupat en =
}}

''' Heinkel '' Lerche ''' '' ('[[Alaudidae|alosa]]' en [[idioma alemany|alemany]]) va ser el nom d'un conjunt d'estudis de viabilitat realitzats en [[Alemanya Nazi|Alemanya]] per la companyia de disseny d'aeronaus [[Heinkel]] en els anys [[1944]] i [[1945]] per al desenvolupament d'un revolucionari [[avió d'atac a terra]] i [[avió de caça|caça]] amb capacitat de enlairament i aterratge verticals ([[VTOL]] per les sigles en [[idioma anglès|anglès]]).

== Disseny i desenvolupament ==

Aquest [[caça]]/[[interceptor]] es va basar en un disseny anterior, el [[Heinkel Wespe]].ref [http://www.luft46.com/heinkel/helerche.html Heinkel Lerche II Luft '46 entry] /ref Reiniger, enginyer de l'empresa [[Ernst Heinkel|Heinkel]] en [[Viena]], va començar el treball de disseny el [[25 de febrer]] de [[1945]] i va acabar el disseny de [[8 de març]] de [[1945]].

El '' Lerche '' va ser un disseny primitiu de [[coleòpter]]. S'enlairaria i aterraria sobre la seva cua però volant horitzontalment com un [[avió]] convencional. El pilot aniria situat al morro de l'aeronau, dret en el moment d'enlairament i tombat durant el vol. I el més extraordinari és que seria propulsado per dos [[hèlixs contrarrotativas]] encapsulades en un [[ala circular]] amb forma de [[dònut]]. L'armament consistia en dos canons [[MK 108]] de 30 mm.

Aquest disseny notablement futurista va començar a ser desenvolupat el [[1944]] i va ser conclòs al març de [[1945]]. Els principis [[aerodinàmica|aerodinàmics]] de l'ala anul·lar eren prou fiables, però la proposta es va enfrontar amb tot un seguit de problemes de control i fabricació sense resoldre que farien el projecte molt poc viable fins i tot si no fos per l'escassetat de materials en l'[[Alemanya Nazi]] a finals de la [[Segona Guerra Mundial]].

Un projecte germà va ser el [[Heinkel Wespe]], una versió lleugerament més petita que en lloc de dos rotors, comptava amb un [[turbohélice]].

== Especificacions (Lerche II) ==

{{Especificacions d'aeronau
|Imatge = Heinkel Lerche.jpg
|Descripció imatge =
|Referència =
|Avió o helicòpter? = Avió
|Reactor o hèlix? = Hèlix

|Tripulació = 1 pilot
|Capacitat =
|Càrrega =
|Càrrega més =
|Longitud = 10 [[metro|m]]
|Diàmetre rotor =
|Envergadura = 4,55 m
|Alçada =
|Àrea circular =
|Superfície alar = 12 [[m²]]
|Perfil alar =
|Pes buit =
|Pes carregat = 5.600 [[kg]]
|Pes útil =
|Pes màxim =
|Pes màxim més =

!-- Motors --
|Motors per hèlix = 2
|Model motor = [[Daimler-Benz DB 603]] o [[Daimler-Benz DB 605]].
|Tipus motor = [[motor V12]]
|Potència = uns 2.000-2.400 [[cavall de potència|HP]]
|Potència més =
|Potència/pes =
|Tipus hèlix = 2 × [[hèlixs contrarrotativas]]
|Hèlixs per motor =
|Diàmetre hèlix =

|Altres general =
|Vnexceder =
|Vnexceder més =
|Vnormal = 750-800 km/h

|Vnormal més = a 6.000 m
|Vcrucero =
|Vcrucero més =
|Vpérdida =
|Vpérdida més =
|Vmcontrol =
|Vmcontrol més =
|Autonomia =
|Autonomia més =
|Ràdio acció =
|Ràdio acció més =
|Autonomia combat =
|Autonomia combat més =
|Autonomia ferri =
|Autonomia ferri més =
|Sostre servei =
|Sostre servei més =
|Règim ascens =
|Règim ascens més =
|Càrrega rotor =
|Càrrega alar =
|Càrrega alar més =
|Càrrega rotor màxima =
|Càrrega rotor màxima més =
|Càrrega alar màxima =
|Càrrega alar màxima més =
|Altres rendiment =
|Armes de projectil =
|Metralladores =
|Nombre metralladores =
|Canons = [[MK 108]] de 30 mm
|Nombre canons = 2
|Bombes =
|Míssils =
|Coets =
|Altres armes =
|Punts ancoratge =
|Capacitat ancoratge =
|Punt canó =
|Punt bomba =
|Punt coet =
|Punt míssil =
|Punt altres armes =
|Aviònica =
}}

== Vegeu també ==

{{Secció VT
|Vegeu també =
* [[VTOL]]
* [[Heinkel Wespe]]
|Relacionat =
|Ítem = Aeronaus
|Similars =
*{{Bandera|USA}}[[Convair xfy]]
*{{Bandera|USA}}[[Lockheed XFV]]
|Seqüències =
|Llistes =
* [[Annex: Projectes i prototips d'aeronaus d'Alemanya en la Segona Guerra Mundial]]
}}

== Referències ==

{{referències|2}}

* [http://luft46.com/heinkel/helerche.html Heinkel alosa en Luft46.com]

== Bibliografia ==

* '' Luftwaffe Secret Projects - Ground Attack  Special Purpose Aircraft '', D. Herwig  H. Rode, ISBN 1-85780-150-4

== Enllaços externs ==
{{Commonscat}}

* [http://discaircraft.greyfalcon.us/HEINKEL% 20WESPE.htm ''' Heinkel Wespe  Lerche II (1944-1945) ''' per Rob Arndt]
* [http://www.luft46.com/heinkel/helerche.html Heinkel Lerche a Luft46.com]
* [http://meltingpot.fortunecity.com/seymour/32/lerchemp.html Fotos d'un model de Heinkel Lerche]
* [http://www.luft46.com/mmart/lerchemm.html Galeria d'imatges d'un Lerche (Mario Merino)]
* [http://www.highrollas.com/heinkel.wmv Heinkel Lerche en acció en el joc de PC ''' Il-2 Sturmovik 1946 ''']
* [http://www.youtube.com/watch?v=1gM7pnMS92s Video d'un Lerche II]

[[Categoria:Avions VTOL]]</text>
      <sha1>qvi8ge3ep0cbndanbumvaxqdhtkqhjk</sha1>
      <model>wikitext</model>
      <format>text/x-wiki</format>
    </revision>
  </page>