<page>
    <title>Bulgària durant la Segona Guerra Mundial</title>
    <ns>0</ns>
    <id>1004659</id>
    <revision>
      <id>13653837</id>
      <parentid>13628084</parentid>
      <timestamp>2014-06-23T14:31:04Z</timestamp>
      <contributor>
        <username>EVA2.0 (bot)</username>
        <id>167473</id>
      </contributor>
      <minor></minor>
      <comment>Robot: Reemplaçament automàtic de text  (-!--ORDENA generat per bot-- +)</comment>
      <text>[[Fitxer:Administrative map of Bulgaria during WWII.svg|right|thumb|275px|Divisions provincials de [[Bulgària]] durant la [[Segona Guerra Mundial]], en les quals es mostren les annexions de territoris:
{{Llegenda|#a4ff00|Territori iugoslau}}
{{Llegenda|#84ff94|Territori iugoslau}}
{{Llegenda|#d391ff|Territori grec}}]]
La Història de '''Bulgària durant la Segona Guerra Mundial''' cobreix el període inclòs entre [[1939]] i [[1945]]. Fins a l'[[1 de març]] de [[1941]], [[Bulgària]] es manté neutral en la guerra. En l'esmentada data, es converteix en aliada de les [[Potències de l'Eix]] fins al [[9 de setembre]] de [[1944]], moment en què canvia de bàndol per integrar-se en el dels ''[[Aliats de la Segona Guerra Mundial|Aliats]]'' fins al final de la guerra. No obstant això, cal destacar que, a diferència d'altres països com [[Hongria]] o [[Romania durant la Segona Guerra Mundial|Romania]] que són, igual com la pròpia Bulgària, uns satèl·lits oportunistes del [[Tercer Reich]] que pretenen obtenir guanys territorials d'una aliança amb Alemanya, Bulgària va mantenir relacions diplomàtiques amb l'[[Unió de Repúbliques Socialistes Soviètiques|URSS]] a tota hora.

== Context ==
{{Principal|Història de Bulgària}}
[[Fitxer:Bundesarchiv N 1603 Bild-152, Sofia, bulgarischer Soldat vor Wachhaus.jpg|thumb|150px|Guàrdia fronterer búlgar, 1942.]]
Bulgària no obté la independència de l'[[Imperi Otomà|Imperi otomà]] fins ben entrat el [[segle XIX]], concretament el [[1878]]. El [[1912]], participa en la [[Primera Guerra Balcànica]], contra [[Turquia]], com a aliada de [[Grècia]] i [[Sèrbia]], però després acaba en un malfadat enfrontament amb els seus aliats, amb el qual, finalment, el [[Tractat de Bucarest (1913)]], reparteix el territori de [[Macedònia (regió)|Macedònia]] entre Sèrbia i Grècia, a més d'obligar a la cessió de la totalitat de la [[Dobrudja]] a [[Romania]]; d'aquesta manera Bulgària només conserva una petita sortida cap a la [[Mar Egea]]. Tot això explica per què, durant la [[Primera Guerra Mundial]], Bulgària s'alia amb Alemanya, Àustria-Hongria i l'Imperi Otomà, ocupa Macedònia, el nord de Grècia (la Macedònia grega) i la Dobrudja. No obstant això, el [[1918]] es troba de nou en el bàndol dels derrotats: el [[Tractat de Neuilly]], firmat el [[1919]] li fa perdre fins i tot l'accés a l'Egea (a més de petites rectificacions frontereres menors) i li prohibeix l'existència d'una [[aviació]] búlgara.

En el període d'entreguerras, prenent exemple del que succeeix en Alemanya, el rei [[Boris III de Bulgària]] n'obvia una per una les diverses clàusules del Tractat de Neuilly, primer de forma indirecta, però ja obertament a partir de [[1930]]. Així, per exemple, es funda una Força Aèria de Bulgària el [[1935]]. Al propi temps, el país cau sota un règim fortament autoritari, després d'un període de disturbis i enfrontaments, especialment entre comunistes, revolucionaris macedonis i lligues feixistes.ref name=Philippot  Robert Philippot ''De la Bulgarie avant li Bulgares à la République populaire'', article ''Bulgarie'' a Encyclopedia Universalis, 2000/ref

== Neutralitat (1939-1941) ==
Quan esclata la [[Segona Guerra Mundial]], el [[1939]], segueix al capdavant de la Monarquia búlgara Boris III. El seu govern es declara decidit a romandre neutralref name=Exordio{{citar web
 | primero = 
 | any = 2006
 | url = http://www.exordio.com/1939-1945/paises/bulgaria.html
 | títol = Segunda Guerra Mundial - Bulgaria
 | format = url
 | consulta = 01-08-2007
 | añoacceso = 2007
 | llengua = [[castellà]]
}}/ref fins al final de la guerra, però espera aprofitar-se de la situació per treure profit en forma d'obtenció d'alguns territoris, especialment a les zones de població de majoria búlgara que els tractats anteriors han cedit als seus veïns. A finals de setembre, ocupada ja Polònia, Romania proposa un bloc balcànic neutral sota direcció italiana però Bulgària rebutja la proposta d'unir-se als seus veïns en l'[[Entesa dels Balcans]], davant de l'esmentada possibilitat d'aconseguir guanys territorials en l'ambient de canvis i el pla fracassa.ref name=haynes121[[#Haynes|Haynes, pàg 121]]/refLa pròpia situació geopolítica del país als [[Balcans]] acaba amb els intents de romandre neutral, de resultes de la pressió de les grans potències.

[[Bogdan Filov]] ocupa el càrrec de primer ministre el [[16 de febrer]] de [[1940]]. Es tracta d'una persona amb idees polítiques d'extrema dreta, de cultura alemanya i notori germanòfil. La germanofília del rei i del primer ministre contrasten amb els sentiments russòfils de la població.ref name=SnejdarekAntonin Snejdarek, Casimira Mazurowa-Château ''La nouvelle Europe Centrale'', Imprimerie Nationale, [[1986]], p.53-57/ref Cal recordar sobre això el suport prestat per [[Rússia]] a la independència búlgara, així com l'existència del [[paneslavisme]].

El primer guany territorial, tanmateix, té lloc per la via de la negociació, a compte de Romania (Vegeu l'article ''[[Romania durant la Segona Guerra Mundial]]''): amb el [[Tractat de Craiova]], la [[Dobrudja]] meridional s'integra a Bulgària el [[7 de setembre]] de 1940.ref name=Exordio/

== Aliança amb les forces de l'Eix (1941-1944) ==
El novembre de 1940, durant una entrevista amb [[Adolf Hitler|Hitler]] a [[Berlín]], [[Viatxeslav Mólotov|Mólotov]] havia expressat la voluntat de l'[[Unió de Repúbliques Socialistes Soviètiques|URSS]] d'incloure Bulgària en la seva esfera d'influència. El rebuig d'Alemanya d'aquesta sol·licitud serà un dels factors desencadenants del final del [[Pacte Mólotov-Ribbentrop]] firmat l'agost de 1939, i indirectament, per a Bulgària, del final del seu període de neutralitat.ref name=KostovVladimir Kostov ''La République populaire bulgare'', article ''Bulgarie'' a Encyclopedia Universalis, 2000/ref 

[[Fitxer:Rumania-Bulgaria.svg|right|thumb|Fronteres de Romania i Bulgària, en les quals es destaca la Dobrudja:
{{Llegenda|#fcbe00|Dobrudja septentrional}}
{{Llegenda|#ffff00|Dobrudja meridional}}]]

Bulgària s'uneix gradualment a les [[Potències de l'Eix]] a l'hivern de 1940 - 1941. Després de rebutjar la firma del [[Pacte Tripartit]] que ja havia rubricat altres països de la zona, en al·legr el seu temor a represàlies soviètiques,ref name=presseisen365[[#Presseissen1960|Presseissen, pàg 365]]/ref els preparatius per a l'adhesió de Bulgària a l'Eix continuen discretament en els mesos següents.ref name=presseisen366[[#Presseissen1960|Presseissen, pàg 366]]/ref El gener els alemanys adverteixen als soviètics de la necessitat de travessar el país per atacar a les forces britàniques a Grècia i el mariscal de camp [[Wilhelm List]] es desplaça a [[Sofia]].ref name=presseisen366/ El [[8 de febrer]] de [[1941]] firma un acord secret amb l'Alt Comandament búlgar que li assegura transport per a les tropes alemanyes però indica que l'Exèrcit búlgar no participarà en la campanya, sinó que es limitarà a mantenir l'ordre al país i guardar la frontera amb Turquia.ref name=presseisen366/ El [[28 de febrer]] de 1941 el primer ministre [[Bogdan Filov]] torna a viatjar a [[Viena]] i els alemanys comencen a construir tres ponts sobre el [[Danubi]].ref name=presseisen366/ Bulgària subscriu l'[[1 de març]] de 1941 el Pacte Tripartit i l'endemà les tropes alemanyes creuen el riu i entren al país.ref name=presseisen366/ 

El [[6 d'abril]], malgrat la seva adhesió a l'Eix, Bulgària limita la seva activitat militar durant la primera fase de la invasió de Iugoslàvia (vegeu l'article ''[[Iugoslàvia durant la Segona Guerra Mundial]]'') i de la [[Batalla de Grècia]], i deixa les operacions decisives a les mans dels exèrcits alemany i italià. La rendició de Iugoslàvia té lloc el [[17 d'abril]] i la de Grècia es produeix el [[30 d'abril]].

El [[20 d'abril]], Bulgària adopta una actitud més activa: les tropes búlgares penetren a la regió de l'Egea, amb l'objectiu d'obtenir guanys territorials a [[Regió de Tràcia|Tràcia]] i a la [[Macedònia (Grècia)|Macedònia grega]]. Els búlgars ocupen un territori situat entre el riu [[Estrimó]]n i una línia de demarcació que uneix [[Alexandrúpoli]] amb [[Svilengrad]], a l'oest del riu [[Maritsa]]. A més d'Alexandrúpoli, aquesta zona comprèn les ciutats de [[Komotini]], [[Serres]], [[Xanthi]], [[Drama]] i [[Kavala]], així com les illes de [[Tassos]] i [[Samotràcia]]. Els territoris pertanyents a la Macedònia iugoslava (avui és la [[República de Macedònia]]) i punts de l'est de Sèrbia són igualment objecte d'ocupació búlgara.ref name=Exordio/

El [[22 de juny]] de 1941, Bulgària no pren part en la [[Operació Barbarroja|Invasió de l'URSS]] al costat del seu aliat alemany.ref name=batowskiBatowski, Henryk: Diplomatic Events in East-Central Europe in 1944, ''East European Quarterly'', 5:3 (1971)/ref El Govern búlgar es veu tanmateix obligat pels alemanys a declarar la guerra al [[Regne Unit]] i als [[Estats Units d'Amèrica]] a finals de l'any 1941. Els Aliats bombardejaran sis vegades [[Sofia]] (la capital) i altres urbs de Bulgària entre novembre de [[1943]] i gener de [[1944]]

[[Fitxer:OcupaciónDeGreciaPorElEje.svg|right|thumb|L'ocupació de Grècia per l'Eix:
{{Llegenda|#cd3700|Territori ocupat per Bulgària}}]]

La invasió de l'URSS pels alemanys genera al país una onada de manifestacions i la constitució per part del clandestí [[Partit Comunista de Bulgària]] d'un moviment de resistència, el [[Front de la Pàtria]]. El [[Zveno]], partit polític clarament ubicat a la dreta de l'espectre polític, però que és tanmateix hostil a l'aliança amb els nazis s'adhereix al capdavant de la Pàtria el 1943. Les partides de partisans es mostren particularment actives als sectors muntanyosos de l'oest i del sud del país.

El dia [[13 de desembre]] de [[1941]], després de l'[[atac a Pearl Harbor]] per part del [[Japó]], l'entrada en la guerra dels [[Estats Units d'Amèrica]] al costat dels [[Aliats de la Segona Guerra Mundial|Aliats]], i la declaració de guerra d'[[Alemanya]] als Estats Units el dia [[11 de desembre]],ref name=SGM {{citar web
 | primero = 
 | url = http://www.fortunecity.es/imaginapoder/artes/392/desarrollo.html
 | títol = La Segunda Guerra Mundial
 | format = url
 | consulta = 01-08-2007
 | añoacceso = 2007
 | llengua = [[castellà]]
}}/ref [[Bulgària]] declara igualment la guerra als Estats Units, encara que continua declarant la seva neutralitat respecte de la [[Unió de Repúbliques Socialistes Soviètiques|Unió Soviètica]].ref name=Exordio/

L'agost de 1943, després d'un viatge a Alemanya, el rei Borís III mor prematurament, de forma bastant misteriosa,ref name=Snejdarek / i deixa com a successor el seu fill [[Simeó II de Bulgària]], de sis anys d'edat. Els tres homes que constitueixen el Consell de Regència, el príncep Ciril, l'antic president del Consell de Ministres Filov i el ministre de la Guerra Mitxov tots ells són d'extrema dreta. El príncep Ciril es trasllada en diverses ocasions a [[Berlín]], no per discutir, sinó per rebre les ordres de [[Adolf Hitler|Hitler]].ref name=Snejdarek/ 

Si bé formava part de les forces de l'Eix, Bulgària mantenia relacions diplomàtiques amb l'URSS. A l'estiu de 1943, després d'haver esclafat les línies defensives alemanyes, al sector de [[Iași]] i de [[Chișinău]], l'[[Exèrcit Roig]] s'aproxima als Balcans i a Bulgària. El [[23 d'agost]] de [[1944]], Romania abandona el camp de l'Eix i declara la guerra a Alemanya. Els romanesos autoritzen llavors els russos a travessar el seu territori per penetrar a Bulgària. Els regents demanen llavors als representants de l'oposició la formació d'un Govern d'unitat, però els representants del Front de la Pàtria (que s'havia creat el [[1942]])ref{{citar web
 | any= 2000
 | url = http://www.rumbo.es/guide/es/europa/bulgaria/histo.htm
 | títol= Bulgaria - Historia
 | consulta= 01-08-2007
 }}/ref rebutgen la cooperació amb els regents, que formen un Govern moderat format essencialment per polítics del Partit Agrari.ref name=Snejdarek/ref name=batowski/ El nou govern es retira del [[Pacte Tripartit]] però tracta de mantenir la neutralitat i de no declarar la guerra a [[Tercer Reich|Alemanya]].ref name=batowski/

== La situació interior ==
Una de les peculiaritats de Bulgària entre els països de l'Eix és que el paper del Parlament de Sofia, la ''Sobranje'', és efectiu: allà es voten les lleis, i a més es discuteix, es critica i es corregeix l'acció governamental. Una revista independent ''Mir'', de tendències més aviat conservadores, és autoritzada per a la publicació d'algunes crítiques, tant sobre política interior com sobre política exterior. El març de 1941, els representants de l'oposició política coneguts per les seves opinions antialemanyes són internats, però la major part d'ells són posats en llibertat el juny de 1941. Els únics que són víctimes d'una persecució generalitzada són els comunistes.ref name=Snejdarek/

La guerrilla del Front de la Pàtria disposava de 30.000 milicians.ref{{ref-llibre|cognom = Hermes|nom = Luciano|cognom2 = Moreno|nom2 = Tomás|títol = Bulgaria bajo la lente|edició = 1ª|any = 1974|editorial = Editorial Cartago|lloc = Buenos Aires|pàgines = 17}}/ref Perd 9.415 d'aquests soldats i 20.000 dels seus enllaços són executats per les autoritats (afusellats, penjats o cremats vius). D'altres desenes de milers van morir en camps de concentració.ref name=nadra{{ref-llibre|cognom = Nadra|nom = Rodolfo|títol = ¿Conoce usted Bulgaria?|edició = 1ª|any = 1974|editorial = Ediciones Mundo Contemporáneo|lloc = Buenos Aires|pàgines= p. 12}}/ref

== Els jueus a Bulgària ==
A Bulgària hi havia censats 50.000 jueus; a més, als territoris ocupats en Grècia i Iugoslàvia en vivien aproximadament uns altres 15.000. Els jueus búlgars són majoritàriament habitants a les ciutats, sent sovint obrers. No són rics, i l'antisemitisme no està especialment desenvolupat a Bulgària.ref name=Hilberg Raul Hilberg ''La destruction des juifs d'Europe'', Gallimard, 2006, pàg. 1378-1404/ref Per expressar l'estat de l'opinió pública respecte dels jueus, Hilberg escriu que els jueus ''no despertaven ni una simpatia extraordinària, ni una hostilitat excepcional''.

Aquesta absència d'antisemitisme declarat no impedeix que el Parlament búlgar adopti lleis antijueves.ref name=Filologicos/ Segons una llei promulgada el [[21 de gener]] de [[1941]], en el moment en el qual es produeix l'acostament cap a Alemanya, queden prohibits els matrimonis mixtos, els funcionaris jueus són acomiadats i s'instaura un ''[[numerus clausus]]'' entre els treballadors independents, però un tribunal administratiu suprem exclou de la llei a una categoria de jueus privilegiats, és a dir, per exemple els antics combatents i els orfes de guerra. Les empreses no autoritzades a seguir amb les seves activitats són venudes d'ofici o sotmeses a una arianització obligatòria.ref name=Hilberg/

Molts jueus no posseïdors de mitjans de fortuna no resulten afectats per aquestes mesures d'expropiació, i a més són allistats al servei de treball obligatori, com la resta de ciutadans búlgars. El Servei Alemany de Treball rebutja llavors tota cooperació amb el Servei búlgar de treball, i l'ambaixador alemany Beckerle només aconsegueix que a partir d'agost de 1941 es creï un servei de treball jueu especial en el qual els jueus no portin uniforme, sinó una estrella. Són 3.300 el juny de 1942 i 10.000 a la primavera de 1943.ref name=Hilberg/

A partir de finals de 1941, els alemanys exerceixen pressions cada vegada més intenses perquè els jueus siguin concentrats per a la seva deportació. Quan els alemanys creuen haver aconseguit avenços en aquest sentit, per exemple, el juny de 1942, quan el ministre de l'interior Grabowski sol·licita l'expulsió de tots els jueus de la capital, es troben que a Bulgària els poders es troben prou disseminats en múltiples nivells perquè totes les mesures decisives desitjades pels alemanys es vegin bloquejades a la pràctica. El rei Boris manté bones relacions amb els dirigents jueus. Arran d'una manifestació de 350 jueus al pati del Ministeri de l'Interior, Grabowski fa marxa enrere. L'Església ortodoxa es compromet en favor dels jueus: el [[27 de setembre]] de [[1942]], el metropolita Esteve dóna el tret de sortida per a una campanya contra l'obligació de portar l'estrella, en un sermó en el que afirma que ''no correspon als homes torturar o perseguir els jueus''. Així, encara que les autoritats búlgares hagin efectivament pres mesures per a l'expulsió de tots els jueus de la capital, que per als alemanys no és sinó el primer pas per a la seva deportació final, els búlgars sabran oposar la inèrcia suficient com per bloquejar els projectes alemanys.ref name=Hilberg /ref name=Filologicos{{citar web
 | primero = 
 | any = 2003
 | url = http://www.um.es/tonosdigital/znum5/estudios/J-infierno.htm
 | títol = Una lengua en el infierno: el judeo-español en los campos de exterminio
 | obra = Revista electrónica de Estudios Filológicos
 | consulta = 01-08-2007
 | añoacceso = 2007
 | llengua = [[castellà]]
}}/ref

Si bé els jueus de la Vella Bulgària van quedar, doncs, preservats del pla d'extermini previst pels nazis, els dels nous territoris, [[Regió de Tràcia|Tràcia]] i [[Macedònia (regió)|Macedònia]], annexionats el 1941, foren majoritàriament deportats i exterminats majoritàriament. El gener de [[1943]], el [[nazisme|nazi]] [[Theodor Dannecker]], adjunt d'[[Adolf Eichmann]], arriba des de França per conduir les operacions de deportació a Bulgària. El 5 d'abril, dels 6.000 jueus de Tràcia, 4.221 han estat deportats, així com 7.122 dels 8.000 jueus de Macedònia. [[Dimitar Peixev]], vicepresident de la ''Sobranje'', el Parlament búlgar, presenta llavors una moció de censura i acusa el Govern d'atrocitats produïdes durant les deportacions. La deportació de 6.000 jueus de la vella Bulgària, promesa als alemanys, es veu llavors frenada.ref name=Hilberg/ 

El [[30 d'agost]] de [[1944]], els diaris de Sofia anuncien que el Govern ha decidit la derogació de tota la legislació antisemita.ref name=Hilberg/

== En el camp dels Aliats (1944-1945) ==
[[Fitxer:War-memorial-in-Ochusha.jpg|250px|thumb|Monument als caiguts en la guerra al poble d'Otxuixa]]
El [[5 de setembre]] de 1944, la Unió Soviètica declara la guerra a Bulgària i envaeix el país.ref name=batowski/ Les tropes soviètiques ocupen el nord-est del país, amb els ports de [[Varna]] i de [[Burgàs]]. L'Exèrcit búlgar rep l'ordre de no oposar resistència.ref name=batowski/ El [[8 de setembre]] de 1944, els búlgars canvien de camp i s'alien amb l'URSS en la guerra contra Alemanya.

En la nit del 8 al 9 de setembre de 1944, una [[revolució]] organitzada per [[Damian Veltxev]], un oficial membre del [[Zveno]], dóna el poder a la resistència del Front de la Pàtria amb [[Kimon Gueorguiev]] com a primer ministre.ref name=batowski/ Bulgària es rendeix el [[9 de setembre]]ref name=SGM/ i declara el [[10 de setembre]] de [[1944]] la guerra a Alemanyaref name=Exordio/ que intenta, sense èxit, imposar un govern titella dirigit per [[Aleksandr Tsankov]].ref name=batowski/ref name=Snejdarek/ A Macedònia, alguns oficials búlgars d'alt rang es mantenen fidels als alemanys, però les tropes es revolten i tornen a les fronteres de l'antiga Bulgària.

Tres Exèrcits búlgars, que apleguen gairebé 500.000 homes, participen en l'esforç de guerra aliat, entrant a Iugoslàviaref name=batowski/ amb l'objectiu de bloquejar el replegament de les tropes alemanyes estacionades a Grècia. L'est i el sud de Sèrbia, així com Macedònia, són alliberades en un mes, i els 150.000 homes del Ier Exèrcit prossegueixen la lluita a Hongriaref name=batowski/ i, l'abril de 1945, a Àustria. Estableixen contacte amb els britànics del [[8è exèrcit britànic]] a [[Klagenfurt]], el [[8 de maig]] de 1945. Bulgària va perdre 32.000 de soldats i oficials en la guerra contra l'Eix.ref name=nadra/

== Epíleg ==
Després de la Segona Guerra Mundial, un govern dirigit per [[Gueorgui Dimitrov]] s'instal·la en la nova [[República Popular de Bulgària]]. La monarquia queda abolida i el rei es veu forçat a l'exili. 

El [[Tractat de París (1947)]] confirma la pertinença de la [[Dobrudja]] meridional a Bulgària, mentre que els territoris a la vora de la [[Mar Egea]] són restituïts a Grècia. 150.000 búlgars són expulsats d'allà.

El total de víctimes de la [[Segona Guerra Mundial]] a [[Bulgària]] s'estima en unes 50.000 persones.ref name=Exordio/

== Vegeu també ==
* [[Txecoslovàquia durant la Segona Guerra Mundial]]
* [[Hongria durant la Segona Guerra Mundial]]
* [[Romania durant la Segona Guerra Mundial]]
* [[Iugoslàvia durant la Segona Guerra Mundial]]

== Referències ==
*{{ref-llibre
 | cognom = Haynes
 | nom = Rebecca
 | títol = Romanian policy towards Germany, 1936-40
 | data = 
 | editorial = Palgrave Macmillan
 | lloc = 
 | llengua = anglès
 | pàgines = 
 | isbn = 9780312232603
 | ref = Haynes
}}

*{{Citar publicació 
 | cognom = Presseisen
 | nom = Ernst L.
 | enllaçautor = 
 | cognom2 = 
 | nom2 = 
 | article = Prelude to “Barbarossa'': Germany and the Balkans, 1940–1941
 | url = http://www.jstor.org/pss/1872611
 | format = 
 | llengua = anglès
 | consulta = 
 | publicació = Journal of Modern History
 | editorial = 
 | lloc = 
 | volum = 32
 | exemplar = 4 
 | data = 1960
 | pàgines = 359-370
 | issn = 
 | citació = 
 | ref = Presseissen1960
}}

== Notes ==
{{Referències}}


{{ORDENA:Bulgaria Durant La Segona Guerra Mundial}}	
{{Enllaç AB|es}}

[[Categoria:Política de la Segona Guerra Mundial]]
[[Categoria:Història de Bulgària]]</text>
      <sha1>azj8t332y11gh51pnztu6y97vpuqnl2</sha1>
      <model>wikitext</model>
      <format>text/x-wiki</format>
    </revision>
  </page>