<page>
    <title>Jijiga</title>
    <ns>0</ns>
    <id>1005849</id>
    <revision>
      <id>13654886</id>
      <parentid>13582295</parentid>
      <timestamp>2014-06-23T15:23:20Z</timestamp>
      <contributor>
        <username>Langtoolbot</username>
        <id>128552</id>
      </contributor>
      <minor></minor>
      <comment>Correcció tipogràfica: espais sobrants</comment>
      <text>[[Fitxer:JIJIGA TOWN. DSC01206.JPG|thumb|Jijiga de nit]]
'''Jijiga''' (somali ''Jigjiga'') és una ciutat a [[Etiòpia]] oriental i capital de la [[Regió Somali]] (''kilil'' = regió). Està situada a la Zona de Jijigaaproximadament 80 kms a l'est d'[[Harar]] i 60 kms a l'oest de la frontera amb [[Somàlia]]; està a 1.609 metres per sobre el nivell de la mar.
 
La ciutat està situada a la carretera principal entre Harar i la ciutat somali d'[[Hargeisa]], i és coneguda per la producció d'[[encens]]. Ha gaudit de servei postal des de 1923, i tenia servei telefònic ja el 1956.ref name=NAI-web  [http://130.238.24.99/library/resources/dossiers/local_history_of_ethiopia/j/Ortji.pdf Local History in Ethiopia] The Nordic Africa Institute website (accedit el 31 de maig de 2008) /ref Una carretera asfaltada de 170 kms connecta Jijiga amb Degehabur; aquesta carretera fou acabada elt 14 de novembre de 2008 a un cost de més de 230 milions de birrs.ref. [http://www.ena.gov.et/EnglishNews/2008/Nov/14Nov08/73055.htm Jijiga-Degehabur asphalt road open for traffic], Ethiopian News Agency (accés 20 de gener de 2010) /ref Jijiga disposa de l'aeroport de Jijiga (codis  JIJ i HAJJ). Jijiga era una simple ciutat de província d'[[Hararghe]], però amb l'adopció de la [[Constitució]] d'Etiòpia de 1995, es va convertir en la [[capital]] de la Regió Somali.

== Demografia ==
Segons la ''Central Statistical Agency'' el 2005, Jijiga tenia una població estimada de 98.076 habitants (50.355 homes i 47.721 dones)ref[http://www.csa.gov.et/text_files/2005_national_statistics.htm CSA 2005 National Statistics], Taula B.4/ref Al cens de 1997 tenia 65.795 habitants (33.266 homes i 32.529 dones). Ela quatre grups ètnics principals eren els somalis (61.58%), els amhares (23.25%), els oromos (7.32%), i els gurage (4.37%); la resta sumaven entre tots un 3,48%ref[http://www.csa.gov.et/surveys/Population%20and%20Housing%20Census%201994/survey0/data/docs%5Creport%5CStatistical_Report%5Ck05%5Ck05.pdf ''1994 Population and Housing Census of Ethiopia: Results for Somali Region, Vol. 1''] Taules 2.4, 2.14 (accés 10 de gener de 2009). Els resultats del cens del 1994 es van considerar poc satisfactoris i foren repetits el 1997./ref La ciutat és la principal població del districte (woreda) de Jijiga.
 
== Història ==

Jijiga apareix esmentada per W.C. Barker el 1842 com un dels ''mahalla'' o llocs de parada de la caravana entre [[Zeila]] i Harar.refBarker, [http://www.jstor.org/stable/1798000 Extract Report on the Probable Geographical Position of Harrar; With Some Information Relative to the Various Tribes in the Vicinity al ''Journal of the Royal Geographical Society''], número 12 (1842), pàg. 244 /ref

[[Fitxer:Jijiga people with goats.jpg|thumb|left|250px|Escena de carrer  a Jijiga]] 
Un coronel i caçador britànic, Swaynem va passar a través de Jijiga el febrer de 1893, i la va descriure com un fort de pals de fusta amb una guarnició de 25 homes prop d'un grup de pous.ref. H. G. C. Swayne, [http://www.jstor.org/stable/1773666 A Trip to Harar and Imé, ''Geographical Journal''], 2 (setembre de 1893), pàg. 251 /ref

Segons I. M. Lewis, Jijiga fou atacada pels seguidors de  [[Sayid Maxamed Cabdille Xassan|Sayyid Mohammed Abdullah Hassan]] el març de 1900. Encara que els atacants patiren fortes pèrdues que van permetre al govern etiòpic declarar una victòria, els homes de Sayyid Mohammed recobraren bestiar que els etíops havien agafat dels somalis i demostraven que Sayyid Mohammed era una força amb la que calia comptar.ref. I. M. Lewis, ''A Modern History of the Somali'', quarta edició (Oxford: James Currey, 2002), pàg. 71. /ref  No obstant  Richard Pankhurst manifesta que Jijiga fou fundava el 1916 pel ''Fitawrari'' abissini [[Tekle Hawariat Tekle Mariyam]], que metòdicament va organitzar la ciutat en una quadrícula de carrers.ref. Richard Pankhurst, ''Història Econòmica d'Etiòpia'' (Addis Abeba: Haile Selassie University, 1968), pàg. 621 /ref

During la segona guerra italo-etíop, Jijiga va ser emprada una temporada com la seu del ''Dejazmach'' [[Nasibu Emmanual]] i com a centre de subministrament per a l'exèrcit etiòpic. Una força italiana sota el coronel Navarra va ocupar la ciutat la vesprada del 5 de maig de 1936.ref name=NAI-web/  Dos dies més tard, mentre inspeccionava una església Ortodoxa etiòpica arruïnada a la ciutat, el mariscal [[Rodolfo Graziani]] queia a un forat amagat, que després va quedar convençut que era un cep; Anthony Mockler suggereix que aquest contratemps va contribuir a la seva manera de pensar paranoica que va portar a les atrocitats que van seguir a l'intent contra la vida de Graziani el 19 de febrer de 1937.ref. Anthony Mockler, ''Haile Selassie's War'' (Nova York: Olive Branch, 2003), pàg. 144 /ref
 
El 17 de març de 1941, durant la [[Campanya d'Àfrica Oriental|campanya africana oriental]] de la [[Segona Guerra Mundial]], Jijiga fou ocupada per la 23a Brigada nigeriana de la 1ª Divisió africana britànica.  Això fou després que la guarnició italiana ja havia abandonat la ciutat.ref. Mockler, pàg. 365 f /ref

Una vegada que tingueren possessió de Jijiga,  els britànics van trigar a tornar la ciutat als etíops. Al principi, s'incloïa com a part de l'Àrea Reservada, com estava definida en l'Acord Angloetiòpic de 31 de gener de 1942, que també incloïa gran part de l'[[Haud]]. Només després de pressió pacient de l'emperador [[Haile Selassie]], el 1948 els dos països començaven a parlar d'un acord per a l'evacuació dels britànics d'aquest territori. Encara que els oficials etiòpics es començaven a fer càrrec de l'administració de mans d'oficials britànics entre maig i juliol de 1948, el protocol que acceptava la transferència no es va signar fins al 24 de juliol d'aquell any. Una demostració breu de nacionalisme somali es va produir a Jijiga quan la [[Lliga de la Joventut Somali]] (SYL) alçava la seva bandera davant de la seva seu desafiant la llei i als nous administradors etiòpics. El major Demeka, el governador designat per a la província d'Ogaden, demanada a l'administració militar britànica, que va restar quieta al càrrec, de treure la bandera. Quan els líders de la SYL es negaren a treure la seva bandera, la policia la va baixar amb una metralladora muntada en un cotxe blindat. En els disturbis que van seguir, un policia fou mort i un altre ferit mentre la policia obria foc sobre la multitud i matava 25 d'ells. La SYL fou proscrita poc després a Etiòpia.ref name=NAI-web/ 

Germame Neway, un dels líders del cop fracassat de 1960, va ser governador de Jijiga el 1959. Se l'havia transferit allà per a la seva cívica responsabilitat i preocupació pels desfavorit mentre administrava un districte a la [[província de Sidamo]]. L'obstrucció que va trobar, no solament a Sidamo sinó a Jijiga, el va convencer de la necessitat de mesures radicals.ref Bahru Zewde, ''A History of Modern Ethiopia: 1855-1991'', 2a edició (Oxford: James Currey, 2001), pàg. 213 /ref  En la primera etapa del [[Derg]] les unitats de la Tercera Divisió van posar al governador local sota arrest domiciliari al voltant del 13 d'abril de 1974.ref name=NAI-web/  Durant la [[Segona guerra etíop-somali|Guerra de l'Ogaden]], Jijiga fou ocupada per la divisió d'[[Ahmad ben Ibrahim al-Ghazi]] del [[Front d'Alliberament de Somàlia Occidental]] dirigida pel Coronel  Yusuf Dheere, i més tard per l'[[Exèrcit Nacional de Somàlia]], des del setembre de 1977 fins al febrer de 1978.

El govern Regional va organitzar una conferència en aquesta ciutat per promoure la pau i el desenvolupament, celebrada entre el 10 i el 13 de març de 1996, a la qual assistiren 535 delegats dels woredes, així com el vice-primer ministre i Ministre de Defensa d'Etiòpia, Tamirat Layne, el ministre d'Afers Exteriors, Seyoum Mesfin, els presidents de [[Regió Tigré|Tigré]] i d'[[Harari]] i representants d'[[Regió Amhara|Amhara]] i dels [[Pobles del Sud]]ref[http://www.africa.upenn.edu/eue_web/jijiga_con.htm Report on the Peace and Development Conference Jigjiga, 10-13 March 1996] UNDP Emergencies Unit for Ethiopia report, April 1996 (accés 26 de desembre de 2008) /ref El  28 de maig de 2007, durant la celebració del Ginbot 20 (una festa del calendari etíop) en que se celebrava la caiguda del Derg, Jijiga i Degehabur foren els escenaris d'atacs contra civils i oficials governamentals. Com a mínim 16 persones van morir i 67 foren ferides, incloent-hi [[Abdulahi Hassan Mohammed]], president de la Regió somàlia, que estava parlant a la cerimònia. El govern etiòpic va culpar de l'atac al [[Front Nacional d'Alliberament de l'Ogaden]].ref. [http://english.aljazeera.net/NR/exeres/75E9A636-0634-40CA-81BF-D1598386E18F.htm Molts matat en atacs a Etiòpia] (al Jazeera) /ref

El 29 de maig de 2008, després d'intenses pluges el riu Jijiga es va desbordar i va inundar diversos ''[[kebele]]s'' de la ciutat i rodalia; van morir 29 persones i es van perdre 350 cases.ref[http://www.ocha-eth.org/Reports/downloadable/FocusonEthiopiaMay2008.pdf Focus On Ethiopia, February 2008], UN-OCHA website (accés 19 de març de 2009)/ref El 27 de setembre del mateix any una bomba va esclatar en un hotel a Jijiga matant o ferint a 20 persones. La policia va detenir un sospitós que va confesar ser membre d'[[Al-Itihaad al-Islam]].ref[http://www.state.gov/g/drl/rls/hrrpt/2008/af/119001.htm 2008 Human Rights Reports: Ethiopia], Bureau of Democracy, Human Rights, and Labor, US State Department (accés 8 de juliol de 2009)/ref  

== Notes ==
{{referències}}

==Enllaços externs==
{{commonscat}}
* [http://web.archive.org/web/20070405112211/http://www.addistribune.com/Archives/2001/12/28-12-01/CITIES.htm Cities of Ethiopia: Jijiga] per John Graham (Addis Tribune, 28 de desembre de 2001)
 
{{coord|09|21|N|42|48|E|display=title|region:ET-SO_type:city(98076)}}


[[Categoria:Ciutats d'Etiòpia]]</text>
      <sha1>cv0zhqm1aenrq71xbh9skvio4h8j6jj</sha1>
      <model>wikitext</model>
      <format>text/x-wiki</format>
    </revision>
  </page>