<page>
    <title>Francisco Méndez Aspe</title>
    <ns>0</ns>
    <id>1005592</id>
    <revision>
      <id>13810442</id>
      <parentid>13752648</parentid>
      <timestamp>2014-07-13T10:41:34Z</timestamp>
      <contributor>
        <username>Langtoolbot</username>
        <id>128552</id>
      </contributor>
      <minor></minor>
      <comment>Corregit: a trasferir-se  a transferir-se</comment>
      <text>'''Francisco Méndez Aspe''' ([[Madrid]], [[1901]] - ?, ?) va ser un [[economista]]ref{{cita Harvard|Alted|2005|pp=228}}/ref i [[polític]] [[Espanya|espanyol]], membre d'[[Izquierda Republicana]], [[Ministeri d'Economia i Hisenda d'Espanya|ministre d'Hisenda i Economia de la República Espanyola]] durant el segon govern de [[Juan Negrín|Negrín]], al que seguí en l'exili ([[5 d'abril]] de [[1938]] - [[17 d'agost]] de [[1945]]).

== Biografia ==
Va ocupar diversos llocs en l'administració de l'Estat dins del [[Ministeri d'Hisenda d'Espanya|Ministeri d'Hisenda]] durant la [[Segona República Espanyola|Segona República]]. El 1932 era cap d'administració del Cos Pericial de Comptabilitat de l'Estat, sent nomenat aquest any delegat de la Intervenció General de l'Administració de l'Estat en el Consell per a l'explotació del patrimoni de la República.ref[http://hemeroteca.lavanguardia.es/preview/1931/04/12/pagina-21/33197814/pdf.html ''La Vanguardia'', 1 d'abril de 1932]/ref Després de les [[eleccions generals espanyoles de 1936|eleccions de febrer de 1936]], va ser nomenat director general del Timbre, Llumins i Explosius i representant de l'Estat en la [[Companyia Arrendatària de Tabacs]].ref[http://hemeroteca.lavanguardia.es/preview/1936/02/28/pagina-24/33122986/pdf.html ''La Vanguardia'', 28 de febrer de 1936]/ref Amb l'arribada al ministeri d'Hisenda de [[Enrique Ramos y Ramos]] al primer govern de [[Santiago Casares Quiroga]], Aspe va ser nomenat sotssecretari d'Hisenda ([[19 de maig]] de 1936),ref[http://hemeroteca.lavanguardia.es/preview/1936/05/19/pagina-30/33134948/pdf.html ''La Vanguardia'', 19 de maig de 1936]/ref càrrec que va continuar ocupant al govern [[José Giral]] amb Ramos de ministre, ja començada la [[Guerra Civil Espanyola|Guerra Civil]]. El 16 de juny va ser nomenat també conseller de la [[CAMPSA]].ref[http://hemeroteca.lavanguardia.es/preview/1936/06/16/pagina-28/33139242/pdf.html ''La Vanguardia'', 16 de juny de 1936]/ref Amb l'arribada al ministeri de [[Juan Negrín]] al primer govern de [[Largo Caballero]], Méndez Aspe va ser nomenat director general del Tresor i Assegurances (16 de setembre de 1936),ref[http://hemeroteca.lavanguardia.es/preview/1936/09/16/pagina-11/33137567/pdf.html ''La Vanguardia'', 16 de setembre de 1936]/ref per tornar a la sotssecretaria del ministeri d'Hisenda al maig de 1937, després de l'arribada de Negrín a la presidència del Consell de Ministres després dels [[fets de maig de 1937]]. Una de les raons inicials de Negrín per mantenir Méndez Aspe dins del seu equip de confiança va ser garantir un contacte estret amb els líders d'Izquierda Republicana, [[Manuel Azaña|Azaña]] i [[José Giral|Giral]]ref{{cita Harvard|Jackson|2008|pp=68}}/ref (molt més tard, recentment acabada la Guerra i trencades les relacions entre Azaña i Negrín, Azaña descriuria Méndez Aspe en la seva correspondència amb [[Carlos Esplá Rizo]] com l'expressió típica del negrinisme subaltern i domèstic''.refAzaña y Esplá (2003: 132-3)./ref

Des del començament de la Guerra Civil, Méndez Aspe va estar involucrat en les operacions de venda de les reserves d'or del [[Banc d'Espanya]] (BdE) per reunir armes i municions per a la defensa de la República. Ja al juliol de 1936 va acompanyar al ministre d'Hisenda, Enrique Ramos, a París, per fer les gestions necessàries per a la venda de la primera partida d'or.ref{{cita Harvard|Viñas|2006|pp=116}}/ref Després de l'arribada de Negrín al ministeri d'Hisenda, i al costat de [[Jerónimo Bugeda Muñoz]], sotssecretari d'Hisenda, es va encarregar de redactar els decrets que Negrín presentaria al president de la República, Manuel Azaña, permetent al govern, en temps de guerra, apropiar-se de béns privats i controlar la banca privada.ref{{cita Harvard|Jackson|2008|pp=69-70}}/ref Com a director general del Tresor, Méndez Aspe va establir, juntament amb el propi Negrín i [[Amaro del Rosal Díaz]], el pla per al trasllat de les reserves restants des de la seu del Banc d'Espanya a Madrid a [[Cartagena (Espanya)|Cartagena]] al setembre de 1936 (el que seria conegut com a [[Or de Moscou]]),ref{{cita Harvard|Viñas|2006|pp=242}}/ref dirigint l'operació de trasllat i el seu embarcament cap a la [[Unió Soviètica]].ref{{cita Harvard|Viñas|2006|pp=244}}/ref En aplicació dels decrets del 3 i el 10 d'octubre de 1936 (que exigien el lliurament de l'or, divises i valors estrangers a tota persona, individual o col·lectiva, en un termini de set dies),refOlaya Morales (2004a: 312-313)/ref es va encarregar de la confiscació d'una quantitat indeterminada de béns privats dipositats en [[caixa de seguretat|caixes de seguretat]] al BdE el 6 de novembre de 1936,refOlaya Morales (2004a:289)./ref abans de la fugida del govern de Madrid a [[València]], i del seu trasllat a València. El contingut de les caixes de seguretat va quedar en mans de la [[Caixa General de Reparacions]] i no va ser traslladat a València fins a principis de desembre.refOlaya Morales (2004a: 323)/ref

Fou nomenat ministre d'Hisenda el 5 d'abril de 1938,ref[http://hemeroteca.lavanguardia.es/preview/1938/02/10/pagina-1/33124549/pdf.html ''La Vanguardia'', 6 d'abril de 1938]/ref quan la dimissió d'[[Indalecio Prieto]] va forçar una crisi de govern, obligant Negrín a fer-se càrrec a més de la cartera de Defensa. Amic i home de la màxima confiança de Negrín, encara que aquest li va cedir la cartera d'Hisenda, va ser Negrín qui realment va seguir portant la direcció del departament.ref{{cita Harvard|Graham|2002|pp=338}}/ref

Al maig de 1938, Méndez Aspe va crear una comissió especial d'Hisenda en l'ambaixada d'Espanya a París, presidida per l'ambaixador, [[Marcelino Pascua]]. Al febrer de 1939, els recursos reunits per la comissió (empreses creades per al subministrament a la República, béns confiscats per la [[Caixa General de Reparacions]], partides adquirides anteriorment, recursos de la Comissió de Compres d'Armament, i uns altres de diversa procedència) van començar a vendre's i a transferir-se a persones de confiança de Negrín, davant el temor que el reconeixement del govern franquista per part de França permetés al govern de Burgos controlar-los.ref{{cita Harvard|Mateos|2009|pp=44}}/refref name=albión260{{cita Harvard|Monferrer|2007|pp=260}}/ref Entre els dipositaris dels diners es trobaven el propi Méndez Aspe i la seva secretària i companya, Pilar Lubián.refOlaya Morales (2004a: 328-35; 2004b: 57-61)./refrefOlaya Morales (2004b: 219)/ref El propòsit era constituir un fons de reserva per fer front l'avenir i les despeses emigració.ref{{cita Harvard|Mateos|2009|pp=49. Carta de Méndez Aspe a Negrín, 4 del 3 de 1939}}/ref Es tractava de vuit milions de dòlars de l'època.ref{{cita Harvard|Mateos|2009|pp=49-50}}/ref

Els béns no realitzables (taxats per Negrín en uns 40 milions de dòlars de l'època) van ser embarcats en el [[Vita (vaixell)|Vita]] el mateix dia del reconeixement de [[Francisco Franco|Franco]] per part del [[Regne Unit]] i [[França]]. Va ser de Méndez Aspe la idea de traslladar-los a Mèxic. La seva venda durant la [[Segona Guerra Mundial|Guerra Mundial]] va donar entre vuit i deu milions de dòlars.ref{{cita Harvard|Mateos|2009|pp=51}}/ref Negrín va tenir menys de deu milions de dòlars per a les necessitats dels refugiats a França, enviar subministraments a la zona Centre al febrer i març i contractar bucs per a l'evacuació. El propòsit de Negrín respecte al Vita era reservar-lo per a la restauració de les futures institucions republicanes (desitgem que no es toquin i que quedin reservats per a quan tornem a Espanya).ref{{cita Harvard|Mateos|2009|pp=51}} citant l'acta de la comissió executiva del PSOE, 19 de juliol de 1939./ref

Méndez Aspe va ser el responsable de convèncer Negrín que seguís actuant com a cap del govern republicà, desconeixent la resolució de la Diputació Permanent de les Corts (6 de març), i recuperar fons per a l'ajuda als refugiats i les futures institucions espanyoles.ref{{cita Harvard|Mateos|2009|pp=130}}/ref

Després de la fi de la Guerra, Negrín va crear el [[Servei d'Evacuació de Refugiats Espanyols]] amb la finalitat d'auxiliar als refugiats i noliejar bucs amb rumb a Amèrica. Méndez Aspe va ser l'home fort dins del SERE, a causa del seu control de ''les finances de l'exili''ref{{cita Harvard|Mateos|2009|pp=68}}/ref A causa d'això els càrrecs de president, que ocupava [[Pablo de Azcárate y Flórez]], i fins a cert punt del director, ocupat per [[Bibiano Fernández Osorio Tafall]], eren superflus, raó per la qual Azcárate, que ja havia presentat per primera vegada la seva dimissió en constituir-se la JARE, i Osorio y Tafall van presentar la seva dimissió a l'octubre de 1939. El càrrec de president es va suprimir.ref{{cita Harvard|Mateos|2009|pp=68-69}}/ref En el cas d'Osorio y Tafall la seva dimissió va tenir també dimensió política de diferències amb Negrín, ja que no va tornar a participar en activitats polítiques. Però no en el cas d'Azcárate.ref{{cita Harvard|Mateos|2009|pp=69-70}}/ref Méndez Aspe es va encarregar de la reorganització del servei.ref{{cita Harvard|Mateos|2009|pp=80}}/ref

Com a part de les activitats empreses pel SERE, al maig de 1939, Méndez Aspe i Negrín es trobaven a Mèxic per rebre al primer embarcament col·lectiu finançat pel SERE i esclarir l'estat dels béns existents en aquest país.ref{{cita Harvard|Mateos|2009|pp=77}}/ref Entre setembre i octubre, tant Azcarate com Aspe van ser confinats per les autoritats franceses (Asp a [[Òlt i Garona]]), prova de la bel·ligerància del ministeri de Justícia francès contra el SERE,ref{{cita Harvard|Mateos|2009|pp=82}}/ref a causa de les pressions franquistes i a l'afany anticomunista del govern francès en guerra. Per això, es va imposar l'opció de liquidació del SERE a França. La policia francesa va intervenir les oficines del SERE i els domicilis particulars dels seus directius. Méndez Aspe encara va ser citat per la policia francesa al maig.ref{{cita Harvard|Mateos|2009|pp=85}}/ref Pilar Lubian, secretària i companya de Méndez Aspe, va seguir, juntament amb [[Mariano Ansó]], les operacions del SERE a [[Marsella]] després de la [[Armistici del 22 de juny de 1940|capitulació francesa]] al juny de 1940.ref{{cita Harvard|Mateos|2009|pp=104-105}}/ref A petició de les autoritats espanyoles, va sofrir persecució, va estar a punt de ser extraditada,ref{{cita Harvard|Mateos|2009|pp=173}}/ref i finalment fou detinguda a Marsella pels alemanys i deportada al [[camp de concentració]] de [[Ravensbrück]] el 1944.ref[http://exiliados.org/foro/index.php?action=profile;u=2;sa=showPosts Asociación de Descendientes del Exilio Español / Búsquedas / Re: Familiares de Pilar Lubián]/refref[http://www.bddm.org/liv/details.php?id=I.212. Transport parti de Paris le 13 mai 1944 (I.212.)]. Foundation pour le memoire de la deportation./ref

Poc abans de l'armistici, el 8 de juny, Aspe va fugir de França al Regne Unit, des del port de [[Bordeus]], en companyia de Negrín i altres membres del seu cercle, així com d'altres dirigents republicans ajudats per Negrín, com [[Santiago Casares Quiroga|Casares Quiroga]].ref{{cita Harvard|Monferrer|2007|pp=61-62}}/ref En el Regne Unit, Méndez Aspe va participar en les activitats de l'Hogar Español, un centre d'activitats de l'exili espanyol a Londres creat i finançat per Negrín,ref{{cita Harvard|Monferrer|2007|pp=121, 198}}/refen el butlletí del qual, ''Españoles'' va publicar alguns articles.ref{{cita Harvard|Monferrer|2007|pp=204}}/ref Va romandre vinculat a l'Hogar Español fins a 1942, quan els negrinistes el van abandonar, en haver caigut sota el control dels comunistes espanyols.ref{{cita Harvard|Alted|2005|pp=262}}/ref Va ser també un dels promotors, juntament amb Casares Quiroga, de la Coalició Republicana Espanyola,ref{{cita Harvard|Monferrer|2007|pp=198, 204}}/ref organització de l'exili creada al Regne Unit el 1942 que defensava la República espanyola i les seves institucions,ref{{cita Harvard|Monferrer|2007|pp=259}}/ref sense abandonar la seva col·laboració amb Negrín.ref name=albión204{{cita Harvard|Monferrer|2007|pp=204}}/ref

Va cessar com a ministre d'Hisenda en la reunió de les Corts republicanes a Mèxic en les quals Negrín va presentar la seva renúncia com a president del Consell.ref name=albión204 / Al novembre de 1945, el govern Giral reclamà del SERE i de la JARE la rendició de comptes sobre el finançament de l'exili després de la fi de la guerra civil. Negrín s'hi va negar, adduint que es tractava d'un procediment irregular (en tot cas hauria de rendir comptes al Parlament i no al govern) i que no podria fer-ho fins que es conegués amb exactitud els fons sostrets al seu control per la Diputació Permanent i per la JARE.ref{{cita Harvard|Mateos|2009|pp=269}}/ref Méndez Aspe es va negar a donar comptes de la seva gestió i informar al nou govern en l'exili de la localització i destinació dels béns confiscats sense permís de Negrín.refOlaya Morales (2004b: 182-6)/ref El seu acompliment al capdavant del ministeri d'Hisenda va ser qualificat, com el de Negrín, com a opac.ref{{cita Harvard|Mateos|2007|pp=4}}/ref

Després de la seva estada al Regne Unit va passar a Hispanoamèrica.ref name=albión204 /

== Bibliografia ==
* {{cita llibre | nom=Alicia | cognom=Alted | enllaçautor=Alicia Alted | títol=La voz de los vencidos. El exilio republicano de 1939 | any=2005 | editorial=Aguilar | lloc=Madrid | isbn=84-03-09616-X }}
* AZAÑA DÍAZ, M., Y ESPLÁ RIZO, C. (2003): ''Una lealtad entre ruinas: epistolario Azaña-Esplá 1939-1940''. Valencia: [[Universitat de València|UVA]].
* {{cita llibre | nom=Francisco | cognom=Giral | títol=Ciencia espanyla en el exilio (1939-1989) | url=http://books.google.com/books?id=vQza0U2u-Y0C | editorial=Anthropos Editorial | any=1994 | isbn=8476584423}}
* {{citar llibre | nom=Helen | cognom=Graham | enllaçautor=Helen Graham | títol=The Spanish republic at war, 1936-1939 | url=http://books.google.com/books?id=fie9l5rhJ7IC | editorial=Cambridge University Press | any=2002 | isbn=052145932X}}
* {{cita llibre | nom=Gabriel | cognom=Jackson | enllaçautor=Gabriel Jackson | títol=Juan Negrín | editorial=Crítica | any=2008 | lloc=Barcelona | isbn=978-84-8432-996-1}}
* {{cita llibre | nom=Abdón | cognom=Mateos | enllaçautor=Abdón Mateos | títol=La batalla de México. Final de la Guerra Civil y la ayuda a los refugiados, 1939-1945 | isbn=9788420682679 | any=2009 | editorial=Alianza | lloc=Madrid}}
* {{cita publicació | nom=Abdón | cognom=Mateos | enllaçautor=Abdón Mateos | url=http://www.ucm.es/info/historia/ortega/2-07.pdf | títol=La guerra continúa. Ayuda a los refugiados de la guerra civil y acción política republicana | publicació=Seminario de Historia Contemporánea | editorial=Universidad Complutense de Madrid | data=22 de març de 2007 }}
* {{citar llibre | títol=Odisea en Albión: los republicanos espanyles exiliados en Gran Bretaña 1936-1977 | nom=Luis | cognom=Monferrer Catalán | url=http://books.google.com/books?id=Cvoq6SmFfnwC | editorial=[[Ediciones de la Torre]] | any=2007 | isbn=8479603860}}
* OLAYA MORALES, F. (2004a): ''El expolio de la República. De Negrín al Partido Socialista, con escala en Moscú: el robo del oro español y los bienes particulares''. Barcelona, Belacqua. ISBN 84-95894-83-1. 
* OLAYA MORALES, F. (2004b): ''La gran estafa de la guerra Civil: la historia del latrocinio socialista del patrimonio nacional y el abandono de los españoles en el exilio''. Barcelona, Belacqua. ISBN 84-96326-09-8.
* {{cita llibre | nom=Ángel | cognom=Viñas | enllaçautor=Ángel Viñas | títol=La soledad de la República | editorial=Crítica | any=2006 | lloc=Barcelona | isbn=978-84-8432-795-0}}
== Referències ==
{{Referències|4}}
== Enllaços externs ==
* [http://hemeroteca.lavanguardia.es/preview/1938/05/13/pagina-4/33125776/pdf.html La Hacienda de la República] (declaracions i fotografia de Méndez Aspe), ''[[La Vanguardia]]'', [[13 de maig]] de 1938, p. 4.


{{Inicia taula}}
{{S-off}}
{{Filera de successions
|títol=[[Ministre d'Hisenda d'Espanya|Ministre d'Hisenda i Economia]]br/[[Fitxer:COA of the Second Spanish Republic.svg|20px|Segona República Espanyola]]
|abans=[[Juan Negrín]]
|després=[[Augusto Barcia Trelles]]
|anys=[[1938]]-[[1945]]}}
{{Finalitza taula}} 

{{ORDENA:Mendez Aspe, Francisco}}

[[Categoria:Economistes espanyols]]
[[Categoria:Ministres madrilenys del Govern d'Espanya]]
[[Categoria:Exiliats del franquisme madrilenys]]</text>
      <sha1>22axzqcbmy7r3niq39g9prig16s6hq4</sha1>
      <model>wikitext</model>
      <format>text/x-wiki</format>
    </revision>
  </page>