<page>
    <title>Mort a la foguera</title>
    <ns>0</ns>
    <id>1006265</id>
    <revision>
      <id>12514921</id>
      <parentid>12112018</parentid>
      <timestamp>2013-12-14T13:11:25Z</timestamp>
      <contributor>
        <username>Flamenc</username>
        <id>7573</id>
      </contributor>
      <minor></minor>
      <text>[[Fitxer:Joan of arc burning at stake.jpg|thumb|[[Joana d'Arc]] a la foguera abans de la seva execució]]
La '''mort a la foguera''' o '''cremació a la foguera''' és un tipus de [[mort]] provocada per la [[combustió]]. La foguera té una llarga història com a pena de delictes com la [[traïció]], [[heretgia]] i [[bruixeria]] (sobretot per part de la [[Inquisició]]). La mort en la foguera va caure en desús en el [[segle XVIII]], i actualment és considerat un càstig cruel i és molt inusual.

== Causes de la mort ==
Quan el foc era gran (per exemple, quan un gran nombre de presoners eren executats alhora) la mort sovint provenia de la [[intoxicació]] per [[monòxid de carboni]] abans que les flames causessin mal al cos. Si el foc era petit, tanmateix, el condemnat s'anava cremant durant un temps fins a la mort a causa d'un [[cop de calor]], xoc, pèrdua de [[sang]] o, simplement, la [[termòlisi|descomposició tèrmica]] de les parts vitals del cos.

== Història antiga ==
[[Fitxer:Templars on Stake.jpg|thumb|[[Orde del Temple|Templaris]] cremats vius en la foguera]]
Segons [[Juli Cèsar]], els antics lladres [[celtes]] van ser executats i els presoners de guerra van ser tirats al foc; se'ls va denominar homes de vímet. Els [[Pobles indígenes d'Amèrica|indis nord-americans]] sovint utilitzaven la crema com una forma d'[[execució]], ja sigui contra membres d'altres tribus o contra els [[Imperi Britànic|colons blancs]] en els segles [[Segle XVIII|XVIII]] i [[segle XIX|XIX]]. 

Sota l'[[Imperi Bizantí]], la crema fou present com a càstig pels [[zoroastrisme|zoroastristes]] desobedients, a causa de la creença que ells adoraven el foc. L'emperador bizantí [[Justinià I]] ([[527]] - [[565]]) va ordenar que la mort a la foguera, la successió intestada i la confiscació de tots els béns per l'Estat fos el càstig per l'heretgia contra la fe cristiana en seu [[Codi Justinià]].

El [[1184]], l'[[Església Catòlica Romana]] va legislar que la crema seria a ser el càstig oficial per [[heretgia]]. També es creia que, en ser cremat, el condemnat no tindria cos per ser ressuscitat en el [[Més enllà|Més Enllà]]. Aquest decret va ser posteriorment confirmat pel [[Concili del Laterà IV]] el [[1215]], el [[Sínode de Tolosa]] el [[1229]] i per nombrosos líders del [[segle XVII]].

Les autoritats civils van cremar persones considerades heretges sota la [[inquisició]] medieval, incloent-hi [[Giordano Bruno]]. L'historiador [[Hernando del Pulgar]], contemporani dels [[Reis Catòlics]], estima que en la [[Inquisició espanyola]] es van cremar a la foguera unes 2.000 [[apostasia|apòstates]] cap a [[1490]]ref{{Ref-llibre |cognom= |nom= |títol=Los Trastamara y la Unidad Española |volum=vol.5 |url=http://books.google.es/books?id=_vp1mwUwOmoCpg=PA90dq=Hernando+del+Pulgar+2.000+inquisicion+1490hl=casa=Xei=KrIbUt-FEeXG7AaK94D4Dwved=0CDEQ6AEwAA#v=onepageq=Hernando%20del%20Pulgar%202.000%20inquisicion%201490f=false |llengua=castellà |editorial=Rialp, Ediciones, S.A. |data=1981 |pàgines=90 |isbn=8432121002}}/ref (tan sols una dècada després que la Inquisició comencés).

[[Fitxer:Avvakum by Myasoyedov.jpeg|esquerra|thumb|Grup de [[vells creients]] a [[Rússia]] cremant gent a la foguera el [[1681]]]]
El [[1790]], Sir Benjamin Hammett va introduir un projecte de llei al [[Parlament Britànic]] per posar fi a la pràctica de la mort a la foguera. La llei va ser finalment aprovada pel Parlament i l'assentiment reial fou donat pel rei [[Jordi III del Regne Unit|Jordi III]].

== Història moderna ==
[[Fitxer:Burning of a Widow.jpg|thumb|Immolació d'una vídua [[hinduisme|hinduista]] que es va llançar a la pira del seu marit, segons un gravat de 1851]]

Cap estat modern no du a terme execucions a la foguera. Igual com totes la pena capital, està prohibit als membres del [[Consell d'Europa]] per la [[Convenció Europea de Drets Humans]]. Mai no es va practicar de forma rutinària als [[Estats Units d'Amèrica|Estats Units]].

Una de les cremes extrajudicials més notòria dels temps moderns va ocórrer a [[Waco (Texas)]], [[Estats Units d'Amèrica]] el [[15 de maig]] de [[1916]]. [[Jesse Washington]], un granger amb problemes mentals [[afroamericà]], després d'haver estat condemnat per l'assassinat d'una dona blanca, va ser portat per una multitud a la foguera, va ser [[castració|castrat]], ruixat amb [[oli]] de carbó i penjat pel coll d'una cadena sobre la foguera. Va ser una crema lenta que el va conduir a la mort. Encara existeix una imatge de l'esdeveniment que mostra una multitud al costat del cadàver carbonitzat de Washington. El fet va provocar el rebuig internacional i és recordat com el ''Terror de Waco''.

També s'han donat casos de forma indirecta, per exemple en un [[bombardeig]], com el de la ciutat [[Alemanya|alemanya]] de [[Dresden]] pels avions [[Aliats de la Segona Guerra Mundial|aliats]] durant la [[Segona Guerra Mundial]]: van ser més de sis-cents avions els que van bombardejar la indefensa ciutat, causant més de 200.000 morts que van morir cremats; els que es van llançar al riu esperant així salvar-se van morir per l'aigua escalfada per les [[bomba incendiària|bombes incendiàries]].

== Vegeu també ==
{{Commonscat|Stake}}
* [[Acte de fe]]
* [[Caça de bruixes]]
* [[Combustió humana espontània]]

== Referències ==
{{referències}}

{{ORDENA:Mort A La Foguera}}
[[Categoria:Mètodes d'execució]]
[[Categoria:Foc]]</text>
      <sha1>qk6j829vtnh9t6b585s1g52a8vxga2e</sha1>
      <model>wikitext</model>
      <format>text/x-wiki</format>
    </revision>
  </page>