<page>
    <title>Antoni Téllez i Solà</title>
    <ns>0</ns>
    <id>1009961</id>
    <revision>
      <id>13970033</id>
      <parentid>13689451</parentid>
      <timestamp>2014-08-25T07:33:53Z</timestamp>
      <contributor>
        <username>QuimGil</username>
        <id>132002</id>
      </contributor>
      <comment>/* Referències */ Plantilla Anarquisme</comment>
      <text>'''Antoni Téllez i Solà''' ([[Tarragona]], [[18 de gener]] de [[1921]] - [[Perpinyà]], [[Rosselló]], [[26 de març]] de [[2005]]) fou un [[historiador]] i [[periodista]] català.

== Biografia ==
Fill d'un ferroviari destinat posteriorment al seu naixement a [[Solo del Rey]] ([[Astúries]]), la [[Revolució d'Astúries de 1934|Revolució asturiana de 1934]] el va marcar profundament. Traslladada de nou la família a [[Catalunya]], en [[1936]], amb 16 anys, s'afilia a les [[Joventuts Llibertàries]] i s'involucra en la lluita contra el [[feixisme]] entrant a l'[[Exèrcit Popular de la República|Exèrcit Republicà]] formant part de la generació d'alevins que va fer la guerra al costat del moviment llibertari en l'anomenada [[Lleva del Biberó]], fins a febrer de [[1939]], en què es va veure obligat a creuar la frontera [[França|francesa]] sent internat en el [[camp d'internament|camp de confinament]] de [[Sètfonts]] per les autoritats franceses, amb tan sol 18 anys.

Durant la [[Segona Guerra Mundial]], encara en territori francès, es va incorporar al [[Maquisard|maqui francès]] amb altres coneguts membres del moviment [[llibertari]] com [[Cipriano Mera]], i participant amb l'exèrcit francès lliure en l'alliberament de [[Rodès]].

A l'octubre de [[1944]] Téllez va participar en la [[Invasió de la Vall d'Aran|incursió guerrillera realitzada a la Vall d'Aran]], una de les primeres accions del [[Maquis]] republicà contra el règim de [[Francisco Franco|Franco]].

Consolidat el règim [[franquisme|franquista]] a [[Espanya]], Téllez, com a coneixedor del moviment en el qual va participar, el moviment llibertari i el maqui espanyol en la Resistència francesa, va dedicar la seva vida a rescatar de l'oblit de la memòria històrica la vida d'aquells homes que, amb tot ja perdut, mai es van donar per vençuts.

Així, a l'una que es guanyava el sustento treballant com [[periodista]] en l'[[Agence France-Presse]], en [[1954]] va començar a escriure les seves després coneguts llibres i relats sobre la [[guerrilla urbana]], la guerrilla [[Galícia|gallega]] i biografies de resistents al règim de Franco com [[Quico Sabaté]], [[Josep Lluís i Facerias]] o [[Francisco Ponzán]], que van ser traduïts i editats en [[França]], [[Grècia]], [[Gran Bretanya]], [[Alemanya]] i [[Itàlia]].

== Obra literària ==
*''[[Josep Lluís i Facerias|Facerias]] Guerrilla urbana (1939-1957). La lucha antifranquista del Movimiento Libertario en España y en el exilio.''
*''[[Quico Sabaté|Sabaté]]. Guerrilla urbana en España (1945-1960)'', 1992, ISBN 978-84-604-1861-0
*''La lucha del movimiento libertario contra el franquismo'', 1991.
*''Historia de un atentado aéreo contra el General Franco'', 1993, ISBN 978-84-88455-07-9
*''El [[MIL]] y [[Puig Antich]]'', 2006, ISBN 978-84-96044-77-7
*''La red de evasión del [[Grup Ponzán|Grupo Ponzán]]. Anarquistas en la guerra secreta contra el franquismo y el nazismo (1936-1944)'', 1996, ISBN 978-84-88455-29-1
*''A guerrilla antifranquista de [[Mario de Langullo]], O Pinche''
*''Apuntes sobre Antonio García Lamolla y otros andares''
*''[[Agustín Remiro Manero|Agustín Remiro]]: de la guerrilla confederal a los servicios secretos británicos''
*''Recuerdo''
*''Álbum de dessins en couleurs (1948)'' 
*''30 años de Ruta en el exilio (historia de [[Federació Ibèrica de Joventuts Llibertàries|FIJL]] de 1945 a 1974)''
*''Atalaya, Notas para un eventual esbozo biográfico de [[José Garcia Tella]]''
*''Acción Directa (''[[Action Directe]]'') (1979-2004)''
*''Tinieblas y sangre (abril de 1949 - julio de 1952)'' 
*''Diccionario biográfico de la clandestinidad en España: 1936-1975''

== Referències ==
* Ferran Aisa. ''Antoni Téllez, guerriller de la memòria'', ''[[Avui]]'', 2 de juliol de 2005.
* {{ca}} [http://www.sindominio.net/marxa-maquis/article.php3?id_article=5 Marxa homenatge als maquis: Antoni Téllez].
* {{fr}} [http://raforum.info/article.php3?id_article=2729 Antoni Téllez]
* [http://www.cgt.es/modules.php?name=Newsfile=articlesid=2322 Téllez]
* {{en}} [http://www.katesharpleylibrary.net/tellez.htm (en inglés) ''Antonio Téllez Solà, the Herodotus of the anti-Franco maquis'' (Biografia i obres)] per [[Stuart Christie]]

{{Autoritat}}
{{Anarquisme}}
{{ORDENA:Tellez I Sola, Antoni}}
[[Categoria:Historiadors catalans del sud contemporanis]]
[[Categoria:Anarquistes catalans del sud]]
[[Categoria:Exiliats del franquisme catalans]]
[[Categoria:Periodistes tarragonins]]</text>
      <sha1>6zpgr1u3ko0z3z8q8n6uz3nim4bnmji</sha1>
      <model>wikitext</model>
      <format>text/x-wiki</format>
    </revision>
  </page>