<page>
    <title>3a Divisió Mecanitzada (Regne Unit)</title>
    <ns>0</ns>
    <id>1009289</id>
    <revision>
      <id>13757684</id>
      <parentid>13634481</parentid>
      <timestamp>2014-07-06T16:16:26Z</timestamp>
      <contributor>
        <username>EVA2.0 (bot)</username>
        <id>167473</id>
      </contributor>
      <minor></minor>
      <comment>Robot: Reemplaçament automàtic de text (-[[  +[[, - ]] +]])</comment>
      <text>{{Infotaula unitat militar
|nom_de_la_unitat_militar= 3rd Mechanised Division br 3a Divisió Mecanitzada
|imatge=[[Fitxer:British 3rd Infantry Division2.svg|200px|Insígnia de la 3a Divisió]]
|peu_de_foto= Insígnia de la 3a Divisió
|periode = 
|data de Lleva= [[18 de juny]] de [[1809]]
|dissolució= 
|pais={{UK}}
|branca= [[Fitxer:Flag of the British Army.svg|23px|Exèrcit britànic]] [[Exèrcit britànic]]
|arma= [[Infanteria]]
|tipus= 
|mida= 5 [[brigada|brigades]]
|estructura= 
|coronel= Major General [[John Lorimer|JG Lorimer]] DSO, MBE
|oficials_destacats= [[Thomas Picton]]br /[[Charles Alten]]br /[[Bernard Montgomery]] br / [[William Havelock Ramsden|William Ramsden]]
|batalles= '''[[Guerres Napoleòniques]]'''br /[[Batalla de Sabugal]]br /[[Batalla d'Orthez]]br /[[Batalla de Nivelle]]br /[[Batalla de Fuentes de Onoro]]br /[[Batalla de Badajoz (1812)| Batalla de Badajoz]]br /[[Batalla de Vitòria]]br /[[Batalla de Bussaco]]br /[[Batalla dels Pirineus]]br /[[Batalla de Quatre Bras]]br /[[Batalla de Waterloo]]br /'''[[Guerra de Crimea]]'''br /[[Batalla del riu Alma]]br /[[Setge de Sebastòpol (1854-1855)| Setge de Sebastòpol]]br /'''[[Segona Guerra Bòer]]'''br /'''[[Primera Guerra Mundial]]'''br /[[Batalla de Mons]]br /[[Batalla del Somme]]br /[[Batalla de l'Ancre]]br /[[Batalla de Delville Wood]]br /[[Batalla d'Arras (1917)|Batalla d'Arras]] 1917br /'''[[Segona Guerra Mundial]]'''br /[[Batalla de Bèlgica]]br /[[Batalla de França]]br /[[Desembarcament de Normandia]] br /[[Operació Overlord |Batalla de Normandia]]br /[[Operació Horta]]br /[[Batalla d'Overloon|Overloon i Venraij]]br /[[Operació Veritable|Reichswald]]br /[[Operació Plunder|Travessa del Rhin]]br /[[Bremen]]
|lema=
|divisa= Iron Sides br Iron Division
|condecoracions= 
}}

La '''3a Divisió Mecanitzada''' ([[anglès]]: ''3rd Mechanised Division''), coneguda en diverses ocasions com '''Iron Division''', '''3rd (Iron) Division''' o '''Iron Sides''',ref{{ref-llibre
 | cognom = [[Patrick Delaforce|Delaforce]]
 | nom = Patrick
 | títol = Monty's Iron Sides
 | editorial = Allan Sutton Publishing
 | any = 1995
 | lloc = [[Stroud, Gloucestershire]]
 | pàgines = ix
 | isbn = 0-7509-0781-9 }}/ref és una [[divisió militar|divisió]] de l'[[exèrcit britànic|exèrcit regular]] [[Regne Unit|britànic]]. Va ser creada el 1809 pel [[Arthur Wellesley de Wellington|Duc de Wellington]] com a part de l'[[Exèrcit Angloportuguès]], per servir a la [[Guerra del Francès|Guerra Peninsular]], sent coneguda com la '''Fighting 3rd''' sota el comandament de [[Thomas Picton|Sir Thomas Picton]] durant les [[Guerres Napoleòniques]]. Hom es refereix a la divisió com '''Iron Division''' (la ''Divisió de Ferro''), un sobrenom adquirit durant les dures lluites de 1916 durant la [[I Guerra Mundial]]. Entre altres honors de batalla de la divisió s'inclouen la [[batalla de Waterloo]], la [[Guerra de Crimea]], la [[Segona Guerra Bòer]] i la [[Segona Guerra Mundial]]. Durant un temps a la Segona Guerra Mundial va ser comandada per [[Bernard Montgomery]]. La divisió havia de formar part del proposat [[Commonwealth Corps]], format per la [[Operació Caiguda|planejada invasió del Japó]] de 1945-46, però va ser dissolta quan la guerra acabà després dels [[bombardejos atòmics de Hiroshima i Nagasaki]].

Durant la II Guerra Mundial la insígnia esdevingué el disseny de tres, un triangle negre trisectat per un triangle vermell invertit.

== Guerres Napoleòniques ==
=== Guerra Peninsular ===
La divisió formà part de les forces britàniques que van participar en la [[Guerra del Francès|guerra Peninsular]], combatent a les batalles de [[Batalla de Sabugal| Sabugal]], [[Batalla d'Orthez|Orthez]], [[Batalla de Fuentes de Onoro|Fuentes de Onoro]], [[Batalla de Badajoz (1812)|Badajoz]]. [[batalla de Salamanca|Salamanca]], [[batalla de Nivelle|Nivelle]], [[Batalla de Vitòria|Vitòria]], [[Batalla de Bussaco|Bussaco]] i als [[Batalla dels Pirineus|Pirineus]].

=== Formació durant la Guerra Peninsular ===
(formació durant la [[batalla de Vitòria]]:br
General comandant: Tinent General Sir [[Thomas Picton]] (7.500)
* 1r Brigada (Maj-Gen [[Thomas Brisbane]])
**[[45è Regiment a Peu|1/45è Regiment a Peu (Nottinghamshire)]]
**[[74è Regiment a Peu (Highland)]]
**[[88è Regiment a Peu|1/88è Regiment a Peu (Connaught Rangers)]]
**3 Cos, [[60è Regiment a Peu|5/60è Regiment a Peu (Royal American)]]
* 2n Brigada (Maj-Gen [[Charles Colville]])
**[[5è Regiment a Peu|1/5è Regiment a Peu (Northumberland)]]
**[[83è Regiment a Peu|2/83è Regiment a Peu (County of Dublin)]]
**[[87è Regiment a Peu|2/87è (Regiment a Peu Prince of Wales' Irish)]]
**[[94a Regiment a Peu]]
* Brigada Portuguesa (Maj-Gen [[Manley Power]])
**1/9è De Línia Portuguès
**2/9è De Línia Portuguès
**1/21r De Línia Portuguès
**2/21r De Línia Portuguès
**11è [[Hostigador|Caçadores]]

D'acord a Picton, la 3a va lluitar intensament a [[Batalla de Vitòria|Vitòria]], on la divisió va perdre 1.800 homes (gairebé un terç de les pèrdues aliades a la batalla), capturant un pont clau i la ciutat, on van ser bombardejats per entre 40 i 50 canons, així com un contraatac sobre el seu flanc dret (descobert perquè la resta de l'exèrcit no els va mantenir el pasref name=Amotz[http://books.google.ca/books?id=DMkJ3xvg34AC Historical Record of the Seventy-fourth Regiment (Highlanders)], Richard Cannon, Published by Parker, Furnivall  Parker, 1847/ref). La 3a va mantenir el terreny i va empènyer les altres divisions perquè capturessin el poble d'[[Ariñez]].

=== Campanya de Waterloo ===
[[File:Battle of Waterloo.svg|thumb|Mapa de la [[batalla de Waterloo]], amb la 3a Divisió mantenint el centre a Alten]]
La 3a Divisió també va estar present a les batalles de [[batalla de Quatre Bras|Quatre Bras]] i [[batalla de Waterloo|Waterloo]]. Va ser comandada pel tinent general Sir [[Charles Alten]] [[Orde del Bany|KCB]] (comte Carl von Alten)

=== Formació a la batalla de Waterloo ===
==== 5a Brigada ====
Major-General Sir [[Colin Halkett]] KCB
*2n Batalló, [[30è Regiment a Peu (Cambridgeshire)]]
*1r Batalló, [[33è Regiment a Peu]]
*[[69è Regiment a Peu (South Lincolnshire)]]
*[[73è Regiment a Peu (Perthshire)|73rd Regiment a Peu]]

====2n Brigada, King's German Legion====
Brevet Coronel Baró [[Christian Friedrich Wilhelm von Ompteda|Christian Freiherr von Ompteda]]	
*1r Batalló Lleuger
*2n Batalló Lleuger
*5è Batalló de Línia
*8è Batalló de Línia

====1a Brigada de Hanover ====
Major-General Friedrich, Graf von Kielmansegge
*Batalló de camp Bremen
*Batalló de camp 1r Duke of York's
*Batalló Lleuger Grubenhagen 		
*Batalló Lleuger Lüneburg 		
*Batalló de camp Verden 		
*Batalló de camp de caçadors (dues companyies) 

====Artilleria====
Tinent Coronel John Samuel Williamson 	
*Brigada de camp Lloyd's R. A. 9 canons 5/390 de 9 lliures i 1 obús de 5,5 polzades
*Legió alemanya de la brigade del Rei de Cleeves 5 canons 6/209 de 9 lliures i 1 obús de 5,5 polzades

== Guerra de Crimea ==
La 3a Divisió participà en la [[Guerra de Crimea]] i lluità a la [[batalla d'Alma]] i al [[Setge de Sebastòpol (1844-1855)|setge de Sebastòpol]].

Comandant: Tinent General Sir [[Richard England (general)|Richard England]]
*[[5a Brigada d'Infanteria (Regne Unit)|5a Brigada]]: Brigadier-General Sir [[John Campbell d'Ava|John Campbell]]
**[[King's Own Royal Regiment (Lancaster)|4t King’s Own Royal Regiment]]
**[[38è Regiment a Peu (1r Staffordshire)]]
**[[50è Regiment a Peu (Queen's Own)]]
*[[6a Brigada d'Infanteria (Regne Unit)|6th Brigade]]: Brigade-General Eyre
**[[Royal Scots|1r Royal Regiment]]
**[[28è Regiment a Peu (North Gloucestershire)]]
**[[44è Regiment a Peu (East Essex)]]
* Dues bateries de camp de la [[Royal Artillery]]

==Primera Guerra Mundial ==
Durant la [[Primera Guerra Mundial]] va ser una divisió permanentment establerta de l'exèrcit regular, i va estar entre les primeres a ser enviades a França en esclatar la guerra, servint al [[front occidental (Primera Guerra Mundial)|front occidental]] durant quatre anys. Durant aquesta època va rebre el sobrenom de The Iron Division (''La Divisió de Ferro''). El seu primer comandant, el Major-General [[Hubert Hamilton]], va morir per foc d'obusos prop de [[Béthune]] a l'octubre de 1914.

=== Formació durant la I Guerra Mundial ===
; '''[[7a Brigada d'Infanteria (Guàrdies)|7a Brigada]]''' (fins al 18 d'octubre de 1915) :
*3rd Batalló, [[The Worcester Regiment]]
*2n Batalló, [[The South Lancashire Regiment]]
*1/4a Batalló, The South Lancashire Regiment
*1r Batalló, [[The Wiltshire Regiment]]
*2n Batalló, the [[Royal Irish Rifles]]
*1/1r Batalló, the [[Honourable Artillery Company]]

La brigada va ser traspassada a la [[25a Divisió (Regne Unit)|25a Divisió]] a l'octubre de 1915, sent substituïda per la 76a Brigada.

; '''[[8a Brigada d'Infanteria (Regne Unit)|8a Brigada]]''':
*2n Batalló, el [[Royal Scots Regiment]]
*8è Batalló, [[The East Yorkshire Regiment]]
*7è Batalló, the [[King's Shropshire Light Infantry]]
*1r Batalló, els [[Royal Scots Fusiliers]]

Els següents batallons s'uniren a la brigada durant períodes el 1914 i 1915: 
*2n Batalló, [[The Royal Irish Regiment (1684)|The Royal Irish Regiment]] (''entre agost de 1914 fins març de 1915'')
*4a Batalló, el [[Middlesex Regiment]] (''entre agost de 1914 fins novembre de 1915'')

Els següents batallons s'uniren a la brigada durant períodes el 1914 i 1916:
*13è Batalló, [[The King's (Liverpool Regiment)]] (''entre octubre de 1915 fins a l'abril de 1916'')
*1/5è Batalló (City of London), [[The London Regiment]] (''entre octubre de 1915 fins febrer de 1916'')

Els batallons van ser traspassats a la 76a Brigada quan aquesta s'uní a la divisió a l'octubre de 1915:
*2n Batalló, [[The Suffolk Regiment]] (''des d'octubre de 1914'')
*1r Batalló, the [[Gordon Highlanders]] (''des d'agost de 1914'')
*1/4a Batalló, the Gordon Highlanders (''des de febrer de 1915'')

; '''9a Brigada''' :
*1r Batalló, els [[Northumberland Fusiliers]]
*4a Batalló, els [[Royal Fusiliers]]
*12è Batalló, [[The West Yorkshire Regiment]] (''des de novembre de 1915'')
*13è Batalló, The King's (Liverpool Regiment) (''des d'abril de 1916'')

Altres batallons que serviren a la brigada van ser:
*[[The Liverpool Scottish|1/10è Batalló (Scottish)]], The King's (Liverpool Regiment) (''entre novembre de 1914 fins gener de 1916'')
*1r Batalló, [[The Lincolnshire Regiment]] (''entre agost de 1914 fins novembre de 1915'')
*1r Batalló, the [[Royal Scots Fusiliers]] (''entre agost de 1914 fins abril de 1916'')

A inicis de 1915 la brigada va ser traspassada a la [[28a Divisió (Regne Unit)|28a Divisió]] durant un breu període.

; '''[[76a Brigada d'Infanteria (Regne Unit)|76a Brigada d'Infanteria]]''' (des del 15 d'octubre de 1915) :

*8è Batalló, [[The King's Own (Royal Lancaster Regiment)]]
*13è Batalló, The King's (Liverpool Regiment)
*10è Batalló, the [[Royal Welch Fusiliers]]
*2n Batalló, [[The Suffolk Regiment]]
*1r Batalló, the Gordon Highlanders
*1/4a Batalló, the Gordon Highlanders (''fins febrer 1916'')

La brigada s'uní a la 25a Divisió a l'octubre de 1915.

Després del final de la I Guerra Mundial, la divisió va quedar estacionada al sud d'Anglaterra, on formà part del Comandament Meridional. El 1937, una de les seves brigades va ser comandada pel [[brigadier]] [[Bernard Montgomery]], que assumí el comandament de la divisió poc abans que la Gran Bretanya declarés la guerra a Alemanya.

== Segona Guerra Mundial ==
La divisió formà part del fracassat [[Cos Expedicionari Britànic]], evacuat de [[Batalla de Dunkerque|Dunkerque]] a inicis de la [[Segona Guerra Mundial]]. En aquells moments estava comandada pel major general [[Bernard Montgomery]].

Després de l'evacuació, la divisió passà quatre anys entrenant al Regne Unit, preparant-se per a un possible desembarcament a Europa.

La 3a divisió va ser la primera divisió britànica en desembarcar a la [[Sword Beach|platja ''Sword'']] el [[Desembarcament de Normandia|Dia-D]], lluitant a la [[Operació Overlord|batalla de Normandia]], als Països Baixos i, finalment, a la invasió d'Alemanya. Durant la campanya de Normandia, la divisió va ser comandada pel Major General [[Tom Rennie]] fins al 13 de juny de 1944; el Major General [[Lashmer Whistler]], un comandant molt popular, prengué el comandament el 23 de juny de 1944.

Durant els combats des de ''Sword'' fins a Bremen, la divisió patí 2.586 morts.ref{{ref-llibre
 | cognom = [[Patrick Delaforce|Delaforce]]
 | nom = Patrick
 | títol = Monty's Iron Sides
 | editorial = Allan Sutton Publishing
 | any = 1995
 | lloc = [[Stroud, Gloucestershire]]
 | pàgines = 206
 | isbn = 0-7509-0781-9 }}/ref

=== Formació de la divisió després de Dunkerque ===
; '''[[8a Brigada d'Infanteria (Regne Unit)|8a Brigada]]''' :
*1r Batalló, [[Suffolk Regiment]]
*2n Batalló, [[East Yorkshire Regiment]]
*1r Batalló, [[South Lancashire Regiment]]

; '''[[9a Brigada d'Infanteria (Regne Unit)|9a Brigada]]''' :
*2n Batalló, [[Lincolnshire Regiment]]
*1r Batalló, [[King's Own Scottish Borderers]]
*2n Batalló, [[Royal Ulster Rifles]]

; '''[[185a Brigada d'Infanteria (Regne Unit)|185a Brigada]]''' :
*2n Batalló, [[Royal Warwickshire Regiment]]
*1r Batalló, [[Royal Norfolk Regiment]]
*2n Batalló [[Infateria Lleugera King's Shropshire]]

; '''Tropes de la Divisió'''
*2n Batalló, [[Middlesex Regiment]]
*3r Batalló de Reconeixement [[The Northumberland Fusiliers]]
*[[15è/19a The King's Royal Hussars]]
*[[92è (Loyals) Regiment Lleuger Antiaeri, Royal Artillery]]
*[[7è Regiment de Camp, Royal Artillery]]

== Després de la Segona Guerra Mundial ==
A la postguerra, la divisió va ser reformada l'1 d'abril de 1951 a la Zona del [[Canal de Suez]], sota el comandament de Sir [[Hugh Stockwell]]. La divisió passà a formar part de les [[Comandament de l'Orient Mitjà|Forces Terrestres de l'Orient Mitjà]]. Estava format per 3 brigades recent formades: la [[32a Brigada d'Infanteria de la Guàrdia (Regne Unit)|32a de Guàrdies]], la [[19a Brigada d'Infanteria (Regne Unit)|19a d'Infanteria]] i la [[39a Brigada d'Infanteria (Regne Unit)|39a d'Infanteria]]. Serví al Regne Unit durant diversos anys; el 1968 passà a formar part del Comandament Estratègic de l'Exèrcit, formada per les brigades 5a, 19a i [[24a Brigada d'Infanteria de la Guàrdia (Regne Unit)|24a de Guàrdies]].refGregory Blaxland, The Regiments Depart: A History of the British Army 1945-70, William Kimber, London, 1971./ref Va passar a ser una divisió cuirassada a l'[[Exèrcit britànic del Rin]] des de 1977ref[http://www.paradata.org.uk/people/michael-j-h-walsh Paradata: Michael J. H. Walsh]/ref i fins a 1991. Quan les seves unitats formaven la ''Task Force Echo'' (TFE) i la ''Task Force Foxtrot'' (TFF), cap al 1980, aquestes passaren a ser la 6a Brigada Cuirassada i la [[33a Brigada Cuirassada (Regne Unit)|33a Brigada Cuirassada]].

== Formació actual ==
[[Image:3rd Mechanized Division (UK).png|thumb|right|400px|Estructura de la 3a Divisió Mecanitzada]]
La divisió va ser refeta a mitjans de la dècada de 1990 després que la 3a Divisió Cuirassada hagués estat desbandada al BAOR. Des de 1995 alternà amb la [[1a Divisió Cuirassada (Regne Unit)|1a Cuirassada]] per formar el quarter general de la [[Divisió Multi Nacional Sud-Oest]] a [[Bòsnia i Hercegovina]], com a part de l'[[IFOR]].

L'1 de setembre de 1999 la divisió va ser alliberada de les seves responsabilitats administratives i regionals, i esdevingué una divisió desplegable.refSoldier Magazine, December 1998, p.13/ref

Com a '''3a Divisió Mecanitzada''' és l'única divisió contínuament disponible operativa al [[Regne Unit]] (l'altre és la [[1a Divisió Cuirassada (Regne Unit)|1a Divisió Cuirassada]], a Alemanya. Està destinada a Picton Barracks, [[Bulford Camp]], a [[Wiltshire]], i respon al [[Comandament de Forces Terrestres (Regne Unit)|Comandant de les Forces Terrestres]] a [[Andover, Hampshire|Andover]].

Sota el comandament de la divisió hi ha 4 brigades disponibles:
*[[1a Brigada Mecanitzada (Regne Unit)|1a Brigada Mecanitzada]]
*[[4a Brigada Mecanitzada (Regne Unit)|4a Brigada Mecanitzada]]
*[[12a Brigada Mecanitzada (Regne Unit)|12a Brigada Mecanitzada]]
*[[19a Brigada Lleugera (Regne Unit)|19a Brigada Lleugera]]
* Quarter General de la 3a Divisió i Regiment de Comunicacions 
* 5 Regiment [[Army Air Corps (Regne Unit)|Army Air Corps]] (Lynx)
* [[1r Regiment Reial de Tancs]]
* 36 Regiment d'Eginyers, [[Cos de Royal Engineers|Royal Engineers]]
* 3 Regiment, [[Royal Military Police]]
* 3 Regiment Mèdic Regiment, [[Royal Army Medical Corps]]
* 3 Regiment de Suport Logístic, [[Royal Logistic Corps]]
* 4 Regiment de Suport Logístic, Royal Logistic Corps
* 12 Regiment de Suport Logístic, Royal Logistic Corps

==Comandants recents ==
Els darrers comandants de la divisió han estat:ref[http://www.gulabin.com/armynavy/pdf/Army%20Commands%201900-2011.pdf Army Commands]/refbr
'''GOC 3rd Division'''
* 1907-1910 Major-General [[William Franklyn (militar)|William Franklyn]]
* 1910-1914 Major-General [[Henry Rawlinson]]
* May 1914-Oct 1914 Major-General [[Hubert Hamilton]]
* Oct 1914 Major-General [[Colin John Mackenzie|Colin Mackenzie]]
* 1914-1916 Major-General [[Aylmer Haldane]]
* 1916-1919 Major-General [[Cyril Deverell]]
* 1919-1922 Major-General [[Robert Whigham]]
* 1922-1926 Major-General [[William Heneker]]
* 1926-1930 Major-General [[John Burnett-Stuart]]
* 1930-1932 Major-General [[Harry Knox]]
* 1932-1934 Major-General [[Walter Pitt-Taylor]]
* 1934-1936 Major-General [[Robert Gordon-Finlayson]]
* 1936 Major-General [[Cecil Heywood]]
* 1936-1939 Major-General [[Denis Bernard (militar)|Denis Bernard]]
* 1939-1940 Major-General [[Bernard Montgomery]]
* 1940-1941 Major-General [[James Gammell]]
* 1941-1942 Major-General [[Eric Hayes]]
* 1942-1943 Major-General [[William Havelock Ramsden|William Ramsden]]
* 1943-1944 Major-General [[Tom Rennie]]
* 1944-1947 Major-General [[Lashmer Whistler]]
* 1951-1952 Major-General [[Hugh Stockwell]]
* 1952-1954 Major-General [[Nigel Poett]]
* 1954-1957 Major-General [[John Churcher]]
* 1957-1959 Major-General [[George Gordon-Lennox]]
* 1959-1961 Major-General [[Charles Henry Pepys Harington|Charles Harington]]
* 1961-1962 Major-General [[Vivian Street]]
* 1962-1964 Major-General [[Michael Carver]] 
* 1964-1966 Major-General [[Cecil Blacker]]
* 1966-1968 Major-General [[Anthony Deane-Drummond]]
* 1968-1970 Major-General [[Terence McMeekin]]
* 1970-1972 Major-General [[Glyn Gilbert]]
* 1972-1974 Major-General [[Richard Worsley]]
* 1974-1976 Major-General [[Robin Carnegie]]
'''GOC 3rd Armoured Division'''
* 1976-1978 Major-General [[Michael J. H. Walsh|Michael Walsh]]
* 1978-1980 Major-General [[Henry Dalzell-Payne]]
* 1980-1982 Major-General [[Norman Arthur]]
* 1982-1984 Major-General [[Anthony Walker (militar)|Anthony Walker]]
* 1984-1987 Major-General [[David Ramsbotham]]
* 1987-1988 Major-General [[Edward Jones (militar)|Edward Jones]]
* 1988-1990 Major-General [[Michael Wilkes]]
* 1990-1992 Major-General [[Christopher Wallace (militar)|Christopher Wallace]]
'''GOC 3rd (UK) Division'''
* 1992-1994 Major-General [[Hew Pike]]
* 1994-1996 Major-General [[Mike Jackson]]
* 1996-1999 Major-General [[Cedric Delves]]
'''GOC 3rd (UK) Mechanised Division'''
* 1999-2000 Major General [[Richard Dannatt]]
* 2000-2003 Major General [[John McColl]]
* 2003-2005 Major General [[Graeme Lamb]]
* 2005-2007 Major General [[Richard Shirreff]]
* 2007-2009 Major General [[Barney White-Spunner]]
* 2009-2011 Major General [[James Everard]]
* 2011-present Major General [[John Lorimer]]ref[http://ccw.modhist.ox.ac.uk/events/bios/Lorimer.html Campaigning and Generalship Seminars]/ref






==Referències==
{{Referències|2}}

==Enllaços externs ==
* [http://www.army.mod.uk/structure/2081.aspx 3 (UK) Division] {{en}}
* [http://www.1914-1918.net/3div.htm L'Exèrcit britànic a la Gran Guerra: la 3a Divisió] {{en}}


{{ORDENA:3a Divisio Mecanitzada Regne Unit}}	!--ORDENA generat per bot--
[[Categoria:Divisions de l'exèrcit britànic]]
[[Categoria:Unitats militars britàniques de la Segona Guerra Mundial]]</text>
      <sha1>bnqd1bn625kaba9j2vex3zo8f2aslx9</sha1>
      <model>wikitext</model>
      <format>text/x-wiki</format>
    </revision>
  </page>