<page>
    <title>Abadia de Pannonhalma</title>
    <ns>0</ns>
    <id>1009516</id>
    <revision>
      <id>13751015</id>
      <parentid>13634614</parentid>
      <timestamp>2014-07-05T19:17:23Z</timestamp>
      <contributor>
        <username>JoRobot</username>
        <id>24498</id>
      </contributor>
      <minor></minor>
      <comment>Robot posa sintaxi correcta al tag br</comment>
      <text>{{Patrimoni de la Humanitat
|nom =Mil·lenària abadia benedictina de Pannonhalma i el seu entorn natural
|imatge =Pannonhalma - Bencés apátság.jpg
|peu =Vista de l'abadia.
|mapa localització={{Location map
 |Hongria
 |label = Abadia de Pannonhalma
 |label_size = 100
 |position = right
 |lon_dir =E 
 |lat_dir =N 
 |lat_deg = 47
 |lat_min = 33
 |lat_sec = 32
 |lon_deg = 17
 |lon_min = 47
 |lon_sec = 0.4
 |mark = MaailmanperintökohdeBlau.svg
 |marksize = 14
 |border = none
 |float = center
 |width = 270px 
 |caption = 
}}

|localització =[[Gyõr-Moson-Sopron]] br/ {{Banderes|Hongria}} [[Hongria]]
|superfície =47 ha 
|tipus =Cultural
|criteris =(iv),(vi)
|ID =758
|regió =[[Europa]] i [[Amèrica del Nord]]
|coordenades ={{coord|47|33|32|N|17|47|0,4|E}}
|any =1996
|extensió =
}}
L''''abadia de Pannonhalma''' situada a [[Pannonhalma]],[[Hongria]] (construïda l'any [[996]]) està inscrita a la llista del [[Patrimoni de la Humanitat]] de la [[UNESCO]] des del [[1996]] «mostra de manera excepcional l'estructura i l'organització d'un monestir cristià en constant evolució des de fa milers d'anys»ref [http://whc.unesco.org/fr/list/758 Mil·lenària Abadia Benedictina de Pannonhalma i el seu medi ambient natural - Centre del Patrimoni Mundial de la UNESCO] /ref

El monestir acull també una [[escola]], un [[liceu]] de 350 estudiants en [[internat]], els allotjaments dels [[monjos]], una llar per a ancians, una [[biblioteca]] i una escola superior de [[teologia]].

Des de la seva creació, l'abadia ocupa un lloc especial en la història d'Hongria;-hi han arribat prestigiosos visitants com el primer rei d'Hongria, [[Esteve I d'Hongria|Esteve I]] (1000-1038) o [[Joan Pau II]] i el [[Dalai Lama]] que l'han visitat més recentment.

== Història ==

L'any [[996]] el príncep [[Géza d'Hongria|Géza]] sol·licita als monjos benedictins la fundació d'un [[monestir]] al turó [[Pannonhalma]], lloc de naixement de [[Sant Martí de Tours]]. Segons la tradició hongaresa, el primer [[abat]] va ser [[Sant Anastasi]], qui va portar la corona a Sant [[Esteve I d'Hongria]] des de Roma.

El [[997]] després de la mort de [[Géza d'Hongria|Géza]], segons les lleis cristianes l'hereu al tron ​​hongarès era el seu fill [[Esteve I d'Hongria|Sant Esteve]], però el líder pagà [[Cupan]], també membre de la família reial, es va adjudicar el tron ​​per a si mateix al·legant que era major en edat al jove príncep. Valent-se d'exèrcits germànics i hongaresos, [[Esteve I d'Hongria|Sant Esteve]] va vèncer les forces paganes de [[Cupan]], Senyor de la regió hongaresa de [[Somogy]], al sud del [[llac Balaton]]. Esteve va decidir que després de la seva execusió, el delme dels seus territoris fossin enterament a les arques de l'Abadia de Pannonhalma, el que la va enriquir importantment.

Els [[Orde de Sant Benet|monjos benedictins]] de Pannonhalma van ser els pioners que van conduir l'[[evangelització]] a [[Hongria]]. Van crear la primera escola [[magiar]], i redactar, el [[1055]], el primer text escrit en [[llatí]] que contenia paraules en [[hongarès]] (actualment la comunitat monàstica encara té un lloc important en la propagació de la cultura cristiana a la regió). el [[1242]] va ser defensada amb èxit de la invasió mongol pel [[Uros, abat de Pannonhalma|abat Uros de Pannonhalma]], qui va organitzar l'estratègia per a la seva preservació (aquest destacat abat és recordat per haver participat en la [[Cinquena Croada]] al costat del rei [[Andreu II d'Hongria]], i per haver dut a terme nombrosos compendis de documents legals). L'abadia va ser construïda com una fortalesa, i segles més tard patirà tres ocupacions turques durant les quals els monjos van haver de fugir per salvar la major quantitat possible de béns.

El [[1786]], [[Josep II d'Àustria]] tanca els monestirs però els va restablir el [[1802]] el de Pannonhalma, amb la condició que els monjos ensenyin. L'abadia es va convertir en un centre universitari, i va reunir més de 350000 volums a la seva biblioteca.

Protegida per la [[Creu Roja]] durant la [[Segona Guerra Mundial]] ([[1939]] - [[1945]]), l'[[abadia]] no va patir danys ni [[pillatge]]. Sota el règim [[comunista]] ([[1950]] - [[1990]]), malgrat una interrupció entre [[1945]] i [[1950]], va conservar les seves propietats i el seu estatus d'ensenyament privat. Al desembre de 1996, en ocasió del seu mil·lenari, va ser inscrita en la llista del patrimoni mundial de la UNESCO després d'una commemoració, en presència del papa [[Joan Pau II]].

L'Abadia de Pannonhalma és una destinació turística popular per als que visiten Hongria (més de 200.000 l'any). Actualment el [[2009]] cursa l'any escolar la promoció número 1014.

== Notes ==
{{referències|2}}

== Enllaços externs ==
{{Commonscat|Pannonhalma Archabbey}}
* [http://www.bences.hu/en El lloc web de l'abadia]

{{Patrimoni de la Humanitat a Hongria}}

{{ORDENA:Abadia De Pannonhalma}}	!--ORDENA generat per bot--
{{Bo|pl}}

[[Categoria:Patrimoni de la Humanitat d'Hongria]]
[[Categoria:Monestirs|Pannonhalma]]
[[Categoria:Edificis d'Hongria]]

{{Destacat|hu}}
{{Link GA|pl}}</text>
      <sha1>kto1u9vg4tsayu2uk7lhzaui5s45452</sha1>
      <model>wikitext</model>
      <format>text/x-wiki</format>
    </revision>
  </page>