<page>
    <title>William Dickson (oficial de la RAF)</title>
    <ns>0</ns>
    <id>1010703</id>
    <revision>
      <id>13684528</id>
      <parentid>13682468</parentid>
      <timestamp>2014-06-24T19:55:01Z</timestamp>
      <contributor>
        <username>Langtoolbot</username>
        <id>128552</id>
      </contributor>
      <minor></minor>
      <comment>Correcció tipogràfica: espais sobrants</comment>
      <text>{{VPHISMILCAT Infotaula biografia militar 
|name= Sir William Forster Dickson
|lived={{Data naixement|1898|09|24}} – {{Data defuncio i edat|1987|09|12|1898|09|24}}
|placeofbirth= {{bandera|Anglaterra}} [[Northwood, London|Northwood]], [[Middlesex]], Anglaterra
|placeofdeath= {{bandera|Anglaterra}} [[RAF Wroughton|Hospital de la RAF de Wroughton]], Wiltshire, Anglaterra
|image=[[Fitxer:Air Vice-Marshal Dickson near Venafro, Italy (cropped).jpg|250px|Sir William Forster Dickson]]
|caption= 
|nickname=
|allegiance= {{bandera|Regne Unit}} [[Regne Unit]] 
|branch=[[ File:Ensign of the Royal Air Force.svg|25px|Bandera d'Itàlia (1861-1946)]] [[Royal Air Force]]
|serviceyears=1916-1959
|rank= [[Fitxer:UK-Air-OF10 infobox.svg|30px|Mariscal de la RAF]] [[Mariscal de la Royal Air Force]]
|commands= [[Cap de l'Estat Major de la Defensa (Regne Unit)|Cap de l'Estat Major de la Defensa]] br [[Desert Air Force]] 
|battles=[[I Guerra Mundial]] br [[II Guerra Mundial]]:
|awards=[[Orde del Bany|Gran Creu de l'Orde del Bany]] br [[Orde de l'Imperi Britànic|Comandant de l'Imperi Britànic]] br [[Orde del Servei Distingit]]
|laterwork=Director de The Glass Sellers’ Company
|portrayedby=
}}

El [[Mariscal de la Royal Air Force]] '''Sir William Forster Dickson''' {{mida|1=[[Orde del Bany|GCB]] [[Orde de l'Imperi Britànic|KBE]] [[Orde del Servei Distingit|DSO]] [[Creu de la Força Aèria (Regne Unit)|AFC]]}} (24 de setembre de 1898 – 12 de setembre de 1987) va ser un aviador del [[Royal Naval Air Service]] durant la [[Primera Guerra Mundial]], i un comandant superior de la [[Royal Air Force]] durant i després de la [[Segona Guerra Mundial]]. A finals de la dècada de 1950 serví com a primer [[Cap de l'Estat Major de la Defensa (Regne Unit)|Cap de l'Estat Major de la Defensa]] (CDS) del Regne Unit, sent el cap professional de les [[Forces Armades del Regne Unit|Forces Armades britàniques]].

== Biografia ==
Dickson va néixer a [[Northwood, Lodres|Northwood]], al [[Middlesex]].ref name=prob46Probert, p. 46/ref Per part de mare era descendent directe de l'[[Horatio Nelson|almirall Nelson]].ref name=prob46/ Dickson va estudiar al Bowden House de [[Seaford, East Sussex|Seaford]] ([[Sussex]]) i al [[Haileybury and Imperial Service College|Haileybury College]].ref name=prob46/

=== I Guerra Mundial i anys d'entreguerres ===
Dickson s'allistà al [[Royal Naval Air Service]] el 1916ref name=air[http://www.rafweb.org/Biographies/Dickson.htm Air of Authority - A History of RAF Organisation - Marshal of the Royal Air Force Sir William Dickson]/ref i, després de completar l'entrenament de vol, serví com a pilot al RNAS Gran a l'[[illa de Grain]].ref name=air/ Posteriorment, durant la [[I Guerra Mundial|guerra]], serví com a pilot a bord del [[HMS Furious (47)|HMS Furious]],ref name=air/ on realitzà tasques d'exploració, realitzant aterratges a coberta i participant en el primer bombardeig realitzat des d'un portaavions de la història. Va ser traslladat a la [[Royal Air Force]] en la seva creació a l'abril de 1918. Dickson passà les darreres setmanes de la guerra a bord del [[HMS Revenge (06)|HMS Revenge]], abans de ser traslladat al [[HMS Queen Elizabeth (1913)|HMS Queen Elizabeth]] el 1919.ref name=air/

A inicis de la dècada de 1920 Dickson passà ràpidament d'un destí a l'altre. Al març de 1920 va ser nomenat per l'estat major de [[HMS Sultan (enclavament)|RAF Gosport]],ref name=air/ i dos mesos després va ser nomenat pilot del [[210è Equadró de la RAF|210 Squadron]],ref name=air/ destinat a Gosport i que feia poc que havia estat reformat. A l'abril de 1921 Dickson tornà al mar a bord del portaavions [[HMS Argus (I49)|HMS Argus]]ref name=air/ i, a l'inici de 1922 va ser enviat al [[Royal Aircraft Establishment]] a Farnborough, on serví com a pilot de proves.ref name=air/ No va ser fins al 1923 en que la seva carrera s'assentà. Al maig va ser nomenat Conseller de Personal del [[Vicecap de l'Estat Major de l'aire]] i Director d'Operacions i Intel·ligència, [[Comodor de l'Aire]] [[John Miles Steel|John Steel]],ref name=air/ on va estar-se fins al juliol de 1926, en que va ser traslladat per malaltia al [[56è Equadró de la RAF|56 Squadron]]ref name=air/ Al 1930 va ser nomenat Assistent Personal al Comandant de l'Aire de la [[Indian Air Force|RAF India]].ref name=air/

Al gener de 1935 va ser nomenat comandant del [[25è Equadró de la RAF|25 Squadron]], unint-se a l'Estat Major Director a [[RAF Staff College, Bracknell]] al març de 1936.ref name=air/

=== II Guerra Mundial ===
Quan esclatà la [[Segona Guerra Mundial]], Dickson servia a l'Estat Major del Directori de Planificació amb rang de [[Comandant d'Ala]].ref name=air/ Va ser destinat a l'Estat Major Conjunt de Planificació, que era un subcomitè del [[Comitè de Caps d'Estat Major]] i comportava realitzar el suport la planificació dictada per [[Winston Churchill]] i els principals comandants militars britànics.ref name=prob47Probert, p. 47/ref Dickson serví en aquest destí durant els dos primers anys de la guerra, sent promogut a [[capità de grup]] a inicis de 1940 i sent nomenat Director de Planificació al març de 1941,ref name=air/ i sent promocionat a [[Comodor de l'Aire|Comodor de l'Aire en funcions]] a l'abril de 1941.ref name=air/ 

Al maig de 1942 Dickson prengué el càrrec d'Oficial Superior de l'Estat Major de l'Aire al Quarter General del [[Grup 9 de la RAF|Grup 9 (Caces)]];ref name=air/ però no va estar-se gaire temps en aquest càrrec. Al mes següent va ser nomenat Oficial comandant del Grup 9 i, algun temps després, va prendre el comandament del [[Grup 10 de la RAF|Grup 10]].ref name=air/ Mentre que ocupava aquest càrrec, Dickson acompanyà el Comandant en Cap del [[Comandament de Caces de la RAF|Comandament de Caces]] Mariscal de l'Aire [[Trafford Leigh-Mallory|Leigh-Mallory]], durant una visita al [[Desert Air Force|Quarter General de l'Aire al Desert Occidental]]. En tornar a la Gran Bretanya, va rebre l'ordre de formar el [[Grup 83 de la RAF|Grup 83]],ref name=air/ que va ser el primer formar per un [[Grup (força aèria)|grup]] que serviria de model pels futurs grups que aviat formaria la [[2a Força Tàctica Aèria de la RAF|Segona Força Aèria Tàctica]], creada per la planejada invasió d'Europa.ref name=prob48Probert, p. 48/ref
[[File:Air Chief Marshal Sir Charles Portal talking to Air Vice-Marshal Dickson in Italy.jpg|thumb|left|[[Charles Portal|Portal]] amb Dickson a Itàlia al 1944.]]
Tot i que Dickson passà un temps considerable en planificar i preparar la invasió de l'Europa ocupada, no participà en les operacions. A finals de 1943 va ser promogut temporalment a [[vicemariscal de l'aire]] i, a l'abril de 1944 va rebre el comandament del [[Desert Air Force]]ref name=air/ (anteriorment el Quarter General de l'Aire del Desert Occidental), que estava operant a [[Campanya d'Itàlia (Segona Guerra Mundial)|Itàlia]] després de la victòria aliada al [[Campanya del nord d'Àfrica|nord d'Àfrica]] el 1943.

Cap a finals de 1944 Dickson tornà a Londres, assumint el càrrec d'Assisten al Cap de l'Estat Major de l'Aire (política), un càrrec que ocuparia fins a mitjans de 1946.ref name=air/

=== Postguerra ===
El 1946 va ser nomenat [[Vicecap de l'Estat Major de l'Aire (Regne Unit)|Vicecap de l'Estat Major de l'Aire]], comandant en cap de la [[Força Aèria Orient Mitjà (Royal Air Force)|RAF Mediterrània i Orient Mitjà]] el 1948 i Membre de l'Aire per Subministraments i Organització el 1950.ref name=air/

Entre 1953 i 1955 serví com a [[Cap de l'Estat Major de l'Aire (Regne Unit)|Cap de l'Estat Major de l'Aire]].ref name=air/ Com a tal va ser l'únic Cap de l'Estat Major de l'Aire que avia estat comissionat originàriament a la Royal Navy (Sir [[Frederick Sykes]] serví a la Navy un any, encara que originàriament havia estat a l'Exèrcit). Va ser el primer i únic President del [[Comitè de Caps d'Estat Major (Regne Unit)|Comitè de Caps d'Estat Major]] entre l'1 de gener de 1956 i l'1 de gener de 1959, quan esdevingué el primer [[Cap de l'Estat Major de la Defensa (Regne Unit)| Cap de l'Estat Major de la Defensa]], càrrec que ostentà fins al juliol de 1959.ref name=air/ 

En retirar-se treballà en diverses organitzacions de caritat, incloent la Royal Central Asian Society, l'Ex-Services Mental Welfare Society i la Forces Help Society.ref name=prob50Probert, p. 50/ref

El Mariscal de la RAF William Dickson va morir a l'[[RAF Wroughton|Hospital de la RAF de Wroughton]], Wiltshire, el 12 de setembre de 1987.

== Condecoracions ==
* [[Orde del Bany|Gran Creu de l'Orde del Bany]]: 1 de gener de 1953
** Cavaller de l'Orde del Bany – 1 de gener de 1953
** Company de l'Orde del Bany – 11 de juny de 1942
* [[Orde de l'Imperi Britànic|Cavaller Comandant de l'Orde de l'Imperi Britànic]]: 1 de gener de 1946
** Comandant de l'Orde de l'Imperi Britànic: 5 de juliol de 1945
** Oficial de l'Orde de l'Imperi Britànic: 4 de juny de 1934
* [[Orde del Servei Distingit]]: 21 de setembre de 1918
* [[Creu de la Força Aèria (Regne Unit)| Creu de la Força Aèria]]: 3 de juny de 1922
* [[Medalla Britànica de la Guerra 1914-20]]
* [[Medalla de la Victòria 1914-1918 (Regne Unit)| Medalla de la Victòria 1914-1918]]
* [[Estrella de 1939-45]]
* [[Estrella d'Itàlia]]
* [[Medalla de la Guerra 1939-1945]]
* [[Menció als Despatxos]]: 1 d'octubre de 1917, 1 de gener de 1919, 26 de juny de 1931
* [[Orde de Suvórov|Orde de Suvórov de 3a classe]] (Unió Soviètica): 11 d'abril de 1944
* [[Legió del Mèrit|Comandant de la Legió del Mèrit]] (Estats Units): 13 de novembre de 1945

== Dates de promoció ==
=== Royal Naval Air Service ===
* [[Fitxer:UK-Navy-OF1 infobox.svg|30px|Flight Officer]] [[Sots-tinent|Flight Officer]] (P): 9 d'octubre de 1916, 
* [[Fitxer:UK-Navy-OF1 infobox.svg|30px|Flight Officer]] [[Sots-tinent|Flight Sub-Lieutenant]] (T): 12 d'abril de 1917, 
* [[Fitxer:UK-Navy-OF2 infobox.svg|30px|Flight Lieutenant]] [[Tinent|Flight Lieutenant]]: 31 de desembre de 1917

===Royal Air Force ===
* [[Fitxer:UK Army OF2.png|30px|Capità]] [[Capità|Honorary Captain [Lt] ]]: 1 d'abril de 1918
* [[Fitxer:UK-Air-OF1A infobox.svg|30px|Oficial de vol]] [[Oficial de Vol|Flying officer]]: 1 d'agost de 1919
* [[Fitxer:UK-Air-OF2 infobox.svg|30px|Flight lieutenant]] [[Tinent de Vol|Flight lieutenant]]: 30 de juny de 1922
* [[Fitxer:UK-Air-OF3 infobox.svg|30px|Squadron Leader]] [[Cap d'Esquadró|Squadron Leader]]: 5 de novembre de 1930
* [[Fitxer:UK-Air-OF4 infobox.svg|30px|Comandant d'Ala]] [[Comandant d'Ala|Wing Commander]]: 1 de gener de 1937
* [[Fitxer:UK-Air-OF5 infobox.svg|30px|Capità de Grup]] [[Capità de Grup|Group Captain]]: 14 d'abril de 1942 (provisional des de l'1 de gener de 1940)
* [[Fitxer:UK-Air-OF6 infobox.svg|30px|Air Commodore]] [[Comodor de l'Aire| Air Commodore]]: 26 de juny de 1943 (provisional des del 15 de juliol de 1941; amb funcions des del 30 d'abril de 1941)
* [[Fitxer:UK-Air-OF7 infobox.svg|30px|Vicemariscal de l'Aire]] [[Vicemariscal de l'Aire| Air Vice-Marshal]] : 1 d'abril de 1946 (provisional des de l'1 de desembre de 1943; amb funcions des del 26 de juny de 1942) 
* [[Fitxer:UK-Air-OF8 infobox.svg|30px|Mariscal de l'Aire]] [[Mariscal de l'Aire|Air marshal ]] : 1 de juliol de 1947 (provisional des de l'1 de juny de 1946)
* [[Fitxer:UK-Air-OF9 infobox.svg|30px|Mariscal en Cap de l'Aire]] [[Mariscal en Cap de l'Aire|Air chief marshal]]: 8 de gener de 1951
* [[Fitxer:UK-Air-OF10 infobox.svg|30px|Mariscal de la RAF]] [[Mariscal de la RAF|Marshal of the Royal Air Force]]: 1 de juny de 1954.ref name=air/

{{Inicia taula}}
{{Filera de successions|títol= Comandant del [[Grup 9 de la RAF|Grup 9]] 
|abans= AM [[Leonard Slatter|L H Slatter]]
|després= AM [[Charles Steele|C H Steele]]
|anys=1942 }}
{{Filera de successions|títol= Comandant del [[Grup 10 de la RAF|Grup 10]] 
|abans= AVM [[Augustus Orlebar|A H Orlebar]]
|després= AM [[Charles Steele|C H Steele]] 
|anys=21 de setembre de 1942–1943}}
{{Filera de successions|títol= Comandant del [[Grup 83 de la RAF|Grup 83]] 
|abans= grup de nova creació 
|després= ACM [[Harry Broadhurst|H Broadhurst]]
|anys=1943-1944}}
{{Filera de successions|títol= Comandant de la [[Desert Air Force]]
|abans= ACM [[Harry Broadhurst|H Broadhurst]]
|després= ACM [[Robert Foster (oficial de la RAF)|R M Foster]]
|anys=1944}}
{{Filera de successions|títol= Assistent al Cap de l'Estat Major de l'Aire
|abans= [[Douglas Colyer|D Colyer]]
|després= ACM [[William Elliott (oficial de la RAF)|Sir William Elliott]]
|anys=1944 - 1946}}
{{Filera de successions|títol= Vicecap de l'Estat Major de l'Aire 
|abans= ACM [[Douglas Evill|Sir Douglas Evill]]
|després= ACM [[James Robb (oficial de la RAF)|Sir James Robb]]
|anys=1946 – 1947 }}
{{Filera de successions|títol= Comandant de la [[Força Aèria Orient Mitjà (Royal Air Force)|RAF Mediterrània i Orient Mitjà]]
|abans= ACM [[Charles Medhurst|Sir Charles Medhurst]]
|després= ACM [[John Baker (oficial de la RAF)|Sir John Baker]]
|anys=1948 – 1950}} 
{{Filera de successions|títol= Membre de l'Aire per Subministraments i Organització
|abans= ACM [[George Pirie (RAF officer)|Sir George Pirie]]
|després= ACM [[John Whitworth-Jones|Sir John Whitworth-Jones]]
|anys=1950-1952}}
{{Filera de successions|títol= [[Fitxer:Ensign of the Royal Air Force.svg|30px|Royal Air Force]] br [[Cap de l'Estat Major de l'Aire (Regne Unit)|Cap de l'Estat Major de l'Aire]]
|abans= MRAF [[John Slessor|Sir John Slessor]]
|després= MRAF [[Dermot Boyle|Sir Dermot Boyle]]
|anys=1953-1955}} 
{{Filera de successions|títol= [[Fitxer:MinistryofDefence.svg|30px|Estat Major de la Defensa]] brPresident del [[Comitè de Caps d'Estat Major (Regne Unit)|Comitè de Caps d'Estat Major]]
|abans= càrrec de nova creació 
|després= Càrrec re-denominat com a brCap de l'Estat Major de la Defensa
|anys=1956-1958}}
{{Filera de successions|títol= [[Fitxer:MinistryofDefence.svg|30px|Estat Major de la Defensa]] br [[Cap de l'Estat Major de la Defensa (Regne Unit)| Cap de l'Estat Major de la Defensa]]
|abans= càrrec establert en re-denominar br el de President del Comitè br de Caps d'Estat Major
|després= Admiral [[Lluís Mountbatten|El Vescomte Mountbatten de Birmània]]
|anys=1959}}
{{Finalitza taula}}

== Referències ==
{{Commonscat|William Dickson}}

{{referències}}

{{ORDENA:Dickson, William}}

[[Categoria:Cavallers Comandants de l'Imperi Britànic]]
[[Categoria:Comandant de la Legió del Mèrit]]
[[Categoria:Companys de l'Orde del Servei Distingit]]
[[Categoria:Gran Creu de Cavaller de l'Orde del Bany]]
[[Categoria:Mariscals de la Reial Força Aèria]]
[[Categoria:Militars britànics de la Primera Guerra Mundial]]
[[Categoria:Militars britànics de la Segona Guerra Mundial]]</text>
      <sha1>dp6r7yh0gbe9odpxqplcl1m06g6jnue</sha1>
      <model>wikitext</model>
      <format>text/x-wiki</format>
    </revision>
  </page>