<page>
    <title>Cap de l'Estat Major de la Defensa (Regne Unit)</title>
    <ns>0</ns>
    <id>1010148</id>
    <revision>
      <id>13953110</id>
      <parentid>13950215</parentid>
      <timestamp>2014-08-19T20:08:53Z</timestamp>
      <contributor>
        <username>ArnauBot</username>
        <id>90823</id>
      </contributor>
      <comment>Robot estandarditza i catalanitza referències, catalanitza dates i fa altres canvis menors</comment>
      <text>{{Infotaula càrrec polític
|càrrec = Cap de l'Estat Major de la Defensa
|institució = 
|nomlocal = Chief of the Defence Staff
|insígnia = 
|insígniamida = 200px 
|insígniatext = 
|departament = [[Forces Armades del Regne Unit]]
|imatge = Chief of the Defence Staff, General Sir Nicholas Houghton GCB, CBE, ADC Gen. MOD 45155682.jpg
|imatgetextalt = 
|titular = [[Nick Houghton|General Sir Nick Houghton]]
|inici = juliol de 2013
|tractament = [[Admiral (Royal Navy)|Admiral]]br[[General (Regna Unit)|General]]br[[Mariscal en Cap de l'Aire]]
|residència = 
|nomenat = [[Elisabet II del Regne Unit|La Reina]]
|nomenatcàrrec = 
|designat = Recomanat pel [[Secretari d'Estat per la Defensa (Regne Unit)| Secretari d'Estat per la Defensa]] al [[Primer Ministre del Regne Unit|Primer Ministre]]ref name=MOD_accounts[http://www.mod.uk/NR/rdonlyres/8A6AC2D1-3CA3-4C12-82F8-5AD8C1800FFA/0/accounts.pdf Departmental Resource Accounts 2006-7] Ministry of Defence/ref
|designatcàrrec = 
|mandat = 
|creat = 
|creació = 22 de juny de 1316
|primer = [[Mariscal de la Reial Força Aèria]]br /[[William Dickson (oficial de la RAF)|Sir William Dickson]]
|precedit = ACM [[Jock Stirrup]]
|abolit = 
|succeït = 
|segon = [[Nick Houghton|General Sir Nick Houghton]]
|salari = 
|web = [http://www.mod.uk/DefenceInternet/AboutDefence/People/ChiefsOfStaff/ChiefOfTheDefenceStaff.htm mod.uk]
}}

El '''Cap de l'Estat Major de la Defensa''' ([[anglès]]: ''Chief of the Defence Staff - CDS'') és el cap professional de les [[Forces Armades del Regne Unit]] i el màxim conseller militar uniformat del [[Secretari d'Estat per la Defensa (Regne Unit)| Secretari d'Estat per la Defensa]] i al [[Primer Ministre del Regne Unit|Primer Ministre]]. La seu està al [[Ministeri de Defensa (Regne Unit)|Ministeri de Defensa]] i treballa al constat del [[Sots-secretari Permanent]], el principal funcionari del ministeri. El Cap de l'Estat Major de la Defensa és l'equivalent britànic al càrrec que a l'[[OTAN]] i a la [[Unió Europea]] és conegut com a '''[[Cap de l'Estat Major]]'''.

Constitucionalment, el [[Monarquia del Regne Unit|Sobirà]] és el Comandant en Cap de les Forces Armades ''[[de iure]].'' A la pràctica, però, el [[Govern del Regne Unit|govern britànic]] exerceix ''[[de facto]]'' la [[Prerrogativa Reial al Regne Unit|Prerrogativa Reial]] i dirigeix les Forces Armades mitjançant el [[Consell de la Defensa del Regne Unit|Consell de la Defensa]] del Ministeri de Defensa, del qual el Cap de l'Estat Major de la Defensa en forma part.

L'actual Cap de l'Estat Major de la Defensa és el [[General (Regne Unit)|General]] [[David Richards (militar)|Sir David Richards]], {{mida|1=[[Orde del Bany|GCB]] [[Orde de l'Imperi Britànic|CBE]] [[Orde del Servei Distingit|DSO]]}}, que substituí el [[Mariscal en Cap de l'Aire]] Sir [[Jock Stirrup]] (actualment Lord Stirrup) el 29 d'octubre de 2010. Els Caps de l'Estat Major de la Defensa són nomenats a recomanació del [[Secretari d'Estat per la Defensa (Regne Unit)|Secretari d'Estat per la Defensa]] al [[Primer Ministre del Regne Unit|Primer Ministre]], abans de ser aprovats per [[Monarquia del Regne Unit|La Reina]].ref name=MOD_accounts/

== Càrrecs de suport i associats ==
El Cap de l'Estat Major de la Defensa té un segon, el [[Vicecap de l'Estat Major de la Defensa (Regne Unit)| Vicecap de l'Estat Major de la Defensa]], que des de 1997 (quan el càrrec va ser degradat) té el rang equivalent, però ordinàriament pertany a un servei diferent del Cap. Actualment, però, hi ha una excepció, car ambdós pertanyen a l'Exèrcit. A més hi ha diversos Adjunts al Cap de l'Estat Major de la Defensa:ref[http://mod.uk/NR/rdonlyres/3631F584-B911-483F-8025-5C34391C7763/0/20101018_central_tlb.pdf Central Top Level Budget] Ministry of Defence/ref

* Adjunt al Cap de l'Estat Major de la Defensa (Operacions) – que ordinàriament informa al vicecap, però que també informa directament al Cap sobre assumptes operatius
* Adjunt al Cap de l'Estat Major de la Defensa (Personal i Entrenament)
* Adjunt al Cap de l'Estat Major de la Defensa (Competència)

El Cap de l'Estat Major de la Defensa manté una relació propera amb el [[Sots-secretari Permanent]] de la Defensa, que és el principal funcionari del Ministeri de Defensa, i ambdós informen directament al [[Secretari d'Estat per la Defensa (Regne Unit)| Secretari d'Estat per la Defensa]]. El CDS se centra en les operacions militar i l'estratègia, mentre que el Sots-secretari se centra en qüestions administratives i financeres.

== Història del càrrec ==
El càrrec va ser creat el 1959 per reflectir el nou concepte d'[[operacions conjuntes]] creat a la [[Segona Guerra Mundial]]. El seu primer ocupant va ser el Mariscal de la RAF [[William Dickson (oficial de la RAF)|Sir William Dickson]]. Abans de la creació del càrrec havia servir com a president del [[Comitè de Caps d'Estat Major]] des de 1956. Abans d'això, encara que no existís un càrrec permanent de president, els caps dels 3 serveis es tornaven per exercir de president a les reunions. Des de la creació del càrrec fins a mitjans de la dècada de 1970, els nomenaments pel càrrec eren mitjançant una estricta base rotatòria entre els 3 serveis. El primer trencament en la rotació va ser precipitat per la inesperada mort del Mariscal de la RAF [[Andrew Humphrey|Sir Andrew Humphrey]]. Durant la dècada de 1980, dos oficials navals ocuparen el càrrec durant un període combinat de 6 anys. Durant els anys més recents hi ha hagut una tendència afavoridora de l'Exèrcit sobre els altres dos.

Des de la creació del càrrec fins al 1997, el Cap de l'Estat Major de la Defensa era promogut al màxim ranc a la seva branca respectiva, esdevenint un [[Almirall de la Flota (Regne Unit)|Almirall de la Flota]], un [[Mariscal de Camp (Regne Unit)|Mariscal de Camp]] or [[Mariscal de la Reial Força Aèria|Mariscal de la Royal Air Force]] ([[Rangs i insígnies de l'OTAN|codi de rang de l'OTAN]] [[OF-10]]). Però amb la reducció de personal posterior al final de la [[Guerra Freda]] a les Forces Armades, i amb el raonament addicional que no s'ha nomenat cap Mariscal de Camp nou de manera rutinària en temps de pau, des de 1997 el Cap de l'Estat Major de la Defensa només ha estat promogut al rang d'[[Almirall (Regne Unit)|Almirall]], [[General (Regne Unit)|General]] o [[Mariscal en Cap de l'Aire]] (rang OTAN [[OF-9]]).

== Caps de l'Estat Major de la Defensa 1959-present ==
{|class=wikitable sortable
! | Ranc
! | Nom
! | Post-Nominals
! | Branca
! | Data de nominació
! | Temps al càrrec 
! | Data de la dimissió 
|-valign=top
|[[Mariscal de la Reial Força Aèria|Mariscal de la Royal Air Force]]
| [[William Dickson (oficial de la RAF)|Sir William Dickson]]ref{{ref-web|url=http://www.rafweb.org/Biographies/Dickson.htm |títol=Marshal of the RAF Sir William Dickson |consulta= 28 abril 2009 |cognom=Barrass |nom=Malcolm |data= 25 setembre 2007 |obra=Air of Authority - A History of RAF Organisation }}/ref
|[[Orde del Bany|GCB]] [[Orde de l'Imperi Britànic|KBE]] [[Orde del Servei Distingit|DSO]] [[Creu de la Força Aèria (Regne Unit)|AFC]]
| align=left | [[Fitxer:Ensign of the Royal Air Force.svg|30px|Royal Air Force]] [[Royal Air Force]]
| align=right	| 1 de gener de 1959 nbsp;
| align=right	| {{age in years and days|1959|1|1|1959|7|12}} nbsp;
| align=right	| 12 de juliol de 1959 nbsp;
|-valign=top
|[[Almirall de la Flota (Regne Unit)|Almirall de la Flota]]
|[[Lluís Mountbatten|Lluís Mountbatten, comte Mountbatten de Birmània]]
| [[Orde de la Lligacama|KG]], [[Orde del Bany|GCB]], [[Orde del Mèrit (Regne Unit)|OM]], [[Orde de l'Estrella de l'Índia|GCSI]], [[Orde de l'Imperi Indi|GCIE]], [[Reial Orde Victorià|GCVO]], [[Orde del Servei Distingit|DSO]]
| align=left | [[Fitxer:Naval Ensign of the United Kingdom.svg|30px|Royal Navy|vora]] [[Royal Navy]]
| align=right	| 13 de juliol de 1959 nbsp;
| align=right	| {{age in years and days|1959|7|13|1965|7|15}} nbsp;
| align=right	| 15 de juliol de 1965 nbsp;
|-valign=top
|[[Mariscal de Camp (Regne Unit)| Mariscal de Camp]]
| [[Richard Amyatt Hull|Sir Richard Hull]]
|[[Orde de la Lligacama|KG]] [[Orde del Bany|GCB]] [[Orde del Servei Distingit|DSO]]
| align=left | [[Fitxer:Flag of the British Army.svg|30px|Exèrcit britànic]] [[Exèrcit britànic]]
| align=right	| 16 de juliol de 1965 nbsp;ref{{London Gazette|issue=43712 |date= 13 juliol 1965 |startpage=6717 |supp=x |accessdate=2010-10-29}}/ref
| align=right	| {{age in years and days|1965|7|16|1967|8|4}} nbsp;
| align=right	| 4 d'agost de 1967 nbsp;
|-valign=top
|Mariscal de la Royal Air Force
| [[Charles Elworthy|Sir Charles Elworthy]]ref{{ref-web|url=http://www.rafweb.org/Biographies/Elworthy.htm |títol=Marshal of the RAF The Lord Elworthy of Timaru |consulta= 7 març 2010 |cognom=Barrass |nom=Malcolm |data= 16 juny 2007 |obra=Air of Authority - A History of RAF Organisation }}/ref
|[[Orde de la Lligacama|KG]] [[Orde del Bany|GCB]] [[Orde de l'Imperi Britànic|CBE]] [[Orde del Servei Distingit|DSO]] [[Reial Orde Victorià|LVO]] [[Creu dels Vols Distingits (Regne Unit)|DFC]] [[Creu de la Força Aèria (Regne Unit)|AFC]]
| align=left | [[Fitxer:Ensign of the Royal Air Force.svg|30px|Royal Air Force]] [[Royal Air Force]]
| align=right	| 4 d'agost de 1967nbsp;ref{{London Gazette|issue=44376 |date= 28 juliol 1967 |startpage=8445 |supp=x |accessdate=2010-10-29}}/ref
| align=right	| {{age in years and days|1967|8|4|1971|4|8}} nbsp;
| align=right	| 8 d'abril de 1971 nbsp;
|-valign=top
|Almirall de la Flota
| [[Peter Hill-Norton|Sir Peter Hill-Norton]]
|[[Orde del Bany|GCB]]
| align=left | [[Fitxer:Naval Ensign of the United Kingdom.svg|30px|vora|Royal Navy]] [[Royal Navy]]
| align=right	| 9 d'abril de 1971 nbsp;
| align=right	| {{age in years and days|1971|4|9|1973|10|21}} nbsp;
| align=right	| 21 d'octubre de 1973 nbsp;
|-valign=top
|Mariscal de Camp
| [[Michael Carver|Sir Michael Carver]]
|[[Orde del Bany|GCB]] [[Orde de l'Imperi Britànic|CBE]] [[Orde del Servei Distingit|DSO]] [[Creu Militar|MC]]
| align=left | [[Fitxer:Flag of the British Army.svg|30px|Exèrcit britànic]] [[Exèrcit britànic]]
| align=right	| 21 d'octubre de 1973nbsp;ref{{London Gazette|issue=46109 |date= 23 octubre 1973 |startpage=12551 |supp=x |accessdate=2010-10-29}}/ref
| align=right	| {{age in years and days|1973|10|21|1976|10|23}} nbsp;
| align=right	| 23 d'octubre de 1976 nbsp;
|-valign=top
|Mariscal de la Royal Air Force
| [[Andrew Humphrey|Sir Andrew Humphrey]]
|[[Orde del Bany|GCB]] [[Orde de l'Imperi Britànic|OBE]] [[Creu dels Vols Distingits (Regne Unit)|DFC]] [[Creu de la Força Aèria (Regne Unit)|AFC]]
| align=left | [[Fitxer:Ensign of the Royal Air Force.svg|30px|Royal Air Force]] [[Royal Air Force]]
| align=right	| 24 d'octubre de 1976nbsp;ref{{London Gazette|issue=47050 |date= 25 octubre 1976 |startpage=14421 |supp=x |accessdate=2010-10-29}}/ref
| align=right	| {{age in years and days|1976|10|24|1977|1|24}} nbsp;
| align=right	| 24 de gener de 1977 nbsp;
|-valign=top
|Almirall de la Flota
| [[Edward Ashmore|Sir Edward Ashmore]]
|[[Orde del Bany|GCB]] [[Creu del Servei Distingit (Regne Unit)|DSC]]
| align=left | [[Fitxer:Naval Ensign of the United Kingdom.svg|30px|vora|Royal Navy]] [[Royal Navy]]
| align=right	| 9 de febrer de 1977 nbsp;
| align=right	| {{age in years and days|1977|2|9|1977|8|30}} nbsp;
| align=right	| 30 d'agost de 1977nbsp;
|-valign=top
|Mariscal de la Royal Air Force
| [[Neil Cameron|Sir Neil Cameron]]ref{{ref-web|url=http://www.rafweb.org/Biographies/Cameron_N.htm |títol=Marshal of the RAF Lord Cameron of Balhousie |consulta= 30 maig 2010 |cognom=Barrass |nom=Malcolm |data= 16 juny 2007 |obra=Air of Authority - A History of RAF Organisation}}/ref
|[[Orde del Card|KT]] [[Orde del Bany|GCB]] [[Orde de l'Imperi Britànic|CBE]] [[Orde del Servei Distingit|DSO]] [[Creu dels Vols Distingits (Regne Unit)|DFC]]
| align=left | [[Fitxer:Ensign of the Royal Air Force.svg|30px|Royal Air Force]] [[Royal Air Force]]
| align=right	| 31 d'agost de 1977nbsp;ref{{London Gazette|issue=47311 |date= 26 agost 1977 |startpage=11141 |supp=x |accessdate=2010-10-29}}/ref
| align=right	| {{age in years and days|1977|8|31|1979|8|31}} nbsp;
| align=right	| 31 d'agost de 1979 nbsp;
|-valign=top
|Almirall de la Flota
| [[Terence Lewin, Baron Lewin|Sir Terence Lewin]]
|[[Orde de la Lligacama|KG]] [[Orde del Bany|GCB]] [[Reial Orde Victorià|LVO]] [[Creu del Servei Distingit (Regne Unit)|DSC]]
| align=left | [[Fitxer:Naval Ensign of the United Kingdom.svg|30px|vora|Royal Navy]] [[Royal Navy]]
| align=right	| 1 de setembre de 1979 nbsp;
| align=right	| {{age in years and days|1979|9|1|1982|9|30}} nbsp;
| align=right	| 30 de setembre de 1982 nbsp;
|-valign=top
|Mariscal de Camp
| [[Edwin Bramall|Sir Edwin Bramall]]
|[[Orde de la Lligacama|KG]] [[Orde del Bany|GCB]] [[Orde de l'Imperi Britànic|OBE]] [[Creu Militar|MC]]

| align=left | [[Fitxer:Flag of the British Army.svg|30px|Exèrcit britànic]] [[Exèrcit britànic]]
| align=right	| 1 d'octubre de 1982 nbsp;ref{{London Gazette|issue=49142 |date= 18 octubre 1982 |startpage=13571 |supp=x |accessdate=2010-10-29}}/ref
| align=right	| {{age in years and days|1982|10|1|1985|10|31}} nbsp;
| align=right	| 31 d'octubre de 1985 nbsp;
|-valign=top
|Almirall de la Flota
| [[John Fieldhouse|Sir John Fieldhouse]]
|[[Orde del Bany|GCB]] [[Orde de l'Imperi Britànic |GBE]]
| align=left | [[Fitxer:Naval Ensign of the United Kingdom.svg|30px|vora|Royal Navy]] [[Royal Navy]]
| align=right	| 1 de novembre de 1985 nbsp;
| align=right	| {{age in years and days|1985|11|1|1988|12|9}} nbsp;
| align=right	| 9 de desembre de 1988 nbsp;
|-valign=top
|Mariscal de la Royal Air Force
| [[David Craig|Sir David Craig]]
|[[Orde del Bany|GCB]] [[Orde de l'Imperi Britànic|OBE]]
| align=left | [[Fitxer:Ensign of the Royal Air Force.svg|30px|Royal Air Force]] [[Royal Air Force]]
| align=right	| 9 de desembre de 1988 nbsp;ref{{London Gazette|issue=51550 |date=5 desembre 1988 |startpage=13684 |supp=x |accessdate=2010-10-29}}/ref
| align=right	| {{age in years and days|1988|12|9|1991|04|1}} nbsp;
| align=right	| 1 d'abril de 1991nbsp;
|-valign=top
|Mariscal de Camp
| [[Richard Vincent|Sir Richard Vincent]]
|[[Orde de l'Imperi Britànic|GBE]] [[Orde del Bany|KCB]] [[Orde del Servei Distingit|DSO]]
| align=left | [[Fitxer:Flag of the British Army.svg|30px|Exèrcit britànic]] [[Exèrcit britànic]]
| align=right	| 2 d'abril de 1991 nbsp;ref{{London Gazette|issue=52489 |date= 28 març 1991 |startpage=5083 |supp=x |accessdate=2010-10-29}}/ref
| align=right	| {{age in years and days|1991|4|2|1992|12|31}} nbsp;
| align=right	| 31 de desembre de 1992nbsp;
|-valign=top
|Mariscal de la Royal Air Force
| [[Peter Robin Harding|Sir Peter Harding]]
|[[Orde del Bany|GCB]]
| align=left | [[Fitxer:Ensign of the Royal Air Force.svg|30px|Royal Air Force]] [[Royal Air Force]]
| align=right	| 31 de desembre de 1992 nbsp;ref{{London Gazette|issue=53184 |date= 25 gener 1993 |startpage=1376 |supp=x |accessdate=2010-10-29}}/ref
| align=right	| {{age in years and days|1992|12|31|1994|3|13}} nbsp;
| align=right	| 13 de marc de 1994 nbsp;
|-valign=top
|Mariscal de Camp
| [[Peter Inge|Sir Peter Inge]]
|[[Orde de la Lligacama|KG]] [[Orde del Bany|GCB]]
| align=left | [[Fitxer:Flag of the British Army.svg|30px|Exèrcit britànic]] [[Exèrcit britànic]]
| align=right	| 15 de març de 1994 nbsp;ref{{London Gazette|issue=53645 |date= 18 abril 1994 |startpage=5799 |supp=x |accessdate=2010-10-29}}/ref
| align=right	| {{age in years and days|1994|3|15|1997|4|1}} nbsp;
| align=right	| 1 d'abril de 1997nbsp;
|-valign=top
|[[General (Regne Unit)|General]] (posteriorment Mariscal de Camp)
| [[Charles Guthrie|Sir Charles Guthrie]]
|[[Orde del Bany|GCB]] [[Reial Orde Victorià|LVO]] [[Orde de l'Imperi Britànic|OBE]]
| align=left | [[Fitxer:Flag of the British Army.svg|30px|Exèrcit britànic]] [[Exèrcit britànic]]
| align=right	| 2 d'abril de 1997 nbsp;ref{{London Gazette|issue=54726 |date= 7 abril 1997 |startpage=4170 |supp=x |accessdate=2010-10-29}}/ref
| align=right	| {{age in years and days|1997|4|2|2001|2|15}} nbsp;
| align=right	| 15 de febrer de 2001 nbsp;
|-valign=top
|[[Admiral]]
| [[Michael Boyce, Baron Boyce|Sir Michael Boyce]]
|[[Orde del Bany|GCB]] [[Orde de l'Imperi Britànic|OBE]]
| align=left | [[Fitxer:Naval Ensign of the United Kingdom.svg|30px|vora|Royal Navy]] [[Royal Navy]]
| align=right	| 16 de febrer de 2001 nbsp;ref[http://www.gov-news.org/gov/uk/news/mod_announces_new_chief_of_defence_staff/26130.html MoD announces new Chief of Defence Staff]/ref
| align=right	| {{age in years and days|2001|2|16|2003|5|2}} nbsp;
| align=right	| 2 de maig de 2003 nbsp;
|-valign=top
|General
| [[Michael Walker|Sir Michael Walker]]
|[[Orde del Bany|GCB]] [[Orde de Sant Miquel i Sant Jordi|CMG]] [[Orde de l'Imperi Britànic|CBE]]
| align=left | [[Fitxer:Flag of the British Army.svg|30px|Exèrcit britànic]] [[Exèrcit britànic]]
| align=right	| 2 de maig de 2003 nbsp;ref{{London Gazette|issue=56992 |date= 8 juliol 2003 |startpage=8463 |supp=x |accessdate=2010-10-29}}/ref
| align=right	| {{age in years and days|2003|5|2|2006|4|28}} nbsp;
| align=right	| 28 d'abril de 2006 nbsp;
|-valign=top
|[[Mariscal en Cap de l'Aire]]
| [[Jock Stirrup|Sir Jock Stirrup]]
|[[Orde del Bany|GCB]] [[Creu de la Força Aèria (Regne Unit)|AFC]]
| align=left | [[Fitxer:Ensign of the Royal Air Force.svg|30px|Royal Air Force]] [[Royal Air Force]]
| align=right	| 28 d'abril de 2006 nbsp;ref[http://www.sbac.co.uk/community/cms/content/preview/news_item_view.asp?i=10306t=0 SBAC] RAF Chief becomes the new Chief of Defence Staff/ref
| align=right	| {{age in years and days|2006|4|28}} nbsp;
| align=right	| 29 d'octubre de 2010 nbsp;ref name=Stirrup retires/
|-valign=top
|General
| [[David Richards (militar)|Sir David Richards]]
|[[Orde del Bany|GCB]] [[Orde de l'Imperi Britànic|CBE]] [[Orde del Servei Distingit|DSO]]
| align=left | [[Fitxer:Flag of the British Army.svg|30px|Exèrcit britànic]] [[Exèrcit britànic]] nbsp;
| align=right	| 29 d'octubre de 2010 nbsp;ref name=Stirrup retires/
| align=right	| {{age in years and days|2010|10|29|2013|07|18}} nbsp;
| align=right	| 18 de juliol de 2013 
|-valign=top
|General
| [[Nick Houghton|Sir Nick Houghton]]
|[[Orde del Bany|GCB]] [[Orde de l'Imperi Britànic|CBE]] 
| align=left | [[Fitxer:Flag of the British Army.svg|30px|Exèrcit britànic]] [[Exèrcit britànic]] nbsp;
| align=right	| 18 de juliol del 2013 nbsp;ref name=Stirrup retires/
| align=right	| {{age in years and days|2013|07|18}} nbsp;
| align=right	| ''Actualment al càrrec''
|}

Cronologia:
timeline
ImageSize = width:800 height:auto barincrement:10
PlotArea = top:10 bottom:50 right:130 left:20
AlignBars = late

DateFormat = dd/mm/yyyy
Period = from:01/01/1955 till:01/01/2020
TimeAxis = orientation:horizontal
ScaleMajor = unit:year increment:5 start:1955

Colors =
 id:RN	value:darkblue legend: RN
 id:BA	value:red legend: Army
 id:RAF value:skyblue legend: RAF
 id:time value:rgb(0.9,0.9,0.9)	

Legend = orientation:vertical position:right

LineData = 
 layer:back
 width:0.2
 color:time
 at:01/01/1955
 at:01/01/1960
 at:01/01/1965
 at:01/01/1970
 at:01/01/1975
 at:01/01/1980
 at:01/01/1985
 at:01/01/1990
 at:01/01/1995
 at:01/01/2000
 at:01/01/2005
 at:01/01/2010
 at:01/01/2015
 at:01/01/2020

BarData =
 barset:PM
 bar:Dickson
 bar:Mountbatten
 bar:Hull 
 bar:Elworthy
 bar:Hill-Norton
 bar:Carver
 bar:Humphrey 
 bar:Ashmore
 bar:Cameron
 bar:Lewin
 bar:Bramall
 bar:Fieldhouse
 bar:Craig
 bar:Vincent
 bar:Harding 
 bar:Inge
 bar:Guthrie
 bar:Boyce 
 bar:Walker
 bar:Stirrup
 bar:Richards

PlotData=
 width:6 align:left fontsize:S shift:(5,-4) anchor:till
 barset:PM

 bar:Dickson		from: 01/01/1959 till: 12/07/1959	color:RAF	text:[[William Dickson (oficial de la RAF)|Sir William Dickson]]
 bar:Mountbatten	from: 13/07/1959 till: 13/07/1965	color:RN	text:[[Lluís Mountbatten|Lord Mountbatten]] 
 bar:Hull		from: 16/07/1965 till: 04/08/1967	color:BA	text:[[Richard Amyatt Hull|Sir Richard Hull]] 
 bar:Elworthy		from: 04/08/1967 till: 08/04/1971	color:RAF	text:[[Charles Elworthy|Sir Charles Elworthy]]
 bar:Hill-Norton	from: 09/04/1971 till: 21/10/1973	color:RN	text:[[Peter Hill-Norton|Sir Peter Hill-Norton]]
 bar:Carver		from: 21/10/1973 till: 23/10/1976	color:BA	text:[[Michael Carver|Sir Michael Carver]]
 bar:Humphrey		from: 24/10/1976 till: 24/01/1977	color:RAF	text:[[Andrew Humphrey|Sir Andrew Humphrey]]
 bar:Ashmore		from: 09/02/1977 till: 30/08/1977	color:RN	text:[[Edward Ashmore|Sir Edward Ashmore]]
 bar:Cameron		from: 31/08/1977 till: 31/08/1979	color:RAF	text:[[Neil Cameron|Sir Neil Cameron]]
 bar:Lewin		from: 01/09/1979 till: 30/09/1982	color:RN 	text:[[Terence LewinSir Terence Lewin]]
 bar:Bramall		from: 01/10/1982 till: 31/10/1985	color:BA	text:[[Edwin Bramall|Sir Edwin Bramall]] 
 bar:Fieldhouse		from: 01/11/1985 till: 09/12/1988	color:RN	text:[[John Fieldhouse|Sir John Fieldhouse]] 
 bar:Craig		from: 09/12/1988 till: 01/04/1991	color:RAF	text:[[David Craig|Sir David Craig]]
 bar:Vincent		from: 02/04/1991 till: 31/12/1992	color:BA	text:[[Richard Vincent|Sir Richard Vincent]]
 bar:Harding		from: 31/12/1992 till: 13/03/1994	color:RAF	text:[[Peter Robin Harding|Sir Peter Harding]]
 bar:Inge		from: 15/03/1994 till: 01/04/1997	color:BA	text:[[Peter Inge, Baron Inge|Sir Peter Inge]]
 bar:Guthrie		from: 02/04/1997 till: 15/02/2001	color:BA	text:[[Charles Guthrie|Sir Charles Guthrie]] 
 bar:Boyce		from: 16/02/2001 till: 02/05/2003	color:RN	text:[[Michael Boyce|Sir Michael Boyce]]
 bar:Walker		from: 02/05/2003 till: 28/04/2006	color:BA	text:[[Michael Walker|Sir Michael Walker]]
 bar:Stirrup		from: 28/04/2006 till: 29/10/2010	color:RAF	text:[[Jock Stirrup|Sir Jock Stirrup]]
 bar:Richards		from: 29/10/2010 till: 01/11/2012	color:BA	text:[[David Richards (militar)|Sir David Richards]]
/timeline

== Noblesa ==
Segons el costum, aquells que han estat Cap de l'Estat Major de la Defensa reben un títol de noblesa en retirar-se, amb un escó a la [[Cambra dels Lords]] a la bancada dels pars [[crossbencher|independents no-polítics]]. El seu nomenament no és recomanat per la [[Comissió de Nomenaments de la Cambra dels Lords]] com és habitual, sinó que són nomenats directament per la Reina mitjançant el Primer Ministre, que elegeix un nombre limitat de funcionaris públics que es jubilen per a ser ennoblits.

El darrer Cap de l'Estat Major de la Defensa, Sir Jock Stirrup, va accedir a la Cambra dels Lords l'1 de febrer de 2010 com a Baró Stirrup de Marylebone a la Ciutat de Westminster..ref name=Stirrup retires{{ref-notícia|url=http://www.number10.gov.uk/news/press-notices/2010/10/outgoing-cds-to-receive-peerage-56223|títol=Outgoing CDS to receive peerage|editorial=Downing Street|data= 27 octubre 2010}}/refref[http://www.publications.parliament.uk/pa/ld201011/minutes/110201/ldordpap.htm House of Lords Business], February 1, 2011/refref{{ref-notícia|url=http://search.bbc.co.uk/click/p/4/ds/latest/t/Gen%2520Sir%2520David%2520Richards%2520new%2520head%2520of%2520British%2520armed%2520forces/id/17231391125538127918360779657154000/sp/420996ebadbd18ae661bdfde4ef05edb/-/http%253a%252f%252fwww%252ebbc%252eco%252euk%252fnews%252f10637366|títol=Gen Sir David Richards new head of British armed forces|editorial=BBC News|data= 14 juliol 2010}}/ref

== Vegeu també ==
* [[Fitxer:Flag of the British Army.svg|30px|bandera de l'Exèrcit britànic]] [[Cap de l'Estat Major General (Regne Unit)]]
* [[Fitxer:Naval Ensign of the United Kingdom.svg|30px|Bandera de la Royal Navy]] [[Primer Lord del Mar]]
* [[Fitxer:Ensign of the Royal Air Force.svg|30px|bandera de la RAF]] [[Cap de l'Estat Major de l'Aire (Regne Unit)]]

==Referències==
{{Referències|2}}
{{Ministeri de Defensa del Regne Unit |state=autocollapse}}
{{ORDENA:Cap De L'Estat Major De La Defensa (Regne Unit)}}
[[Categoria:Graus militars del Regne Unit]]</text>
      <sha1>lvqnvch3bpbvoh8jpwr9baeoxkolcr9</sha1>
      <model>wikitext</model>
      <format>text/x-wiki</format>
    </revision>
  </page>