<page>
    <title>Eslovacs</title>
    <ns>0</ns>
    <id>1010835</id>
    <revision>
      <id>14004703</id>
      <parentid>13840413</parentid>
      <timestamp>2014-09-03T18:03:04Z</timestamp>
      <contributor>
        <username>JoRobot</username>
        <id>24498</id>
      </contributor>
      <minor></minor>
      <comment>Robot canvia small per {{mida}} o {{referències|1}} i treu smalls que sobraven</comment>
      <text>
{{

Infobox ethnic group|
|group='''EslovacsbrSlováci'''
|image=[[File:Svks2.jpg|300px]]
{{mida|85%|[[Anton Bernolák]], [[Ľudovít Štúr]], [[Andrej Hlinka]], [[Štefan Banič]], [[Jozef Miloslav Hurban]], [[Aurel Stodola]], [[Adam František Kollár]], [[Milan Hodža]], [[Pavol Országh Hviezdoslav]], [[Milan Rastislav Štefánik]], [[Gustáv Husák]], [[Alexander Dubček]]}}/div
|poptime='''aprox 6 milions'''
|popplace={{Flag icon|Slovakia}} [[Eslovàquia]] 4,352,775refThe Slovak Spectator: ''Census: Fewer Hungarians, Catholics – and Slovaks'', 5 Mar 2012 [http://spectator.sme.sk/articles/view/45558/2/census_fewer_hungarians_catholics_and_slovaks.html]/ref
|region1    = {{USA}}
|pop1       = 810,000{{spaces|2}}
|ref1       = {{lower|ref name=USZZ.sk(2010 census)/ref}}
|region2    = {{CZE}}
|pop2       = 200,000{{spaces|2}}
|ref2       = {{lower|ref[https://www.cia.gov/library/publications/the-world-factbook/geos/ez.html CIA.gov]/ref}}
|region3    = {{CAN}}
|pop3       = 100,000{{spaces|2}}
|ref3       = {{lower|ref name=USZZ.sk/}}
|region4    = {{UK}}
|pop4       = 90,000{{spaces|2}}
|ref4       = {{lower|ref[http://www.statistics.gov.uk/StatBase/Product.asp?vlnk=15147 Population by Country of Birth  Nationality, Apr 2009 to Mar 2010 (UK)]/ref}}
|region5    = {{SRB}}
|pop5       = 52,750{{spaces|2}}
|ref5       = ref[http://webrzs.stat.gov.rs/WebSite/userFiles/file/Aktuelnosti/Prezentacija_Knjiga1.pdf]/ref
|region6    = {{HUN}}
|pop6       = 29,647{{spaces|2}}
|ref6       = {{lower|ref[http://www.ksh.hu/docs/hun/xftp/idoszaki/nepsz2011/nepsz_orsz_2011.pdf Hungarian census 2011]/ref}}
|region7    = {{GER}}
|pop7       = 25,200{{spaces|2}}
|ref7       = 
|region8    = {{ARG}}
|pop8       = 22,500{{spaces|2}}
|ref8       = 
|region9    = {{ROU}}
|pop9       = 17,226{{spaces|2}}
|ref9       = {{lower|ref[http://recensamant.referinte.transindex.ro/?pg=8 Transindex.ro]/ref}}
|region10   = {{FRA}}
|pop10      = 16,000{{spaces|2}}
|ref10      = 
|region11   = {{ITA}}
|pop11      = 15,000{{spaces|2}}
|ref11      = 
|region12   = {{AUS}}
|pop12      = 12,000{{spaces|2}}
|ref12      = 
|region13    = {{IRL}}
|pop13       = 10,801{{spaces|2}}
|ref13       = {{lower|ref name=CSO Emigration{{cite web | url=http://www.cso.ie/en/media/csoie/census/documents/census2011profile6/Profile%206%20Migration%20and%20Diversity%20Commentary.pdf | title=CSO Emigration | publisher=Census Office Ireland | accessdate=January 29, 2013}}/ref}}
|region14   = {{AUT}}
|pop14      = 10,500{{spaces|2}}
|ref14      = 
|region15   = {{UKR}}
|pop15      = 6,397{{spaces|2}}
|ref15      = {{lower|ref name=USZZ.sk(2010 census)/ref}}
|region16   = {{HRV}}
|pop16      = 4,712{{spaces|2}}
|ref16      = {{lower|ref name=USZZ.sk(2010 census)/ref}}
|region17   = {{BEL}}
|pop17      = 4,000{{spaces|2}}
|ref17      = {{lower|ref name=USZZ.sk(2010 census)/ref}}
|region18   = {{BRA}}
|pop18      = 3,000{{spaces|2}}
|ref18      = 
|region19   = {{CHL}}
|pop19      = 2,300{{spaces|2}}
|ref19      = 
|region20   = {{POL}}
|pop20      = 2,000{{spaces|2}}
|ref20      = 
|region21   = {{NLD}}
|pop21      = 1,800{{spaces|2}}
|ref21      = 
|region22   = {{ESP}}
|pop22      = 1,600{{spaces|2}}
|ref22      = 
|region23   = {{ISR}}
|pop23      = 1,500{{spaces|2}}
|ref23      = 
|region24   = {{ZAF}}
|pop24      = 800{{spaces|2}}
|ref24      = 
|region25   = Other
|pop25      = 120,000 br {{citació necessària|data=February 2007|data=juliol de 2014}}
|ref25      =

|langs=[[Eslovac]]
|rels= [[Església Catòlica Romana]] 73%,br [[Protestants]] 10.8%,br altres o no especificats 3.2%, (inclouen 50,363 cristians ortodoxos), [[teixme]], [[agnosticisme]] o [[irreligió]] 13% (2001 [[cens]] a Eslovàquia, extrapolat als eslovacs de l'exterior)
|related=Other [[Eslaus]], sobretot altres [[eslaus occidentals]]br{{mida|85%|[[Txecs]] són els més propers}}ref
{{cite web
|url=http://www.ethnologue.com/show_family.asp?subid=292-16
|title=Ethnologue - Slavic languages
|publisher=www.ethnologue.com
|accessdate=2011-03-16
|last=
|first=
}}
/ref

}}
Els '''eslovacs''' o '''poble eslovac''' (en [[eslovac]]: Slováci, singular, ''Slovák'', femení, ''Slovenka'', en plural, ''Slovenky'') són un grup humà [[eslaus occidentals|eslau occidental]] que viuen sobretot a [[Eslovàquia]] i que parlen [[eslovac]]. Els eslovacs també són les persones que tenen la ciutadania de la República d'Eslovàquia.

En l'actualitat la majoria dels eslovacs viuen dins les fronteres d'Eslovàquia (UNS 5.410.836). Hi ha minories d'eslovacs a la [[República Txeca]], [[Polònia]], [[Hongria]], [[Sèrbia]] i hi ha un nombre relativament important d'emigrants eslaus i els seus descendents que viuen als [[Estats Units]] i al [[Regne Unit]].

== Història ==

{{AP|Història d'Eslovàquia}}
[[File:Pribina, Nitra (2008).jpg|left|thumb|[[Pribina]], cap del Principat de Nitra,ref name=Kirschbaum25{{Harvnb|Kirschbaum|1995| p=25}}/ref que va manat sobre el [[Principat de Balaton]] from 839/840 to 861.ref{{cite book
  | last = Bagnell Bury
  | first = John
  | title = The Cambridge Medieval History
  | publisher = [[Macmillan Publishers|Macmillan]]
  | year = 1923
  | location = Cambridge
  | url = http://books.google.com/?id=_9IHAAAAIAAJq=Balaton+Principalitydq=Balaton+Principality
  | isbn =
  | page = 211}}/ref]]
Els primers estats eslaus coneguts a l'actual Eslovàquia foren l'Imperi de [[Samo]] i el [[Principat de Nitra]] que es van fundar al [[segle VIII]].

La [[Gran Moràvia]] ([[833]]-¿[[907]]?) fou un estat eslau que va existir entre el segle IX i principis del segle X, els creadors del qual foren els avantpassats dels actuals [[txecs]] i eslovacs.refFerence Gregory Curtis.  Chronology of 20th-century eastern European history. Gale Research, Inc., 1994. ISBN 978-0-8103-8879-6, p. 103/refref{{Cite journal | url = http://books.google.com/?id=5D4uAQAAIAAJdq=%22great+moravia%22+ancestors+slovakq=%22It+was+the+first+West+Slavonic+state+to+come+into+existent+its+creators+being+the+ancestors+of+the+Czechs+and+Slovaks%22#search_anchor | title = The Great Moravia Exhibition: 1100 years of tradition of state and cultural life | author1 = Věd) | first1 = Archeologický Ústav (Československá Akademie | year = 1964}}/ref D'entre els desenvolupaments important que es van fer a la Gran Moràvia durant aquesta època hi destaquen la missió dels monjos grecs [[Ciril i Metodi]], el desenvolupament de l'alfabet [[Glagolític]] (una forma antiga de l'[[alfabet cirícil]] i l'ús de l'[[antic eslau]] com a llengua oficial i literària. El territori original que habitaven les antigues tribus eslaves inclouen no només l'actual Eslovàquia, si no també parts de l'actual Polònia, el sud-est de Moràvia i la meitat septentrional de l'actual Hongria.

El territoria de l'actual Eslovàquia va esdevenir part del [[Regne d'Hongria]] sota el domini hongarès entre el 907 i principis del [[segle XIV]] i es va mantenir sota la influència d'aquest regne fins a la formació de [[Txecoslovàquia]] el [[1918]].ref name=Eberhardt105{{Harvnb|Eberhardt|2003| p=105}}/ref Quan la majoria d'Hongria fou conquerit per l'[[Imperi Otomà]] el [[1541]], l'[[Alta Hongria]] (l'actual Eslovàquia) va esdevenir el nou centre del nou regne sota l'Hongria Reial (1526-1699). En aquesta època alguns [[croats]] es van assentar al voltant de [[Bratislava]].ref name=Eberhardt104{{Harvnb|Eberhardt|2003| p=104}}/ref

Quan l'Imperi Otomà fou forçat a retirar-se de l'actual Hongria, al voltant del [[1700]], milers d'eslovacs es van assentar en parts despoblades del Regne d'Hongria restaurat (l'actual Hongria, [[Romania]], [[Sèrbia]] i [[Croàcia]]) on encara avui en dia hi viuen minories eslovaques. Després de Transilvània, l'Alta Hongria fou la part més avançada del Regne d'Hongria durant molts segles, però al [[segle XIX]], quan [[Budapest]] va esdevenir la nova capital del Regne, la seva importància va minvar i molts eslovacs es van empobrir. Com a resultat, centenars de milers d'eslovacs van emigrar cap a [[Amèrica del Nord]], sobretot a finals del segle XIX i principis del [[segle XX]], fins al total d'1,5 milions de persones.

Eslovàquia exhibeix una rica cultura pròpia. Una part dels costums i les convencions socials eslovaques són comuns amb altres nacions de l'antiga Monarquia Habsburg.

Després de la [[Segona Guerra Mundial]] es va formar [[Txecoslovàquia]] i la regió es va [[industrialització|industrialitzar]]. L'eslovac fou fortament influenciat pel [[txec]] durant aquest període.
=== Eslovacs al món actual ===
Les transformacions polítiques del [[1989]] i del [[1993]] van restaurar moltes llibertats per als eslovacs. La societat contemporània eslovaca combina elements de la tradició folklòrica eslovaca i l'estil de vida occidental.

== Nom i etnogènesi ==
[[Fitxer:Jan Holly Vilimek.jpg|thumb|[[Ján Hollý]] (retrat de 1885)]]
L'origen dels eslovacs no està clar i hi ha diferents postures entre els científics que l'han estudiat. El terme eslovac és problemàtic en relació al període medieval, ja que va sorgir en el [[nacionalisme]] modern després del [[segle XVIII]].refWilliam Mahoney, [http://books.google.co.uk/books?id=5qgHE29pikMCprintsec=frontcoverdq=The+History+of+the+Czech+Republic+and+Slovakiahl=enei=dSWYTqfbB8O98gOZ3pHvBQsa=Xoi=book_resultct=resultresnum=1ved=0CDoQ6AEwAA#v=onepageq=%22are%20problematic%22f=false The History of the Czech Republic and Slovakia], ABC-CLIO, 2011, p. 34/ref La [[nacionalisme|ideologia nacionalista]] de què els eslovacs són els descendents dels [[eslaus]] que havien habitat el territori de l'actual Eslovàquia té una llarga història i està relacionada amb l'ambició dels eslovacs d'aconseguir l'[[autodeterminació]] o autonomia d'Hongria a partir del segle XIX i durant el [[nacionalisme romàntic]]. Aquesta teoria ha donat suport a la història de la Gran Moràvia (que era un estat en el qual convivien els eslovacs amb els txecs) per a donar legitimitat a la creació de la Txecoslovàquia unidaref name=Marsina17{{Harvnb|Marsina|1997| p=17}}/ref i que aquest estat va subvencionar.ref name=Marsina17/ Després de la [[Dissolució de Txecoslovàquia]], el [[1993]], la formació de l'Eslovàquia independent va motivar un interés a fomentar la identitat nacional eslovaca.ref name=Warhola{{cite web|url=http://www.umaine.edu/polisci/files/2010/04/mpsa05_proceeding_84621.pdf|title=Changing Rule Between the Danube and the Tatras: A study of Political Culture in Independent Slovakia, 1993 - 2005|last=W. Warhola|first=James|year=2005|work=The [[University of Maine]]|publisher=Midwest Political Science Association 2005 Annual National Conference, April 9, 2005|location=[[Orono, Maine]], United States.|accessdate=2011-06-15}}/ref Així, en l'actualitat es posa més l'accent en l'eslovaquietat que en la identitat nacional comuna txecoslovaca.ref name=Warhola/ Tot i que la definició i la identificació dels habitants de la Gran Moràvia és molt difícilref name=Kirschbaum35{{Harvnb|Kirschbaum|1995| p=35}}/ref i els records històrics no són precisos no són precisos,ref name=Kirschbaum35/ l'actual consens entre els historiadors eslovacs és que els eslovacs existeixen com un poble amb consciència nacional de la seva identitat nacional des del [[segle IX]] o [[segle X|X]],ref name=Kirschbaum37{{Harvnb|Kirschbaum|1995| p=37}}/ref i que es pot identificar els eslaus que vivien en aquest regne com eslovacs.

[[Fitxer:001Bratislava Kral Svatopluk1.jpg|thumb|right|200px|alt=Svatopluk I|L'estàtua de [[Svätopluk I de Moràvia]]]]

La teoria de la Gran Moràvia i de l'herència Cirilo-metodiana data del [[segle XVIII]]. Georgius Papanek (o Juraj Papánek), en el seu llibre ''Historia gentis Slavae. De regno regibusque Slavorum'' (Història del Poble eslau: En el regnat i els reis dels Eslaus) traça les arrels dels eslovacs fins a la Gran Moràvia.ref name=Kamusella134{{Harvnb|Kamusella|2009| p=134}}/ref

La nació eslovaca moderna és el resultat d'un procés radical de modernització durant l'Imperi Habsburg que va culminar al [[segle XIX]].ref name=Auer/ Segons el filòsof [[Ernest Gellner]], això és contrari al mite eslovac que traça l'origen de la nació eslovaca abans del segle IX.ref name=AuerStefan Auer, [http://books.google.co.uk/books?id=BhNsM_ttOb4Cprintsec=frontcoverdq=Liberal+Nationalism+in+Central+Europehl=ensa=Xei=Zjx0T_bzOeXU0QXA6IXqDwved=0CDMQ6AEwAA#v=onepageq=Liberal%20Nationalism%20in%20Central%20Europef=false ''Liberal Nationalism in Central Europe''], Routledge, 2004, p. 135/ref
=== El terme Eslovac ===
Els eslovacs i els [[eslovens]] són les úniques actuals nacions eslaves que preserven el seu antic nom d'[[eslaus]] (en singular: slověn) en el seu nom - l'adjectiu eslovac és encara ''slovenský '' i el nom femení és encara ''Slovenka'' a l'eslovac i només el nom masculi eslovac canvia a ''Slovenin''. El nom eslovac per a anomenar la seva llengua és ''slovenčina '' i el nom eslovè per la seva llengua és ''slovenščina''. El nom es deriva de la forma proto-eslava de ''slovo'' (paraula, parlar). Així, els eslovacs i els eslovens volen dir, quan anomenen la seva llengua i els que la parlen persones que parlen.
==== En altres llengües ====
En [[magiar]], eslovac és ''Tót'' (en plural: ''tótok''), un [[exònim]]. Originalment s'utilitzava per a referir-se a tots els [[eslaus]], també als [[eslovens]] i als [[croats]], però s'ha acabat utilitzant per a referir-se sobretot als eslovacs. El terme és considerat ofensiu en un context contemporani però fou utilitzat per a referir-se als eslovacs quan l'actual Eslovàquia formava part d'Hongria. Hi ha molts llocs d'Hongria que es diuen amb aquest prefix: [[Tótszentgyörgy]], [[Tótszentmárton]] i [[Tótkomlós]]. ''Tóth'' també és un cognom molt comú a Hongria.

Els eslovacs també han rebut altres nominacions com ''Slovyenym'', ''Slowyenyny'', ''Sclavus'', ''Slavus'', ''Slavi'', ''Winde'', ''Wende'' o ''Wenden''.

== Cultura ==
L'art eslovac es pot traçar des de l'[[Edat medieval]], quan algunes de les peces d'art més important de la història del país van ser creades. Algunes de les figures més importants d'aquest període són mestres com el [[Mestre Paul de Levoča]] i el [[Mestre MS]]. Entre els artistes contemporanis més importants, hi ha [[Koloman Sokol]], [[Albin Brunovský]], [[Martin Benka]], [[Mikuláš Galanda]], [[Ludovit Fulla]], [[Julius Koller]], [[Stanislav Filko]] i [[Roman Ondak]]. Els compositors musicals més importants són [[Eugen Suchoň]], [[Ján Cikker]], [[Alexander Moyzes]], [[Vladimir Godar]] i [[Peter Machajdik]].

En el camp de la ciència i la tecnologia, hi destaquen: [[Jozef Murgaš]], [[Ján Bahýľ]], [[Štefan Banič]], [[Aurel Stodola]] i [[John Dopyera]]. Els inventors hongaresos [[Joseph Pertzval]] i [[Stefan Jedlik]] tenien pares eslovacs.

Els eslovacs historiadors i polítics més destacats han estat [[Pavel Jozef Šafárik]], [[Matej Bel]], [[Ján Kollár]], [[Milan Rastislav Štefánik]] i [[Alexander Dubček]]. Hi ha dos principals lingüistes que han codificat l'eslovac, [[Anton Bernolák]] i [[Ľudovít Štúr]].

L'heroi eslovac més conegut fou [[Juraj Jánošík]] i també és destacat l'explorador i diplomàtic [[Móric Beñovský]].

gallery
File:MUTTICH 4.JPG| div style=text-align: center; Noia d'Eslovàquia /div
File:Jizda Kralu Vlcnov Czech Rep.jpg|div style=text-align: center; Festival folklòric Moravia-Slovac /div
File:Veľkonočný pondelok1.jpg|div style=text-align: center; Oriental a Eslovàquia /div
File:Campesino eslovaco de losMontes tatra.jpg| div style=text-align: center; Pagès eslovac de les muntanyes Tatra, 1908 /div

File:RimSobota francisci rimavsky.jpg| div style=text-align: center; Jan Francisci-Rimavsky poeta i revolucionari /div
File:Viola Valachová table.jpg| div style=text-align: center; Viola Valachová br partisana /div

File:Adriana Sklenarikova Karembeu 2006.jpg|div style=text-align: center;  [[Adriana Karembeu|Adriana Sklenaříková]], model i actriu/div
File:Jana Kirschner KVIFF.jpg| div style=text-align: center; [[Jana Kirschner]], cantant de pop /div
File:Daniela Hantuchova (7607505624).jpg| div style=text-align: center;  [[Daniela Hantuchová]], la tennista més coneguda eslovaca /div

File:Stan Mikita.jpg| div style=text-align: center; [[Stan Mikita]], Jugador d'hoquei sobre gel/div
File:Peter Stastny1.jpg| div style=text-align: center; [[Peter Šťastný]], jugador d'hoquei sobre gel/div
File:Chara_cropped.jpg |  div style=text-align: center; [[Zdeno Chára]], Jugador d'hoquei sobre gel/div

File:Operace Anthropoid - Jozef Gabčík.jpg|  div style=text-align: center;  [[Jozef Gabčík]], soldat eslovac, assassí de Reinhard Heydrich  /div
File:Michael Strank.jpg|  div style=text-align: center;  [[Michael Strank]], marine america, un dels homes que va aguantar la bandera a [[Iwo Jima]]/div
File:Miroslaw Iringh Stanko.jpg|  div style=text-align: center;  [[Miroslav Iringh]], un dels organitzadors de la Primavera de Praga/div
/gallery

== Referències ==
{{referències|2}}
== Bibliografia ==
*{{cite book |title= Ethnogenesis of Slovaks, Human Affairs, 7, 1997, 1|last= Marsina|first=Richard |authorlink= |coauthors= |year=1997 |publisher=Faculty of Humanities, [[University of Trnava]] |location= [[Trnava]], [[Slovakia]]|isbn= |page= |pages= |url= |accessdate=|ref=harv}}
*{{cite book |title= The Politics of Language and Nationalism in Modern Central Europe|last= Kamusella |first= Tomasz|authorlink= Tomasz Kamusella|coauthors= |year= 2009|publisher=[[Palgrave Macmillan]]|location=[[Basingstoke]], UK (Foreword by Professor [[Peter Burke (historian)|Peter Burke]]) |isbn=9780230550704 |page= |pages= |url= |accessdate=2009-01-04|ref=harv}}
*{{cite book
  | last = Kirschbaum
  | first = Stanislav J.
  | authorlink = | title = A History of Slovakia: The Struggle for Survival
  | publisher = [[Macmillan Publishers|Palgrave Macmillan]]; [[St. Martin's Press]]
  | date = March 1995
  | location = New York
  | url = http://us.macmillan.com/ahistoryofslovakia
  | isbn = 978-0-312-10403-0
  | page = 25
  | ref=harv}}
*{{cite journal|last1=Malyarchuk|first1=B.A.|last2=Perkova|first2=M.A.|last3=Derenko|first3=M.V.|last4=Vanecek|first4=T.|last5=Lazur|first5=J.|last6=Gomolcak|first6=P.|year= 2008|title= Mitochondrial DNA Variability in Slovaks, with Application to the Roma Origin|journal=Annals of Human Genetics|volume=72|page= |pages= 228|publisher= Journal compilation 2008 University College London|location=|doi= 10.1111/j.1469-1809.2007.00410.x|url= http://www3.interscience.wiley.com/cgi-bin/fulltext/119387744/PDFSTART|language= |format=|ref=harv |accessdate=|issue=2 }}
*{{cite book
  |last = Eberhardt
  |first = Piotr
  |authorlink =
  |title = Ethnic Groups and Population Changes in Twentieth-Century Central-Eastern Europe: History, Data, Analysis
  |publisher = M.E. Sharpe
  |series =
  |year = 2003
  |doi =
  |isbn = 978-0-7656-0665-5
  |ref=harv}}
*{{cite book |title=Slovakia and the Slovaks |last= Mikuš|first=Joseph A.|authorlink= |coauthors= |year=1977 |publisher=Three Continents Press |location= |isbn= 9780914478881|page=|pages= |url= |accessdate=|quote=The work is superbly illustrated by Martin Benka, a Slovak painter of comparable|ref=harv}}

== Mapes ==
gallery
Image:Vojvodina west east slavs.png|Eslovacs a [[Vojvodina]], [[Sèrbia]] (cens de 2002)
File:Slovak USC2000 PHS.svg|L'eslovac en els Estats Units segons el cens dels Estats Units interpretat per la ''U.S. English Foundation''.
/gallery
== Enllaços externs ==
{{commons category|Slovaks}}
*[http://www.snm.sk/old/zbornik/zbornik_text.htm Alguns estudis sobre els primitius eslovacs i eslaus i la seva llengua.]
*[http://www.loc.gov/rr/european/imsk/slovakia.html Eslovacs a Amèrica (''Library of Congress'')]
*[http://terkepek.adatbank.transindex.ro/kepek/netre/11.gif Els eslovacs al Regne d'Hongria segons el cens de 1910]
{{Autoritat}}

[[Categoria:Eslovacs|*]]
[[Categoria:Grups eslaus]]</text>
      <sha1>oexg18z1ts1oj7ofq6pacnoqdozzjqh</sha1>
      <model>wikitext</model>
      <format>text/x-wiki</format>
    </revision>
  </page>