<page>
    <title>Oriana Fallaci</title>
    <ns>0</ns>
    <id>101117</id>
    <revision>
      <id>13838939</id>
      <parentid>13596292</parentid>
      <timestamp>2014-07-16T00:45:59Z</timestamp>
      <contributor>
        <username>PereBot</username>
        <id>118448</id>
      </contributor>
      <minor></minor>
      <comment>Robot inserta {{Autoritat}}</comment>
      <text>'''Oriana Fallaci''' ([[Florència]], [[29 de juny]] de [[1929]] - Florència, [[15 de setembre]] de [[2006]]) fou una escriptora i periodista [[Itàlia|italiana]].

Fou la creadora d'un tipus d'entrevista periodística d'impacte per la seva audàcia, llur perspicàcia psicològica i la qualitat literària. Durant la [[Segona Guerra Mundial]], sent encara una nena, col·laborà amb la resistència.

Fallaci es va fer especialment cèlebre per la seva tasca de corresponsal de guerra, però també per haver entrevistat alguns dels personatges més influents del [[segle XX]]. Ara, els últims anys de la seva vida, des de l'[[11 de setembre]] de [[2001]], han estat més polèmics pels seus punts de vista molt crítics envers el [[món islàmic]].

[[Fitxer:Cimitero Evangelico Agli Allori - grave - Oriana Fallaci.jpg|thumb|250px|dreta|Tomba d'Oriana Fallaci]]

Després d'estudiar periodisme a la Universitat de Florència, treballà per la ''L'Europeo'', i al llarg de llur carrera col·laborà amb les publicacions més prestigioses, com ''Life, The New york Times, The Washington Post, Der Spiegel, Le Nouvelle Observateux, Corriere della Sera'' o ''Politika'', entre d'altres.

Fins al [[1967]] cobrí els conflictes més importants de l'època. Les seves cròniques sobre el [[Vietnam]], recollides en el llibre ''Niente e così sia'' ([[1969]]) i també sobre el [[Pròxim Orient]]. Entre les moltes personalitats que va entrevistar hi ha [[Henry Kissinger]], [[Willy Brandt]], [[Muammar al-Gaddafi]], [[Federico Fellini]], [[Iàsser Arafat]], [[Indira Gandhi]]...

Des dels anys noranta vivia a [[Nova York]], on va poder veure els efectes dels atemptats contra les [[Torres Bessones]]. Des d'aleshores va criticar amb duresa el [[fonamentalisme islàmic]] i fins i tot va parlar d'un procés d'islamització d'Occident. Arran d'aquests fets Fallaci va publicar un extens article [http://www.mercaba.org/FICHAS/Articulos/la_rabia_y_el_orgullo_1.htm La ràbia i l'orgull (en aquest enllaç traduït al castellà)], originalment ''La rabbia e l'orgoglio'' ([[2001]]), en el que acusa a l'esquerra i als progressistes [[europeus]] i [[nord-americans]] d'estar en contra dels govern dels [[Estats Units]] i de ser benèvols amb la causa de [[Bin Laden]]. Entre altres arguments, Fallaci va escriure que:

{{Cita|¿No us adoneu que els Osama bin Laden es creuen autoritzats a matar-vos a vosaltres i als vostres fills, perquè beveu vi o cervesa, perquè no porteu barba llarga o xador, perquè aneu al teatre i al cinema, perquè escolteu música y canteu cançons, perquè balleu en les discoteques o a les vostres cases, perquè mireu la televisió, perquè vestiu minifaldilla o pantalons curts, perquè esteu despullats o casi en el mar o a les piscines i perquè feu l'amor quan us sembla, on us sembla i amb qui us sembla? No us importa res de tot això, estúpids? Jo soc atea, gràcies a Déu. Però no tinc cap intenció de deixar-me matar per ser-ho.}}

Per aquestes declaracions polèmiques fou acusada de difamació contra l'[[Islam]].

Fallaci va publicar una desena de llibres. D'aquests, només n'hi ha un de traduït al [[català]], 'Inxal·là' (Plaza i Janés i [[Cercle de Lectors]], [[1992]], originalment 'Insciallah', [[1990]], un relat de ficció sobre les tropes italianes a [[Líban]] el [[1983]]). Però el volum més conegut de la periodista és 'Intervista colla storia' ('Entrevista amb la història'), on recull algunes de les entrevistes que va fer amb personatges influents del món durant la dècada dels [[els anys 1970|setanta]]. 

També va publicar: 'I sette peccati di Hollywood' ([[1958]]), 'Penelope alla guerra' ([[1962]]); als EUA: 'If the Sun Dies'([[1967]]), sobre el programa de l'espai dels EUA i 'The Egotists: Sixteen Surprising Interviews' ([[1968]]); i també 'Quel giorno sulla Luna' ([[1970]]), 'Lettera a un bambino mai nato' ([[1975]]), 'Un uomo' ([[1979]]), aquesta última és una novel·la autobiogràfica sobre la seva relació sentimental amb [[Alexandros Panagoulis]], l'heroi de la resistència [[Grècia|grega]] contra el règim dels Coronels, i 'Oriana Fallaci intervista sé stessa - L'Apocalisse' ([[2005]]).

== Guardons ==
*.-1979. St. Vincent de periodisme
*.-1979. Viareggio
*.-1991. Hemingway
*.-1991. Super Bancarella

== Referències ==
{{Commonscat|Oriana Fallaci}}

* Suplement 2005-06, pàgines 259-60, de l'Enciclopèdia Espasa
{{Autoritat}}

{{ORDENA:Fallaci, Oriana}}

[[Categoria:Escriptors italians en italià|Fallaci, Oriana]]
[[Categoria:Periodistes italians]]
[[Categoria:Florentins]]</text>
      <sha1>28v0lmxy80qux805pzpx535eihz8q4d</sha1>
      <model>wikitext</model>
      <format>text/x-wiki</format>
    </revision>
  </page>