<page>
    <title>Bombardeig de Singapur (1944–1945)</title>
    <ns>0</ns>
    <id>1012013</id>
    <revision>
      <id>13985572</id>
      <parentid>13982836</parentid>
      <timestamp>2014-08-29T23:06:18Z</timestamp>
      <contributor>
        <username>ArnauBot</username>
        <id>90823</id>
      </contributor>
      <comment>Robot estandarditza i catalanitza referències, catalanitza dates i fa altres canvis menors</comment>
      <text>{{FixHTML|begin}}
{{VPHISMILCAT Infotaula conflicte militar|
imatge=[[Fitxer:Admiralty IX Floating Dry Dock March 1941.jpg|300px|El IX moll flotant de l'Almirallat de la base naval de Singapur fou l'objectiu de dos atacs el 1945.]]|
peu_de_foto=El IX moll flotant de l'Almirallat de la base naval de Singapur fou l'objectiu de dos atacs el 1945.|
nom_de_la_batalla=Bombardeig de Singapur|
campanya = [[Bombardeig del Sud-est Asiàtic 1944-45]]|
front = [[Guerra del Pacífic]] |
conflicte= [[Segona Guerra Mundial]] |
data=5 de novembre de 1944 - 24 de maig de 1945|
localitat=[[Singapur]]|
esquema_de_colors=background:#eeddbb|
resultat=Resultat indecís|
mapa=|
bàndol1=[[Fitxer:US flag 48 stars.svg|20px|Estats Units d'Amèrica]] [[Estats Units]]br
* [[Fitxer:US roundel 1943-1947.svg|20px|USAAF]] [[Forces Aèries de l'Exèrcit dels Estats Units|USAAF]]
{{RUN}}
* [[Fitxer:Ensign of the Royal Air Force.svg|20px|Royal Air Force]] [[Royal Air Force|RAF]]
|bàndol2=[[Fitxer:Flag of Japan.svg|border|20px|Japó]] [[Imperi del Japó]]br
* [[Fitxer:Naval Ensign of Japan.svg|20px|Marina japonesa]] [[Marina Imperial Japonesa|MIJ]]|
general1=|
general2=|
força_numèrica1=|
força_numèrica2=| 
baixes1= 9 bombarders destruïts|
baixes2= Destrucció de diverses instal·lacions navals. Destrucció d'almenys quatre vaixells i danys en un total d'onze.|
batalla_anterior= |
batalla_posterior= |
}}
{{FixHTML|mid}}
{{2GM-Teatre-Guerra Pacífic}}
{{FixHTML|end}}
{{coord|1|22|N|103|48|E|display=title}}

El '''bombardeig de Singapur (1944–1945)''' fou una campanya militar dirigida per les forces aèries [[Aliats de la Segona Guerra Mundial|aliades]] durant la [[Segona Guerra Mundial]]. Unitats de bombarders de llarg abast de les [[Forces Aèries de l'Exèrcit dels Estats Units]] (USAAF) llançaren 11 atacs aeris dirigits a [[Singapur]], ocupat per l'[[Imperi Japonès]], entre el novembre de 1944 i el març de 1945. La majoria d'aquests atacs anaven dirigits a la base naval i a les instal·lacions de les drassanes de l'illa, encara que també s'endegaren unes quantes missions de disposició de [[Mina marina|mines]] en aigües pròximes. Després que els bombarders americans es reorganitzessin, els britànics de la [[Royal Air Force]] assumiren la responsabilitat de les operacions de minat prop de Singapur, les quals continuaren fins al 24 de maig de 1945.

Els atacs tingueren resultats diversos: el dany més significatiu fou provocat a la important base naval de Singapur i al port comercial. Alguns atacs sobre aquests objectius no tingueren èxit i altres contra instal·lacions d'emmagatzematge de carburant en illes prop de Singapur foren ineficaços. La campanya de minat interrompia el tràfic de vaixells japonesos a l'àrea de Singapur i provocà la pèrdua de tres vaixells i danys a uns altres deu, però no foren decisius en el curs de la guerra. Els atacs aeris aliats, tanmateix, tingueren èxit alçant la moral de la població civil de Singapur, que creia que aquests podrien marcar la imminent alliberació de la ciutat. El nombre global de víctimes civils dels bombardeigs fou baix, encara que un atac en concret matà centenars d'indigents així com diversos treballadors civils d'instal·lacions militars.

== Antecedents ==
En les dècades posteriors a la [[Primera Guerra Mundial]], la Gran Bretanya expandí la Base naval de Singapur a [[Sembawang]], a la costa nord de Singapur, com a part dels seus plans per dissuadir l'expansionisme japonès a la regió en el que s'anomenà ''estratègia Singapur''.ref. Toh (2009), pp.nbsp;908 ??909 /ref La instal·lació resultant es trobava entre les més importants de l'[[Imperi Britànic]] i incloïa el gran Dic sec anomenat Rei [[Jordi VI del Regne Unit|Jordi VI]] i el IX Dic flotant de l'AlmirallatrefBayly and Harper (2004), p.nbsp;106/refrefHack and Blackburn (2004), pp.nbsp;22–23/ref Les forces de la [[Commonwealth]] assignades a [[Malàisia]] i Singapur foren derrotades ràpidament en els mesos posteriors a l'inici de la [[Guerra del Pacífic]] i, tanmateix, l'illa no sucumbí al control japonès fins al 15 de febrer de 1942.ref name=Toh_909Toh (2009), p.nbsp;909/ref Singapur fou bombardejat per aeronaus japoneses en diverses ocasions durant la [[batalla de Malàisia]] i la [[batalla de Singapur]] provocant moltes morts civils.refBayly and Harper (2004), pp.nbsp;117, 136–137, 139/ref

[[Fitxer:Queen Mary in Singapore Gaving Dock Aug 1940.jpg|300px|thumb|El transatlàntic ''Queen Mary'' al moll Jordi VI durant l'agost de 1940]]

La Base naval de Singapur patí pocs danys durant la batalla entre 1941 i el 1942 i es convertí en la instal·lació més important de la [[Marina Imperial Japonesa]] (MIJ) fora de les illes japoneses.ref name=Cate_156. Cate (1953), pàg. 156 /ref Igual que sota el domini britànic, molts civils locals foren reclutats per treballar a la base, malgrat que els japonesos els sotmeteren a una dura disciplina que comportava pallisses físiques com a càstig per equivocacions menors així com presó o execució per al robatori i la pèrdua d'informació.ref. Liew (2006), pàg. 429./ref La Segona i la Tercera flotes japoneses foren transferides des del Pacífic central fins a Singapur i les [[Illes Lingga]] entre febrer i abril de 1944 per situar-les més pròximes a les seves fonts d'abastament de fuel-oil. Aquestes dues flotes formaven el cos principal de la MIJ, i contenien la majoria dels seus [[cuirassat]]s restants i [[portaavions]].refRoyal Navy (1995a), pàgs. 85–87/ref

Les forces assignades a la defensa de Singapur no eren fortes. A principis de 1945, les defenses aèries japoneses per a l'illa incloïen només dues companyies equipades amb [[canó automàtic|canons automàtics]], algunes unitats antiaèries i un nombre petit d'aeronaus de combat. Algunes de les unitats antiaèries eren operades per auxiliars malais.refFrei (2008), p.nbsp;220/refref name=Toh_915Toh (2009), p.nbsp;915/ref L'eficàcia del que era ja una força de defensa aèria insuficient es trobava, a més, obstaculitzada per una manca de coordinació entre l'Exèrcit i Armada, els talls de l'equipament de control d'artilleria i la manca de control per [[radar]] o de [[globus captiu]]s.ref name=Toh_915/ La defensa contra els atacs nocturns era especialment dèbil, ja que no es disposava de cap caça nocturn i la coordinació entre els antiaeris i les unitats d'il·luminació era deficient.ref name=Toh_914/ 

El juny de 1944, la XX unitat de bombarders de l'[[Forces Aèries de l'Exèrcit dels Estats Units|USAAF]] començà les operacions aèries de combat amb bombarders pesats ''[[B-29 Superfortress]]'' de les bases aèries prop de [[Kharagpur]], al nord-est de l'[[Índia]].refPolmar (2004), p.nbsp;6/ref Encara que el paper principal del Comandament era atacar objectius industrials a les illes japoneses, aproximadament un cinquanta per cent de les seves missions serviren per donar suport a altres operacions aliades al Pacífic.refWolk (2010), pp.nbsp;97–98/ref El comandament de la XX unitat de bombarders de l'USAAF depenia de la Vintena divisió de la Força Aèria, dirigida directament des de [[Washington DC]] pel comandant general de l'USAAF [[Henry H. Arnold]], en lloc dels comandaments aliats de l'Índia i la Xina.refWolk (2010), pp.nbsp;99–100/ref El general [[Curtis Lemay]] assumí el comandament la divisió el 29 d'agost.refCate (1953), pp.nbsp;103, 115/ref

Després de la derrota japonesa en la [[batalla del Golf de Leyte|batalla del golf de Leyte]] a finals d'octubre de 1944, els romanents de la MIJ es concentraven en dos grups de vaixells: un grup retornà a les bases del [[Mar Interior de Seto]], mentre que l'altre es col·locà a les [[Illes Lingga]].refDull (2007), pp.nbsp;313, 315/ref El 27 d'octubre, Arnold suggerí a LeMay que la derrota japonesa a Leyte podria haver augmentat la importància de les instal·lacions navals de Singapur i preguntà si la Divisió de bombarders podria atacar objectius a l'illa. Feia poc que es disposava d'informació d'intel·ligència de Singapur; el 30 d'octubre un avió B-29 sobrevolà Singapur per primera vegada i féu fotos de l'illa. Malgrat aquest èxit, el personal de LeMay creia que un atac diürn contra Singapur des de Kharagpur (un viatge d'uns 6.400 kilòmetres) no podia tenir èxit. Tot i això, Arnold ordenà l'atac.ref name=Cate_156Cate (1953), p.nbsp;156/ref

==Atacs==
[[Fitxer:B-29 targets from India.png|thumb|350px|Localitzacions de bases de bombarders B-29 a l'Índia i Sri Lanka i els objectius principals que atacaren al [[sud-est asiàtic]].]]

=== Atac inicial ===
El primer atac sobre Singapur tingué lloc el 5 de novembre de 1944. 76 bombarders sortiren de les bases del voltant de Kharagpur. A causa de la gran distància a l'objectiu, les aeronaus duien únicament dues bombes d'uns 453 kg i als pilots se'ls manà que bombardegessin des de l'altitud més baixa del normal (uns 600 metres) i que mantinguessin una formació àmplia. L'objectiu primari de l'atac era el moll de Jordi VI, i la refineria Pangkalanbrandan a [[Sumatra]] del nord s'assignà com l'objectiu secundari.ref name=Cate_156/ 

El primer B-29 sobrevolà la Base Naval de Singapur a les 06:44. El bombardeig fou altament acurat. La primera aeronau llençà una bomba a uns 15 metres de la porta del moll. Altres bombes també encertaren objectius pròxims al moll, les quals el deixaren inservible durant tres mesos. Les bombes que impactaren prop del moll també afectaren un [[vaixell de càrrega]] que aleshores s'estava reparant. Molts dels treballadors civils de dins i del voltant del moll foren incapaços d'escapar i moriren. Els atacs també provocaven danys a altres instal·lacions de la base naval. En total, 53 avions bombardejaren la base naval de Singapur mentre set atacaren la refineria de Pangkalanbrandan. Poques defenses antiaèries o aeronaus japoneses foren capaces d'enfrontar-se als atacs, però dos B-29s es perderen en accidents.ref name= Cate_156/ref name=Toh_917Toh (2009), p.nbsp;917/ref Aquest atac fou l'operació de bombardeig diürn més llarga produïda fins aleshores.refToh (2009), pp.nbsp;905–906/ref Després de l'atac, els soldats japonesos assassinaven un grup de treballadors indonesis ferits.ref name= Toh_917/ El dany al moll significà que ja no es podia utilitzar per reparar els cuirassats japonesos fets malbé durant la [[batalla del golf de Leyte]].refRoyal Navy (1995c), p.nbsp;127/ref

===Bombardejos posteriors===
El següent atac sobre Singapur no tingué lloc fins al gener de 1945. Després de diversos informes sobre vaixells de guerra japonesos fets malbé durant la [[campanya de les Filipines]], els quals s'estaven reparant a Singapur, una força de 47 [[B-29 Superfortress|Superfortress]] fou enviada des de l'Índia per atacar el dic flotant de l'Almirallat i el moll del Rei a la costa sud de l'illa. Aquestes aeronaus s'enlairaren als voltants de la mitjanit del 10 de gener i començaren a arribar a Singapur a les 08:20 de l'onze de gener. Només 27 dels atacants encertaren els molls, i gràcies a la bona defensa antiaèria dels vaixells de guerra japonesos de l'[[estret de Johor]] el bombardeig no provocà danys. La resta d'aeronaus bombardejaren [[Penang]] a Malàisia, [[Mergui]] a Birmània i uns quants objectius oportunistes, generalment sense èxit. Durant aquesta operació es perderen dos B-29.ref name=Toh_914Toh (2009), p.nbsp;914/refref name=Cate_157Cate (1953), p.nbsp;157/refrefHuff (1997), pp.nbsp;245–246/ref

El gener de 1945, la divisió de bombarders començava les preparacions per ressituar-se a les [[Illes Mariannes]]. El comandament cessà els seus atacs contra el Japó i l'Àsia Oriental, pels quals utilitzava bases a la Xina per reaprovisionar els B-29s ''en ruta'', i en canvi se centrà en objectius del [[Sud-est asiàtic]] que es trobaven a l'abast des de Kharagpur. Com que hi havia pocs objectius industrials dins de l'abast de Kharagpur es donà la prioritat més alta a l'atac de ports importants com el de [[Yangon|Rangun]], [[Bangkok]] i Singapur, així com a ports més petits. Els atacs foren dirigits tant mitjançant el bombardeig convencional com mitjançant la disposició de [[mina marina|mines marines]]. Com a part de la transició, LeMay marxà cap a les Illes Mariannes el 18 de gener i fou substituït pel general de brigada Roger M. Ramsey.refCate (1953), pp.nbsp;157–158/ref

El XX Comandament de Bombarders dirigí un atac de bombardeig convencional a la base naval de Singapur l'1 de febrer. Aquell dia s'enviaren 112 B-29, armats cadascun amb quatre bombes d'uns 450 kg. L'objectiu primari de l'atac, el dic flotant IX de l'Almirallat, fou bombardejat per 67 de les 88 aeronaus que arribaren a Singapur. Aquest atac enfonsà el dic sec i destruí el vaixell que hi havia atracat, d'uns 140 metres d'eslora. Les altres 21 aeronaus que arribaren a Singapur durant aquell atac bombardejaren l'àrea del mur occidental de la base naval i destruïren molts edificis i algun equipament pesat; en aquesta àrea se situava també la seu central de la base. De les aeronaus restants, 20 es desviaren i atacaren objectius a Penang i [[Mottama]]. Els japonesos van abatre un dels B-29s i un altre fou destruït durant l'aterratge després d'haver sofert danys d'atacs aeris.ref name=Cate_160Cate (1953), p.nbsp;160/refrefMiddlebrook and Mahoney (1979), p.nbsp;58/ref
[[Fitxer:Targets of USAAF raids on Singapore 1944-1945 CA.png|thumb|left|350px|Objectius primaris dels atacs de l'USAAF sobre Singapur.br /(Nota: Aquest mapa descriu la línia de costa moderna de Singapur, no la línia de costa de la Segona Guerra Mundial.)]]

Encara que la divisió de bombarders començà les preparacions per atacar la base naval de Singapur una altra vegada el 6 de febrer, l'almirall [[Louis Mountbatten]], el comandant de forces Aliades al teatre d'operacions del Sud-est Asiàtic, anul·là aquest atac el dia 3. Mountbatten ordenà que les instal·lacions navals de Singapur i Penang no fossin bombardejades, ja que serien útils per les forces aliades després de l'alliberació projectada de [[Malàisia]] i Singapur durant els següents mesos.ref name=Cate_160/refKirby (1965), p.nbsp;405/ref Després de demanar aclaracions sobre l'ordre, Ramsey es trobà amb Mountbatten a [[Kandy]]. En aquesta reunió, Mountbatten assignà objectius de l'àrea de [[Kuala Lumpur]] com la primera prioritat per als bombarders, mentre que la segona prioritat eren àrees prudentment seleccionades de Singapur. Aquestes àrees excloïen el moll del Rei Jordi i altres molls i àrees amb maquinària pesant, però permetia atacs contra l'àrea del mur occidental de la base naval de Singapur, les instal·lacions de fuel navals i altres instal·lacions comercials. La ciutat de [[Saigon]] fou assignada com la tercera prioritat de bombardeig i es donà la quarta prioritat a les instal·lacions d'emmagatzematge de combustible en illes prop de Singapur.refCate (1953), pp.nbsp;160–161/ref

El següent bombardeig sobre Singapur tingué lloc el 24 de febrer. Aquell dia s'enviaren 116 B-29 per bombardejar l'àrea del moll Imperial a la punta meridional de Singapur. Es tractava d'un moll comercial, i fou considerat pels planificadors, ja que era l'únic objectiu primari adequat d'acord a les estipulacions especificades per aquest teatre. Els bombarders estaven armats amb [[bombes incendiàries]], i els 105 B-29s que arribaren a Singapur aconseguiren cremar un 39% de l'àrea de magatzems prop del moll.refCate (1953), pp.nbsp;162–163/ref A causa del fum que sortia de l'objectiu, 26 dels B-29 utilitzaren bombardejos cecs en lloc de visuals, la qual cosa ocasionà una mala precisió i danys a àrees residencials i comercials civils prop del barri portuari. El diari ''Syonan Shimbun'' posteriorment informà que 396 persones havien perdut la casa per culpa de l'atac.refToh (2009), pp.nbsp;921–923/ref Les pèrdues de la USAAF d'aquell dia foren un sol B-29, el qual s'estavellà després de quedar-se sense combustible durant la seva tornada a l'Índia.ref name=Cate_162Cate (1953), p.nbsp;162/ref

[[Fitxer:COLLECTIE TROPENMUSEUM Havengezicht met olietanks van de Shell op Poelau Samboe TMnr 10018445.jpg|thumb|300px|Els tancs de combustible de l'Illa de Samboe (foto de 1936) foren un dels objectius atacats el 12 de març de 1945.]]

La flota atacà de nou Singapur el 2 de març. Com que moltes de les unitats de servei de l'exèrcit estaven de camí cap a les Mariannes, només es pogueren enviar 64 B-29. Aquestes aeronaus atacaren l'àrea comercial i de magatzem de la base naval de Singapur amb bombes d'uns 226 kg. Els 49 B-29 que arribaren a Singapur bombardejaren aquesta àrea i empitjoraren el dany provocat pels atacs anteriors, però els resultats de l'atac foren una altra vegada limitats pel foc antiaeri dels vaixells de guerra japonesos. Dos B-29 foren abatuts pels canons antiaeris durant l'atac.ref name=Toh_914/ref name=Cate_163Cate (1953), p.nbsp;163/ref

Els dos atacs finals dirigits pels bombarders abans desplegar-se finalment a les Mariannes apuntaren a les instal·lacions d'emmagatzematge de combustible situades en illes de l'àrea de Singapur. El 12 de març s'enviaren tres grups de B-29 per atacar les illes de [[Bukom]] i [[Sebarok]], prop de la costa sud de Singapur, així com l'[[Illa De Samboe|illa de Samboe]], situada uns quants quilòmetres al sud, prop de l'[[Illa De Batam|illa de Batam]] a les [[Índies Orientals Neerlandeses]]. A cadascun dels grups se li assignà una illa diferent, i no hi trobaren cap defensa antiaèria japonesa. Malgrat això, el mal temps provocà que els 44 B-29 que arribaren a l'àrea d'objectiu haguessin d'utilitzar tècniques de bombardeig a cegues, per la qual cosa els seus atacs provocaren pocs danys. L'atac final de la divisió, abans de marxar cap a les Mariannes, tingué lloc durant la nit del 29 al 30 de març, quan s'enviaren 29 bombarders per atacar l'illa de Bukom. Per entrenar la tripulació en la tàctica de bombardeig a baixa alçada que s'estava utilitzant contra les illes del Japó, els bombarders atacaren els seus objectius individualment des d'altituds compreses entre 1500 i 2100 metres. Aquest atac tingué èxit destruint set dels 49 tancs de carburant de l'illa, i se'n malmeteren tres més. Els aliats no sofriren pèrdues en cap d'aquests atacs.ref name=Toh_914Toh (2009), p.nbsp;914/refref name=Cate_163/

===Minat marí prop de Singapur ===
Com a part de la seva campanya contra el tràfic marí, als voltants de cada lluna plena des de finals de gener de 1945 la companyia de bombarders realitzà campanyes de [[Mina marina|minat marí]]. Durant la nit del 25 al 26 de gener, 41 B-29 distribuïren sis camps de mines en les proximitats de Singapur.refCate (1953), p.nbsp;158/ref Durant les mateixes nits, uns altres B-29s posaren mines en la zona de Saigon i la [[Badia de Cam Ranh]] com a part de l'esforç de minat aeri més gran del Pacífic fins a aquell moment.refChilstrom (1993), p.nbsp;14/ref Durant la nit del 27 al 28 de febrer s'enviaren dotze B-29 per minar la zona de l'[[estret de Johor]], prop de Singapur; deu d'aquestes aeronaus tingueren èxit en el desplegament de 55 mines en l'àrea d'objectiu, i una altra aeronau minà [[Penang]]. Durant el següent període de lluna plena, la nit del 28 al 29 de març, 22 B-29 llençaren mines prop de Singapur. No es perdé cap aeronau durant cap d'aquestes missions.ref name=Cate_159Cate (1953), p.nbsp;159/ref

Després de la retirada de la XX Divisió de Bombarders, els britànics del [[222è Grup de la RAF|grup 222]] de la [[Royal Air Force]] assumiren la responsabilitat d'aquestes operacions de minat a l'àrea de Singapur, utilitzant bombarders B-24 Liberator.refKirby (1965), p.nbsp;214/refref name=RN_1995a_45-46Royal Navy (1995b), pp.nbsp;45–46/ref El minat acabà el 24 de maig de manera que les mines no interferissin amb l'[[Operació Zipper]], el desembarcament britànic a Malàisia planificat pel setembre.ref name=Park_2148Park (1946), p.nbsp;2148/ref Els japonesos establiren centres d'observació en les illes de l'[[estret de Singapur]] per distingir els camps de mines, però aquests centres no foren eficaços i generalment els camps no eren detectaven fins que un vaixell topava amb una mina. En total, les mines llençades durant aquestes campanyes enfonsaren tres vaixells prop de Singapur i en feren malbé deu més. A més, els camps de mines interrompien les rutes de comboi japoneses i els esforços per reparar els vaixells.ref name=RN_1995a_56Royal Navy (1995b), p.nbsp;56/ref La campanya aliada de minat fou, tanmateix, massa breu per aconseguir resultats decisius.ref name=Cate_159/

== Seqüeles ==
[[Fitxer:Damage caused by Allied bombing.jpg|300px|thumb|Un militar de la RAF inspecciona els danys ocasionats pels bombardejos aliats als molls de Singapur el setembre de 1945.]]
Els atacs dels B-29 sobre Singapur produïren resultats diversos. Els atacs sobre la base naval de Singapur feren malbé o destruïren molts tallers i impediren l'ús del moll del Rei Jordi entre finals de 1944 i principis de 1945, així com el dic sec de l'Almirallat des del febrer de 1945. A més a més, els treballadors de la base naval no tornaren a treballar fins al cap d'un temps després de cada atac, i fou necessari donar-los millors retribucions i racions, així com refugis antiaeris. Encara que el dany provocat a l'àrea dels molls dificultava les operacions portuàries japoneses, les pobres condicions de la zona portuària també obstaculitzaren els esforços britànics per rehabilitar Singapur després de la guerra. Els atacs contra els tancs d'emmagatzematge de carburant de les illes prop de Singapur tingueren menys èxit, i es descobrí que molts encara podien tornar a ser operatius després de la [[Rendició del Japó|rendició japonesa]].refToh (2009), pp.nbsp;912–913/ref

Els esforços dels militars japonesos per defensar Singapur de l'atac aeri no tingueren èxit. A causa del dèbil estat de les defenses antiaèries de l'illa, només nou B-29 foren abatuts durant la campanya americana, tots ells durant atacs diürns.refToh (2009), pp.nbsp;913–914/ref Les operacions de desminat també eren lentes: es tardava tres setmanes a declarar que el port era segur després de cada atac aliat.ref name=RN_1995a_56/ Els tripulants dels bombarders americans que sobreviviren després de ser abatuts tingueren sort diversa; un nombre petit s'ajuntà amb moviments de resistència com les de l'Exèrcit Popular Malai Antijaponès, mentre que altres foren capturats pels japonesos i retinguts en dures condicions. Els que foren capturats per la MIJ i transportats a la base naval foren decapitats. Després de la guerra, el personal japonès responsable d'atrocitats contra aquests presos foren penjats o empresonats durant anys després dels judicis pels crims de guerra de Seletar.ref name =Toh_915/

Els atacs aeris a Singapur alçaren la moral de la població civil de l'illa, ja que foren vistos com l'anunci de l'alliberació de Singapur del domini opressiu del Japó, encara que els civils eren generalment prudents a l'hora de mostrar aquests sentiments al personal japonès d'ocupació.refToh (2009), p.nbsp;910/ref Els B-29 eren vistos per molts com a invulnerables, i als civils els animaren els èxits dels seus atacs. Per contrarestar aquests sentiments, les autoritats d'ocupació exhibien els B-29 abatuts i els tripulants que sobrevivien, així com seqüències de pel·lícula on s'abatia un B-29. Els japonesos també fallaren en els seus intents de provocar la comunitat musulmana de l'illa en contra dels atacs subratllant els danys provocats a una mesquita l'11 de gener i el 24 de febrer, l'últim d'ells en un atac que coincidia amb la celebració del [[Màwlid an-Nabí]].refToh (2009), pp.nbsp;919–920/ref Un altre factor que contribuïa al suport públic als atacs era la política aliada d'apuntar només a instal·lacions militars, fet que significava que només un nombre limitat de civils eren susceptibles de convertir-se en víctimes; el bombardeig americà es percebia, doncs, com a força precís.refToh (2009), pp.nbsp;920–921, 923/ref L'expectativa de nous atacs provocà l'increment dels preus del menjar i altres mercaderies, ja que la gent emmagatzemava els seus béns a casa;els japonesos no aconseguiren controlar aquest fet.refToh (2009), p.nbsp;918/ref

== Referències ==
{{Referències|3}}

== Bibliografia ==
{{Refbegin}}
*{{ref-llibre|cognom=Bayly|nom=Christopher|títol=Forgotten Armies: Britain's Asian Empire  the war with Japan|any=2004|editorial=Penguin Books|isbn=0-14-029331-0|coautors=Harper, Tim|lloc= Londres}}
*{{ref-llibre|cognom=Cate|nom=James Lea|títol=Volume Five. The Pacific: Matterhorn to Nagasaki June 1944 to August 1945|editor=Craven, Wesley Frank and Cate, James Lea|editorial=The University of Chicago Press|lloc=Chicago i Londres|any=1953|col·lecció=The Army Air Forces in World War II| capítol=The Twentieth Air Force and Matterhorn |url=http://www.ibiblio.org/hyperwar/AAF/V/index.html|oclc=9828710}}
*{{ref-llibre|cognom=Chilstrom|nom=John S.|títol=Mines away!: The Significance of US Army Air Forces Minelaying in World War II|any=1993|editorial=DIANE Publishing|isbn=1-4289-1533-8|url= http://books.google.com.au/books?id=nz9p_3L2fjICdq=B-29+minelayingsource=gbs_navlinks_s|lloc= Darby, Pennsylvania|col·lecció=Air University thesis series}}
*{{ref-llibre|cognom=Dull|nom=Paul S.|títol=A Battle History of the Imperial Japanese Navy, 1941–1945|any=2007|editorial=Naval Institute Press|isbn=1-59114-219-9|url= http://books.google.com.au/books?id=SLfti-Dc1AcCdq=%22Imperial+Japanese+Navy%22+AND+Singaporesource=gbs_navlinks_s|lloc=Annapolis}}
*{{ref-llibre|cognom=Frei|nom=Henry|títol=New Perspectives on the Japanese Occupation in Malaya and Singapore, 1941–1945|any=2008|editorial=NUS Press|isbn=9971-69-299-6|url=http://books.google.com.au/books?id=qHeGUGRrdtwCdq=Japanese+monograph+162source=gbs_navlinks_s|editor=Akashi, Yōji and Yoshimura, Mako|lloc=Singapur|capítol=Surrendering Syonan}}
*{{ref-llibre|cognom=Huff|nom=W.G.|títol=The Economic Growth of Singapore: Trade and Development in the Twentieth Century|any=1997|editorial=Cambridge University Press|isbn=0-521-62944-6|url= http://books.google.com.au/books?id=4fVQtMnnn60Cdq|lloc=Cambridge}}
*{{ref-llibre|cognom=Hack|nom=Karl|títol=Did Singapore Have to Fall?: Churchill and the Impregnable Fortress|any=2004|editorial=Routledge|isbn=0-415-30803-8|coautors=Blackburn, Kevin|lloc= Londres|url=http://books.google.com.au/books?id=V8jctMNMbN4Cdq}}
* {{ref-publicació|cognom=Liew|nom=Kai Khiun|títol=Labour Formation, Identity, and Resistance in HM Dockyard, Singapore (1921–1971)|publicació=International Review of Social History|any=2006|volum=51|exemplar=3|editorial=Internationaal Instituut voor Sociale Geschiedenis|lloc=Països Baixos| issn=00208590}}
*{{ref-llibre|cognom=Kirby|nom=S. Woodburn|títol=The War Against Japan Volume IV: The Reconquest of Burma|any=1965|editorial=Her Majesty's Stationary Office|lloc=Londres|col·lecció=History of the Second World War. United Kingdom Military Series}}
*{{ref-llibre|cognom=Middlebrook|nom=Martin|títol=Battleship: The Sinking of the Prince of Wales and the Repulse|any=1979|editorial=Penguin Books|isbn=0-14-004899-5|coautors=Mahoney, Patrick| lloc=Harmondsworth}}
*{{ref-llibre|nom=Keith|cognom=Park|url=http://www.ibiblio.org/hyperwar/UN/UK/LondonGazette/39202.pdf|títol=Air Operations in South East Asia 3rd May 1945 to 12th September 1945|lloc= Londres|editorial=War Office|mes=Agost|any=1946|format=PDF}} publicat a {{LondonGazette| issue=39202| date=13 d'abril de 1951| startpage=2127| endpage=2172| supp=y| accessdate=3 de setembre de 2010}}
*{{ref-llibre|cognom=Polmar|nom=Norman|títol=The Enola Gay: The B-29 That Dropped the Atomic Bomb on Hiroshima|editorial=Smithsonian National Air and Space Museum|lloc=Washington, D.C.|any=2004| isbn=1-57488-859-5}}
*{{ref-llibre|cognom=Royal Navy|títol=War with Japan. Volume IV The South-East Asia Operations and Central Pacific Advance|editorial=HMSO|lloc=Londres|data=1995a|isbn=0-11-772820-9}}
*{{ref-llibre|cognom=Royal Navy|títol=War with Japan. Volume V The Blockade of Japan|editorial=HMSO| lloc=Londres|data=1995b|isbn=0-11-772820-9}}
*{{ref-llibre|cognom=Royal Navy|títol=War with Japan. Volume VI Advance to Japan|editorial=HMSO| lloc=Londres|data=1995c|isbn=0-11-772821-7}}
* {{ref-publicació|cognom=Toh|nom=Boon Kwan|títol=It was a thrill to see rows of B-29s going through the sky The American Strategic Bombing of Singapore, 1944–45|publicació=The Journal of Military History|any=2009|mes=Juliol|volum=73|series=3|editorial=Society for Military History}}
*{{ref-llibre|cognom=Wolk|nom=Herman S.|títol=Cataclysm: General Hap Arnold and the Defeat of Japan| any=2010|editorial=University of North Texas Press|isbn=1-57441-281-7|lloc=Denton}}
{{Refend}}

=== Bibliografia addicional ===
{{Refbegin}}
* {{ref-llibre |cognom=Mann |nom=Robert A. |títol=The B-29 Superfortress Chronology, 1934–1960 |any=2009 |editorial=McFarland |isbn=0-7864-4274-3 |url=http://books.google.com.au/books?id=2zxbWJOyHLUCdq=USAAF+Chronology:source=gbs_navlinks_s |lloc=Jefferson, North Carolina |llengua=anglès}}
* {{ref-llibre |cognom=Murfett |nom=Malcolm H. |títol=Between Two Oceans: A Military History of Singapore From First Settlement to Final British Withdrawal |any=1999 |editorial=Oxford University Press |isbn=0-19-588482-5 |coautors=et al. |lloc=Singapur |llengua=anglès}}
{{Refend}}
{{Article de qualitat}}
{{Bombardeigs de ciutats 2GM}}
{{Enllaç AB|de}}
{{Enllaç AD|en}}
[[Categoria:Articles de qualitat d'història]]
[[Categoria:Traduccions que són articles de qualitat]]
[[Categoria:Dècada del 1940]]
[[Categoria:Singapur]]
[[Categoria:Batalles de la Guerra del Pacífic]]
[[Categoria:Bombardejos de la Segona Guerra Mundial|Singapur]]</text>
      <sha1>h0x830k9ft5iisrdqwq2z46tskl7s7g</sha1>
      <model>wikitext</model>
      <format>text/x-wiki</format>
    </revision>
  </page>