<page>
    <title>Motoo Kimura</title>
    <ns>0</ns>
    <id>1014467</id>
    <revision>
      <id>13830236</id>
      <parentid>13664318</parentid>
      <timestamp>2014-07-15T06:56:06Z</timestamp>
      <contributor>
        <username>PereBot</username>
        <id>118448</id>
      </contributor>
      <minor></minor>
      <comment>Robot inserta {{Autoritat}}</comment>
      <text>{{Infotaula científic 
| nom                 = Motoo Kimura
| taula_amplada       = 
| imatge              =
| imatge_amplada      = 300px
| llegenda            = 
| data_naixement      =  {{Data naixement|1924|11|13}}  
| lloc_naixement      = [[Okazaki]], Japó
| data_mort           =  {{Data defunció i edat|1994|11|13|1924|11|13}}  
| lloc_mort           = 
| residencia          = 
| ciutadania          = 
| nacionalitat        = {{JAP}}
| etnicitat           = [[Japonesos]]
| camp                = 
| institucions_treb   = 
| alma_mater          = [[Universitat de Wisconsin]]
| assessor_doctor     = [[James F. Crow]]
| estudiants_doctor   = 
| estudiants_notables = 
| conegut_per         = Desenvolupament de la [[teoria neutralista de l'evolució]] i br /contribucions en [[biologia evolutiva]] i [[genètica de poblacions]]
| autor_abrev_bot     = 
| autor_abrev_zoo     = 
| influencia          = 
| influenciat_per     = 
| premis              = [[John J. Carty Award for the Advancement of Science|John J. Carty Award]] (1987)br[[Darwin Medal]] (1992)br[[Fellow of the Royal Society]]ref name=frs{{cite doi|data=març de 2013|data=març de 2013|10.1098/rsbm.1997.0014}}/ref
| religio             = 
| signatura           = 
| notes_peu           = 
}}
'''Motoo Kimura''' (木村 资 生 Kimura Motoo, [[13 de novembre]] del [[1924]] - [[13 de novembre]] del [[1994]]) va ser un biòleg japonès més conegut per la introducció de la [[teoria neutralista de l'evolució]] molecular en l'any [[1968]]ref name=Kimura68{{cite journal |last=Kimura |first=Motoo |year=1968 |title= Evolutionary rate at the molecular level |journal= [[Nature]] |volume=217 |pages=624–626 |url= http://www.blackwellpublishing.com/ridley/classictexts/kimura.pdf |doi= 10.1038/217624a0 |format= – sup[http://scholar.google.co.uk/scholar?hl=enlr=q=author%3AKimura+intitle%3AEvolutionary+rate+at+the+molecular+levelas_publication=Natureas_ylo=1968as_yhi=1968btnG=Search Scholar search]/sup |pmid=5637732 |issue=5129}}/refref{{cite pmid|7476119}}/ref
Es va convertir en un dels teòrics més influents en [[genètica de poblacions]]. És recordat en genètica pel seu ús innovador de les equacions de difusió per calcular la probabilitat de fixació dels [[al·lel]]s beneficiosos, perjudicials o neutres.ref name=Watterson96{{cite doi|data=març de 2013|data=març de 2013|10.1006/tpbi.1996.0010}}/ref La combinació de la genètica de poblacions amb les dades teòrics d'[[evolució molecular]], també va desenvolupar la teoria neutralista sobre l'[[evolució molecular]] en què la [[deriva genètica]] és la principal força canviant les freqüències d'al·lels.ref name=Ohta96{{cite journal |author= [[Tomoko Ohta|Ohta T.]] and [[John H. Gillespie|Gillespie J.H.]]|year=1996 |title=Development of neutral and nearly neutral theories |journal= Theoretical Population Biology |volume=49 |pages=128–142 |doi=10.1006/tpbi.1996.0007 |pmid= 8813019 |issue= 2}}/ref [[James F. Crow]], un conegut genetista de poblacions, considera Kimura és un dels dos més grans genetistes evolutius, juntament amb [[Gustave Malecot]], després que el gran trio de la síntesi moderna ([[Haldane]], [[Sewall Wright|Wright]], [[Ronald Aylmer Fisher|Fisher]]).ref name=Crow95{{cite journal |last=Crow |first=James F. |authorlink=James F. Crow |year=1995 |title=Motoo Kimura (1924-1994)|journal=Genetics |volume=140 |pages=1–5 |pmid=7635277 |issue=1 |pmc=1206539}}/ref

Kimura va néixer a [[Okazaki]], [[Prefectura d'Aichi]]. Des de molt jove estava molt interessat en la [[botànica]], tot i que també destacà en matemàtiques (aprengué matemàtiques i geometria durant una llarga convalescència a causa d'una [[intoxicació alimentària]]). Després d'entrar en una escola secundària selectiva a [[Nagoya]], Kimura es va centrar en la [[Morfologia (biologia)|morfologia]] i la [[citologia]] vegetal, va treballar al laboratori de M. Kumazawa l'estudi de l'estructura dels [[cromosoma|cromosomes]] dels [[lilium|lliris]]. Amb Kumazawa, també va descobrir la manera de connectar el seu interès entre la botànica i les matemàtiques: La [[Bioestadística|biometria]]ref name=frs/

A causa de la [[Segona Guerra Mundial]], Kimura va deixar la preparatòria abans d'entrar a la [[Universitat Imperial de Kyoto]] el 1944. Seguint el consell del destacat genetista Hitoshi Kihara, Kimura va ingressar al programa de botànica, a la Facultat de Ciències, en comptes del de citologia, a la d'Agricultura, que li va permetre evitar el [[servei militar]]. Es va unir a Kihara de laboratori després de la guerra, on va estudiar la introducció dels cromosomes en les plantes estrangeres i va aprendre els fonaments de la genètica de poblacions. El 1949, Kimura es va unir a l'Institut Nacional de Genètica en [[Mishima]], [[Shizuoka]]. El 1953 va publicar el seu primer article sobre genètica de la poblacions (que a la llarga seria molt influent), que descriu un pedra de toc per al model d'estructura de la població que podria tractar patrons més complexos sobre immigració que l'anterior model d'illa de [[Sewall Wright]]. Després de la reunió visitant el genetista nord-americà [[Duncan McDonald]] (part de l'''Atomic Bomb Casualty Commission''), Kimura disposats per entrar a l'escola de postgrau a la [[Universitat Estatal d'Iowa]] a l'estiu del 1953 per estudiar amb [[Jay Laurence Lush]].ref name=frs/

Kimura aviat es va trobar Universitat Estatal d'Iowa massa restrictiu, es va traslladar a la [[Universitat de Wisconsin]] per treballar en models [[estocàstic]]s amb [[James F. Crow]] i unir-se a una comunitat de genetistes amb idees afins, incloent a Newton Morton i el més important, [[Sewall Wright]]. A prop del final del seu estudi de postgrau, Kimura va donar una ponència al Simposi de 1955 a [[Cold Spring Harbor]], encara que pocs van ser capaços d'entendre (tant per la complexitat matemàtica i la pronunciació de l'anglès de Kimura) que va rebre grans elogis de Wright i [[John Burdon Sanderson Haldane|J. B. S. Haldane]]. Els seus èxits a Wisconsin inclou un model general de la [[deriva genètica]], que podria adaptar-se a múltiples al·lels, la [[selecció natural|selecció]], la [[migració]], i les [[mutacions]], així com una obra basada al teorema fonamental de R.A. Fisher de la [[selecció natural]]. També va construir sobre el treball de Wright amb l'[[equació de Fokker-Planck]] mitjançant la introducció de l'equació de [[Andrei Kolmogórov|Kolmogórov]] cap enrere a la genètica de poblacions, el que permet el càlcul de la probabilitat que un gen es fixi en una població. Va obtenir el seu doctorat el 1956, abans de tornar al Japó (on romandria per la resta de la seva vida, a l'Institut Nacional de Genètica).ref name=frs/

Kimura va treballar en un ampli espectre de problemes teòrics de la població genètica, moltes d'elles en col·laboració amb [[Takeo Maruyama]]. Introduí els models d'al·lels infinits i llocs infinits per l'estudi de la deriva genètica, els quals serien utilitzats àmpliament en el camp de l'[[evolució molecular]] a mesura que amb el nombre de pèptid disponible i les seqüències genètiques. També va crear el model d'escala que podria ser aplicat als estudis d'[[electroforesi]] de proteïnes homòlogues que es diferencien per unitats discretes de [[càrrega elèctrica]]. Una declaració de principis del seu mètode va ser publicada el 1960, en la seva «Introducció a la genètica de poblacions».refKimura Motoo, ''Shūdan Idengaku gairon,'' Baifūkan, Tokyo 1960/ref També va contribuir amb un article de revisió important en l'actual controvèrsia sobre la [[càrrega genètica]] en l'any 1961.

1968 va marcar un punt d'inflexió en la carrera de Kimura. En aquest any introduí la [[teoria neutralista de l'evolució]] molecular, la idea que, a nivell molecular, la gran majoria dels canvis genètics és neutral pel que fa a la selecció natural, deriva genètica el que un factor primordial en l'evolució.ref name=Kimura83{{ref-llibre |cognom=Kimura |nom=Motoo |any=1983 |títol= The neutral theory of molecular evolution |editorial=[[Cambridge University Press]], 1968, |isbn=0-521-23109-4 }}/ref El camp de la la [[biologia molecular]] s'estava expandint ràpidament, i hi havia una creixent tensió entre els partidaris d'ampliar el camp de l'evolució i científics en biologia d'organismes, el domini tradicional de l'evolució. La teoria neutral va ser polèmica immediatament, rebent el suport de molts biòlegs moleculars i l'oposició de molts biòlegs evolutius (encara que amb un munt de divergència pel que fa a aquest patró en ambdós costats, sobretot entre els que han estudiat la teoria de debò).

Kimura va passar la resta de la seva vida desenvolupant i defensant la teoria neutralista. Com James Crow va dir, els primers treballs de Kimura es va tornar molt més pre-adaptada per al seu ús en l'estudi quantitatiu de l'evolució neutral.ref name=frs/ Atès que les noves tècniques experimentals i el coneixement genètic era disponible, Kimura va ampliar l'abast de la teoria neutralista i la creació de mètodes matemàtics per provar contra l'evidència disponible. El 1973, el seu col·lega Tomoko Ohta desenvolupà una versió general de la teoria, la teoria gairebé neutral, que podria ser responsable de grans volums de mutacions lleument deletèries. Kimura produïa una monografia sobre la teoria neutral el 1983, la teoria neutralista de l'[[evolució molecular]], i també va treballar per promoure la teoria a través d'escrits populars, com ara «Els meus punts de vista sobre l'evolució», un llibre que es va convertir en un best-seller al Japó.ref name=Kimura88{{ref-llibre | cognom=Kimura |nom=Motoo | any=1988 | títol=Seibutsu shinka wo kangaeru (My views on evolution)|editorial=Iwanami Shoten |isbn= |llengua=japanese }}/ref

Encara que és difícil de provar amb [[hipòtesi alternativa|hipòtesi alternatives]] centrades en la selecció, la teoria neutral s'ha convertit en part dels enfocaments moderns de l'evolució molecular.ref name=Crow96{{cite doi|data=març de 2013|data=març de 2013|10.1006/tpbi.1996.0006}}/ref 

El 1992, Kimura va rebre la [[Medalla Darwin]] de la [[Royal Society]], i a l'any següent va ser nomenat membre estranger de la Royal Society.ref name=frs/ Va estar casat amb Hiroko Kimura amb qui tingué un fill, Akio, i una néta, Hanako.ref name=Steen96{{cite  doi|10.1007/BF02931748|data=març de 2013}}/ref

== Honors ==
* Genetics Society of Japan Prize, 1959ref name=Crow95/
* Weldon Memorial Prize, Oxford, 1965ref name=Crow95/
* Japan Academy Prize, 1968ref name=Crow95/
* Order of Culture, 1976ref name=Crow95/
* Chevalier de l'Ordre Nationale de Merite, 1986ref name=Crow95/
* Asahi Shimbun Prize, 1987ref name=Crow95/
* John J. Carty Award of the National Academy of Sciences in evolutionary biology, 1987ref name=Carty{{cite web|title=John J. Carty Award for the Advancement of Science|url=http://www.nasonline.org/site/PageServer?pagename=AWARDS_carty|publisher=National Academy of Sciences |accessdate= }}/ref
* Royal Society, Darwin Medal in 1992; Foreign member, 1993.ref name=frs/refRoyal Society: [http://www2.royalsociety.org/DServe/dserve.exe?dsqIni=Dserve.inidsqApp=ArchivedsqDb=PersonsdsqSearch=Code==%27NA2022%27dsqCmd=Show.tcl archived record]/ref

== Selecció de publicacions ==
A continuació s'esmenten alguns dels articles publicats per Kimura ordenats per data de publicació ascendent.refAlguns de les referències són signades en solitari mentre que altres són signades com a coautor. Tots els articles estan esmentats a [[PubMed]] /ref

{{refbegin|2}}
* {{citar ref | tipus = publicació | cognom1 = Kimura | nom1 = Motoo | títol = Process Leading to Quasi-Fixation of Genes in Natural Populations Due to Random Fluctuation of Selection Intensities.  | publicació = Genetics | volum = 39 | número = (3) | llengua = anglès | data = maig 1954 | pàgines = 280-95 | id = {{PMID|17247483}} }}
* {{citar ref | tipus = publicació | cognom1 = Kimura | nom1 = Motoo | títol = Solution of a process of random genetic drift with a continuous model | publicació = Proc Natl Acad Sci U S A | volum = 15| número = 41(3) | llengua = anglès | data = 1955 Mar  | pàgines = 144-50  | id = {{PMID|16589632}} }}
* {{citar ref | tipus = publicació | cognom1 = Kimura | nom1 = Motoo | títol = Rules for testing stability of a selective polymorphism | publicació = Proc Natl Acad Sci U S A | volum = 42 | número = (6) | llengua = anglès | data = 1956 Jun | pàgines = 336-40 | id = {{PMID|16578457}} }}
* {{citar ref | tipus = publicació | cognom1 = Kimura | nom1 = Motoo | cognom2 = Kayano | nom2 = Hiroshi | enllaçautor2 = | cognom3 = | nom3 = | enllaçautor3 = | cognom4 =  | nom4 = | enllaçautor4 = | autor = | coautors = | títol = The maintenance of super-numerary chromosomes in wild populations of Lilium callosum by preferential segregation  | publicació = Genetics | url = http://www.ncbi.nlm.nih.gov/pmc/articles/PMC1210178/pdf/1699.pdf | volum = 46:-| número = 1699 | llengua = anglès | data = 1961 Dec | pàgines = 712   | id = {{PMID|14456042}} }}
* {{citar ref | tipus = publicació | cognom1 = Kimura | nom1 = Motoo | títol = On the probability of fixation of mutant genes in a population | publicació = Genetics| url = http://www.ncbi.nlm.nih.gov/pmc/articles/PMC1210364/pdf/713.pdf | volum = 47 | llengua = anglès | data = 1962 Jun  | pàgines = 713-9 | id = {{PMID|14456043}} }}
* {{citar ref | tipus = publicació | cognom1 = Kimura | nom1 = Motoo | cognom2 = Maruyama | nom2 = Takeo | enllaçautor2 = | cognom3 = Crow | nom3 = James F. | enllaçautor3 = | títol = The mutation load in small populations  | publicació = Genetics | url = http://www.ncbi.nlm.nih.gov/pmc/articles/PMC1210420/pdf/1303.pdf | volum = 48 | llengua = anglès | data = 1963 Oct  | pàgines = 1303-12 | id = {{PMID|14071753}} }}
* {{citar ref | tipus = publicació | cognom1 = Kimura | nom1 = Motoo | cognom2 = CROW | nom2 = JF| enllaçautor2 = | títol = The number of alleles that can be maintained in a finite population  | publicació = Genetics | url = http://www.ncbi.nlm.nih.gov/pmc/articles/PMC1210609/pdf/725.pdf | volum = 49 | llengua = anglès | data = 1964 Apr | pàgines = 725-38   | id = {{PMID|14156929}} }}
* {{citar ref | tipus = publicació | cognom1 = Kimura | nom1 = Motoo | cognom2 = Weiss | nom2 = George H. | enllaçautor2 = | títol = The Stepping Stone Model of Population Structure and the Decrease of Genetic Correlation with Distance  | publicació = Genetics | url = http://www.ncbi.nlm.nih.gov/pmc/articles/PMC1210594/pdf/561.pdf | llengua = anglès | data = 1964 April | volum = 49 | número = (4)  | pàgines = 561–576 | id = {{PMID|17248204}} }}
* {{citar ref | tipus = publicació | cognom1 = Kimura | nom1 = Motoo | títol = A stochastic model concerning the maintenance of genetic variability in quantitative characters  | publicació = Proc Natl Acad Sci U S A | url = http://www.ncbi.nlm.nih.gov/pmc/articles/PMC219735/pdf/pnas00161-0077.pdf | llengua = anglès | data = 1965 Sep;| volum = 54 | número = (3):| pàgines = 731-6  | id = {{PMID|5217452}} }}
* {{citar ref | tipus = publicació | cognom1 = Kimura | nom1 = Motoo | cognom2 = Cavalli-Sforza | nom2 = L. L. | enllaçautor2 = Luigi Luca Cavalli-Sforza | cognom3 = Barrai | nom3 = I. | enllaçautor3 = | títol = The Probability of Consanguineous Marriages | publicació = Genetics | url = http://www.ncbi.nlm.nih.gov/pmc/articles/PMC1211112/pdf/37.pdf | llengua = anglès | data = 1966 July | volum = 54| número = (1)  | pàgines = 37–60 | id = {{PMID|5961487}} }}
* {{citar ref | tipus = publicació | cognom1 = Kimura | nom1 = Motoo | enllaçautor1 = | cognom2 = Maruyama | nom2 = Takeo | enllaçautor2 = | títol = The Mutational Load with Epistatic Gene Interactions in Fitness | publicació = Genetics | url = http://www.ncbi.nlm.nih.gov/pmc/articles/PMC1211299/pdf/1337.pdf | llengua = anglès | data = 1966 December | volum = 54| número = (6) | pàgines = 1337–1351  | id = {{PMID|17248359}} }}
* {{citar ref | tipus = publicació | cognom1 = Kimura | nom1 = Motoo | enllaçautor1 = | cognom2 = Ohta | nom2 = Tomoko | enllaçautor2 = | títol =  The Average Number of Generations until Fixation of a Mutant Gene in a Finite Population | publicació = Genetics | url = http://www.ncbi.nlm.nih.gov/pmc/articles/PMC1212239/pdf/763.pdf | llengua = anglès | data =  1969 March | volum = 61 | número = (3) | pàgines = 763–771   | id = {{PMID|17248440}} }}
* {{citar ref | tipus = publicació | cognom1 = Kimura | nom1 = Motoo | títol = The number of heterozygous nucleotide sites maintained in a finite population due to steady flux of mutations | publicació = Genetics | url = http://www.ncbi.nlm.nih.gov/pmc/articles/PMC1212250/pdf/893.pdf | llengua = anglès | data = 1969 Apr | volum = 61| número = (4) | pàgines = 893-903 | id = {{PMID|5364968}} }}
* {{citar ref | tipus = publicació | cognom1 = Kimura | nom1 = Motoo | títol = The rate of molecular evolution considered from the standpoint of population genetics | publicació = Proc Natl Acad Sci U S A | url = http://www.ncbi.nlm.nih.gov/pmc/articles/PMC223447/pdf/pnas00110-0167.pdf | llengua = anglès | data = 1969 August | volum = 63| número = (4) | pàgines = 1181–1188 | id = }}
* {{citar ref | tipus = publicació | cognom1 = Kimura | nom1 = Motoo | enllaçautor1 = | cognom2 = Ohta | nom2 = Tomoko | enllaçautor2 = | títol = Linkage Disequilibrium at Steady State Determined by Random Genetic Drift and Recurrent Mutation | publicació = Genetics | url = http://www.ncbi.nlm.nih.gov/pmc/articles/PMC1212334/pdf/229.pdf | llengua = anglès | data = 1969 September | volum = 63| número = (1) | pàgines = 229–238 | id = }}
* {{citar ref | tipus = publicació | cognom1 = Kimura | nom1 = Motoo | enllaçautor1 = | cognom2 = Ota | nom2 = Tomoko | enllaçautor2 = | | títol = The average number of generations until extinction of an individual mutant gene in a finite population  | publicació = Genetics | url = http://www.ncbi.nlm.nih.gov/pmc/articles/PMC1212378/pdf/701.pdf | llengua = anglès | data = 1969 Nov | volum = 63| número = (3):| pàgines = 701-9   | id = {{PMID|17247483}} }}
* {{citar ref | tipus = publicació | cognom1 = Kimura | nom1 = Motoo | cognom2 = Ohta | nom2 = Tomoko | títol = Statistical Analysis of the Base Composition of Genes Using Data on the Amino Acid Composition of Proteins  | publicació = Genetics | url = http://www.ncbi.nlm.nih.gov/pmc/articles/PMC1212408/pdf/387.pdf | llengua = anglès | data = 1970 March | volum = 64| número = (3-4): | pàgines = 387–395 | id = {{PMID|5433431}} }}
* {{citar ref | tipus = publicació | cognom1 = Kimura | nom1 = Motoo | cognom2 = Ohta | nom2 = Tomoko | enllaçautor2 = | títol = Probability of Fixation of a Mutant Gene in a Finite Population When Selective Advantage Decreases with Time | publicació = Genetics | url = http://www.ncbi.nlm.nih.gov/pmc/articles/PMC1212463/pdf/525.pdf | llengua = anglès | editorial = | data = 1970 July | volum = 65 | número = (3) | pàgines = 525–534    | id = {{PMID|17247483}} }}
* {{citar ref | tipus = publicació | cognom1 = Kimura | nom1 = Motoo | enllaçautor1 = | cognom2 = Ohta | nom2 = Tomoko | enllaçautor2 = | títol = Linkage Disequilibrium between Two Segregating Nucleotide Sites under the Steady Flux of Mutations in a Finite Population  | publicació = Genetics | url = http://www.ncbi.nlm.nih.gov/pmc/articles/PMC1212677/pdf/571.pdf | llengua = anglès | data = 1971 August | volum = 68| número = (4) | pàgines = 571–580 | id = {{PMID|5120656}} }}
* {{citar ref | tipus = publicació | cognom1 = Kimura | nom1 = Motoo | enllaçautor1 = | cognom2 = Ohta | nom2 = Tomoko | enllaçautor2 = | títol = Behavior of Neutral Mutants Influenced by Associated Overdominant Loci in Finite Populations  | publicació = Genetics | url = http://www.ncbi.nlm.nih.gov/pmc/articles/PMC1212701/pdf/247.pdf | llengua = anglès | editorial = | data = 1971 October; | volum = 69| número =   (2) | pàgines = 247–260  | id = {{PMID|5135831}} }}
* {{citar ref | tipus = publicació | cognom1 = Kimura | nom1 = Motoo | cognom2 = Crow | nom2 = J F | enllaçautor2 = | títol = The effective number of a population with overlapping generations: a correction and further discussion  | publicació = Am J Hum Genet and M Kimura | url = http://www.ncbi.nlm.nih.gov/pmc/articles/PMC1762154/pdf/ajhg00452-0003.pdf | llengua = anglès | data = 1972 January | volum = 24| número = (1): | pàgines = 1–10  | id = {{PMID|5012689}} }}
* {{citar ref | tipus = publicació | cognom1 = Kimura | nom1 = Motoo | cognom2 = Ohta | nom2 = Tomoko | enllaçautor2 = | títol = The Age of a Neutral Mutant Persisting in a Finite Population  | publicació = Genetics | url = http://www.ncbi.nlm.nih.gov/pmc/articles/PMC1212997/pdf/199.pdf | llengua = anglès | editorial = | data = 1973 September; | volum = 75| número =   (1) | pàgines = 199–212  | id = {{PMID|4762875}} }}
* {{citar ref | tipus = publicació | cognom1 = Kimura | nom1 = Motoo | cognom2 = Ohta | nom2 = Tomoko | enllaçautor2 = | títol = Simulation Studies on Electrophoretically Detectable Genetic Variability in a Finite Population  | publicació = Genetics | url = http://www.ncbi.nlm.nih.gov/pmc/articles/PMC1213091/pdf/615.pdf | llengua = anglès | editorial = | data = 1974 March| volum = 76| número = (3) | pàgines = 615–624 | id = {{PMID|4833580}} }}
* {{citar ref | tipus = publicació | cognom1 = Kimura | nom1 = Motoo | cognom2 = Ohta | nom2 = Tomoko | enllaçautor2 = | títol = On Some Principles Governing Molecular Evolution*  | publicació = Proc Natl Acad Sci U S A | url = http://www.ncbi.nlm.nih.gov/pmc/articles/PMC388569/pdf/pnas00060-0262.pdf | llengua = anglès | editorial = | data = 1974 July; | volum = 71| número = (7) | pàgines = 2848–2852    | id = {{PMID|17247483}} }}
* {{citar ref | tipus = publicació | cognom1 = Kimura | nom1 = Motoo | cognom2 = Ohta | nom2 = Tomoko | enllaçautor2 = | títol = Probability of Gene Fixation in an Expanding Finite Population  | publicació = Proc Natl Acad Sci U S A | url = http://www.ncbi.nlm.nih.gov/pmc/articles/PMC433775/pdf/pnas00072-0063.pdf | llengua = anglès | editorial = | data = 1974 September; | volum = 71| número = (9) | pàgines = 3377–3379  | id = {{PMID|4530309}} }}
* {{citar ref | tipus = publicació | cognom1 = Kimura | nom1 = Motoo | cognom2 = Maruyama | nom2 = Takeo | enllaçautor2 = | títol = Moments for sum of an arbitrary function of gene frequency along a stochastic path of gene frequency change | publicació = Proc Natl Acad Sci U S A | url = http://www.ncbi.nlm.nih.gov/pmc/articles/PMC432586/pdf/pnas00047-0388.pdf | llengua = anglès | data = 1975 April| volum =; 72| número =   (4) | pàgines = 1602–1604  | id = {{PMID|1055431}} }}
* {{citar ref | tipus = publicació | cognom1 = Kimura | nom1 = Motoo | cognom2 = Ohta | nom2 = Tomoko | enllaçautor2 = | títol = Distribution of allelic frequencies in a finite population under stepwise production of neutral alleles | publicació = Proc Natl Acad Sci U S A | url = http://www.ncbi.nlm.nih.gov/pmc/articles/PMC432851/pdf/pnas00050-0295.pdf | llengua = anglès | editorial = | data = 1975 July | volum = 72| número = (7) | pàgines = 2761–2764 | id = {{PMID|1058491}} }}
* {{citar ref | tipus = publicació | cognom1 = Kimura | nom1 = Motoo | cognom2 = Maruyama | nom2 = T | títol = Theoretical study of genetic variability, assuming stepwise production of neutral and very slightly deleterious mutations | publicació = Proc Natl Acad Sci U S A | url = http://www.ncbi.nlm.nih.gov/pmc/articles/PMC411369/pdf/pnas00014-0391.pdf | llengua = anglès | editorial = | data = 1978 February | volum = 75| número =   (2) | pàgines = 919–922  | id = {{PMID|273253}} }}
* {{citar ref | tipus = publicació | cognom1 = Kimura | nom1 = Motoo | títol = Change of gene frequencies by natural selection under population number regulation | publicació = Proc Natl Acad Sci U S A | url = http://www.ncbi.nlm.nih.gov/pmc/articles/PMC392456/pdf/pnas00016-0332.pdf | llengua = anglès | data = 1978 April | volum = 75| número = (4) | pàgines = 1934–1937  | id = {{PMID|273920}} }}
* {{citar ref | tipus = publicació | cognom1 = Kimura | nom1 = Motoo | enllaçautor1 = | cognom2 = Ohta | nom2 = T | enllaçautor2 = | títol = Stepwise mutation model and distribution of allelic frequencies in a finite population | publicació = Proc Natl Acad Sci U S A | url = http://www.ncbi.nlm.nih.gov/pmc/articles/PMC392666/pdf/pnas00018-0334.pdf | llengua = anglès | editorial = | data = 1978 June; | volum = 75| número = (6) | pàgines = 2868–2872     | id = {{PMID|275857}} }}
* {{citar ref | tipus = publicació | cognom1 = Kimura | nom1 = Motoo | cognom2 = Crow| nom2 = James F. | enllaçautor2 = | títol = Efficiency of truncation selection  | publicació = Proc Natl Acad Sci U S A | url = http://www.ncbi.nlm.nih.gov/pmc/articles/PMC382946/pdf/pnas00001-0404.pdf | llengua = anglès | data = 1979 January| volum = 76| número = (1) | pàgines = 396–399    | id = {{PMID|16592610}} }}
* {{citar ref | tipus = publicació | cognom1 = Kimura | nom1 = Motoo | cognom2 = King | nom2 = J L | enllaçautor2 = | títol = Fixation of a deleterious allele at one of two duplicate loci by mutation pressure and random drift.  | publicació = Proc Natl Acad Sci U S A | url = http://www.ncbi.nlm.nih.gov/pmc/articles/PMC383708/pdf/pnas00006-0378.pdf | llengua = anglès | data = 1979 June; | volum = 76| número = (6) | pàgines = 2858–2861     | id = {{PMID|288072}} }}
* {{citar ref | tipus = publicació | cognom1 = Kimura | nom1 = Motoo | títol = Model of effectively neutral mutations in which selective constraint is incorporated | publicació = Proc Natl Acad Sci U S A | url = http://www.ncbi.nlm.nih.gov/pmc/articles/PMC383841/pdf/pnas00007-0406.pdf | llengua = anglès | data = 1979 Jul | volum = 76| número = (7)   | pàgines = 3440-4 | id = {{PMID|16592684}} }}
* {{citar ref | tipus = publicació | cognom1 = Kimura | nom1 = Motoo | cognom2 = Ohta | nom2 = Tomoko | enllaçautor2 = | títol = Population genetics of multigene family with special reference to decrease of genetic correlation with distance between gene members on a chromosome | publicació = Proc Natl Acad Sci U S A. | url = http://www.ncbi.nlm.nih.gov/pmc/articles/PMC383964/pdf/pnas00008-0437.pdf | llengua = anglès | editorial = | data = 1979 August| volum = 76| número = (8) | pàgines = 4001–4005     | id = {{PMID|291060}} }}
* {{citar ref | tipus = publicació | cognom1 = Kimura | nom1 = Motoo | cognom2 = Takahata | nom2 = Naoyuki | enllaçautor2 = | cognom3 = | títol = Genetic variability maintained in a finite population under mutation and autocorrelated random fluctuation of selection intensity  | publicació = Proc Natl Acad Sci U S A| url = http://www.ncbi.nlm.nih.gov/pmc/articles/PMC411741/pdf/pnas00011-0407.pdf | llengua = anglès | data = 1979 November | volum = 76| número = (11) | pàgines = 5813–5817     | id = {{PMID|16592725}} }}
* {{citar ref | tipus = publicació | cognom1 = Kimura | nom1 = Motoo | títol = Average time until fixation of a mutant allele in a finite population under continued mutation pressure: Studies by analytical, numerical, and pseudo-sampling methods  | publicació = Proc Natl Acad Sci U S A | url = http://www.ncbi.nlm.nih.gov/pmc/articles/PMC348304/pdf/pnas00664-0560.pdf | llengua = anglès | editorial = | data = 1980 January; | volum = 77| número = (1) | pàgines = 522–526    | id = {{PMID|16592764}} }}
* {{citar ref | tipus = publicació | cognom1 = Kimura | nom1 = Motoo | enllaçautor1 = | cognom2 = Maruyama | nom2 = Takeo | enllaçautor2 = | títol = Genetic variability and effective population size when local extinction and recolonization of subpopulations are frequent  | publicació = Proc Natl Acad Sci U S A | url = http://www.ncbi.nlm.nih.gov/pmc/articles/PMC350358/pdf/pnas00498-0463.pdf | llengua = anglès | editorial = | data = 1980 November | volum = 77| número = (11) | pàgines = 6710–6714     | id = {{PMID|16592920}} }}
* {{citar ref | tipus = publicació | cognom1 = Kimura | nom1 = Motoo | títol = Estimation of evolutionary distances between homologous nucleotide sequences | publicació = Proc Natl Acad Sci U S A | url = http://www.ncbi.nlm.nih.gov/pmc/articles/PMC319072/pdf/pnas00652-0477.pdf | llengua = anglès | data = 1981 January; | volum = 78| número = (1): | pàgines = 454–458     | id = {{PMID|6165991}} }}
* {{citar ref | tipus = publicació | cognom1 = Kimura | nom1 = Motoo | enllaçautor1 = | cognom2 = Ohta | nom2 = T | enllaçautor2 = | títol = Some calculations on the amount of selfish DNA | publicació = Proc Natl Acad Sci U S A| url = http://www.ncbi.nlm.nih.gov/pmc/articles/PMC319960/pdf/pnas00653-0493.pdf | llengua = anglès | data = 1981 February; | volum = 78| número = (2) | pàgines = 1129–1132    | id = {{PMID|6940131}} }}
* {{citar ref | tipus = publicació | cognom1 = Kimura | nom1 = Motoo | cognom2 = Takahata | nom2 = Naoyuki | enllaçautor2 = | títol = A Model of Evolutionary Base Substitutions and Its Application with Special Reference to Rapid Change of Pseudogenes  | publicació = Genetics | url = http://www.ncbi.nlm.nih.gov/pmc/articles/PMC1214464/pdf/641.pdf | llengua = anglès | data = 1981 July | volum = 98| número = (3)   | pàgines = 641–657 | id = {{PMID|7333455}} }}
* {{citar ref | tipus = publicació | cognom1 = Kimura | nom1 = Motoo | títol = Possibility of extensive neutral evolution under stabilizing selection with special reference to nonrandom usage of synonymous codons | publicació = Proc Natl Acad Sci U S A | url = http://www.ncbi.nlm.nih.gov/pmc/articles/PMC348857/pdf/pnas00660-0536.pdf | llengua = anglès | data = 1981 September | volum = 78| número = (9) | pàgines = 5773–5777    | id = {{PMID|6946514}} }}
{{refend}}

== Vegeu també==
* [[Història de la biologia]]
* [[Història del pensament evolucionista]]

== Referències==
{{Referències|2}}

{{DEFAULTSORT:Kimura, Motoo}}
{{Autoritat}}
{{Enllaç AB|ru}}

[[Categoria:Científics japonesos]]
[[Categoria:Prefectura d'Aichi]]
[[Categoria:Genetistes]]
[[Categoria:Membres de la Royal Society]]</text>
      <sha1>2asd8568rcjrs6jmwymya71gz170lt7</sha1>
      <model>wikitext</model>
      <format>text/x-wiki</format>
    </revision>
  </page>