<page>
    <title>Sessions del Comitè Olímpic Internacional</title>
    <ns>0</ns>
    <id>1014662</id>
    <revision>
      <id>13804037</id>
      <parentid>12978029</parentid>
      <timestamp>2014-07-12T20:23:13Z</timestamp>
      <contributor>
        <username>Langtoolbot</username>
        <id>128552</id>
      </contributor>
      <minor></minor>
      <comment>Corregit: Bèlgica}} [[Brussel•les]], [[Bèlgica  Bèlgica}} [[Brussel·les]], [[Bèlgica</comment>
      <text>[[Fitxer:117th IOC Bannar.jpg|thumb|Cartell de bienvenida a la 117a sessió del [[Comitè Olímpic Internacional]] realitzada a [[Singapur]] l'any [[2005]].]]
Una '''sessió del Comitè Olímpic Internacional''' és una reunió realitzada per aquest organisme al qual assisteixen els seus membres per prendre resolucions sobre el moviment olímpic. És l'òrgan suprem del [[Comitè Olímpic Internacional]] (COI) i les seves decisions són finals. Cada membre del COI té dret a vot.

Es realitza una sessió ordinària un cop l'any. En cas d'emergancia o de resoldre punts encara pendents es pot trucar a una sessió extraordinària en conveniancia amb el President del COI o per petició escrita d'almenys les dues terceres parts dels membres.

Les activitats més importants realitzades en les sessions són, entre altres:
* Adaptar o modificar la [[Carta Olímpica]].
* Escollir els membres del Comitè Olímpic, el President Honorari, membres honoraris i membres d'honor.
* Escollir el President, Vicepresident i tots els altres membres del Cos Executiu.
* Escollir la ciutat seu dels Jocs Olímpics.
* Determinar quins [[esport olímpic|esports]] formaran part del calendari olímpic i quins no.

En l'actualitat, les sessions es realitzen en conjunt amb la realització dels [[Jocs Olímpics]], tant d'hivern com d'estiu. En els anys senars, en els quals no se celebren els esdeveniments olímpics, es designen les seus dels Jocs Olímpics a partir d'un procés d'elecció previ.

== Sessións del Comitè Olímpic Internacional ==
Les sessions de color blau són realitzades durant el Congras Olímpic i les sessions de color rosa són realitzades durant els Jocs Olímpics.

{| class=wikitable style=text-align:left; 
!width=3%|#
!width=30%|'''Seu'''
!width=10%|'''Any'''
!'''Activitats'''
|-bgcolor=#d7eef4
||1a||{{flagicon|França}} [[París]], [[França]] ||1894||align=left|[[Atenes]] és seleccionada per ser la seu dels [[Jocs Olímpics d'estiu de 1896]]. [[París]] és seleccionada per ser la seu dels [[Jocs Olímpics d'estiu de 1900]].ref name=Aldaver[http://www.aldaver.com/votes.html IOC vote history]/ref
|-bgcolor=#ffd5e5
||2n||{{flagicon|Greece (1822-1978)}} [[Atenes]], [[Grècia]] ||1896||
|-bgcolor=#d7eef4
||3r||{{flagicon|França}} [[Le Havre]], [[França]] ||1897||
|-
||4t||{{flagicon|França}} [[París]], [[França]] ||1901||align=left|[[Saint Louis (Missouri)|St. Louis]] és seleccionada per ser la seu dels [[Jocs Olímpics d'estiu de 1904]].ref name=Aldaver/
|-
||5aref name=OR51{{ref-publicació|títol=Sessions du Comité international olympique |publicació=Olympic Review|url=http://www.la84foundation.org/OlympicInformationCenter/OlympicReview/1951/BDCE26/BDCE26c.pdf |consulta=2010-02-04 |volum=26 |any=1951 |mes=March|editorial=International Olympic Committee |pàgines=2}}/ref||{{flagicon|França}} [[París]], [[França]] ||1903||
|-
||6aref name=OR51/||{{flagicon|Regne Unit}} [[Londres]], [[Regne Unit]] ||1904||align=left|[[Londres]] és seleccionada per ser la seu dels [[Jocs Olímpics d'estiu de 1908]].ref name=Aldaver/
|-bgcolor=#d7eef4
||7a||{{flagicon|Bèlgica}} [[Brussel·les]], [[Bèlgica]] ||1905||
|-
||8a||{{flagicon|Greece (1822-1978)}} [[Atenes]], [[Grècia]] ||1906||
|-
||9a||{{flagicon|Països Baixos}} [[La Haia]], [[Països Baixos]] ||1907||
|-
||10a||{{flagicon|the German Empire}} [[Berlín]], [[Imperi Alemany|Alemanya]]ref name=OR51/||1909||align=left|[[Estocolm]] és seleccionada per ser la seu dels [[Jocs olímpics d'estiu de 1912]].ref name=Aldaver/
|-
||11a||{{flagicon|Luxemburg}} [[Ciutat de Luxemburg]], [[Luxembourg]] ||1910||
|-
||12a||{{flagicon|Austria-Hungary 1869-1918}} [[Budapest]], [[Imperi austrohongarès]] ||1911||
|-
||13a||{{flagicon|Suïssa}} [[Basilea]], [[Suïssa]] ||1912||
|-bgcolor=#ffd5e5
||14a||{{flagicon|Suècia}} [[Estocolm]], [[Suècia]] ||1912||align=left|[[Berlín]] és seleccionar per ser la seu dels [[Jocs Olímpics d'estiu de 1916]].ref name=Aldaver/
|-bgcolor=#d7eef4
||15a||{{flagicon|Suïssa}} [[Lausana]], [[Suïssa]] ||1913||
|-bgcolor=#d7eef4
||16th||{{flagicon|França}} [[París]], [[França]] ||1914||
|-
|| || ||1915 - 1918|| [[Primera Guerra Mundial]]. Se suspengueren les activitats del [[Comitè Olímpic Internacional]]. 
|-
||17a||{{flagicon|Suïssa}} [[Lausana]], [[Suïssa]] ||1919||align=left|[[Anvers]] és seleccionada per ser la seu dels [[Jocs Olímpics d'estiu de 1920]].ref name=Aldaver/
|-bgcolor=#ffd5e5
||18a||{{flagicon|Bèlgica}} [[Anvers]], [[Bèlgica]] ||1920||
|-bgcolor=#d7eef4
||19a||{{flagicon|Suïssa}} [[Lausana]], [[Suïssa]] ||1921||align=left|[[Chamonix]] és seleccionada per ser la seu dels [[Jocs Olímpics d'hivern de 1924]] i [[París]] la seu dels [[Jocs Olímpics d'estiu de 1924]]. [[Amsterdam]] és seleccionada per ser la seu dels [[Jocs Olímpics d'estiu de 1928]].ref name=Aldaver/
|-
||20a||{{flagicon|França}} [[París]], [[França]] ||1922||
|-
||21a||{{flagicon|Italy (1861-1946)}} [[Roma]], [[Regne d'Itàlia (1861–1946)|Itàlia]] ||1923||align=left|[[Los Angeles]] és seleccionada per ser la seu dels [[Jocs Olímpics d'estiu de 1932]].ref name=Aldaver/
|-bgcolor=#ffd5e5
||22a||{{flagicon|França}} [[París]], [[França]] ||1924||
|-bgcolor=#d7eef4
||23a||{{flagicon|Txecoslovàquia}} [[Praga]], [[Txecoslovàquia]] ||1925||
|-
||24a||{{flagicon|Portugal}} [[Lisboa]], [[Portugal]] ||1926||align=left|[[Sankt Moritz]] és seleccionada per ser la seu dels [[Jocs Olímpics d'hivern de 1928]].ref name=Aldaver/
|-
||25a||{{flag|Monaco}}||1927||
|-bgcolor=#ffd5e5
||26th||{{flagicon|Països Baixos}} [[Amsterdam]], [[Països Baixos]] ||1928||
|-
||27a||{{flagicon|Suïssa}} [[Lausana]], [[Suïssa]] ||1929||align=left|[[Lake Placid]] és seleccionada per ser la seu dels [[Jocs Olímpics d'hivern de 1932]].ref name=Aldaver/
|-bgcolor=#d7eef4
||28th||{{flagicon|the German Empire}} [[Berlín]], [[República de Weimar|Alemanya]] ||1930||
|-
||29th||{{flagicon|Spain 1931 1939}} [[Barcelona]], [[Segona República Espanyola|Espanya]] ||1931||align=left|[[Berlín]] és seleccionada per ser la seu dels [[Jocs Olímpics d'estiu de 1936]].ref name=Aldaver/
|-bgcolor=#ffd5e5
||30a||{{flagicon|Estats Units}} [[Los Angeles]], [[Estats Units]] ||1932||
|-
||31a||{{flagicon|Austria}} [[Viena]], [[Àustria]] ||1933||align=left|[[Garmisch-Partenkirchen]] és seleccionada per ser la seu dels [[Jocs Olímpics d'hivern de 1936]].ref name=Aldaver/
|-
||32a||{{flagicon|Greece (1822-1978)}} [[Atenes]], [[Grècia]] ||1934||
|-
||33a||{{flagicon|Noruega}} [[Oslo]], [[Noruega]] ||1935||
|-bgcolor=#ffd5e5
||34a||{{flagicon|the NSDAP (1920–1945)}} [[Garmisch-Partenkirchen]], [[Alemanya nazi|Alemanya]] ||1936||
|-bgcolor=#ffd5e5
||35a||{{flagicon|the NSDAP (1920–1945)}} [[Berlín]], [[Alemanya nazi|Alemanya]] ||1936||align=left|[[Tòquio]] és seleccionada per ser la seu dels [[Jocs Olímpics d'estiu de 1940]].ref name=Aldaver/
|-
||36a||{{flagicon|Polònia}} [[Varsòvia]], [[Polònia]] ||1937||align=left|[[Sapporo]] és seleccionada per ser la seu dels [[Jocs Olímpics d'hivern de 1940]].ref name=Aldaver/
|-
||37a||{{flagicon|Egypt 1922}} [[El Caire]], [[Regne d'Egipte|Egipte]] ||1938||
|-
||38a||{{flagicon|Regne Unit}} [[Londres]], [[Regne Unit]] ||1939||align=left|[[Garmisch-Partenkirchen]] és seleccionada per ser la seu dels [[Jocs Olímpics d'hivern de 1940]]. [[Cortina d'Ampezzo]] és seleccionada per ser la seu dels [[Jocs Olímpics d'hivern de 1944]]. [[Londres]] és seleccionada per ser la seu dels [[Jocs Olímpics d'estiu de 1944]].ref name=Aldaver/
|-
|| || ||1940 - 1945|| [[Segona Guerra Mundial]]. Se suspengueren les activitats del [[Comitè Olímpic Internacional]]. 
|-
||39a||{{flagicon|Suïssa}} [[Lausana]], [[Suïssa]] ||1946||align=left|[[Sankt Moritz]] és seleccionada per ser la seu dels [[Jocs Olímpics d'hivern de 1948]]. [[Londres]] és seleccionada per ser la seu dels [[Jocs Olímpics d'estiu de 1948]].ref name=Aldaver/
|-
||40a||{{flagicon|Suècia}} [[Estocolm]], [[Suècia]] ||1947||align=left|[[Oslo]] és seleccionada per ser la seu dels [[Jocs Olímpics d'hivern de 1952]]. [[Hèlsinki]] és seleccionada per ser la seu dels [[Jocs Olímpics d'estiu de 1952]].ref name=Aldaver/
|-bgcolor=#ffd5e5
||41a||{{flagicon|Suïssa}} [[Sankt Moritz]], [[Suïssa]] ||1948||
|-bgcolor=#ffd5e5
||42a||{{flagicon|Regne Unit}} [[Londres]], [[Regne Unit]] ||1948||
|-
||43a||{{flagicon|Itàlia}} [[Roma]], [[Itàlia]] ||1949||align=left|[[Cortina d'Ampezzo]] és seleccionada per ser la seu dels [[Jocs Olímpics d'hivern de 1956]]. [[Melbourne]] és seleccionada per ser la seu dels [[Jocs Olímpics d'estiu de 1956]].ref name=Aldaver/
|-
||44a||{{flagicon|Dinamarca}} [[Copenhaguen]], [[Dinamarca]] ||1950||
|-
||45aref name=OR51/||{{flagicon|Austria}} [[Viena]], [[Àustria]] ||1951||
|-bgcolor=#ffd5e5
||46a||{{flagicon|Noruega}} [[Oslo]], [[Noruega]] ||1952||
|-bgcolor=#ffd5e5
||47a||{{flagicon|Finlàndia}} [[Hèlsinki]], [[Finlàndia]] ||1952||align=left|[[Avery Brundage]] és escollit president del COI.ref{{ref-publicació|url=http://www.la84foundation.org/OlympicInformationCenter/OlympicReview/1952/BDCE34/BDCE34d.pdf |títol=Extract of the minutes of the 47th session — Helsinki 1952 (Palais de la Noblesse |publicació=Bulletin du Comité International Olympique |autor=Comité International Olympique |any=1959 |mes=September |exemplar=34–35 |pàgines=pp. 22 |format=PDF |consulta=}}/ref
|-
||48a||{{flagicon|Mexico (1934-1968)}} [[Ciutat de Mèxic]], [[Mèxic]] ||1953||
|-
||49a||{{flagicon|Greece (1822-1978)}} [[Atenes]], [[Grècia]] ||1954||
|-
||50a||{{flagicon|França}} [[París]], [[França]] ||1955||align=left|[[Squaw Valley]] és seleccionada per ser la seu dels [[Jocs Olímpics d'hivern de 1960]]. [[Roma]] és seleccionada per ser la seu dels [[Jocs Olímpics d'estiu de 1960]].ref name=Aldaver/
|-bgcolor=#ffd5e5
||51a||{{flagicon|Itàlia}} [[Cortina d'Ampezzo]], [[Itàlia]] ||1956||
|-bgcolor=#ffd5e5
||52a||{{flagicon|Australia}} [[Melbourne]], [[Austràlia]] ||1956||
|-
||53a||{{flagicon|Bulgaria (1948-1967)}} [[Sofia]], [[Bulgària]] ||1957||
|-
||54a||{{flagicon|Japó}} [[Tòquio]], [[Japó]] ||1958||
|-
||55a||{{flagicon|Alemanya Occidental}} [[Munic]], [[Alemanya Occidental]] ||1959||align=left|[[Innsbruck]] és seleccionada per ser la seu dels [[Jocs Olímpics d'hivern de 1964]]. [[Tòquio]] és seleccionada per ser la seu dels [[Jocs Olímpics d'estiu de 1964]].ref name=Aldaver/
|-bgcolor=#ffd5e5
||56a||{{flagicon|Estats Units}} [[San Francisco]], [[Estats Units]] ||1960||
|-bgcolor=#ffd5e5
||57a||{{flagicon|Itàlia}} [[Roma]], [[Itàlia]] ||1960||
|-
||58a||{{flagicon|Greece (1822-1978)}} [[Atenes]], [[Grècia]] ||1961||
|-
||59a||{{flagicon|Unió Soviètica}} [[Moscou]], [[Unió Soviètica]] ||1962||
|-
||60a||{{flagicon|Alemanya Occidental}} [[Baden Baden]], [[Alemanya Occidental]] ||1963||align=left|[[Ciutat de Mèxic]] és seleccionada per ser la seu dels [[Jocs Olímpics d'estiu de 1968]].ref name=Aldaver/
|-bgcolor=#ffd5e5
||61a||{{flagicon|Austria}} [[Innsbruck]], [[Àustria]] ||1964||align=left|[[Grenoble]] és seleccionada per ser la seu dels [[Jocs Olímpics d'hivern de 1968]].ref name=Aldaver/
|-bgcolor=#ffd5e5
||62a||{{flagicon|Japan}} [[Tòquio]], [[Japó]] ||1964||
|-
||63a||{{flagicon|Espanya franquista}} [[Madrid]], [[Franquisme|Espanya]] ||1965||
|-
||64a||{{flagicon|Itàlia}} [[Roma]], [[Itàlia]] ||1966||align=left|[[Sapporo]] és seleccionada per ser la seu dels [[Jocs Olímpics d'hivern de 1972]]. [[Munic]] és seleccionada per ser la seu dels [[Jocs Olímpics d'estiu de 1972]].ref name=Aldaver/
|-
||65a||{{flagicon|Iran (1964)}} [[Teheran]], [[Iran]] ||1967||
|-bgcolor=#ffd5e5
||66a||{{flagicon|França}} [[Grenoble]], [[França]] ||1968||
|-bgcolor=#ffd5e5
||67a||{{flagicon|Mexico}} [[Ciutat de Mèxic]], [[Mèxic]] ||1968||
|-
||68a||{{flagicon|Poland}} [[Varsòvia]], [[República Popular de Polònia|Polònia]] ||1969||
|-
||69aref name=OR83{{ref-publicació|títol=IOC Congresses and sessions |publicació=Olympic Review|url=http://www.la84foundation.org/OlympicInformationCenter/OlympicReview/1983/ore188/ORE188zj.pdf |consulta=2010-02-04 |volum=188 |any=1983 |editorial=International Olympic Committee |pàgines=428}}/ref||{{flagicon|Països Baixos}} [[Amsterdam]], [[Països Baixos]] ||1970||align=left|[[Denver]] és seleccionada per ser la seu dels [[Jocs Olímpics d'hivern de 1976]]. [[Mont-real]] és seleccionada per ser la seu dels [[Jocs Olímpics d'estiu de 1976]].ref name=Aldaver/
|-
||70a||{{flagicon|Països Baixos}} [[Amsterdam]], [[Països Baixos]] ||1970||align=left|
|-
||71aref name=OR83/||{{flagicon|Luxembourg}} [[Ciutat de Luxemburg]], [[Luxemburg]] ||1971||
|-bgcolor=#ffd5e5
||72a||{{flagicon|Japan}} [[Sapporo]], [[Japó]] ||1972||
|-bgcolor=#ffd5e5
||73a||{{flagicon|Alemanya Occidental}} [[Munic]], [[Alemanya Occidental]] ||1972||align=left|[[Lord Killanin]] és escollit president del COI.refOlympic Review, N59, October 1972, p. 355, available [http://www.la84foundation.org/OlympicInformationCenter/OlympicReview/1972/ore59/ore59c.pdf online]/ref
|-bgcolor=#d7eef4
||74a||{{flagicon|Bulgaria (1971-1990)}} [[Varna]], [[República Popular de Bulgària|Bulgària]] ||1973||
|-
||75a||{{flagicon|Austria}} [[Viena]], [[Àustria]] ||1974||align=left|[[Lake Placid]] és seleccionda per ser la seu dels [[Jocs Olímpics d'hivern de 1980]]. [[Moscou]] és seleccionada per ser la seu dels [[Jocs Olímpics d'estiu de 1980]].ref name=Aldaver/
|-
||76a||{{flagicon|Suïssa}} [[Lausana]], [[Suïssa]] ||1975||
|-bgcolor=#ffd5e5
||77a||{{flagicon|Austria}} [[Innsbruck]], [[Àustria]] ||1976||
|-bgcolor=#ffd5e5
||78a||{{flagicon|Canada}} [[Mont-real]], [[Canadà]] ||1976||
|-
||79a||{{flagicon|Txecoslovàquia}} [[Praga]], [[Txecoslovàquia]] ||1977||
|-
||80a||{{flagicon|Greece (1822-1978)}} [[Atenes]], [[Grècia]] ||1978||align=left|[[Sarajevo]] és seleccionada per ser la seu dels [[Jocs Olímpics d'hivern de 1984]]. [[Los Angeles]] és seleccionada per ser la seu dels [[Jocs Olímpics d'estiu de 1984]].ref name=Aldaver/
|-
||81a||{{flagicon|Uruguay}} [[Montevideo]], [[Uruguai]] ||1979||
|-bgcolor=#ffd5e5
||82a||{{flagicon|Estats Units}} [[Lake Placid]], [[Estats Units]] ||1980||
|-bgcolor=#ffd5e5
||83a||{{flagicon|Unió Soviètica}} [[Moscou]], [[Unió Soviètica]] ||1980||align=left|[[Juan Antonio Samaranch]] és escollit president del COI.refOlympic Review, N154, August 1980, pp. 410-412, available [http://www.la84foundation.org/OlympicInformationCenter/OlympicReview/1980/ore154/ORE154k.pdf online]/ref
|-bgcolor=#d7eef4
||84a||{{flagicon|Alemanya Occidental}} [[Baden Baden]], [[Alemanya Occidental]] ||1981||align=left|[[Calgary]] és seleccionada per ser la seu dels [[Jocs Olímpics d'estiu de 1988]]. [[Seül]] és seleccionada per ser la seu dels [[Jocs Olímpics d'estiu de 1988]].ref name=Aldaver/
|-
||85a||{{flagicon|Itàlia}} [[Roma]], [[Itàlia]] ||1982||
|-
||86a||{{flagicon|India}} [[Nova Delhi]], [[Índia]] ||1983||
|-bgcolor=#ffd5e5
||87a||{{flagicon|SFR Yugoslavia}} [[Sarajevo]], [[República Federal Socialista de Iugoslàvia|Iugoslàvia]] ||1984||
|-bgcolor=#ffd5e5
||88a||{{flagicon|Estats Units}} [[Los Angeles]], [[Estats Units]] ||1984||
|-
||89a||{{flagicon|Suïssa}} [[Lausana]], [[Suïssa]] ||1984||
|-
||90a||{{flagicon|Alemanya Occidental}} [[Berlín Oest]], [[Alemanya Occidental]] ||1985||
|-
||91a||{{flagicon|Suïssa}} [[Lausana]], [[Suïssa]] ||1986||align=left|[[Barcelona]] és seleccionada per ser la seu dels [[Jocs Olímpics d'estiu de 1992]].ref name=IOC_117[http://www.olympic.org/uk/news/events/117_session/past_election_uk.asp Past elections]. [[Comitè Olímpic Internacional]]/ref [[Albertville]] és escollida per ser la seu dels [[Jocs Olímpics d'hivern de 1992]].ref name=Aldaver/
|-
||92a||{{flagicon|Turquia}} [[Istambul]], [[Turquia]] ||1987|| 
|-bgcolor=#ffd5e5
||93a||{{flagicon|Canadà}} [[Calgary]], [[Canadà]] ||1988||
|-bgcolor=#ffd5e5
||94a||{{flagicon|South Korea}} [[Seül]], [[Corea del Sud]] ||1988||align=left|[[Lillehammer]] és seleccionada per ser la seu dels [[Jocs Olímpics d'hivern de 1994]]ref name=IOC_117/
|-
||95a||{{flagicon|Puerto Rico}} [[San Juan (Puerto Rico)|San Juan]], [[Puerto Rico]] ||1989||
|-
||96a||{{flagicon|Japan}} [[Tòquio]], [[Japó]] ||1990||align=left|[[Atlanta]] és seleccionada per ser la seu dels [[Jocs Olímpics d'estiu de 1996]].ref name=IOC_117/
|-
||97a||{{flagicon|Regne Unit}} [[Birmingham]], [[Regne Unit]] ||1991||align=left|[[Nagano]] és seleccionada per ser la seu dels [[Jocs Olímpics d'hivern de 1998]].ref name=IOC_117/
|-bgcolor=#ffd5e5
||98a||{{flagicon|França}} [[Albertville]], [[França]] ||1992||
|-bgcolor=#ffd5e5
||99a||{{flagicon|Espanya}} [[Barcelona]], [[Espanya]] ||1992||
|-
||100a||{{flagicon|Suïssa}} [[Lausana]], [[Suïssa]] ||1993||
|-
||101a||{{flagicon|Mònaco}} [[Montcarles]], [[Mònaco]] ||1993||align=left|[[Sydney]] és seleccionada per ser la seu dels [[Jocs Olímpics d'estiu del 2000]].ref name=IOC_117/
|-bgcolor=#ffd5e5
||102a||{{flagicon|Noruega}} [[Lillehammer]], [[Noruega]] ||1994||
|-bgcolor=#d7eef4
||103a||{{flagicon|França}} [[París]], [[França]] ||1994||
|-
||104a||{{flagicon|Hongria}} [[Budapest]], [[Hongria]] ||1995||align=left|[[Salt Lake City]] és seleccionada per ser la seu dels [[Jocs Olímpics d'hivern de 2002]].ref name=IOC_117/
|-bgcolor=#ffd5e5
||105a||{{flagicon|Estats Units}} [[Atlanta]], [[Estats Units]] ||1996||
|-
||106a||{{flagicon|Suïssa}} [[Lausana]], [[Suïssa]] ||1997||align=left|[[Atenes]] és seleccionada per ser la seu dels [[Jocs Olímpics d'estiu de 2004]].ref name=IOC_117/
|-bgcolor=#ffd5e5
||107a||{{flagicon|Japó}} [[Nagano]], [[Japó]] ||1998||
|-
||108a||{{flagicon|Suïssa}} [[Lausana]], [[Suïssa]] ||1999||
|-
||109a||{{flagicon|South Korea}} [[Seül]], [[Corea del Sud]] ||1999||align=left|[[Torí]] és seleccionada per ser la seu dels [[Jocs Olímpics d'hivern de 2006]].ref name=IOC_117/
|-
||110a||{{flagicon|Suïssa}} [[Lausana]], [[Suïssa]] ||1999||
|-bgcolor=#ffd5e5
||111th||{{flagicon|Austràlia}} [[Sydney]], [[Austràlia]] ||2000||
|-
||112a||{{flagicon|Russia}} [[Moscou]], [[Rússia]] ||2001||align=left|[[Pequín]] és seleccionada per ser la seu dels [[Jocs Olímpics d'estiu de 2008]].ref name=IOC_117/ [[Jacques Rogge]] és escollit president del COI.refOlympic Review, August-September 2001, p. 5, available [http://www.la84foundation.org/OlympicInformationCenter/OlympicReview/2001/OREXXVII40/OREXXVII40g.pdf online]/ref
|-bgcolor=#ffd5e5
||113a||{{flagicon|Estats Units}} [[Salt Lake City]], [[Estats Units]] ||2002||
|-
||114a||{{flagicon|Mèxic}} [[Ciutat de Mèxic]], [[Mèxic]] ||2002||
|-
||115a||{{flagicon|República Txeca}} [[Praga]], [[República Txeca]] ||2003||align=left|[[Vancouver]] és seleccionada per ser seu dels [[Jocs Olímpics d'hivern de 2010]].ref name=IOC_117/
|-bgcolor=#ffd5e5
||116a||{{flagicon|Grècia}} [[Atenes]], [[Grècia]] ||2004||
|-
||117a||{{flagicon|Singapur}} [[Singapur]] ||2005||align=left|[[Londres]] és seleccionada per ser la seu dels [[Jocs Olímpics d'estiu de 2012]]. El [[beisbol]] i el [[softbol]] són eliminats del programa olímpica partir del 2012.
|-bgcolor=#ffd5e5
||118a||{{flagicon|Itàlia}} [[Torí]], [[Itàlia]] ||2006||
|-
||119a||{{flagicon|Guatemala}} [[Ciutat de Guatemala]], [[Guatemala]] ||2007||align=left|[[Sotxi]] és escollida seu dels [[Jocs Olímpics d'hivern de 2014]].
|-bgcolor=#ffd5e5
||120a||{{flagicon|Xina}} [[Pequín]], [[República Popular de la Xina|Xina]] ||2008||
|-bgcolor=#d7eef4
||121a||{{flagicon|Dinamarca}} [[Copenhaguen]], [[Dinamarca]] ||2009||align=left|[[Rio de Janeiro]] és escollida seu dels [[Jocs Olímpics d'estiu de 2016]]. El [[golf]] i el [[rugbi]] seran readmesos al programa olímpic de 2016.
|-bgcolor=#ffd5e5
||122a||{{flagicon|Canada}} [[Vancouver]], [[Canadà]] ||2010||align=left|[[Nanquín]] és escollida per ser la seu dels [[Jocs Olímpics d'estiu de la Joventut de 2014]].
|-
||123a||{{flagicon|South Africa}} [[Durban]], [[Sud-àfrica]] ||2011||align=left|[[Pyeongchang]] és escollida per ser la seu dels [[Jocs Olímpics d'hivern de 2018]].
|-
!colspan=4|Sessions futures
|-bgcolor=#ffd5e5
||124a||{{flagicon|Regne Unit}} [[Londres]], [[Regne Unit]] ||2012|| 
|-
||125a||{{flagicon|Argentina}} [[Buenos Aires]], [[Argentina]] ||2013||align=left|Serà anunciada la seu dels [[Jocs Olímpics d'estiu de 2020]]. [[Jacques Rogge]] finalitzarà el seu mandat com a president del COI.
|-bgcolor=#ffd5e5
||126a||{{flagicon|Russia}} [[Sotxi]], [[Rússia]] ||2014|| 
|-
||127a||{{flagicon|Malaysia}} [[Kuala Lumpur]], [[Malàisia]] ||2015||align=left|Serà anunciada la seu dels [[Jocs Olímpics d'hivern de 2022]].
|-bgcolor=#ffd5e5
||128a||{{flagicon|Brazil}} [[Rio de Janeiro]], [[Brasil]] ||2016|| 
|-
||129a||Per anunciar||2017||align=left|Serà anunciada la seu dels [[Jocs Olímpics d'estiu de 2024]].
|-bgcolor=#ffd5e5
||130a||{{flagicon|South Korea}} [[Pyeongchang]], [[Corea del Sud]] ||2018|| 
|}

== Vegeu també ==
*[[Elecció de la seu dels Jocs Olímpics]]
*[[Congressos del Comitè Olímpic Internacional]]

== Referències==
{{Referències|2}}

{{ORDENA:Sessions Del Comite Olimpic Internacional}}
[[Categoria:Comitè Olímpic Internacional]]
[[Categoria:Esdeveniments organitzats]]</text>
      <sha1>g31o2wt0wm9bn8eidwg6zj5m8xfockl</sha1>
      <model>wikitext</model>
      <format>text/x-wiki</format>
    </revision>
  </page>