<page>
    <title>Revolució Nacional Indonèsia</title>
    <ns>0</ns>
    <id>1015099</id>
    <revision>
      <id>13601046</id>
      <parentid>13515058</parentid>
      <timestamp>2014-06-15T15:26:47Z</timestamp>
      <contributor>
        <username>EmausBot</username>
        <id>54036</id>
      </contributor>
      <minor></minor>
      <comment>Bot: Traient 1 enllaços interwiki, ara proporcionats per [[d:|Wikidata]] a [[d:Q1332160]]</comment>
      <text>{{VPHISMILCAT Infotaula conflicte militar
|nom=
|nom_de_la_batalla=Revolució Nacional Indonèsia
|operació=
|campanya=
|front=
|conflicte=
|imatge=[[Fitxer:COLLECTIE TROPENMUSEUM Militaire kolonne tijdens de eerste politionele actie TMnr 10029134.jpg|350px|Soldats d'una columna militar holandesa durant l'Operació Product, el 1947.]]
|peu_de_foto= Soldats d'una columna militar holandesa durant l'Operació Product, el 1947.
|data= 1945-49
|dates=
|localitat=
|territori=[[Indonèsia]] / [[Índies Orientals Neerlandeses]]
|escenari=
|casus=
|resultat= Els [[Països Baixos]] reconeixen la independència d'Indonèsia.
|estatus= 
|mapa= 
|coordenades=
|bàndol1= {{IDN}}
|bàndol2= {{PBA}}br /{{RUN}} (fins al 1946)
|bàndol3=
|general1={{bandera|Indonèsia}} [[Sukamo]]br /{{bandera|Indonèsia}} [[Sudirman]]br /{{bandera|Indonèsia}} [[Suharto]]
|general2= {{bandera|Països Baixos}} [[Simon Hendrik Spoor]]br /{{bandera|Països Baixos}} [[Hubertus van Mook]]
|general3=
|comandant1=
|comandant2=
|comandant3=
|oficial1=
|oficial2=
|oficial3=
|cavaller1=
|cavaller2=
|cavaller3=
|força_numèrica1=
|força_numèrica2=
|força_numèrica3=
|força1=
|força2=
|força3=
|baixes1=
|baixes2=
|baixes3=
|batalla_anterior=
|batalla_anterior=
|notes=
|}}
La '''Revolució Nacional Indonèsia''' o '''Guerra de la independència d'Indonèsia''' (1945-49) fou un conflicte entre [[Indonèsia]] i els [[Països Baixos]] posterior a la declaració d'independència de l'antic territori colonial de les [[Índies Orientals Neerlandeses]].

== Antecedents ==
La [[invasió japonesa a Indonèsia|invasió japonesa]] i l'ocupació subsegüent, durant la [[Segona Guerra Mundial]], donaren fi al govern neerlandès,ref{{ref-publicació |article=Dutch Attitudes towards Colonial Empires, Indigenous Cultures, and Slaves |publicació=Eighteenth-Century Studies |volum=31 |exemplar=3 |autor=Gert Oostindie and Bert Paasman |pàgines=349–355 |any=1998 |url=http://muse.jhu.edu/journals/eighteenth-century_studies/v031/31.3oostindie.html |doi=10.1353/ecs.1998.0021}}; {{ref-llibre |cognom=Ricklefs |nom=M.C. |títol =History of Modern Indonesia Since c.1300, second edition |editorial=MacMillan |any=1993 |lloc=London |pàgines= |isbn=0-333-57689-6}}/ref i encoratjaren el moviment independentista indonesia que havia estat suprimit anteriorment. 

== La revolta ==
Dos dies després de la rendició del Japó el 1945, [[Sukarno]] un líder nacionalista influent, declarà la independència de la nació ('''Revolució Nacional Indonèsia''') i en fou designat president.ref{{ref-publicació |article=Indonesia |autor=H. J. Van Mook |enllaçautor=Hubertus Johannes van Mook |publicació=Royal Institute of International Affairs |any=1949 |volum=25 |exemplar=3 |url=http://links.jstor.org/sici?sici=0020-5850%28194907%2925%3A3%3C274%3AI%3E2.0.CO%3B2-P |pàgines=274–285}}/refref{{ref-publicació |article=Independence the Issue |publicació=Far Eastern Survey |autor=Charles Bidien |volum=14 |exemplar=24 |url=http://links.jstor.org/sici?sici=0362-8949%2819451205%2914%3A24%3C345%3AITI%3E2.0.CO%3B2-S|pàgines=345–348 |data=5 desembre 1945 |doi=10.1525/as.1945.14.24.01p17062}}/refref{{ref-llibre|cognom =Taylor|nom =Jean Gelman|títol =Indonesia: Peoples and History|editorial =Yale University Press|any =2003|lloc =|pàgines =325|isbn = 0-300-10518-5 }}/refrefReid (1973), page 30/ref Els Països Baixos provaren de reinstaruar el seu govern; la lluita armada i diplomàtica subsegüent acabà el desembre de 1949, quan, atesa la pressió internacional, els Països Baixos reconegueren formalment la independència indonèsia,ref{{ref-publicació |article=Independence the Issue |publicació=Far Eastern Survey |autor=Charles Bidien |volum=14 |exemplar=24 |url=http://links.jstor.org/sici?sici=0362-8949%2819451205%2914%3A24%3C345%3AITI%3E2.0.CO%3B2-S|pàgines=345–348 |data=5 desembre 1945 |doi=10.1525/as.1945.14.24.01p17062}}; {{ref-web |url=http://www.globalsecurity.org/military/world/war/indo-inde.htm | títol = Indonesian War of Independence | consulta = 2006-12-11 | editor = GlobalSecurity.org |obra=Military}}/ref

Es tracta d'una de les majors revolucions més importants del segle XX, la lluita es va perllongar durant més de quatre anys i va comportar conflictes armats esporàdics, però importants, desordres interns en la política indonèsia, i dues grans intervencions diplomàtiques internacionals. Les forces holandeses no eren prou fortes per fer dominar els rebels indonesis però si per resistir l'expulsió. Malgrat les forces holandeses podien controlar als pobles i ciutats com els bastions republicans de [[Java]] i [[Sumatra]], no podien controlar els pobles i el camp. En aquest estat de situació, la ''República d'Indonèsia'' va fer prevaler en última instància els seus drets tant a través de la diplomàcia internacional com ho va fer mitjançant la determinació d'Indonèsia en els conflictes armats en Java i altres illes.

== Conseqüències ==
La revolució va destruir l'administració colonial de les Índies Orientals Neerlandeses, que havia governat el territori des de l'altre costat del món. També canvià de manera significativa les castes racials, i reduï el poder de molts dels governants locals ([[Raja (títol)|raja]]). Això no obstant, no va millorar significativament la situació econòmica o política de la majoria de la població, encara que alguns indonesis van ser capaços d'obtenir un paper més important en el comerç del país.

== Referències ==
{{referències}}

{{Commonscat|Indonesian Revolution}}
{{Enllaç AB|de}}
{{Enllaç AB|en}}

{{ORDENA:Revolucio Nacional Indonesia}}	!--ORDENA generat per bot--
[[Categoria:Història d'Indonèsia]]</text>
      <sha1>agv63payr5fys8wpwb26wra0xm7au77</sha1>
      <model>wikitext</model>
      <format>text/x-wiki</format>
    </revision>
  </page>