<page>
    <title>Volta a Colònia</title>
    <ns>0</ns>
    <id>1015760</id>
    <revision>
      <id>13886331</id>
      <parentid>13515382</parentid>
      <timestamp>2014-07-24T14:33:11Z</timestamp>
      <contributor>
        <username>Herodotptlomeu</username>
        <id>127024</id>
      </contributor>
      <minor></minor>
      <comment>/* Palmarès */</comment>
      <text>{{ Cursa ciclista
| nom = Volta a Colònia
| ediciórecent= 
| imatge = 
| data = [[Dilluns de Pasqua]]
| regió = [[Colònia (Alemanya)]] 
| català = Volta a Colònia
| nomlocal = Rund um Köln
| disciplina = carretera
| competició = [[UCI Europa Tour]]
| tipus = cursa d'un dia
| organitzador = 
| director = 
| primera = 1908
| número = 98 (fins al 2014)
| darrera = 
| primervencedor =  {{flagathlete|[[Fritz Tacke]]|GER}}
| méstriomfs =  {{flagathlete|[[Wilfried Trott]]|GER}} (3)
| darrervencedor = {{flagathlete|[[Sam Bennett]]|IRL}}
}}
La '''Volta a Colònia''' (en alemany i oficialment '''''Rund um Köln''''') és una cursa ciclista [[alemanya]] d'un dia, amb inici i final a la ciutat de [[Colònia (Alemanya)|Colònia]]. Creada el [[1908]], és una de les curses ciclistes alemanyes més antigues (on els escàndols de dopatge han afeblit l'estructura econòmica i la viabilitat d'aquest esport).

Des de la creació dels [[Circuits continentals de ciclisme]] creats l'any [[2005]] forma part de l'[[UCI Europa Tour]], els dos primers anys en la categoria 1.1 per passar, el 2007 a categoria 1.HC, la més alta en aquests circuits. Tot i això, després de no disputar-se el [[2008]] a causa de les condicions meteorològiques va tornar a la categoria 1.1 des del [[2009]].

La cursa es disputa sempre el [[Dilluns de Pasqua]].

== Palmarès ==
{| class=wikitable sortable style=font-size:95%
!Any
!Vencedor 
!Segon
!Tercer
|-
|1908|| {{Bandera|Imperi Alemany}} [[Fritz Tacke]]||||
|-
|1909|| {{Bandera|Imperi Alemany}} [[Otto Wincziers]]||||
|-
|1910||{{Bandera|Imperi Alemany}} [[Karl Wittig]]||{{Bandera|Imperi Alemany}} [[Jean Esser]]||{{Bandera|Imperi Alemany}} [[Georg Schmid]]
|-
|1911||{{Bandera|Imperi Alemany}} [[Adolf Huschke]]||{{Bandera|Imperi Alemany}} [[Josef Hübner]]||{{Bandera|Bohèmia}} [[Ernst Frantz]]
|-
|1912||{{Bandera|Imperi Alemany}} [[Jean Steingass]]||{{Bandera|Imperi Alemany}} [[Richard Wiese]]||{{Bandera|Imperi Alemany}} [[Rudolf Kotsch]]
|-
|1913||{{Bandera|Bohèmia}} [[Ernst Frantz]]||{{Bandera|Imperi Alemany}} [[Rudolf Lewis]]||{{Bandera|Imperi Alemany}} [[Rudolf Kotsch]]
|-
|1914||{{Bandera|Bohèmia}} [[Ernst Frantz]]||{{Bandera|Imperi Alemany}} [[Josef Pütz]]||{{Bandera|Imperi Alemany}} [[Wilhelm Siewert]]
|-
|1915-19||colspan=3 align=center|''no es disputà per culpa de la [[Primera Guerra Mundial]]''
|-
|1920||{{bandera|GER}} [[Adam Sachs]]||||
|-
|1921||{{bandera|GER}} [[Richard Huschke]]||{{bandera|GER}} [[Felix Manthey]]||{{bandera|GER}} [[Wilhelm Siewert]]
|-
|1922||{{bandera|GER}} [[Paul Koch]]||{{bandera|GER}} [[Arthur Nörenbergh]]||{{bandera|GER}} [[Wilhelm Franke]]
|-
|1923||{{bandera|GER}} [[Fritz Fischer (ciclista)|Fritz Fischer]]||{{bandera|GER}} [[Richard Huschke]]||{{bandera|GER}}[[Paul Kohl]]
|-
|1924||{{bandera|GER}} [[Paul Kohl]]||{{bandera|GER}} [[Karl Kohl]]||{{bandera|GER}} [[Fritz Gielow]]
|-
|1925||{{bandera|GER}} [[Paul Kohl]]||{{bandera|GER}} [[Josef Remold]]||{{bandera|GER}} [[Richard Huschke]]
|-
|1926||{{Bandera|CHE|dim=15}} [[Heiri Suter]]||{{Bandera|CHE|dim=15}} [[Kastor Notter]]||{{Bandera|Itàlia 1861-1946}} [[Gaetano Belloni]]
|-
|1927||{{Bandera|Itàlia 1861-1946}} [[Gaetano Belloni]]||{{Bandera|BEL}} [[Jules Van Hevel]]||{{Bandera|Itàlia 1861-1946}} [[Adriano Zanaga]]
|-
|1928||{{Bandera|Itàlia 1861-1946}} [[Alfredo Binda]]||{{Bandera|Itàlia 1861-1946}} [[Domenico Piemontesi]]||{{Bandera|BEL}} [[Julien Delbecque]]
|-
|1929||{{bandera|GER}} [[Franz Schmitz]] || || 
|-
|1930||{{bandera|GER}} [[Otto Kratz]]|| ||
|-
|1931||{{bandera|GER}} [[Herbert Rüdiger]]|| ||
|-
|1932||{{Bandera|LUX}} [[Josy Kraus]] || ||
|-
|1933||colspan=3|{{Bandera|Alemanya nazi}} [[Erich Bautz]] 
|-
|1934||{{Bandera|Alemanya nazi}} [[Kurt Stöpel]]||{{Bandera|Alemanya nazi}} [[Willy Kutschbach]]||{{Bandera|Alemanya nazi}} [[Georges Stach]]
|-
|1935||{{Bandera|Alemanya nazi}} [[Emil Kijewski]]||{{Bandera|Alemanya nazi}} [[Kurt Stoepel]]||{{Bandera|Alemanya nazi}} [[Willy Kutschbach]]
|-
|1936||{{Bandera|Alemanya nazi}} [[Erich Bautz]]||{{Bandera|Alemanya nazi}} [[Hans Weiss]]||{{Bandera|Alemanya nazi}} [[Georg Humbenhauer]]
|-
|1937||{{Bandera|Alemanya nazi}} [[Emil Kijewski]]||{{Bandera|Alemanya nazi}} [[Karl Wierts]]||{{Bandera|Alemanya nazi}} [[Josef Arents]]
|-
|1938||{{Bandera|Alemanya nazi}} [[Franz Bronold]]||  ||
|-
|1939||{{Bandera|Alemanya nazi}} [[Willi Meurer]]||  ||
|-
|1940||{{Bandera|Alemanya nazi}} [[Jakob Kropp]]||  ||
|-
|1941||{{Bandera|Alemanya nazi}} [[Hans Preiskeit]]||  ||
|-
|1942||{{Bandera|Alemanya nazi}} [[Heiner Schwarzer]]||  ||
|-
|1943||{{Bandera|Alemanya nazi}} [[Karl Kittsteiner]]||  ||
|-
|1944-45||colspan=3 align=center|''no es va disputar per culpa de la [[Segona Guerra Mundial]]''
|-
|1946||{{bandera|DEU}} [[Friedl Nowakowski]]||  ||
|-
|1947||{{bandera|DEU}} [[Werner Holthöfer]]||  ||
|-
|1948||{{bandera|DEU}} [[Heiner Schwarzer]]||{{bandera|DEU}} [[Erich Bautz]]||{{bandera|DEU}} [[Fritz Siefert]]
|-
|1949||{{bandera|DEU}} [[Heinrich Schultenjohann]]||{{bandera|DEU}} [[Otto Ziege]]||{{bandera|DEU}} [[Erich Bautz]]
|-
|1950||colspan=3|{{bandera|DEU}} [[Horst Holzmann]] 
|-
|1951||{{bandera|DEU}} [[Heiner Schwarzer]]||{{bandera|LUX}} [[Jean Diederich]]||{{bandera|BEL}} [[Hean Breuer]]
|-
|1952||{{bandera|DEU}} [[Richard Popp]]||||
|-
|1953||{{bandera|DEU}} [[Günther Otto]]||||
|-
|1954||{{bandera|DEU}} [[Willi Irrgang]]||||
|-
|1955||{{bandera|DEU}} [[Hans Preiskeit]]||{{bandera|DEU}} [[Manfred Donike]]||{{bandera|DEU}} [[Hans Junkermann]]
|-
|1956||{{bandera|DEU}} [[Edi Ziegler]]||||
|-
|1957||{{bandera|DEU}} [[Wolfgang Grabo]]||||
|-
|1958||{{bandera|DEU}} [[Wolf-Jürgen Edler]]||||
|-
|1959||{{bandera|DEU}} [[Heiner Hofmann]]||||
|-
|1960||{{bandera|DEU}} [[Matthias Löder]]||||
|-
|1961||{{bandera|DEU}} [[Albert Smits]]||||
|-
|1962||{{bandera|DEU}} [[Siegfried Koch]]||||
|-
|1963||{{bandera|DEU}} [[Winfried Bölke]]||||
|-
|1964||{{bandera|DEU}} [[Horst Oldenburg]]||{{bandera|NED}} [[Peter Post]]||{{bandera|DEU}} [[Klaus May]] 
|-
|1965||{{bandera|DEU}} [[Horst Oldenburg]]||{{bandera|DEU}} [[Wolfgang Schulze]]||{{bandera|BEL}} [[Romain Robben]]
|-
|1966||{{bandera|DEU}} [[Piet Glemser]]||{{bandera|BEL}} [[Jozef Huysmans]]||{{bandera|NED}} [[Leo Hermens]]
|-
|1967||{{bandera|BEL}} [[Noël Foré]]||{{bandera|BEL}} [[Willy In 't Ven]]||{{bandera|BEL}} [[Roger Blockx]]
|-
|1968||{{bandera|DEU}} [[Burkhard Ebert]]||||
|-
|1969||{{bandera|DEU}} [[Jürgen Tschan]]||||
|-
|1970||{{bandera|DEU}} [[Andreas Streckies]]||||
|-
|1971||{{bandera|LUX}} [[Roger Gilson]]||||
|-
|1972||{{bandera|DEU}} [[Wilfried Trott]]||||
|-
|1973||{{bandera|DEU}} [[Hermann Jungbluth]]||||
|-
|1974||{{bandera|DEU}} [[Dietrich Thurau]]||||
|-
|1975||{{bandera|DEU}} [[Jan Smyrak]]||||
|-
|1976||{{bandera|DEU}} [[Wilfried Trott]]||||
|-
|1977||{{bandera|NED}} [[Bert Scheunemann]]||||
|-
|1978||{{bandera|NED}} [[Arie Hassink]]||||
|-
|1979||{{bandera|DEU}} [[Wilfried Trott]]||||
|-
|1980||{{bandera|DEU}} [[Achim Stadler]]||||
|-
|1981||{{bandera|BEL}} [[Michael Mohr]]||||
|-
|1982||{{bandera|DEU}} [[Jörg Echtermann]]||||
|-
|1983||{{bandera|DEU}} [[Wolf-Dieter Wolfshohl]]||||
|-
|1984||{{bandera|DEU}} [[Stanislaw Mikolajczuk]]||||
|-
|1985||{{bandera|NED}} [[Jan Vaanhold]]||||
|-
|1986||{{bandera|DEU}} [[Remig Stumpf]]||||
|-
|1987||{{bandera|DEU}} [[Werner Wüller]]||||
|-
|1988||{{bandera|DEU}} [[Lutz Losch]]||||
|-
|1989||{{bandera|DEU}} [[Dominik Krieger]]||||
|-
|1990||{{bandera|BEL}} [[Noël Segers]]||{{bandera|DEU}} [[Andreas Kappes]]||{{bandera|BEL}} [[Herman Frison]]
|-
|1991||{{bandera|BEL}} [[Jerry Cooman]]||{{bandera|BEL}} [[Johan Capiot]]||{{bandera|BEL}} [[Mario de Clercq]]
|-
|1992||{{bandera|NED}} [[Louis de Koning]]||{{bandera|BEL}} [[Wilfried Peeters]]||{{bandera|DEU}} [[Olaf Jentsch]]
|-
|1993||{{bandera|BEL}} [[Willem Van Eynde]]||{{bandera|DEU}} [[Christian Henn]]||{{bandera|DEU}} [[Marcel Wüst]]
|-
|1994||{{bandera|DEU}} [[Udo Bölts]]||{{bandera|SUI|dim=15}} [[Rolf Järmann]]||{{bandera|DEU}} [[Jens Heppner]]
|-
|1995||{{bandera|NED}} [[Erik Dekker]]||{{bandera|NED}} [[Frans Maassen]]||{{bandera|ITA}} [[Fausto Dotti]]
|-
|1996||{{bandera|DEU}} [[Erik Zabel]]||{{bandera|BEL}} [[Tom Steels]]||{{bandera|BEL}} [[Johan Capiot]]
|-
|1997||{{bandera|BEL}} [[Frank Vandenbroucke]]||{{bandera|RUS}} [[Artur Babaitsev]]||{{bandera|BEL}} [[Ludo Dierckxsens]]
|-
|1998||colspan=3 align=center|''no es disputà''
|-
|1999||{{bandera|DEU}} [[Jens Heppner]]||{{bandera|NED}} [[Raymond Meijs]]||{{bandera|DEU}} [[Kai Hundertmark]]
|-
|2000||{{bandera|DEU}} [[Steffen Wesemann]]||{{bandera|BEL}} [[Hendrik Van Dyck]]||{{bandera|DEU}} [[Jens Heppner]]
|-
|2001||{{bandera|ITA}} [[Gian Matteo Fagnini]]||{{bandera|DEU}} [[Bert Grabsch]]||{{bandera|DEU}} [[Torsten Schmidt]]
|-
|2002||{{bandera|AUT}} [[Peter Wrolich]]||{{bandera|DEU}} [[Kai Hundertmark]]||{{bandera|DEU}} [[Christian Werner]]
|-
|2003||{{bandera|DEU}} [[Jan Ullrich]]||{{bandera|DEU}} [[Danilo Hondo]]||{{bandera|AUT}} [[Peter Wrolich]]
|-
|2004||{{bandera|DEU}} [[Erik Zabel]]||{{bandera|DEU}} [[Danilo Hondo]]||{{bandera|USA}} [[Kirk O'Bee]]
|-
|2005||{{bandera|DEU}} [[David Kopp]]||{{bandera|DEU}} [[Stefan Schumacher]]||{{bandera|ESP}} [[David Cañada]]
|-
|2006||{{bandera|DEU}} [[Christian Knees]]||{{bandera|DEU}} [[David Kopp]]||{{bandera|NED}} [[Kai Reus]]
|-
|2007||{{bandera|ARG}} [[Juan José Haedo]]||{{bandera|AUS}} [[Graeme Brown]]||{{bandera|ITA}} [[Alessandro Petacchi]]
|-
|2008||colspan=3 align=center|''no es va disputar per culpa de la neu''
|-
|2009||{{bandera|DEN}} [[Martin Pedersen]]||{{bandera|DEU}} [[Eric Baumann]]||{{bandera|DEU}} [[Mathias Belka]]
|-
|2010||{{bandera|ARG}} [[Juan José Haedo]]||{{bandera|DEU}} [[André Greipel]]||{{bandera|ITA}} [[Enrico Rossi]]
|-
|2011||{{bandera|AUS}} [[Michael Matthews]]||{{bandera|DEU}} [[Marcel Kittel]]||{{bandera|ITA}} [[Giacomo Nizzolo]]
|-
|2012||{{bandera|CZE}} [[Jan Bárta]]||{{bandera|LTU}} [[Gediminas Bagdonas]]||{{bandera|POL}} [[Tomasz Marczynski]]
|-
|2013||{{bandera|BEL}} [[Sébastien Delfosse]]||{{bandera|BEL}} [[Pieter Jacobs]]||{{bandera|AUT}} [[Georg Preidler]]
|-
|2014||{{bandera|IRL}} [[Sam Bennett]]||{{bandera|NED}} [[Barry Markus]]||{{bandera|GER}} [[Gerald Ciolek]]
|-
|}

== Enllaços externs ==
* {{oficial|http://www.rundumkoeln.de |de}}

{{ORDENA:Volta A Colonia}}
[[Categoria:Competicions ciclistes a Alemanya|Colonia]]
[[Categoria:Esport a Colònia]]
[[Categoria:UCI Europa Tour]]
[[Categoria:Setmana Santa]]</text>
      <sha1>9zm0yk9xcqwa3f3nvcyog2fymlaamwj</sha1>
      <model>wikitext</model>
      <format>text/x-wiki</format>
    </revision>
  </page>