<page>
    <title>Ballymena</title>
    <ns>0</ns>
    <id>1016687</id>
    <revision>
      <id>13781660</id>
      <parentid>13775025</parentid>
      <timestamp>2014-07-11T00:04:17Z</timestamp>
      <contributor>
        <username>ArnauBot</username>
        <id>90823</id>
      </contributor>
      <comment>Robot estandarditza i catalanitza referències, catalanitza dates i fa altres canvis menors</comment>
      <text>{{Infotaula de municipi|de |Ballymena|
|topònim = Ballymena
|oficial = an Baile Meánach
|bandera = 
|escut = 
|país = {{Bandera|Irlanda|20px}} [[Irlanda]]
|fotografia = Ballymena town hall.jpg
|fotografia_descripció = 
|localització = {{Location map
|Irlanda del Nord
|float = none
|label = Ballymena
|caption = Localització de Ballymena a Irlanda del Nord
|lon_dir = O
|lat_dir = N
|lat_deg = 54
|lat_min = 51
|lat_sec = 36
|lon_deg = 6
|lon_min = 16
|lon_sec = 48
|position=right
}}
|admin_tipus1 = [[Estat]]
|admin1 = {{bandera|Irlanda del Nord}} [[Irlanda del Nord]]
|admin_tipus2 = [[Províncies d'Irlanda|Província]]
|admin2 = [[Fitxer:Flag of Ulster.svg|20px|Ulster]] [[Ulster]]
|admin_tipus3 = [[Comtats d'Irlanda|Comtat]]
|admin3 = [[Fitxer:Flag of county Antrim.svg|20px|Antrim]] [[Comtat d'Antrim|Antrim]] br/[[Districte de Ballymena|Ballymena]] 
|codi_iso_ref = 
|codi_iso = 
|codi_postal = 
|població = 28717
|any_cens = 2001
|superfície = 
|altitud = 
|coordenades = {{coord|54|51|36|N|6|16|48|O|region:IE|format=dms|display=inline,title}} 
|gentilicis = 
|web = [http://www.ballymena.gov.uk Pàgina de Ballymena]
}}!--Fi de la taula--
'''Ballymena''' (nom derivat de l'[[irlandès]] an Baile Meánach, que vol dir la comarca mitjana, en [[escocès de l'Ulster]] ''Bellamaina'',ref[http://www.northsouthministerialcouncil.org/nsmc_annual_report_2002_-_ulster-scots_version_%28pdf_837kb%29-2.pdf NMSC annual report 2002 – Ulster-Scots]/ref ''Bellamena''ref[www.doeni.gov.uk/niea/carrickcastleus.pdf Carrick Castle – Ulster-Scots] NI Dept of the Environment./refbr o ''Seiven Tours''ref[http://www.scots-online.org/dictionary/read.asp?letter=BCurPage=6 ''The Online Scots Dictionary''] Retrieved 24 August 2012./ref) és una [[ciutat]] d'[[Irlanda del Nord]], al [[Comtat d'Antrim]], amb una població de 28.717 habitants (cens del 2001).

La ciutat es troba en la terra donada a la família Adair per [[Carles I d'Anglaterra]] el 1626, la ciutat celebra dues fires anuals i un lliure mercat dels dissabtes a perpetuïtat. El 2012 el mercat del dissabte encara funcionava.

La ciutat celebra una fira agrícola al Showgrounds Ballymena. Encara hi ha molts edificis històrics de la ciutat. L'Ajuntament va ser construït el 1924 en el lloc del mercat i va ser reformat el 2007 amb ​​un cost d'aproximadament £20 milions.
==Demografia==
Ballymena és classificada com a gran ciutat per la Northern Ireland Statistics and Research Agency (NISRA)ref[http://www.nisra.gov.uk/ NI Statistics and Research Agency website.]/ref (amb una població entre 18.000 i 75.000 habitants). Segons el cens de 2001 tenia 28,717 habitants dels quals:
*72,2% eren protestants, mentre que el 24,2% eren [[catòlics irlandesos]].
*21,6% tenien menys de 16 anys i el 19,6% tenien més de 60 
*47,5% són homes i el 52,5% eren dones
*3,9% de la població entre 16–74 anys eren a l'atur.
*7,7% han nascut fora d'Irlanda del Nord.
== Història ==
Hi ha restes i jaciments dels segles V al VII, com els [[ringfort]]s de Camphill Fort (Ballee) i Ballykeel, així com els enterraments de Kirkinriola. A finals del segle V es va fundar una església a Connor (5 milles al sud de Ballymena) i més tard un monestir a Templemoyle (Kells) que el 831 fou cremat pels [[víking]]s. 

En el segle XII els [[normands]] conqueriren gran part del [[comtat d'Antrim]] i del [[Comtat de Down]] i van crear el nucli del [[comtat d'Ulster]]. Durant aquesta campanya es van construir grans monticles de terra coronats per torres de fusta, coneguts com a motes, i concebuts com a estructures defensives. L'àrea de Harryville ([[escocès de l'Ulster]]: ''Herrieville'') de [[castell de mota i pati]] és un dels millors exemples d'aquest tipus de fortificació a Irlanda del Nord. els Uí Fhloinn derrotaren i rebutjaren al comte d'Ulster, [[John de Courcy]], en 1177 i 1178.

En 1315 [[Edward Bruce]] (germà del rei [[Robert I d'Escòcia]], conegut com a Robert Bruce) envaí Irlanda. El 10 de setembre de 1315, a la [[Batalla de Tawnybrack]] (5 milles al sud de Ballymena a Kells), Edward conquerí l'exèrcit del comte d'Ulster normand [[Richard Óg de Burgh, 2n comte d'Ulster|Richard De Burgh]].

En 1576 [[Elisabet I d'Anglaterra|la reina Elisabet I]] entregà terres, inclosa la ciutat de Ballymena, a [[Thomas Smith (diplomàtic)|Sir Thomas Smith]]. Aquestes terres havien estat expropiades per la corona després de la revolta de [[Shane O'Neill]] en la dècada de 1560. Smith va portar-hi colons anglesos, però no se'n sortí i el 1581 les terres van revertir a la corona.

El 10 de maig de 1607 [[Jaume I d'Anglaterra|el rei Jaume I]] entregà les terres de Ballymena a un cabdill nadiu [[Ruairí Óg MacQuillan]]. Les terres passaren per diversos propietaris fins que arribaren a les mans de [[William Adair]], un escocès de Kinhilt. La propietat fou reanomenada temporalment Kinhilstown i a començaments del segle XVII fou construït l'original [[castell de Ballymena]] sobre el [[riu Braid]]. En 1626 [[Carles I d'Anglaterra|Carles I]] confirmà les possessions de Ballymena a William Adair, juntament amb el dret d'organitzar-hi un mercat els dissabtes.

En 1641 la guarnició de Ballymena lluità contra els rebels però hagueren de retirar-se a [[Carrickfergus]]. El 1684 es va construir el primer edifici del mercat de Ballymena. El 1690 el Duc de [[Württemberg]], un general guillemita, usà el castell de Galgorm com a quarter general. [[Robert Adair (polític)|Sir Robert Adair]] organitzà un regiment de peu per al [[Guillem III d'Anglaterra|rei Guillem III]] i lluità a la [[batalla del Boyne]].

Pel 1704 la població de Ballymena arribà a 800 habitants. En 1707 s'hi va construir la primera església protestant. En 1740 fou cremat el castell de Ballymena i el 1765 s'hi fundà l'assentament [[Església Moraviana|moravià]] de [[Gracehill]]. Durant la [[rebel·lió irlandesa de 1798]] Ballymena fou ocupada del 7 al 9 de juny per una força d'uns 10.000 [[Irlandesos Units]] que atacaren l'edifici del Mercat matant-ne tres defensors.

En 1900 Ballymena assumí estatut urbà.ref[http://www.ballymena.gov.uk/historyandheritage.asp Ballymena Borough Council - History  Heritage]/ref Durant la [[Segona Guerra Mundial]] Ballymena fou la llar d'un gran nombre d'evacuats de [[Gibraltar]].refhttp://www.gibraltarnewsonline.com/2005/08/07/ballymena-finds-its-twin-in-gibraltar//ref Durant el [[Conflicte d'Irlanda del Nord]] 11 persones foren assassinades a Ballymena, la majoria per grups paramilitars [[Lleialisme de l'Ulster|lleialistes]].

== Esport ==
*[[Ballymena United FC]]
*[[Wakehurst FC]]
*[[Ballymena RFC]]
*[[All Saints GAC]]
*Ballymena Lawn Tennis Club
*[http://www.ballymenaroadclub.co.uk Ballymena Road Club]
*Braid Angling Club
*[[Ballymena Cricket Club]]
*Ballymena Bowling Clubrefhttp://www.bryansbowls.me.uk/ballymenabowls.htm/ref

== Personatges ==
* [[Liam Neeson]]
== Referències ==
{{Referències}}
*Ensign Joseph Dyas {{ref-web|url=http://www.51stlightinfantry.co.uk/ensigndyas.html|títol=Welcome to the 51st Light Infantry Ensign Dyas|arxiuurl=http://web.archive.org/web/20081120181602/http://www.51stlightinfantry.co.uk/ensigndyas.html|arxiudata=20 de novembre de 2008}}
*Battle Over Ballymena's Heroes. (8 March 2000). ''Belfast News Letter'', p.nbsp;1.
*Judd, Terri. (9 March 2000). Old hatreds Flare Over Neeson Freedom Award. ''The Independent'' (London), p.nbsp;7.
*Watson-Smyth, Kate. (23 March 2000). Row Over Religion Sours Ballymena's Award to Actor. ''The Independent'' (London), p.nbsp;12.
*[http://www.culturenorthernireland.org/town_Home.aspx?co=16to=317ca=0sca=0navID=1 Ballymena on the ''Culture Northern Ireland'' website.]
*Ordnance Survey Memoirs of Ireland, Parishes of County Antrim V111, Vol 23, 1831-5,1837-8. The Institute of Irish Studies, The Queens University Belfast. ISBN 0-85389-466-3

== Agermanaments == 
*{{bandera|Gibraltar}} [[Gibraltar]]
*{{bandera|Kentucky}} [[Morehead]]
== Enllaços externs ==
{{Commonscat|Ballymena}}

*[http://www.ballymena.gov.uk/ Ballymena Borough Council]
*[http://www.libraryireland.com/UlsterDirectory1910/Ballymena.php/ Ballymena Directory for 1910]
*[http://news.bbc.co.uk/1/shared/spl/hi/uk/02/cracking_crime/my_area/results/html/95g.stm BBC crime figures for Ballymena]
*[http://www.castlebar.ie/gallery/view_album.php?set_albumName=Castlebar-s-Secret-Twinned-town Photos of Churches and other buildings in and around Ballymena]
*[http://www.ballymenaroadclub.co.uk Ballymena Road Club]

{{Comtat Antrim}}
[[Categoria:Ciutats d'Irlanda del Nord]]
[[Categoria:Geografia del comtat d'Antrim]]</text>
      <sha1>9942byte7aq5x5i4qmpfvknq1qu9v6m</sha1>
      <model>wikitext</model>
      <format>text/x-wiki</format>
    </revision>
  </page>