<page>
    <title>Història de Lituània</title>
    <ns>0</ns>
    <id>1018282</id>
    <revision>
      <id>13772297</id>
      <parentid>13747763</parentid>
      <timestamp>2014-07-09T14:28:05Z</timestamp>
      <contributor>
        <username>Langtoolbot</username>
        <id>128552</id>
      </contributor>
      <minor></minor>
      <comment>Corregit: recol·leció  recol·lecció</comment>
      <text>[[Fitxer:Historia de Lituania.svg|thumb|300px|Fronteres històriques de Lituània.]]
La '''història de Lituània''' comença com a mínim en [[1009]], quan es coneix el primer ús escrit registrat del terme.ref{{ref-llibre |cognom=Gudavičius |nom=Edvardas |títol=Lietuvos Istorija: Nuo Seniausių Laikų iki 1569 Metų |llengua=lituà |editorial= |data=1999 |pàgines=p.28 |isbn=5-420-00723-1}}/ref Els [[lituans]], una branca dels [[Bàltics|pobles del Bàltic]], conqueriren terres veïnes i establiren el [[Gran Ducat de Lituània]] i al [[segle XIII]], el [[Regne de Lituània]]. El Gran Ducat fou un estat de guerrers reeixit i durador, feroçment independent i una de les últimes àrees d'Europa en adoptar el [[cristianisme]], que al [[segle XV]] es convertí en l'estat més gran d'[[Europa]] amb la conquesta de gran part dels pobles [[eslaus orientals]] que poblaven [[Rutènia]].ref{{ref-llibre |cognom=Bideleux |nom=R. |títol=A History of Eastern Europe: Crisis and Change |llengua=anglès |editorial=Routledge |data=1998 |pàgines=p.122 |isbn=}}/ref El Gran Ducat es va unir amb la [[Dinastia Jagelló]] de [[Polònia]] i es cristianitzà, i va formar amb la [[Unió de Lublin]] la [[Confederació de Polònia i Lituània]] el 1569 fins al 1795, quan desapareix amb el [[Repartiment de Polònia]]. Els lituans visqueren a l'[[Imperi Rus]] fins al [[segle XX]].

El 16 de febrer de 1918, [[Declaració d'Independència de Lituània|Lituània fou restablerta com a estat democràtic]], i va ser independent fins al principi de la [[Segona Guerra Mundial]], quan fou ocupada per la [[Unió de Repúbliques Socialistes Soviètiques|Unió Soviètica]] sota els termes del [[Pacte Mólotov-Ribbentrop]], seguida d'una ocupació breu pel [[Tercer Reich]] quan els nazis declararen guerra a la Unió Soviètica. Lituània fou absorbida una altra vegada per la Unió Soviètica durant gairebé 50 anys. A principis dels [[dècada del 1990|anys 1990]], Lituània restaurà la seva [[sobirania]] i anys després s'integrà a la [[Unió Europea]].

== Abans de l'Estat ==
=== Primer assentament ===
[[Image:Kernave piliakalniai.JPG|thumb|300px|right|Turons de [[Kernavė]]]]
Els primers pobladors van arribar al territori de la moderna Lituània durant el [[mil·lenni X aC]] després que les glaceres s'haguessin retirat i el [[glaciacions würmianes|darrer període glacial]] hagués acabat. Segons la historiadora [[Marija Gimbutas]], la gent venia de dues direccions: des de la Península de [[Jutlàndia]] i des de l'actual [[Polònia]]. Portaven dues cultures diferents com queda evidenciat per les eines que utilitzaven. Eren caçadors nòmades i no van formar més assentaments estables. Durant el [[mil·lenni X aC]], el clima es tornà molt més càlid i els boscos es desenvoluparen. Els habitants viatjaven menys i participaven en la cacera local, la recol·lecció i la pesca. Durant els mil·lennis VI-V aC es domesticaren diversos animals, les cases esdevingueren més sofisticades i podrien protegir famílies més grans. L'agricultura no arribà fins al [[Mil·lenni III aC]], a causa de clima exigent i el terreny i una manca d'eines adequades per conrear la terra. Els oficis i el comerç també es començaren a formar en aquella època. 

Els parlants d'[[Protoindoeuropeus|indoeuropeu]] nord-occidental podrien haver arribat amb la [[Cultura de la ceràmica cordada]] al voltant de 3200/3100 aC.ref CARPELAN, C. PARPOLA, ASKO: Emergence, contacts and dispersal of Proto-Indo-European, Proto-Uralic and Proto-Aryan in archaeological perspective. A: Carpelan, Christian; Parpola, Asko; Koskikallio, Petteri (Eds), EARLY CONTACTS BETWEEN URALIC AND INDO-EUROPEAN: LINGUISTIC AND ARCHAEOLOGICAL CONSIDERATIONS. Suomalais-Ugrilaisen Seura, Helsinki, Finlàndia, 2001/ref i superposaren la seva llengua, amb la qual cosa van formar les [[llengües bàltiques]] posteriors.

=== Tribus bàltiques ===
[[Image:Baltic Tribes c 1200.svg|thumb|250px|left|[[Bàltics|Tribus bàltiques al segle XIII]]]]
Els primers lituans eren una branca d'un grup antic conegut com a [[bàltics]], les tribus del qual també incloïen els pobles [[Prússia|prussians]] i [[Letònia|letons]] originals. Les tribus del Bàltic no foren directament influïdes per l'[[Imperi Romà]], però mantingueren estrets contactes comercials (vegeu [[Ruta de l'ambre]]).

La primera referència coneguda a Lituània com a nació (Litua) ve dels [[Annals de Quedlinburg|annals]] de l'[[Abadia de Quedlinburg]] i està datada al 9 de març del 1009.ref{{cite journal | title=On the Origin of the Name of Lithuania | journal=Lithuanian Quarterly Journal of Arts and Sciences | volume=55 | issue=3 | date=tardor del 2009 | first=Tomas | last=Baranauskas | issn=0024-5089}} /ref

Avui, les dues nacionalitats que queden al Bàltic són lituans i letons, però hi havia més nacionalitats bàltiques o tribus en el passat. Alguns d'aquests s'han fusionat als lituans i letons ([[samogitians]], [[selonians]], [[curonians]], [[semigalians]]), mentre que altres ja no existeixen ([[Antics prussians|prussians]], [[sambians]], [[escalvians]], [[galindians]], [[igul·lions]]).

=== Formació de l'estat lituà ===
Durant el [[segle XI]], els territoris lituans estaven inclosos en la llista de terres que pagaven tribut a la [[Rus de Kíev]], però pels volts del [[segle XII]], els lituans ja estaven envaint els propis territoris veïns. Les activitats militars i de saqueig dels lituans va desencadenar una lluita pel poder a Lituània, que inicià la formació del primer estat, a partir del qual es desenvoluparia el [[Gran Ducat de Lituània]].

== Gran Ducat de Lituània (circa. 1200-1569) ==
{{Principal|Gran Ducat de Lituània|Guerra civil lituana (1381-84)|Guerra Civil Lituana (1389-1392)}}

=== Lituània pagana ===
[[Image:Papal bull regarding Lithuanian ruler Mindaugas 1251.jpg|thumb|right|250px|Butlla d'[[Innocenci IV]] quant a l'emplaçament de Lituània sota la jurisdicció del [[Bisbe de Roma]], el baptisme de [[Mindaugas]] i la coronació]]
El [[1219]], vint-i-un ducs signaren un tractat de pau amb el [[Principat de Galítsia-Volínia]]. Aquest esdeveniment s'accepta àmpliament com la primera prova que les [[Bàltics|tribus del Bàltic]] s'estaven unint i es consolidaven.ref name=gerutis. {{ref-llibre|cognom = Jakštas |nom = Juozas |editor = Albertas Gerutis (ed.) |altres = traduït per Algirdas Budreckis|títol = Lithuania: 700 Years |any = 1984 |edició = 6a|editorial = Manyland Books|lloc = Nova York|isbn = 0-87141-028-1 |pàgines = 45–50 |capítol = Beginning of the State}}/ref

A principis del [[segle XIII]], dos [[Orde militar|ordes militars]] [[Alemanya|alemanys]], l'[[Orde Teutònic]] i els [[Germans Livonians de l'Espasa]], conqueriren bona part del que ara és [[Estònia]] i [[Letònia]], a més de parts de Lituània. Com a resposta, un cert nombre de petits grups tribals de Bàltic s'uniren sota el domini de [[Mindaugas]], el qual és citat com a governant de tota Lituània a la [[Crònica rimada livoniana]] en 1236.ref name=Lv-Mind{{cite encyclopedia |first=Edvardas |last=Gudavičius | authorlink=Edvardas Gudavičius |coauthors=Rimantas Jasas | editor= Vytautas Spečiūnas |encyclopedia= Lietuvos valdovai (XIII-XVIII a.): enciklopedinis žinynas |title=Mindaugas |year=2004 |publisher=Mokslo ir enciklopedijų leidybos institutas |location=Vilnius |isbn=5-420-01535-8 |pages=15–18}} {{lt}}/ref Els lituans, dirigits per [[Vykintas]], sòlidament derrotaven els [[Germans Livonians de l'Espasa]] en la [[Batalla de Saule]] el 1236, que forçà els Germans a fusionar-se amb els Cavallers Teutonics.ref name=kiaupa{{ref-llibre|cognom = Kiaupa |nom = Zigmantas |coautors = Jūratė Kiaupienė, Albinas Kunevičius |títol = The History of Lithuania Before 1795 |capítol = Establishment of the State |anyarxiu = 1995|any = 2000|editorial = Lithuanian Institute of History|lloc = Vílnius|isbn = 9986-810-13-2|pàgines = 45–72}} /ref El 1250, Mindaugas arribà a un acord amb l'[[Orde Teutònic]]; accedí a rebre baptisme (l'acte tingué lloc el 1251) i a renunciar a control sobre algunes terres a Lituània occidental, per a la qual cosa havia de rebre una corona a canvi.ref name=voruta{{lt}}{{cite journal |first=Tomas |last=Baranauskas |authorlink=Tomas Baranauskas |year=2003 | month=23 de març |title=Mindaugo karūnavimo ir Lietuvos karalystės problemos | url= http://www.voruta.lt/article.php?article=87 | archiveurl= http://web.archive.org/web/20051026174819/http://www.voruta.lt/article.php?article=87 | archivedate= 2005-10-26 | journal=[[Voruta (newspaper)|Voruta]] | volume=6 | issue=504 | id=ISSN 1392-0677 | accessdate =04-05-2012}} /ref El 17 de juliol de 1251, [[Innocenci IV]] signà dues [[butlla|butlles papals]], on ordenava al bisbe de [[Chełmno]] que coronés Mindaugas com a rei de Lituània, assignava un bisbe per a Lituània, i ordenava construir una catedral.ref name=Mgweb{{lt}} {{cite journal |last=Butkevičienė |first= Birutė | coauthors= Vytautas Gricius |year=2003 |month=juliol |title=Mindaugas — Lietuvos karalius |journal= Mokslas ir gyvenimas |volume=7 |issue=547 |pages= |id=ISSN 0134-3084 |url=http://ausis.gf.vu.lt/mg/nr/2003/07/7mlk.html |accessdate= 04-05-2012}} /ref El 1253, Mindaugas fou coronat i s'establí el [[Regne de Lituània]].ref{{lt}} Tomas Baranauskas. [http://www.voruta.lt/archyvas/24/1116 ''karalystei Lietuvos - 750'' ]. 2001. /ref Mindaugas fou assassinat el 1263 pel seu nebot [[Treniota]], la qual cosa ocasionà un gran malestar i un retorn al [[paganisme]]. La [[Mitologia lituana|Lituània pagana]] fou un objectiu de les [[Croades Bàltiques]] dels Cavallers Teutònics i l'[[Orde livonià]].ref name=empire. {{ref-llibre|cognom = Rowell |nom = C. S. |títol = Lithuania Ascending: A Pagan Empire Within East-central Europe, 1295–1345 |url = http://books.google.com/?id=i4hpVJ51y4oCpg=RA4-PA302 |consulta =02-01-2007 |data = 24-06-1994|editorial = Cambridge University Press |isbn = 0-521-45011-X |pàgines = 302–304}} /ref El 1241, 1259 i 1275 el país fou destruït per atacs de l'[[Horda d'Or]].

[[Image:Teutonic state 1250.png|thumb|left|250px|[[Gran Ducat de Lituània]] el 1250 entre les àrees de l'[[Orde livonià]] i l'[[Orde Teutònic]]]]

El regnat de [[Traidenis]] (1269-1282) fou el règim més llarg i més estable durant el període dels disturbis. Després de la seva mort, els ordes alemanys enllestiren les seves conquestes de tribus bàltiques i ja es podrien concentrar a Lituània.ref name=cd-831{{lt}} {{ref-llibre|cognom = Kiaupa |nom = Zigmantas |títol = Gimtoji istorija. Nuo 7 iki 12 klasės |url = http://mkp.emokykla.lt/gimtoji/ |consulta = 25-05-2012 |any = 2002 |editorial = Elektroninės leidybos namai |lloc = Vilnius|isbn = 9986-9216-9-4 |capítol = Prie Mindaugo palikimo: Treniota, Vaišvilkas, Švarnas ir Traidenis |urlcapítol = http://mkp.emokykla.lt/gimtoji/?id=831}} /ref El 1274 acabà la [[Gran Rebel·lió Prussiana]], i els Cavallers Teutònics es posaren a conquerir altres tribus bàltiques, incloent-hi els [[sudovians]] el 1283; l'Orde Livonià completà la seva conquesta de [[Zemgale]], l'últim aliat bàltic de Lituània, el 1291.ref name=kiaupa / 

Els germans [[Vytenis]] i [[Gediminas]], els fundadors de la [[Gedimínides|Dinastia dels Gedimínides]], uniren diversos grups en una sola Lituània. El 1316, el Gran Duc Gediminas, el primer dels líders responsables de la gran expansió de Lituània que havia de venir,ref name=Davies 392[[Norman Davies]], ''[[Europe: A History]]'', p. 392, 1998 New York, HarperPerennial, ISBN 0-06-097468-0/ref amb l'ajut de colonitzadors d'Alemanya, començà la restauració de la terra. 

Gediminas estengué el [[Gran Ducat de Lituània]] a l'est desafiant el [[mongols]] que, en aquell temps, [[Invasió mongola de Rússia|controlaven importants àrees de la Rus']]. A través d'aliances i conquesta, en competència amb el [[Gran Ducat de Moscou]], els lituans finalment aconseguiren el control de parts significatives (porcions del nord i del sud) de l'antic territori de la [[Rus de Kíev]].ref name=Davies 392/ Aquesta àrea incloïa la majoria de les modernes [[Bielorússia]] i [[Ucraïna]] (la conca del [[Dnièper]]) i creà un estat lituà massiu que al segle XV s'estenia des de la [[Mar Bàltica]] fins a la [[Mar Negra]].ref name=Davies 392/ 

Gediminas fou mort i el seu fill [[Algirdas]] suprimí els monastirs. Algirdas prengué [[Kíev]] en 1362 després de derrotar el mongols a la [[Batalla de les Aigües Blaves]].ref name=Davies 392/ El fill d'Algirdas, [[Ladislau II Jagelló]], féu altre cop propostes a l'Orde Teutònic i hi conclogué un tractat secret. El seu oncle [[Kęstutis]] el va fer presoner i això derivà en una [[Guerra civil lituana (1381-84)|guerra civil]] (1381-1384). Kęstutis finalment fou capturat, empresonat i condemnat a mort, però el fill de Kęstutis, [[Vytautas]], el futur Gran Duc, aconseguí escapar.

=== Lituània cristiana, unió dinàstica amb Polònia ===
[[Image:Mikalojus Church.jpg|221 px|right|thumb|[[Església de Sant Nicolau (Vílnius)|Església de Sant Nicolau]] a [[Vílnius]], l'església més antiga de Lituània]]
{{Principal|Cristianització de Lituània}}
Com que el poder dels ducs i senyors de la guerra lituans s'expandia cap al sud al sud i l'orient, els cultivats [[Eslaus orientals|eslaus orientals]] [[Rutènia|rutens]] es traslladaren en la direcció oposada dins del seu nou estat i exerciren influència en la classe dirigent lituana.ref name=Snyder 17-18[[Timothy D. Snyder|Timothy Snyder]], ''The Reconstruction of Nations'', p. 17-18, 2003 New Haven  London, Yale University Press, ISBN 978-0-300-10586-5/ref Hi portaren la [[litúrgia]] [[Antic eslau|eslava]] de la religió cristiana [[Església Ortodoxa|Ortodoxa Oriental]], escrita en [[Antic eslau oriental|llengua eslava]], la versió de la qual, coneguda com a [[eslau eclesiàstic]] serviria per cobrir les necessitats de redacció de documents de la cort lituana durant uns quants segles, desenvoluparia les lleis, i convertiria [[Vílnius]] en un centre essencial de la [[Rus de Kíev|la seva civilització]].ref name=Snyder 17-18/ Durant l'època en què Jagelló va acceptar el [[Església Catòlica Romana|catolicisme]] el 1385, les institucions del seu reialmen i els membres de la seva família havien estat en gran mesura [[Cristianització de Lituània|assimilats al cristianime ortodox]].ref name=Snyder 17-18/ 

[[File:Witold Duke of Lithuania seal.PNG|thumb|left|250px|El gran Duc [[Vytautas]], un heroi lituà, era el cosí primer de [[Ladislau II Jagelló]] i el seu rival]]

[[Ladislau II Jagelló]], Gran Duc des de 1377, era encara un pagà. Acceptà convertir-se en un catòlic quan els principals nobles polonesos, frisosos d'aprofitar l'expansió de Lituània li van oferir la corona polonesa i la reina nena [[Eduvigis de Polònia|Jadwiga]]. L'[[Història de Polònia|estreta associació amb Polònia]] havia, doncs, començat, i perdurà, d'una o altra forma, durant gairebé cinc segles.ref name=Snyder 4Timothy Snyder, ''The Reconstruction of Nations'', p. 4/ref Per al seu futur més proper, Polònia va aportar als lituans un valuós aliat contra les creixents amenaces dels [[Orde Teutònic|Cavallers Teutònics]] i [[Gran Ducat de Moscou|Moscòvia]]. 

El baptisme de Jagelló i el coronament com el [[Llista de reis de Polònia|Rei de Polònia]] el 1386 foren seguits per la [[Cristianització de Lituània]]. Després de [[Guerra Civil Lituana (1389-1392)|guerres civils]], [[Vitautas el Gran]] es convertí en Gran Duc de Lituània el 1392. Durant el seu regnat Lituània arribà al cim de la seva expansió territorial, havia començat la centralització de l'estat, i la [[noblesa lituana]] esdevingué cada cop més prominent en política estatal. L'aliança lituana polonesa va poder derrotar els poderosos Cavallers Teutònics en la [[Batalla de Grunwald]] el 1410. La [[Dinastia Jagelló]], fundada per Ladislau Jagelló, governà Polònia i Lituània contínuament fins al 1572.

[[Image:Lithuanian state in 13-15th centuries.png|thumb|225px|[[Gran Ducat de Lituània]] en els segles XIII-XV]]

L'[[unió personal|enllaç dinàstic]] amb Polònia tingué com a resultat l'establiment de lligams [[Església Catòlica Romana|religiosos]], polítics i culturals i l'augment de la [[Cultura occidental|influència occidental]] entre la noblesa lituana nativa, i en una menor mesura entre els [[boiar|boiars]] [[rutens]] d'[[Art medieval rus|orient]], súbdits dels lituans. El Gran Ducat de Lituània es mantingué com a estat separat amb institucions separades. A moltes ciutats se'ls concedia el sistema alemany de drets ([[Dret de Magdeburg]]), amb el més gran d'aquests a Vílnius, des de 1322 la capital del Gran Ducat.

[[Guerra Civil Lituana (1431-1435)|Després de les morts de Jagelló i Vitautas]], la noblesa lituana de vegades intentà trencar la unió entre Polònia i Lituània, triant de manera independent Grans Ducs de la dinastia Jagelló. Lituània tanmateix necessitava una aliança propera amb Polònia quan, al final del [[segle XV]], el poder de creixement del [[Gran Ducat de Moscou]] amenaçava part del principats [[Rus' (poble)|rus']] de Lituània i féu esclatar la [[Guerra lituanomoscovita]] i més tard la [[Guerra de Livònia]].

=== Renaixement lituà ===
[[File:Mazvydo katekizmas.jpg|thumb|left|165px|El catecisme de [[Martynas Mažvydas]] fou publicat en [[lituà]] el 1547]]
Des del [[segle XVI]] a mitjan [[segle XVII]], la cultura, les arts i l'educació coneixeren una gran esplendor, empeses pel [[Renaixement]] i la [[Reforma Protestant]]. [[Francysk Skaryna]], que escrivia i publicava en el seu [[rutè|rutè natiu]] /([[antic bielorús]]), fou típic en aquest aspecte de la fase anterior del Renaixement al Gran Ducat de Lituània, que durà fins a mitjan [[segle XVI]], quan el [[polonès]] predominà.ref name=Snyder 21Timothy Snyder, ''The Reconstruction of Nations'', p. 21/ref Molts [[lituans]] educats tornaren d'estudiar a l'estranger i el Gran Ducat estava en plena ebullició amb una activa vida cultural, un període que de vegades ha estat anomenat com a [[Renaixement lituà]] (no s'ha de confondre amb el [[Renaixement nacional lituà|Ressorgiment nacional lituà]] al [[segle XIX]]).

En aquesta època s'introduí l'arquitectura italiana en les ciutats lituanes, i florí la [[literatura lituana]] escrita en [[Llatí]]. També d'aquell temps són els primers textos manuscrits i impresos en [[lituà]] i fou llavors quan començà la formació de la llengua lituana escrita. El procés fou dut a terme pels erudits lituans [[Abraomas Kulvietis]], [[Stanislovas Rapalionis]], [[Martynas Mažvydas]] i [[Mikalojus Daukša]].

== Confederació de Polònia i Lituània (1569-1795) ==
{{Principal|Confederació de Polònia i Lituània}}
[[Image:Rzeczpospolita2nar.png|thumb|right|250px|Contorn de la [[Confederació de Polònia i Lituània]] amb les seves subdivisions essencial a partir de 1619, superposades a les fronteres nacionals actuals
{{legend|hotpink|[[Regne de Polònia]]}}
{{legend|lightpink|[[Ducat de Prússia]], [[feu]] polonès}}
{{legend|plum|[[Gran Ducat de Lituània]]}}
{{legend|lightgrey|[[Ducat de Curlàndia i Semigàlia|Ducat de Curlàndia]], feu conjunt}}
{{legend|darkgrey|[[Ducat de Livònia|Livònia]]}}]]
Amb la [[Unió de Lublin]] del 1569, Polònia i Lituània formaren un nou estat: la República de les Dues Nacions, coneguda habitualment com a [[Confederació de Polònia i Lituània]] (en polonès: ''Rzeczpospolita Obojga Narodów'', lituà: ''Abiejų Tautų Respublika''). La Confederació, que oficialment constava del [[Regne de Polònia]] i el [[Gran Ducat de Lituània]], era dominada per la noblesa polonesa i lituana, juntament amb els reis, que eren [[Eleccions reials a Polònia|elegits pels nobles]].

Després de la unió, la [[polonització]] afectà cada cop més tots els aspectes de la vida pública lituana; els [[Estatuts de Lituània]] de 1588 i les codificacions legals anteriors s'escrigueren en rutè.ref name=Snyder 44Timothy Snyder, ''The Reconstruction of Nations'', p. 44/ref Des d'aproximadament el [[1700]], el [[polonès]] era utilitzat en documents oficials; el [[rutè]] i el [[llatí]] s'havia utilitzat en les transaccions escrites del Gran Ducat abans d'aquella època.refNorman Davies, ''Europe: A History'', p. 392/ref[[Noblesa lituana|Les famílies governants de Lituània i la noblesa]] s'havien polonitzat lingüísticament i cultural, mentre mantenien un sentit de nacionalitat lituana. La [[Lituà|llengua lituana]] caigué en desús en els cercles de les corts dels grans ducs en la segona meitat del [[segle XV]].ref name=Snyder 18-19Timothy Snyder, ''The Reconstruction of Nations'', p. 18-19/ref Un segle després, el polonès era la llengua d'ús comú per part de la nobles lituana.ref name=Snyder 18-19/ La llengua lituana, tanmateix, sobrevisqué, malgrat les intrusions del [[rutè]], [[polonès]], [[rus]], [[bielorús]] i [[alemany]] com a llengua vernacla de camperols i [[Martynas Mažvydas|des de 1547]] en l'ús religiós escrit.refNorman Davies, ''Europe: A History'', p. 228/ref

[[File:Kryštap Radzivił. Крыштап Радзівіл (1639).jpg|thumb|left|195px|[[Hetman]] Kristupas Radvila o [[Krzysztof Radziwi]] (1585-1640), un lituà [[Calvinisme|calvinista]] i un consumat comandant militar]]

La població predominament [[Eslaus orientals|eslava oriental]] del territorialment expandit Gran Ducat de Lituània era en general [[Església Ortodoxa|ortodoxa oriental]], i així era també la [[noblesa lituana]].ref name=Snyder 22Timothy Snyder, ''The Reconstruction of Nations'', p. 22/ref A diferència de la gent corrent del regne lituà, en l'època de la [[Unió de Lublin|unió amb Polònia]], bona part de la noblesa de l'estat de Lituània s'havia convertit al [[Cristianisme Occidental]].ref name=Snyder 22/ Després del moviment de la [[Reforma Protestant|Reforma]] moltes famílies nobles es convertiren al [[calvinisme]] en els anys [[dècada del 1550|1550]] i [[dècada del 1560|1560]], i en general una generació més tard, d'acord amb les tendències de la [[Contrareforma]] a la Confederació, al [[Església Catòlica Romana|catolicisme romà]].ref name=Snyder 22/ No obstant això, segons una font, sens dubte exagerada, de principis del [[segle XVII]], només un de cada mil va seguir sent un catòlic a Lituània en aquella època.ref name=Urban 30{{pl}} [[Wacław Urban]], ''Epizod reformacyjny'' (L'episodi de la Reforma), p.30. Krajowa Agencja Wydawnicza, Kraków 1988, ISBN 83-03-02501-5./ref{{Ref label|a|a|none}} A la primera Confederació, la [[tolerància religiosa]] era la norma i fou oficialment promulgada per la [[Confederació de Varsòvia]] el 1573.ref name=Snyder 23Timothy Snyder, ''The Reconstruction of Nations'', p. 23/ref

Malgrat la Unió de Lublin i la integració dels dos països, Lituània va continuar existint durant més de dos segles com a [[Gran Ducat de Lituània]] a la confederació poloneso-lituana, i mantingué drets separats així com un exèrcit i un tresor propi.refStone, Daniel. ''The Polish–Lithuanian state: 1386–1795''. University of Washington Press, 2001. p. 63/ref Quan es va produir la [[Unió de Lublin]] [[Segimon II August]] tragué els territoris [[Ucraïna|ucraïnesos]] de Lituània i els incorporà a la [[Corona del Regne de Polònia|Corona polonesa]]. El Gran Ducat s'hi va quedar, amb parts de l'actual [[Bielorússia]] i parts de [[Rússia]] occidental, a més a més de les seves terres [[Ètnia|ètnicament lituanes]].ref name=Gierowski[[Józef Andrzej Gierowski]] – ''Historia Polski 1505–1764'' (Història de Polònia 1505–1764), p. 105-109, Państwowe Wydawnictwo Naukowe (Publicacions científiques poloneses PWN), Varsòvia 1986, ISBN 83-01-03732-6/ref Des de 1573, els reis de Polònia i els grans ducs de Lituània eren sempre la mateixa persona, i [[Eleccions reials a Polònia|eren elegits per la noblesa]], a qui se'ls concedí algun cop [[Llibertat daurada|llibertats i privilegis]] creixents. Aquestes llibertats, especialment el ''[[libertum veto]]'', conduïren a l'anarquia política i la dissolució definitiva de l'estat.

[[Image:Lithuania in the 17th century.png|thumb|right|200px|Divisions administratives del Gran Ducat de Lituània al segle XVII]]
La Confederació fou debilitada, en gran mesura, per una sèrie de guerres, començant el 1648 amb la [[Alçament de Khmelnitski|revolta dels cosacs]] de [[Bohdan Khmelnitski|Khmelnytsky]].ref name=Snyder 24Timothy Snyder, ''The Reconstruction of Nations'', p. 24/ref Durant les [[Segona guerra del nord|Guerres del Nord]] (1655-1661), el territori i l'economia lituanes [[Diluvi (Polònia)|foren devastades per l'exèrcit suec]]. Abans que es pogués recuperar plenament, Lituània fou destruïda altre cop durant la [[Gran Guerra del Nord]] (1700-1721). La guerra, les plagues, i la fam ocasionaren la pèrdua d'aproximadament un 40% dels habitants del país.ref[http://www.liw.lt/archive_vid.php?shid=1211283347id=1211283055 The Roads to Independence]. Lithuania in the World./ref Les potències estrangeres, especialment Rússia, es convertiren en actors dominants en els assumptes de política interna de la Confederació. Les nombroses faccions de la noblesa utilitzaren la seva [[Llibertat daurada]] per evitar algunes reformes.

La [[Constitució del 3 de maig de 1791]], una culminació del tardà procés de reforma de la Confederació, fou aprovada pel [[Sejm general|Sejm]] (legislatura central). Intentava integrar Lituània i Polònia d'una manera més estreta, si bé la separació es mantenia per la [[Garantia recíproca de les Dues Nacions]]. Les [[Repartiment de Polònia|particions de la confederació lituano-polonesa]] el 1772, 1793 i 1795 acabaren amb l'existència de la Confederació, i contemplaren com el Gran Ducat de Lituània era dividit entre Prússia i Rússia. Lituània va deixar d'existir com a entitat diferenciada durant més d'un segle.

== Sota la Rússia Imperial i Primera Guerra Mundial (1795-1918) ==
=== Post-confederació de Lituània (1795-1864); fonaments de nacionalisme lituà ===
[[File:AdamMickiewicz.jpg|thumb|right|175px|[[Adam Mickiewicz]] fou un poeta lituano-polonès quan l'estat lituano-polonès ja no existia.]]

Després de les [[Repartiment de Polònia|particions de la Confederació de Polònia i Lituània]], l'[[Imperi Rus]] controlava la majoria de Lituània, incloent-hi [[Vílnius]], que era una part de la [[Gubèrnia de Vílnius]]. El 1803, l'Emperador [[Alexandre I de Rússia|Alexandre I]] revifà i millorà l'antiga [[Companyia de Jesús]] això com la imperial [[Universitat de Vílnius]], la més gran de l'Imperi Rus. La universitat i el sistema d'ensenyament regional es dirigí en benefici del [[Alexandre I de Rússia|tsar]] pel príncep [[Adam Czartoryski]].ref name=Snyder 26-27Timothy Snyder, ''The Reconstruction of Nations'', p. 26-27/ref A principis del [[segle XIX]], hi havia senyals que a Lituània li podria ser permès un cert grau de reconeixement separat per part de l'Imperi; tanmateix això mai no es va produir.

[[File:Simonas Daukantas.png|thumb|left|175px|[[Simonas Daukantas]]]]

Aquestes esperances aviat es van mostar de manera discontínua, especialment després del 1812, quan frisosament els lituans donaren la benvinguda a l'[[Grande Armée|exèrcit francès]] de [[Napoleó Bonaparte]] com a llibertador, i molts d'ells se li uniren en la seva [[Invasió francesa de Rússia|ofensiva contra Rússia]]. Després de la derrota de l'exèrcit francès i la seva consegüent retirada, els tsar Alexandre decidí de mantenir oberta la Universitat de Vílnius i el poeta [[Adam Mickiewicz]] pogué rebre la seva educació allà.ref name=Snyder 27Timothy Snyder, ''The Reconstruction of Nations'', p. 27/ref La part sud-oest de Lituània inclosa en Prussia el 1795 i el breu [[Gran Ducat de Varsòvia]] el 1807 es convertiren en una part del [[Tsarat de Polònia]] (controlat pels russos) el 1815, mentre que la resta de Lituània continuà sent administrada com a província russa.

Els lituans i els polonesos es revoltaren dues vegades, el 1831 i el 1863, però els dos intents van fracassar i van ocasionar un augment de la repressió per part de les autoritats russes. Després de la [[Revolta de novembre]] de 1831, el tsar [[Nicolau I de Rússia|Nicolau I]] començà un programa intensiu de [[russificació]] i la Universitat de Vílnius fou tancada.ref name=Snyder 28Timothy Snyder, ''The Reconstruction of Nations'', p. 28/ref L'escolarització en polonès i la vida cultural pogueren, en gran part, continuar en l'antic Gran Ducat, fins al fracàs de l'[[Aixecament de gener]] de [[1863]].ref name=Snyder 44/ Els [[Estatuts de Lituània|Estatuts del Gran Ducat de Lituània]] foren anul·lats per l'Imperi rus només el 1840, i la servitud [[Reforma emancipadora del 1861 a Rússia|fou abolida]] el 1861.ref name=Snyder 44-45Timothy Snyder, ''The Reconstruction of Nations'', p. 44-45/ref La [[Unió de Brest]], important en la part de [[Bielorússia]] de l'anterior Gran Ducat, s'incorporà a l'[[Església Ortodoxa]] el 1839.ref name=Snyder 45Timothy Snyder, ''The Reconstruction of Nations'', p. 45/ref

[[File:Kostuś Kalinowski.PNG|thumb|right|165px|[[Konstanty Kalinowski]]]]

La poesia d'Adam Mickiewicz, lligat emocionalment a l'escena lituana i que explorava els temes medievals de Lituània, influí en els fonaments ideològics de l'emergent moviment nacional lituà. [[Simonas Daukantas]], que estudià amb Mickiewicz a [[Vílnius]], promovia un retorn a les tradicions pre-[[Confederació de Polònia i Lituània|Confederació]] de Lituània i una renovació de la cultura local, basada en la [[Lituà|llengua lituana]]. Amb aquelles idees al cap escrigué ja el 1822 (en aquell temps no fou publicada) una història de Lituània en lituà. [[Teodor Narbutt]] escrigué en polonès una voluminosa ''Història Antiga de la Nació Lituana'' (1835-1841), on de la mateixa manera exposà i expandí posteriorment el concepte de Lituània històrica, els dies de glòria de la qual havien acabat amb la [[Unió de Lublin|unió amb Polònia]] (1569). Narbutt, que invocava l'erudicció alemanya, assenyalava la relació entre el lituà i les llengües [[Sànscrit|sànscrites]]. Indicava la proximitat del lituà (protegit amb un considerable aïllament d'influències estrangeres des de temps històrics) a les seves antigues arrels [[Llengües indoeuropees|indoeuropees]] i proporcionaria posteriorment l'argument d'antiguitat pels activistes del [[Renaixement nacional lituà|renaixement nacional]]. A mitjans del segle XIX, la ideologia bàsica del futur moviment [[nacionalisme|nacionalista]] s'havia definit així; exigia, per establir una identitat lituana moderna, una ruptura amb la dependència cultural i lingüística polonesa i amb la seva tradició.ref name=Snyder 31-35, 37-38Timothy Snyder, ''The Reconstruction of Nations'', p. 31-35, 37-38/ref

En l'època de la Revolta de Gener, hi hagué una generació de líders lituans del període transitori, entre els orientats al Gran Ducat, lligats amb Polònia, i el moviment nacionalista modern basat en la llengua lituana. [[Jakób Gieysztor]], [[Konstanty Kalinowski]] i [[Antanas Mackevičius]] volien formar aliances amb els camperols locals (parlants de lituà i bielorús), els quals, havent rebut terres i poder, ajudarien presumiblement a derrotar l'Imperi Rus, ni que fos pel seu propi egoisme. Això creà nosu dilemes sobre que calia fer amb les llengües utilitzades per a aquesta comunicació interclassista, i que més tard portaria al concepte d'una nació com la suma de parlants d'una llengua vernacla.ref name=Snyder 26, 30Timothy Snyder, ''The Reconstruction of Nations'', p. 26, 30/ref

=== Formació de la identitat nacional moderna i pressions per a l'autogovern (1864-1918) ===
{{Principal|Renaixement nacional lituà}}
[[Image:Lithuania-1867-1914-EN.svg|thumb|right|300px|L'actual Lituània, on es mostren les divisions administratives de l'anterior [[Imperi Rus]] ([[Gubèrnia|gubèrnies]] 1867-1914)]]
El fracàs de la Revolta de Gener del 1864 féu, d'una banda, que la connexió polonsea ja no semblés una cosa pràctica, d'ara endavant, per als lituans, i d'altra banda, portà a la creació d'una classe de camperols lituans emancipats i fins i tot próspers, custodis de la llengua lituana. Les oportunitats educacionals, ara més àmpliament disponbles també per a la gent jove d'orígens humils, foren un dels factors crucials responsables del [[Renaixement nacional lituà]]. Com les escoles estaven sent despolonitzades i els universitaris lituans s'adreçaven a [[Sant Petersburg]] o a [[Moscou]] més que no pas a [[Varsòvia]], es produí un buit cultural que no fou reeixidament omplert pels intents de dur a terme una política de [[russificació]].ref name=Snyder 31-33Timothy Snyder, ''The Reconstruction of Nations'', p. 31-33/ref 

L'[[Imperi Rus]] considerava el Gran Ducat de Lituània com un regne [[Eslaus orientals|eslau oriental]] que hauria de ser (i estava sent) reunit amb Rússia.ref name=Snyder 49-51Timothy Snyder, ''The Reconstruction of Nations'', p. 49-51/ref En les següents dècades, tanmateix, emergí un moviment basat en l'etnicitat nacional lituana. Estava format per activistes de procedències socials i sensibilitats diferents, sovint parlants de polonès com a primera llengua, però units per la seva disposició i zel per promoure la cultura i la llengua lituanes com a estratègia per construir una nació moderna.ref name=Snyder 31-33Timothy Snyder, ''The Reconstruction of Nations'', p. 31-33/ref

[[File:Auksa altorius latin.jpg|thumb|left|180px|Devocionari del 1864 en lituà; es publicà en [[alfabet llatí]] i per això fou prohibit]]

El 1864 es prohibiren la llengua lituana i l'alfabet llatí a les escoles primàries. Els lituans es resistiren a la russificació organitzant impressions a l'estranger i passant de contraban els llibres mitjançant els ''[[knygnešiai]]''. Les autoritats tsaristes implementaren un cert nombre de polítiques de russification, incloent-hi una [[prohibició de la premsa lituana]] i el tancament d'institucions culturals i educatives. Lituània es convertí en part d'una nova regió administrativa anomenada [[Krai Nord-Occidental]] (l'anterior Gran Ducat de Lituània).ref name=Snyder 60Timothy Snyder, ''The Reconstruction of Nations'', p. 60/ref

Atès que molts [[noblesa lituana|nobles lituans]] estaven polonitzats i només les classes baixes i mitjanes utilitzaven el lituà (part d'aquesta última també preferia utilitzar el polonès), el lituà no es considerava una llengua prestigiosa. S'esperava fins i tot que la llengua acabés extingida, sobretot tenint en compte que els territoris de l'est estaven eslavitzats, i molta gent utilitzava el polonès o el rus en la seva vida quotidiana. L'únic lloc on el lituà es considerava més prestigiós i digne de llibres i d'estudi era la regió de la [[Petita Lituània]], controlada pels alemanys. Fins i tot allà, [[Germanització|una afluència d'immigrants alemanys]] amenaçava la llengua i cultura natives.

La llengua era ja present entre la gent pobra i el ressorgiment de llengua s'estengué als estrats més opulents, començant amb la publicació dels diaris lituans, [[Aušra]] i [[Varpas]], i després amb l'escriptura de poemes i llibres en lituà. Aquests escrits glorificaven el [[Gran Ducat de Lituània]], i descrivien la nació històrica de gran poder i amb molts herois.

[[Image:Ausra newspaper.jpg|thumb|right|180px|''[[Aušra]]'', escrit originalment ''Auszra'', formulà les idees del nacionalisme lituà.]]

Les dues figures més prominents del moviment de ressorgiment, [[Jonas Basanavičius]] i [[Vincas Kudirka]], ambdós originaris de l'opulenta pagesia lituana i ambdós alumnes de l'escola d'ensenyament secundari de [[Marijampolė]] (Mariampol) a la regió de [[Suvalkai]], on la [[Servitud a Rússia|servitud]] havia estat eliminada el 1807, en l'època de la conquesta de [[Napoleó Bonaparte|Napoleó]]. L'escola era un centre educatiu polonès, russificat després de la [[Aixecament de gener|Revolta]], on en aquella època es feien les classes en lituà.ref name=Snyder 33-34Timothy Snyder, ''The Reconstruction of Nations'', pàg. 33-34/ref

Basanavičius estudià medicina a [[Universitat Estatal de Moscou|Moscou]], on desenvolupà connexions internacionals, publicà en polonès sobre història lituana i es graduà en 1879. Des d'allà se n'anà a [[Bulgària]], i el 1882 s'instal·là a [[Praga]]. Allà es trobà i esdevingué influït pels activistes [[txecs]] del [[Renaixement nacional txec|moviment nacional]]. El 1883 Basanavičius començà a treballar en una revisió de llengua lituana, que va assumir la forma d'un diari anomenat ''Aušra'' (L'Alba). Publicat a [[Prússia Oriental]] alemanya ''Aušra'' estava escrit en [[alfabet llatí]], prohibit sota el govern rus, on s'exigia l'ús de caràcters [[Alfabet ciríl·lic|ciríl·lics]] per publicar en lituà, i era passat de contraban a Lituània. La revisió (quaranta assumptes en total), que es construïa sobre el treball d'escriptors anteriors, procurava establir una contintuïtat amb el Gran Ducat [[Edat mitjana|medieval]] de Lituània i exaltava el poble pla de Lituània en el seu paper com a conducte d'aquella (essencial per al ressorgiment nacional) continuïtat.ref name=Snyder34-35Timothy Snyder, ''The Reconstruction of Nations'', p. 34-35/ref

[[Image:Jonas Basanavicius (1851-1927).jpg|thumb|left|175px|[[Jonas Basanavičius]], una figura preeminent al moviment del [[Renaixement nacional lituà]]]]

Les restriccions russes en l'escola d'ensenyament secundari a Marijampolė s'alleujaren el 1872 i Kudirka, matriculat en aquell temps, aprengué polonès allà. Passà a estudiar a la [[Universitat de Varsòvia|Universitat imperial de Varsòvia]], on fou influït per [[socialisme|socialistes]] polonesos. El 1889 Kudirka retornà a Lituània i treballà per incorporar la pagesia lituana al corrent principal de la política, com a pedra angular per a la construcció d'una nació moderna. El 1898 escrigué un poema inspirat en la primera estrofa de l'obra mestra de Mickiewicz ''[[Pan Tadeusz]]'', utilitzant la invocació famosa del poeta en una llengua diferent i amb un enteniment diferent, però ressonant amb el patriotisme del propòsit original, nacional. El poema es convertí en l'[[himne nacional]] de Lituània (''[[Tautiška giesmė]]'').ref name=Snyder38-40Timothy Snyder, ''The Reconstruction of Nations'', p. 38-40/ref

El ressorgiment fou la punta de llança del moviment per la independència, amb diverses organitzacions que s'oposaven a la influència russa. La política russa esdevingué més dura en la resposta. Tingueren lloc atacs contra esglésies catòliques mentre continuava una prohibició sobre la premsa lituana.

El període des del 1890 fins al 1904 contemplà la publicació d'aproximadament 2.500 títols en l'alfabet llatí lituà. La majoria d'aquests es publicaren a [[Tilsit]], una ciutat de [[Prússia Oriental]], encara que algunes publicacions arribaven a Lituània des dels [[Estats Units d'Amèrica|Estats Units]]. Una versió escrita en gran part estandarditzada de la llengua fou aconseguida al tombant del [[segle XX]], basada en els usos històrics de l'[[Aukštaitija]] (terres altes).ref{{citar web|url=http://www.lki.lt/index.php?test=206|títol=Lietuvių kalbos institutas!--Títol generat per bot--}} Lithuanian Language Institute Abstracts./ref Les lletres -č-, -š- i -v- foren preses de la moderna (redissenyada) ortografia [[Txec|txeca]], per impedir l'ús polonès dels sons corresponents.ref name=gied[http://www.uic.edu/classes/lith/lith410/SUB_2004_double_orthography_SCHMA.pdf Double Orthography in American Lithuanian Newspapers at the Turn of the Twentieth Century]. Giedrius Subačius, [[Universitat d'Illinois a Chicago]], setembre del 2003. Consultat el 5-11-2012/refref name=Snyder36-37Timothy Snyder, ''The Reconstruction of Nations'', p. 36-37/ref L'àmpliament acceptada ''Gramàtica lituana'' de [[Jonas Jablonskis]], aparegué el 1901.ref name=gied/

[[Image:Great Seimas agenda.jpg|thumb|right|200px|Un fulletó amb una proposta d'agenda per al [[Gran Seimas de Vílnius]]; fou rebutjada pels delegats i s'adoptà un calendari més políticament militant]]

El 1879 l'Emperador [[Alexandre II de Rússia]] aprovà una proposta del comandament militar rus per construir l'estructura defensiva més gran de tot l'estat rus - la [[Fortalesa de Kaunas]] de 65 km2.ref name=Kauno tvirtovė{{citar web |url= http://tvirtove.kaunas.lt/|títol= Kauno tvirtovės istorija |consulta=13 novembre 2012 |obra= |editor= Gintaras Česonis |data= |llengua= lituà}}/ref Un bon nombre de lituans van emigrar als Estats Units entre 1867 i 1868 després d'una gran [[fam]] a Lituània.ref{{CathEncy|wstitle=Lithuanians in the United States}}/ref Entre el 1868 i 1914 aproximadament 635.000 persones, gairebé el 20% de la població, va marxar de Lituània.ref{{cite encyclopedia|title=Lithuanian Americans|url=http://encarta.msn.com/encyclopedia_761587498/lithuanian_americans.html|work=|archiveurl=http://www.webcitation.org/5kx7L1NnV|archivedate=1 de novembre del 2009|deadurl=yes}}/ref No obstant això, un [[Renaixement nacional lituà]] posà els fonsaments de la nació lituana moderna i de la Lituània independent.

El moviment [[nacionalisme|nacionalista]] de Lituània continuava augmentant. Durant la [[revolució russa de 1905]] va tenir lloc un gran congrés de representants lituans a Vílnius, conegut com el [[Gran Seimas de Vílnius]], que demanà autonomia provincial per a Lituània (per a ells Lituània volia dir la porcio menor nord-occidental del Gran Ducat de Lituània, el territori que consideraven [[ètnia|ètnicament]] lituà) incloent-hi [[Regió de Vílnius|Vílnius i els seus voltants]])ref name=Snyder 53Timothy Snyder, ''The Reconstruction of Nations'', p. 53/ref el 5 de desembre d'aquell any. El règim tsarista féu un cert nombre de concessions com el resultat de la revolta de 1905. Els [[Estats bàltics]] podrien utilitzar altre cop les seves llengües natives en l'escolarització i a nivell públic. L'[[alfabet llatí]] reemplaçà l'[[alfabet ciríl·lic]] que s'havia imposat als lituans durant quatre dècades. Tanmateix, ni tan sols els liberals estaven preparats per concedir una autonomia similar a la ja havia existit a Estònia i Letònia, per bé que sota l'hegemonia dels [[alemanys del Bàltic]]. Molts alemanys del Bàltic miraven vers l'alineament dels països bàltics (Lituània i [[Curlàndia]] en particular) amb Alemanya.ref name=TBNAEHiden, John and Salmon, Patrick. The Baltic Nations and Europe. London: Longman. 1994./ref

Després de l'esclat de les hostilitats en la [[Primera Guerra Mundial]] Alemanya ocupà Lituània i Curlàndia el 1915. Vílnius caigué en mans dels alemanys el 19 de setembre de 1915. Una aliança amb Alemanya, en oposició tant a la Rússia tsarista com al nacionalisme lituà, es convertí per als alemanys del Bàltic en una possibilitat real.ref name=TBNAE / Lituània s'incorporà a [[Ober Ost]], govern alemany d'ocupació.ref name=maks{{lt}} {{ref-llibre| nom=Mindaugas |cognom=Maksimaitis |títol=Lietuvos valstybės konstitucijų istorija (XX a. pirmoji pusė) |editorial=Justitia |lloc=Vilnius |any=2005 |isbn=9955-616-09-1 |pàgines=35–36}}/ref Donat que una annexió oberta podria ocasionar un retrocés en les relacions públiques, els alemanys planejaven formar una xarxa d'estats formalment independents que serien de fet completament dependents d'Alemanya, l'anomenada [[Mitteleuropa]].ref name=eidintas{{ref-llibre|nom = Mindaugas |cognom = Maksimaitis |títol = Lietuvos valstybės konstitucijų istorija (XX a. pirmoji pusė) |editorial = Justitia |lloc = |any = 2005 |isbn = 9955-616-09-1 |pàgines = 35–36}} /refref{{ref-llibre|cognom = Eidintas |nom = Alfonsas |coautors = Vytautas Žalys, Alfred Erich Senn |editor = Ed. Edvardas Tuskenis |títol = Lithuania in European Politics: The Years of the First Republic, 1918–1940 |edició = Paperback |any = 1999 |mes = September |editorial = St. Martin's Press |lloc = New York |isbn = 0-312-22458-3 |pàgines = 20–28 |capítol = Chapter 1: Restoration of the State}}/ref

== Lituània independent (1918-1940) ==
=== Declaració d'independència ===
{{Principal|Declaració d'Independència de Lituània}}
[[File:Vilnius Conference 1917.jpg|thumb|right|235px|Presídium i secretariat de la [[Conferència de Vílnius]]]]
Els alemanys permeteren la convocatòria de la [[Conferència de Vílnius]] (18-22 de setembre de 1917) (no es permeteren eleccions per a una assemblea representativa formal), i demanaren que els lituans declaressin lleialtat a Alemanya i acceptessin una annexió. La Conferència en canvi anuncià principis bàsics d'un limitat en abast territorial, però amb un [[Lituània|Estat lituà]] [[ètnia|ètnic]] independent, amb drets culturals per a les minories; consegüentment, la publicació de la resolució de la Conferència no fou permesa.ref{{cite encyclopedia | editor = Simas Sužiedėlis | encyclopedia = [[Encyclopedia Lituanica]] | title = Council of Lithuania | year = 1970–1978 | publisher = Juozas Kapočius | volume = I | location = Boston, Massachusetts | id = {{LCCN|74|114|275}} | pages = 581–585}}/ref La Conferència elegí un [[Consell de Lituània]] (''Taryba'') i l'autoritzà a actuar com a autoritat executiva de la gent lituana.ref name=eidintas/ El Consell adoptà la [[Declaració d'Independència de Lituània]] el 16 de febrer de 1918. Declarava Lituània com una república independent, organitzada segons principis democràtics. Els alemanys, encara presenta al país, no donaren suport a tal declaració i obstaculitzaren alguns intents d'establir la independència proclamada. Per evitar ser incorporats a l'[[Imperi Alemany]], els lituans elegiren el Rei (nascut a [[Mònaco]]) [[Mindaugas II]] com a monarca titular del [[Regne de Lituània]] el juliol de 1918. Mindaugas II mai no assumí el tron.

[[File:Signatarai.Signatories of Lithuania.jpg|thumb|left|235px|Els vint membres originals del [[Consell de Lituània]].]]

Mentrestant, inicialment també sota l'ocupació alemanya, va tenir lloc un intent de revifar el Gran Ducat de Lituània com a república federal multinacional socialista. [[Anton Lutskèvitx]] i el seu [[Consell Nacional Bielorús]] proclamaren el març de 1918 la [[República Popular Bielorussa]], que s'havia d'estendre des del Bàltic fins al Mar Negre i incloure Vílnius. Lutskèvitx i el Consell fugien de l'[[Exèrcit Roig]] que s'acostava i deixaren [[Minsk]] el desembre de 1918. A la seva arribada a Vílnius, proposaren una federació bielorusso-lituana, que tanmateix no generava gens d'interès per part dels líders lituans, que es trobaven en una etapa avançada de promoció dels seus propis plans nacionals. Els lituans estaven interessats només en un estat dins de fronteres etnogràfiques, tal com ho percebien.ref name=Snyder 60-61Timothy Snyder, ''The Reconstruction of Nations'', p. 60-61/ref

[[File:Augustinas Voldemaras.jpg|thumb|right|175px|[[Augustinas Voldemaras]], primer primer ministre de Lituània]] 

Alemanya perdé la guerra i signà l'[[Armistici de Compiegne de 1918]]. Els lituans s'afanyaren a formar el seu primer govern, encapçalat per [[Augustinas Voldemaras]], adoptaren una constitució provisional, i començaren a organitzar estructures administratives bàsiques. Mentre l'exèrcit alemany derrotat es retirava del [[Front oriental (Primera Guerra Mundial)|Front Oriental]], era seguit per les forces soviètiques, la intenció de les quals era estendre la [[revolució proletària]] global. Crearen un cert nombre d'[[govern titella|estats titella]], incloent´-hi la [[República Socialista Soviètica de Lituània (1918-1919)|República Socialista Soviètica de Lituània]]. A finals de desembre, l'Exèrcit Roig arribava a les fronteres lituanes, i començava així la [[Guerra lituanosoviètica]]. L'1 de gener del 1919, l'exèrcit ocupant alemany es retirava de Vílnius i retornava la ciutat a les forces d'autodefensa poloneses locals. Com a protesta, el govern lituà marxà de Vílnius i passà a establir-se a [[Kaunas]] que es convertiria en la capital provisional de Lituània. Vílnius fou presa per l'Exèrcit Roig soviètic el 5 de gener de 1919. Com que l'exèrcit lituà es trobava encara a les besseroles, les forces soviètiques es pogueren desplaçar àmpliament sense oposició i abans de mitjan gener del 1919 controlaven aproximadament dos terços del territori lituà. A partir d'abril de 1919 la guerra lituana desaparegué en paral·lel a la [[Guerra polonesosoviètica]]. Les tropes poloneses capturaren Vílnius als soviètics el 19 d'abril de 1919. Polònia tenia reclamacions territorials sobre Lituània, especialment la [[Regió de Vílnius]], i aquestes tensions vessaren per damunt de la [[Guerra Polonesa Lituana]]. A mitjans de maig l'exèrcit lituà, comandat pel general [[Silvestras Žukauskas]], començà una ofensiva contra els soviètics al nord-est de Lituània. Al final d'agost de 1919, els soviètics foren empesos fora del territori lituà. Quan els soviètics van ser derrotats, l'exèrcit lituà es desplegà contra el paramilitar [[Exèrcit de Voluntaris Rus Occidental]], que havia envaït el nord de Lituània. Aquests foren reactivats pels alemanys i per soldats alemanys i russos a qui es donava suport, els quals procuraren retenir el control alemany sobre l'anterior ''Ober Ost''. Els Voluntaris Russos Occidentals foren derrotats i expulsats al final de 1919. Així s'acabà la primera fase de les [[Guerres Lituanes d'Independència]] i els lituans pogueren parar atenció als afers interns.

=== Lituània democràtica ===
[[Image:Poland  The New Baltic States.jpg|thumb|225px|right|Lituània i Polònia després dels tractats de [[Tractat de Versalles|Versalles]] i [[Tractat de Brest-Litovsk|Brest-Litovsk]] i abans de la [[Pau de Riga]].]]
L'[[Assemblea Constituent de Lituània]] fou elegida l'abril i es reuní per primer cop el maig de 1920. El juny adoptava la tercera constitució provisional i 12 de juliol 1920 signava el [[Tractat de pau lituano-soviètic de 1920]]. Al tractat, la Unió Soviètica reconeixia Lituània plenament independent i les seves reclamacions sobre la disputada [[Regió de Vílnius]]. Dos dies més més tard 14 de juliol de 1920 l'exèrcit soviètic capturava Vílnius, per una segona vegada, a les forces poloneses; tanmateix només lliuraren la ciutat a les forces lituanes el 26 d'agost de 1920, després de la derrota de l'ofensiva soviètica contra Polònia. El tractat augmentà les [[guerra lituanopolonesa|hostilitats entre Polònia i Lituània]]. Per evitar conflictes posteriors, se signà l'[[Acord de Suwałki]] el 7 d'octubre de 1920; Vílnius quedava al costat lituà de la línia d'armistici.ref name=Snyder 63-64Timothy Snyder, ''The Reconstruction of Nations'', p. 63-64/ref Tanmateix, el tractat mai no entrà en vigor, perquè el general polonès [[Lucjan Żeligowski]], que actuava a les ordres de [[Józef Piłsudski]], [[Motí de Żeligowski|planejà una acció militar presentada com un motí]].ref name=Snyder 63-64/ Envaí Lituània el 8 d'octubre de 1920, capturà Vílnius el dia següent, i establí una efímera [[República de Lituània Central]] el 12 d'octubre de 1920.ref name=Snyder 63-64/ Durant 19 anys, mentre que la Regió de Vílnius romangué sota administració polonesa, [[Kaunas]] fou la [[Capital provisional de Lituània]]. La [[Societat de Nacions]] intentà fer de mitjancera en la disputa, i [[Paul Hymans]] proposà plans d'una unió lituano-polonesa. Tanmateix, les negociacions fracassaren perquè cap dels dos bàndols no acceptava l'acord. Lituània central celebrà un plebiscit i s'incorporà a Polònia el 24 de març de 1922. La disputa de Regió de Vílnius no es resolgué. Lituània trencà totes les relacions amb Polònia i refusà reconèixer, fins i tot ''de facto'', el seu control sobre Vílnius, la capital històrica de Lituània, habitada en aquell temps en gran part per parlants polonesos i poblacions jueves.ref name=Snyder 15Timothy Snyder, ''The Reconstruction of Nations'', p. 15/ref La disputa continuà dominant la política exterior lituana i condemnà les relacions amb Polònia durant to el [[període d'entreguerres]].

[[File:Rzeczpospolita Lithuania claims.png|thumb|left|275px|Disputes lituano-poloneses a principis del 1920: la [[República de Lituània Central]] (verd)]]

L'Assemblea Constituent, que fou interrompuda l'octubre de 1920 a causa d'amenaces de Polònia, es reuní altre copi i inicià moltes i necessàries reformes en el nou estat: obtingué el reconeixement internacional i l'ingrés a la Societat de Nacions, aprovà la llei de reforma agrària, presentà el [[litas]] com a moneda nacional, i adoptaà la constitució definitva l'agost de 1922. Lituània es convertiria en un estat democràtic, amb un [[Seimas]] (parlament) elegit per homes i dones per un termini de tres anys. El Seimas elegiria el president. El [[Primer Seimas]] fou elegit l'octubre de 1922, però no podria formar un govern donat que hi hagué un empat de vots (38-38) i es veié forçat a dimitir. El seu únic èxit perdurable fou la [[Revolta de Klaipėda]], el 10-15 gener de 1923. Lituània aprofità la [[Ocupació del Ruhr|Crisi del Ruhr]] i capturà la [[Regió de Klaipėda]], un territori separat de [[Prússia Oriental]] segons el [[Tractat de Versalles]], i posat sota administració francesa. La regió s'incorporà com a districte autònom de Lituània el maig de 1924. Per a Lituània era l'únic accés a la [[Mar Bàltica]] i un important centre industrial. La rebel·lió fou l'últim conflicte armat a Lituània abans de la [[Segona Guerra Mundial]]. El [[Segon Seimas]], elegit el maig de 1923, fou l'únic Seimas de la Lituània independent que funcionà durant tot el mandat previst inicialment. El Seimas continuà la reforma agrària, introduí sistemes de suport social i començà a pagar el deute exterior. Es feren diverses passes en el terreny de l'educació: s'expandí la xarxa d'escoles primàries i secundàries i s'establiren les primeres universitats nacionals a Kaunas. Es realitzà un [[cens de població]] el 1923.

=== Lituània autoritària ===
[[File:Antanas Smetona 2.jpg|thumb|[[Antanas Smetona]], el primer i últim president de Lituània independent durant l'[[període d'entreguerres|interbellum]]. El període de 1918-1939 sovint es coneix com El període d'Smetona.]]
El [[Tercer Seimas]] fou elegit el maig de 1926. Per primera vegada els [[Democristians Lituans]] (''krikdemai'') perderen la seva majoria i es convertiren en oposició. El Seimas fou durament criticat per signar el [[Pacte de no agressió lituano-soviètic]] i acusat de bolxevitzar Lituània. Com a resultat de les creixents tensions, el govern fou deposat durant el [[cop d'estat de 1926 a Lituània|cop d'estat del 1926]]. Al cop, organitzat pels militars, li donaren suport la [[Unió Nacional Lituana]] (''tautininkai'') i els Demòcrates Cristians Lituans. Instal·laren [[Antanas Smetona]] com a President i [[Augustinas Voldemaras]] com a primer ministre.ref name=vardys. {{cite encyclopedia | editor = Simas Sužiedėlis | encyclopedia = [[Encyclopedia Lituanica]] | title = Council of Lithuania | year = 1970–1978 | publisher = Juozas Kapočius | volume = I | location = Boston, Massachusetts | id = {{LCCN|74|114|275}} | pages = 581–585}} /ref Smetona suprimí l'oposició i romangué com a líder autoritari fins al juny de 1940.

El Seimas pensava que el cop era només una mesura provisional i que s'haurien de convocar noves eleccions per tonar Lituània a la democràcia. El cos legislatiu es dissolgué el maig de 1927. Després d'aquell any, membres dels Socialdemòcrates altres partits esquerrans, anomenats ''plečkaitininkai'' pel seu líder, intentaren organitzar una revolta contra Smetona però foren ràpidament sotmesos. Voldemaras esdevingué cada cop més independent d'Smetona i fou forçat a dimitir el 1929. Tres vegades el 1930 i un cop el 1934 intentà, sense èxit, retornar al poder. El maig de 1928 Smetona, sense el Seimas, anunciava la cinquena constitució provisional. Continuava afirmant que Lituània és un estat democràtic i augmentà a bastament els poders del President. El seu partit, la Unió Nacional Lituana, va créixer fermament fermament en mida i importància. Smetona adoptà el títol de tautos vadas (líder de la nació) i començà lentament a construir un culte a la personalitat. Moltes de les figures polítiques prominents es casaren amb la família d'Smetona ([[Juozas Tūbelis]], [[Stasys Raštikis]]).

Quan el [[Partit Nacional Socialista dels Treballadors Alemanys|Partit Nazi]] arribà a poder en la [[República de Weimar]], les relacions de Lituània d'Alemanya empitjoraren considerablement, donat que l'[[Tercer Reich|Alemanya Nazi]] no acceptava la pèrdua de la [[Regió de Klaipėda]]. Els nazis patrocinaren organitzacions antilituanes a la regió. El 1934, Lituània posà els activists a prova i condemnà aproximadament 100 persones, incloent-hi els seus líders Ernst Neumann i Theodor von Sass. Això impulsà Alemanya, un dels socis comercials principals de Lituània, a declarar l'[[embargament]] de productes lituans. Com a resposta, Lituània canvià les seves exportacions a la Gran Bretanya. Però amb això no n'hagué prou i els camperols en [[Suvalkija]] organitzaren vagues, que foren reprimides violentament. El prestigi de Smetona es deteriorà i el setembre de 1936 acceptava convocar les primeres eleccions a Seimas des del cop de 1926. Abans de les eleccions tots els partits polítics, excepte la Unió Nacional, foren eliminats. Així dels 49 membres del [[Quart Seimas]], 42 eren de la Unió Nacional. Funcionava com a junta consultiva per al President i el febrer de 1938 adoptava una nova constitució, que concedia fins i tot poders més grans al President.

[[File:Lithuania territory 1939-1940.svg|thumb|left|275px|Qüestions territorials lituanes, 1939-1940]]

Mentrestant, les tensions augmentaven a Europa. Després de l'[[Anschluss|Annexió d'Àustria]] per part de l'Alemanya nazi, [[Ultimàtum de Polònia a Lituània de 1938|Polònia presentava un ultimàtum a Lituània]] el març de 1938. Polònia demanava el restabliment de relacions diplomàtiques normals, trencades des del [[Motí de Żeligowski]] el 1920, i amenaçava amb accions militars en cas de negativa. Lituània, que tenia una força militar més feble i es mostrava incapaç d'aconseguir suport internacional per la seva causa, acceptà l'ultimàtum. Les relacions entre Polònia i Lituània es normalitzaren una mica i ambdues parts conclogueren tractats quant al transport per ferrocarril, intercanvi postal, i altres mitjans de comunicació. Només un any després de l'ultimàtum polonès i cinc dies després de l'[[Crisi dels Sudets|ocupació alemanya de Txecoslovàquia]], Lituània [[Ultimàtum alemany contra Lituània|rebia un ultimàtum oral]] de [[Joachim von Ribbentrop]] on se li demanava que cedís la 
Regió de Klaipėda a Alemanya. De nou Lituània es veié forçada a acceptar. Això provocà una crisi política a dins de Lituània, i forçà Smetona a formar un nou govern que, per primera vegada des del 1926, incloïa membres de l'oposició. La pèrdua de Klaipėda fou un cop essencial a economia lituana i el país canvià a l'esfera d'influència alemanya. Quan Alemanya i la [[Unió de Repúbliques Socialistes Soviètiques|Unió Soviètica]] signaren el [[Pacte Mólotov-Ribbentrop]] el 1939 i dividien Europa de l'Est en esferes d'influència, Lituània estigué, al principi, assignada a Alemanya.

== Segona Guerra Mundial (1939-1945) ==
=== Primera ocupació soviètica ===
{{Principal|Ocupació dels Estats Bàltics}}
[[Image:Bundesarchiv Bild 183-H27343, Dtsch.-Sowjet. Grenz- u. Freundschaftsvertrag.jpg|thumb|right|[[Ióssif Stalin]], [[Joachim von Ribbentrop]] i altres a la signatura del [[Tractat germano-soviètic d'amistat, cooperació i demarcació|Pacte d'amistat germano-soviètic]].]]
L'agost de 1939, l'[[Tercer Reich|Alemanya Nazi]] i la [[Unió de Repúbliques Socialistes Soviètiques|Unió Soviètica]] signaven el [[Pacte Mólotov-Ribbentrop]], amb clàusules secretes que assignaven [[esfera d'influència|esferes d'influència]] en l'àrea de la [[Mar Bàltica]]. Lituània, inicialment assignada a l'esfera alemanya d'influència, fou transferida als soviètics en protocols addicionals secrets del [[Tractat germano-soviètic d'amistat, cooperació i demarcació]] de 28 de setembre de 1939. La ciutat de Vílnius, vista pels lituans com la seva capital, però sota control polonès [[període d'entreguerres|abans de la guerra]], fou ocupada per l'Exèrcit Roig el 19 de setembre de 1939 durant la [[campanya de Polònia|Invasió de Polònia]]. Lituània va demanar a l'URSS que li retornés la ciutat. [[Ióssif Stalin]], aparentment no es plegà als cercles governamentals soviètics, inclinats a garantir Vílnius a la [[República Socialista Soviètica de Bielorússia]]ref name=Snyder 80-81Timothy Snyder, ''The Reconstruction of Nations'', p. 80-81/ref i el [[Pacte d'assistència mútua lituano-soviètic]] del 10 d'octubre de 1939 transferí part de la [[Regió de Vílnius]], abans en mans de Polònia, inclosa Vílnius, a control lituà, a canvi de l'estacionament de 20.000 soldats soviètics a Lituània.ref name=Snyder 82-83Timothy Snyder, ''The Reconstruction of Nations'', p. 82-83/ref Lituània establí la seva autoritat estatal a Vílnius i sota el lideratge del primer ministre [[Antanas Merkys]] procedí a lituanitzar la ciutat.ref name=Snyder 82-83/

Un cop s'acabà la [[Guerra d'Hivern]] a Finlàndia i Alemanya féu ràpids avenços [[Operació Weserübung|contra Dinamarca i Noruega]] i [[Batalla de França|contra França i els Països Baixos]], els soviètics intensificarven la seva pressió diplomàtica sobre Lituània, que culminà en l'[[Ultimàtum soviètic a Lituània de 1940 |ultimàtum soviètic a Lituània]] de juny de 1940. L'ultimàtum demanava la formació d'un nou govern prosoviètic nou i l'admissió d'un nombre sense especificar de tropes russes. Lituània acceptà l'ultimàtum atès que la resistència militar eficaç era impossible amb les tropes soviètiques ja dins del país segons el Pacte d'Assistència Mútua. El president [[Antanas Smetona]] abandonà Lituània quan les forces militars soviètiques (15 divisions amb 150.000 soldats) creuaven la frontera lituània el 15 de juny de 1940. La Unió Soviètica ocupà i s'annexionà Lituània d'acord amb el Pacte Molotov-Ribbentrop.ref name=Snyder 82-83/ref name=Snyder 72Timothy Snyder, ''The Reconstruction of Nations'', p. 72/ref

[[Image:194006 soviet occupation lithuania.png|thumb|left|250px|[[Exèrcit Roig|Tropes soviètiques]] marxant a Lituània (juny 1940)]]

[[Vladimir Dekanozov]], representant soviètic, formà un nou govern titella prosoviètic nou, conegut com a Govern Popular. [[Justas Paleckis]] reemplaçà Smetona com a President en funcions de Lituània. El nou govern era una pura façana, i rebia les ordres des de Moscou. El [[Quart Seimas]] es dissolgué i es va organitzar un simulacre d'eleccions a l'anomenat [[Seimas Popular]] els dies 14 i 15 de juliol de 1940. Només foren autoritzats a presentar-se els candidats comunistes, i els resultats electorals mostraren més d'un 90% de participació electoral i un 98% de suport als comunistes.ref name=Snyder 82-83/ Durant la seva primera sessió el 21 de juliol el Seimas Popular decidí unànimement convertir Lituània en la [[República Socialista Soviètica de Lituània]] i aprovà la petició per esdevenir part de la Unió Soviètica. La petició era aprovada pel [[Soviet Suprem|Soviètic Suprem de la Unió Soviètica]] el 3 d'agost, la qual cosa completava la formalització de l'ocupació.

Immediatament després l'ocupació, les autoritats soviètiques començaren ràpidament la sovietització de Lituània. Tota la terra fou [[estatització|nacionalitzada]]. Per aconseguir el suport al nou règim entre els camperols més pobres, les granges grans foren redistribuïdes entre els petits terratinents. Tanmateix, en la preparació per a la definitiva [[col·lectivització]], els impostos agrícoles augmentaren dramàticament en un intent d'arruïnar tots els pagesos. La nacionalització de bancs, empreses més grans, i béns immobles tingué com a conseqüència un seguit d'interrupcions en la producció i escassetats massives de béns. El [[Litas|litas lituà]] s'infravalorà artificialment i fou retirat a la primavera de 1941. El nivell de vida s'enfonsà. Totes les organitzacions religioses, culturals i polítiques foren prohibides, llevat del [[Partit Comunista de Lituània]] i la seva branca juvenil. S'estima que 12.000 [[enemic del poble|enemics del poble]] foren arrestats. Durant la [[Deportació de juny]], unes 17.000 persones (principalment antics oficials de l'exèrcit, policies, figures polítiques, [[intelligentsia]] i les seves famílies) foren deportats als [[Gulag]]s a Sibèria, on molts moriren a causa de les seves condicions inhumanes.

=== Ocupació nazi ===
{{Principal|Ocupació de Lituània per l'Alemanya nazi}}

==== Col·laboració i resistència ====
[[File:Bundesarchiv Bild 146-2000-009-04A, Litauen, Soldat mit jüdischen Männern.jpg|thumb|right|275px|[[Litvaks|Jueus lituans]] i un soldat alemany de la [[Wehrmacht]] a Lituània, juny del 1941]]
El 22 de juny de 1941, l'[[Tercer Reich|Alemanya Nazi]] [[Operació Barbarroja|envaïa la Unió Soviètica]]. Les forces alemanyes es mogueren ràpidament, i només trobaren resistència soviètica de manera esporàdica, Vílnius fou presa el 24 de juny de 1941, i en una setmana Alemanya controlava tota Lituània. Les forces soviètique en retirada massacraren els presos polítics lituans (vegeu [[Massacre de Rainiai]]). Els lituans generalment saludaven els alemanys com a llibertadors del règim soviètic opressiu i esperaven que Alemanya tornaria una mica d'autonomia a Lituània. El [[Front Activista Lituà]] organitzà la [[Revolta de juny a Lituània|revolta antisoviètica de juny]], declarà la independència, i formà el [[Govern Provisional de Lituània]] amb [[Juozas Ambrazevičius]] com a primer ministre. El Govern Provisional no fou dissolt per la força, però, desposseït de qualsevol poder real, renuncià el 7 d'agost de 1941. Els alemanys establien l'administració civil, coneguda com a [[Reichskommissariat Ostland]]. Els alemanys no tenien prou mà d'obra per proveir de personal administració local; per això, la majoria de les oficines locals foren encapçalades pels lituans. Les decisions de política serien preses per alemanys d'altra graduació i de fet serien implementades per lituans de baixa graduació. En general, l'autogovern local es desenvolupà força a Lituània i ajudà a sabotejar o obstaculitzar unes quantes iniciatives alemanyes, incloent-hi alçar una unitat de les [[Waffen-SS]] o proporcionar homes per al [[Treball forçat sota el domini alemany durant la Segona Guerra Mundial|treball forçat a Alemanya]].

[[Fitxer:KairysStep.jpg|left|150px|thumb|[[Steponas Kairys]] fou el primer president del [[Comitè Suprem per a l'Alliberament de Lituània]]]]

Hi hagué una substancial cooperació i col·laboració entre les forces alemanyes i alguns lituans. El [[Front Activista Lituà]] oferí una força de policia, coneguda com a [[Tautinio Darbo Apsaugos Batalionas]] (TDA), amb l'esperança de transformar-la més endavant en exèrcit regular d'una Lituània independent. En canvi aquestes unitats foren emprades pels alemanys com a auxiliars en massacres dels jueus durant l'[[Holocaust]]. Una altra infame unitat fou la [[Policia de Seguretat Lituana]] (Saugumo policija) que operava a Vílnius. Es formaren un cert nombre d'altres batallons de policia; les forces auxiliars s'empraven a vegades a fora de Lituània i foren encarregades d'assegurar les comunicacions, custòdia de presoners, repartiment de subministraments, etc. Les dures polítiques alemanyes d'instal·lació d'alemanys ètnics a Lituània, recollida de moltes provisions de guerra, reclutament de persones per a treballs forçats, reclutament de persones per a l'exèrcit alemany, etc., produïren un gran moviment de resistència. L'organització de resistència més notable, el [[Comitè suprem per a l'alliberament de Lituània]], es formà el 1943. Malgrat la pressió alemanya, no es va establir cap divisió de les [[Waffen-SS]] a Lituània. Finalment, el general lituà [[Povilas Plechavičius]] acceptà de formar la [[Força de defensa territorial lituana]]), que havia d'operar només al territori lituà i ésser manada per oficials lituans. Quan els alemanys no complien l'acord i intentaven subordinar la força a l'exèrcit alemany, Plechavičius la dissolgué el maig de 1944.

Els lituans també organitzaren una resistència armada, que fou dirigida per [[partisans Soviètics]], els quals operaven a Lituània oriental, i principalment estaven formats per una minoria de russos, bielorussos i jueus. Aquest grup lluitava per la reincorporació de Lituània a la Unió Soviètica. Els partisans soviètics cometeren un cert nombre d'atrocitats (per exemple, la [[Massacre de Kaniūkai]]) i saquejaren ciutats i pobles.ref name = Genocid{{lt}} [http://www.genocid.lt/Leidyba/1/audrone.htm Audronė Janavičienė. Sovietiniai diversantai Lietuvoje (1941–1944)] a Genocid.lt/ref Els vilatans es veieren forçats a organitzar grups d'autodefensa local. L'[[Armia Krajowa]] polonesa (AK) també operava a Lituània oriental, tot esperant que la Polònia de posguerra continués amb el control de la [[Regió de Vílnius]]. L'AK no només lluitava contra els nazis, sinó també la policia lituana pronazi, [[Força de defensa territorial lituana]], i els partisans soviètics. Les relacions entre els destacaments de les diferents guerrilles no foren mai cordials i empitjoraren mentre la guerra continuava.

==== L'Holocaust ====
[[Image:Bundesarchiv Bild 183-L19427, Litauen, brennende Synagoge.jpg|right|thumb|Soldats alemanys i gent del poble contemplen com es crema una sinagoga lituana]]
Abans de l'[[Holocaust]], Lituània era llar d'aproximadament 210.000ref name=MacQueen_context{{cite journal| first=Michael |last=MacQueen |title=The Context of Mass Destruction: Agents and Prerequisites of the Holocaust in Lithuania |journal=Holocaust and Genocide Studies |issue=1 |volume=12 |pages=27–48 |year=1998 |url=http://hgs.oxfordjournals.org/cgi/content/abstract/12/1/27| doi=10.1093/hgs/12.1.27}}/ref o 250.000ref{{cite encyclopedia|url=http://books.google.com/books?id=nPbr0XzlTzcCpg=PA260lr=num=100as_brr=0as_pt=ALLTYPESclient=firefox-a#PPA52,M1| encyclopedia=The Holocaust Encyclopedia |title=Baltic Countries |pages=51–52 | first=Judith Tydor |last=Baumel |publisher=Yale University Press |year=2001 |isbn=0-300-08432-3}}/ref jueus. Segons una estimació, els nazis i els seus col·laboradors lituans assassinaren al voltant de 190.000 [[Litvaks|jueus lituans]] (un 91% de la comunitat jueva d'abans de la guerra) durant l'Holocaust.ref[http://www.travel-earth.com/lithuania/ Lithuania: Back to the Future]. Consultat l'11 de febrer del 2009./ref L'Holocaust a Lituània pot ser dividit a tres etapes: execucions massives (juny - desembre de 1941), període del [[gueto]] (1942 - març de 1943), i liquidació final (abril de 1943 - juliol de 1944). A diferència d'altres països
ocupats pels nazis, on l'Holocaust fou introduït de manera gradual, l'[[Einsatzkommando|Einsatzgruppe A]] començà les execucions a Lituània els primers dies de la guerra. Les execucions foren fetes per tres grups principals: a Kaunas ([[Fort novè]]), a Vílnius ([[Massacre de Paneriai]]), i al camp ([[Rollkommando Hamann]]). Un 80% aproximadament dels jueus lituans foren assassinats abans del 1942.ref name=Porat161. {{cite encyclopedia|url=http://books.google.com/books?id=nPbr0XzlTzcCpg=PA260lr=num=100as_brr=0as_pt=ALLTYPESclient=firefox-a#PPA52,M1| encyclopedia=The Holocaust Encyclopedia |title=Baltic Countries |pages=51–52 | first=Judith Tydor |last=Baumel |publisher=Yale University Press |year=2001 |isbn=0-300-08432-3}} /ref Els 43.000 jueus supervivents foren concentrats als guetos de [[Gueto de Vílnius|Vílnius]], [[Gueto de Kaunas|Kaunas]], [[Gueto de Šiauliai|Šiauliai]] i, [[Švenčionys]] i forçats a treballar en benefici de la indústria militar alemanya. El 21 de juny, de 1943, [[Heinrich Himmler]] emeté una ordre per liquidar tots els guetos i transferir els jueus que hi quedaven a [[camp de concentració|camps de concentració]]. El Gueto de Vílnius fou liquidat, mentre Kaunas i Šiauliai es convertiren en camps de concentració i existiren fins al juliol de 1944.ref name=van216{{ref-llibre|nom = Dina |cognom = Porat |capítol = The Holocaust in Lithuania: Some Unique Aspects |editor = David Cesarani |títol = The Final Solution: Origins and Implementation |editorial = Routledge |any = 2002 |isbn = 0-415-15232-1 |url = http://books.google.com/books?id=3N9Xxc8wdu0Cpg=PA161source=gbs_search_ssig=Q51GxOA40aEQ_rhazg2g7VJpPWE |pàgines = 161}} /ref la resta de jueus foren enviats a camps de concentració com [[Stutthof]], [[Camp de concentració de Dachau|Dachau]] i [[Auschwitz]]. Només un nombre aproximat d'entre 2.000-3.000 jueus lituans foren alliberats d'aquests camps.ref name=van216/ Molts altres sobrevisqueren sobrevivia retirant-se a l'interior de Rússia abans que la guerra esclatés o evitant els guetos i reunint-se amb els [[partisans jueus]]. L'índex de genocidi de jueus a Lituània, fins a un 95-97%, fou un dels més alts a Europa. La causa principal d'això, amb poques i notables excepcions, fou l'estesa cooperació lituana amb les autoritats alemanyes. Es considerava àmpliament que els jueus eren responsables del règim soviètic previ (vegeu [[bolxevisme jueu]]) i estaven ressentits per la benvinguda a les tropes soviètiques.ref{{cite journal |url=http://www.lituanus.org/2001/01_4_05.htm |title=Reflections on the Holocaust in Lithuania: A New Book by Alfonsas Eidintas |first=Alfred E. |last=Senn |journal=Lituanus | issue=47 |volume=4 |date=Winter 2001 |issn=0024-5089}}/ref Hi hagué també resistència a l'ocupació alemanya, i alguns lituans arriscaren a les seves pròpies vides per salvar jueus; 723 lituans són reconeguts com a [[Justos entre les Nacions]] pels seus esforços.

=== Retorn de l'autoritat soviètica ===
[[Image:Flag of Lithuanian SSR.svg|thumb|right|175px|Bandera de la [[República Socialista Soviètica de Lituània]]]]
A l'estiu de 1944, l'Exèrcit Roig soviètic arribava a Lituània oriental. Abans de juliol de 1944, l'àrea al voltant de Vílnius estava sota el control dels lluitadors de la resistència polonesa englobats en l'[[Armia Krajowa]], que també intentaren la presa de la ciutat, en mans dels alemanys, durant la fallida [[Operació Ostra Brama]].ref name=Snyder 88Timothy Snyder, ''The Reconstruction of Nations'', p. 88/ref L'Exèrcit Roig capturà Vílnius amb ajuda polonesa el 13 de juliol.ref name=Snyder 88/ L'URSS reocupà Lituània i [[Ióssif Stalin]] restablí la [[República Socialista Soviètica de Lituània]] el 1944 amb la seva capital a Vílnius.ref name=Snyder 88/ Els soviètics s'asseguraren l'acord passiu dels [[Estats Units d'Amèrica|Estats Units]] i [[Regne Unit|Gran Bretanya]] (vegeu [[Conferència de Ialta]] i [[Acord de Postdam]]). Abans del gener de 1945, els soviètics capturaven [[Klaipėda]], a la costa de bàltic. Es calcula que Lituània perdé 780.000 persones durant la Segona Guerra Mundial.ref{{cite web|url=http://www.state.gov/r/pa/ei/bgn/5379.htm |title=US Department of State Bureau of Public Affairs, agost del 2006|publisher=State.gov |date= |accessdate=25 d'abril del 2010}}/ref

== Lituània soviètica (1944-1990) ==
=== Estalinisme i domini soviètic (1944-1988) ===
Les campanyes de [[Transferències de població a la Unió Soviètica|deportacions massives]] de 1941-1952, la [[Deportació de juny]] segons les [[Instruccions de Serov]] i la [[Deportació de març]] coneguda com a Operació Priboi, envià mileres de famílies a [[Assentaments forçats a la Unió Soviètica|assentaments forçats]] a [[Sibèria]] i a d'altres parts remotes de la [[Unió de Repúbliques Socialistes Soviètiques|Unió Soviètica]]. Unes 130.000 persones foren deportades de Lituània durant aquest període,ref{{ref-llibre |cognom=Borejsza |nom=Jerzy Wojciech |cognom2=Ziemer |nom2=Klaus |cognom3=Hułas |nom3=Magdalena |títol=Totalitarian and Authoritarian Regimes in Europe: Legacies And Lessons from the Twentieth Century |url=http://books.google.es/books?id=olpKYhgrS48Cpg=PA309dq=120000+lithuanians+deportedhl=casa=Xei=PuntUJvuEoLU0QWY-IC4Cgved=0CEgQ6AEwBDgK#v=onepageq=120000%20lithuanians%20deportedf=false |editorial=Berghahn Books |data=2006 |pàgines=p.309 |isbn=1571816410}}/ref mentre els investigadors eleven el nombre de presos polítics i deportats a 300.000. En resposta a aquests esdeveniments, aproximadament 100,000 de [[Partisans lituans|lluitadors de la resistència organitzada local]] participaren en la fallida guerra de guerrilles contra el règim soviètic de 1944 a 1952. Aproximadament 30.000 partisans i els seus seguidors foren morts i molts més foren arrestats i deportats als [[gulag]]s de Sibèria. L'últim partisà fou mort en combat el 1965. Les autoritats soviètiques fomentaren immigració de treballadors no lituans, especialment russos, com a manera d'integrar Lituània a la Unió Soviètica i per fomentar el desenvolupament industrial. Aquest període és recordat en un memorial al [[Parc de Grūtas]].

=== Renaixement (1988-1990) ===
{{Vegeu també|Germans del Bosc|Revolució Cantant}}

Fins a mitjans de 1988, tota la vida política, econòmica, i cultural estava controlada pel [[Partit Comunista de Lituània]] (PCL). Els lituans així com la gent de les altres [[Estats bàltics|Repúbliques del Bàltic]] desconfiaven del règim Soviètic fins i tot més que els habitants d'altres regions de l'estat soviètic, i donaven el seu propi suport específic i actiu al programa endegat per [[Mikhaïl Gorbatxov]] de reformes socials i polítiques conegudes com a [[perestroika]] i [[glàsnost]]. Sota la direcció d'intel·lectuals, el moviment de reforma lituà [[Sąjūdis|Lietuvos persitvarkymo sąjūdis]] (el Moviment de Reforma de Lituània) es formà a mitjan 1988 i es declarà un programa de drets democràtics i nacionals, que guanyà popularitat a escala nacional. Inspirat pel Sąjūdis, el Soviet Suprem lituà aprovà esmenes constitucionals sobre la supremacia del dret lituà sobre la legislació soviètica, anul·là les decisions de 1940 que proclamaven Lituània com una part de l'URSS, legalitzà un sistema multipartidista, i adoptà un conjunt d'altres decisions importants, incloent-hi el retorn dels símbols estatals nacionals - la [[bandera de Lituània|bandera]] i l'[[Tautiška giesmė|himne]]. Un bon nombre de membres del PCL també donaren suport a les idees del Sąjūdis, i amb el suport del Sąjūdis, [[Algirdas Brazauskas]] fou elegit Primer Secretari del Comitè Central del PCL el 1988. el 23 d'agost de 1989, 50 anys després del [[Pacte Mólotov-Ribbentrop]], per cridar l'atenció del món sobre el destí de les nacions de bàltic, letons, els lituans i els estonians uniren les seves mans en una cadena humana que s'estenia 600 quilòmetres, de [[Tallinn]], a [[Riga]], a Vílnius. La cadena humana s'anomenà [[Via Bàltica]]. El desembre de 1989, el PCL dirigit per Brazauskas declarava la seva independència del [[Partit Comunista de la Unió Soviètica]] i es convertia en un partit separat. El 1990 es rebatejà com a [[Partit Democràtic Laborista de Lituània]].

== Lituània moderna i independent (1990 - present) ==
=== Lluita per la independència (1990-1991) ===
[[File:Lithuania, March 11 parade.jpg|thumb|right|300px|Desfilada militar en el marc dels [[Acta de restabliment de l'estat lituà|esdeveniments de l'11 de març]]]]
A principis del 1990, els candidats als quals donava suport el Sąjūdis guanyaren les [[Eleccions legislatives lituanes de 1990|eleccions al Soviet Suprem de Lituània]].ref{{cite web | url=http://www3.lrs.lt/pls/inter/w5_show?p_r=281p_d=3248p_k=2 |title=Supreme Council (Reconstituent Seimas) 1990-1992 |date=1999-12-07 | publisher=Seimas |accessdate=23-08-2008}}/ref L'11 de març, de 1990, el Soviet Suprem proclamava el [[Acta de restabliment de l'Estat lituà|Restabliment de la Independència de Lituània]]. Les repúbliques bàltiques eren en el primer pla de la lluita per independència i Lituània fou la primera de les repúbliques soviètiques a declararla seva independència. [[Vytautas Landsbergis]] es convertí en cap de l'estat i [[Kazimira Prunskienė]] dirigí el Gabinet de Ministres. El 15 de març, la Unió Soviètica demanà revocació de la independència i començà a emprar sancions polítiques i econòmiques contra Lituània. Els militars soviètics foren utitilitzats per assetjar uns quants edificis públics, però la violència es contingué en gran part fins al gener de 1991. Durant els [[esdeveniments de gener]], les autoritats soviètiques intentaven enderrocar el govern elegit patrocinant l'anomenat Comitè de Salvació Nacional. Els soviètics, a la força, es feren càrrec de la [[Torre de televisió de Vílnius]], mataren 14 civils desarmats i en feriren 700.ref name=bbc-onthisday{{cite news|title=On This Day 13 January 1991: Bloodshed at Lithuanian TV station|publisher=[[BBC News]]|url=http://news.bbc.co.uk/onthisday/hi/dates/stories/january/13/newsid_4059000/4059959.stm|accessdate=13-09-2011|date=13 de gener del 1991}}/ref Moscou fracassà en el seu intent d'esclafar el moviment independentista i el govern lituà continuà treballant.

Durant el referèndum nacional del 9 de febrer de 1991, més d'un 90% dels que participaren en la votació (Un 76% de tots els votants elegibles) votaren a favor d'un Lituània independent i democràtica. Durant el [[cop d'Estat a la Unió Soviètica|Cop d'agost]] a Moscou, les tropes soviètiques prengueren el control d'algunes comunicacions i altres instal·lacions governamentals a Vílnius i altres ciutats, però retornaven a les seves casernes quan el cop fracassà. El govern lituà prohibí el Partit Comunista i n'ordenà la confiscació de les seves propietats. Després del fracassat cop, Lituània rebé un ampli reconeixement internacional i fou admesa a l'[[Organització de les Nacions Unides]].

=== República Contemporània de Lituània (1991 present) ===
[[File:Flag of Lithuania.svg|thumb|right|200px|[[Bandera de Lituània]]]]
Com en molts altres antigues repúbliques soviètiques, la popularitat del moviment de la independència ([[Sąjūdis]] en el cas de Lituània) anà disminuint a causa de l'empitjorament de la situació econòmica (augment de la desocupació, inflació, etc.). El [[Partit Comunista de Lituània]] fou rebatejat com a [[Partit Democràtic Laborista de Lituània]] (PDLL) i concorregué contra el Sąjūdis en les [[Eleccions legislatives lituanes de 1992|eleccions parlamentàries de 1992]], on aconseguí una majoria dels escons. El PDLL continuà construint l'estat democràtic independent i la transició d'una [[economia planificada]] a una [[economia de mercat|economia de mercat lliure]]. En les [[Eleccions legislatives lituanes de 1996|eleccions parlamentàries de 1996]], els votants feren un tomb envers la dretana [[Unió Patriòtica - Democristians Lituans]], dirigida per l'anterior líder del Sąjūdis [[Vytautas Landsbergis]].

Com a part de la transició a una economia de mercat lliure, Lituània organitzà una campanya de [[privatització]] de venda de béns immobles residencial propietat del govern i empreses mercantils. El govern emeté [[vals d'inversió]] per ser utilitzats en la privatització en comptes de moneda real. La gent cooperava en grups per recollir quantitats més grans de vals per a les subhastes i la campanya de privatització. Lituània, a diferència de Rússia, no creà un grup petit de persones molt riques i poderoses. La privatització començà amb organitzacions petites, i les empreses grans (com la de telecomunicacions o línies aèries) foren venudes uns quants anys més tard, amb la moneda forta, en una intent d'atreure inversors estrangers. El sistema monetari de Lituània estava basat en el [[lita]], la moneda utilitzada durant el període d'entreguerres. A causa d'una alta inflació i altres retards, s'introduí una moneda provisional, el [[talonas]] (comunament anomenat ''Vagnorkė'' o ''Vagnorėlis'' pel primer ministre [[Gediminas Vagnorius]]). Finalment, el litas era emès el juny de 1993 i es decidí [[tipus de canvi fix|fixar el seu canvi]] al [[dòlar dels Estats Units]] el 1994 i a l'[[euro]] el 2002.

[[File:Vilnius city.jpg|thumb|left|265px|[[Vílnius]], la capital de Lituània]]

Malgrat la consecució d'una completa independència de Lituània, encara hi havia un gran nombre de forces russes estacionades al seu territori. La retirada d'aquelles forces fou una de les primeres prioritats de la política exterior de Lituània. La retirada de les tropes russes es completà abans de 31 d'agost de 1993. Els primers militars del país renascut foren les [[Forces voluntàries de defensa naciona de Lituània]], que prestaren un jurament al Consell Suprem de Lituània poc després de la declaració d'independència. Els [[Forces armades de Lituània|militars lituans]] es construïren de manera estàndard amb un exèrcit de terra, armada i exèrcit de l'aire. Les organitzacions paramilitars del període d'entreguerres, com ara la [[Unió de fusellers de Lituània]], els [[Joves fusellers]] i els [[Lietuvos Skautija]] foren restablerts. A la recerca de lligams més estrets amb Occident, Lituània sol·licità l'ingrés a l'[[Organització del Tractat de l'Atlàntic Nord]] (OTAN) el 1994. El país hagué de realitzar una difícil transició des d'una economia planificada fins a una de mercat lliure, per satisfer els requisits d'ingrés a la [[Unió Europea]] (UE). 

L'octubre de 2002, Lituània fou convidada a unir-se a la Unió Europea i un mes per més tard s'uní a l'Organització del Tractat de l'Atlàntic Nord; esdevingué membre d'ambdues organitzacions el 2004. El gran nombre de lituans que des d'aleshores han marxat del país a la recerca de millors oportunitats econòmiques a un altre país de la UE, ha creat un significatiu problema demogràfic en un país tan petit.

== Vegeu també ==
* [[Dissolució de la Unió Soviètica]]
* [[Història de Bielorússia]]
* [[Història d'Estònia]]
* [[Història d'Europa]]
* [[Història de la Unió Europea]]
* [[Història d'Alemanya]]
* [[Història de Letònia]]
* [[Història de Rússia]]
* [[Història de Polònia]]
* [[President de Lituània]]
* [[Primer ministre de Lituània]]

== Notes ==
''a.''{{Note label|a|a|none}}Aquesta petita fracció dels catòlics en la dècada del segle 17 Gran Ducat està donada per [[Kasper Cichocki]] (1545-1616), un capellà catòlic proper a [[Sandomierz]], que va escriure sobre el tema de l'extensió de les heretgies en la Confederació. Segons Wacław Urban, el calvinisme i l'ortodòxia oriental eren predominants, i anaven seguits pel catolicisme i el [[Germans Polonesos]]. El [[luteranisme]] era numèricament la menys significativa de les denominacions cristianes a Lituània.ref name=Urban 30/

''b.''{{Note label|b|b|none}} Les arrels familiars de Piłsudski a la [[polonització|polonitzada]] noblesa del [[Gran Ducat de Lituània]] i el punt de vista resultant (veure's a si mateix i a la gent com ell com els lituans legítims) el va posar en conflicte amb el [[Renaixement nacional lituà|moderns nacionalistes lituans]] (que en vida de Piłsudski redefiniren l'abast de la connotació lituà ), per extensió, amb altres nacionalistes, i també amb el [[Endecja|moviment nacionalista polonès modern]].ref name=Snyder 40-41, 64-65, 68-69Timothy Snyder, ''The Reconstruction of Nations'', p. 40-41, 64-65, 68-69/ref

''c.''{{Note label|c|c|none}}Vílnius va ser reclamada pels polonesos, bielorussos i comunistes lituans abans de ser concedida per [[Ióssif Stalin]] a la [[República Socialista Soviètica de Lituània|RSS de Lituània]].ref name=Snyder 88, 93Timothy Snyder, ''The Reconstruction of Nations'', p. 88, 93/ref

''d.''{{Note label|d|d|none}}Els jueus de Vílnius van ser exterminats pels nazis en 1941-1944 i els polonesos de Vílnius van ser deportats sota el domini soviètic en 1944-1946, la qual cosa va deixar la ciutat oberta a l'assentament de lituans, o possiblement russos.ref name=Snyder 72/

== Referències ==
{{Referències|3}}

{{Note label|b|b|none}}

== Enllaços externs ==
{{Commons category|History of Lithuania}}
{{Referències|2}}
*[http://www.istorija.net/ Pàgines i fòrums sobre la història de Lituània]
*[http://www.truelithuania.com/topics/history-and-politics-of-lithuania/history-of-lithuania Completa història de Lituània] - Pàgina web ''True Lithuania''

{{Portal|Història}}


{{ORDENA:Historia De Lituania}}	!--ORDENA generat per bot--
{{Enllaç AB|lt}}

[[Categoria:Història de Lituània]]</text>
      <sha1>ipzilkhktic9gg8bs4v9sy7ete3spdh</sha1>
      <model>wikitext</model>
      <format>text/x-wiki</format>
    </revision>
  </page>