<page>
    <title>Nikolaj Velimirović</title>
    <ns>0</ns>
    <id>1018963</id>
    <revision>
      <id>13851629</id>
      <parentid>13088609</parentid>
      <timestamp>2014-07-17T02:16:12Z</timestamp>
      <contributor>
        <username>PereBot</username>
        <id>118448</id>
      </contributor>
      <minor></minor>
      <comment>Robot inserta {{Autoritat}}</comment>
      <text>{{Sant 
|nom= Sant Nikolaj Velimirović
|nom secular=Николај Велимировић (''Nikolaj Velimirovitx'', en serbocroat: Николај Велимировић)
|imatge=Nikolaj-Velimirović.jpg
|imagesize=280px
|peufoto=Fotografia del bisbe
|fets destacables=Bisbe d'Ohrid i Žiča
|títols  = [[Bisbe]]
| data de naixement    =  {{Data naixement|1881|1|4}}  (23 de desembre de 1880 en [[calendari julià]])
| lloc de naixement    = [[Lelić]], [[Valjevo]], [[Sèrbia]], [[Imperi Austrohongarès]]
| data de mort         =  {{Data defunció i edat|1956|3|18|1881|1|4}}  (5 de març en calendari julià)
|lloc de mort  = [[South Canaan]], [[Pennsilvània]], Estats Units 
|enterrat a  = [[Lelić]] (Sèrbia) fins a 1991, [[Libertyville]], Illinois
|festivitat  = [[18 de març]] (5 de març en calendari julià)
|venerat en  = [[Església ortodoxa]]
|iconografia=Com a bisbe
|orde=
|lloc de pelegrinatge=
|data de beatificació=
|lloc de beatificació=
|beatificat per=
|data de canonització  = [[24 de maig]] de [[2003]]
|lloc de canonització=
|canonitzat per  = [[Església Ortodoxa Sèrbia]]
|patronatge=
}}
'''Nikolaj Velimirović''' o '''Nicolau d'Ohrid i Žiča''' ([[Lelić]], [[Valjevo]], [[Sèrbia]], [[4 de gener]] de 1881 (23 de desembre de 1880 en [[calendari julià]]) - South Canaan, [[Pennsylvania]], EUA, 18 de març de 1956 (5 de març)) fou un bisbe ortodox d'[[Ohrid]] i de [[Žiča]], teòleg i orador, conegut com a '''El nou Crisòstom'''.ref[http://orthodoxinfo.com/general/stnikolai.aspx Life of St. Nikolai Velimirovich, The New Chrysostom, Bishop of Ochrid and Zhicha]/ref És venerat com a sant per l'Església Ortodoxa. Velimirović promogué la unitat de les esglésies ortodoxes i la relació d'aquestes amb altres, en particular les anglicanes i l'[[Església Episcopal dels Estats Units]].

Entrà en la vida religiosa com a vot per haver-se guarit d'una greu [[disenteria]] i es féu monjo, prenent el nom de '''Nikolaj'''. Fou ordenat clergue i aviat destacà dintre de l'[[Església Ortodoxa Sèrbia]], de la que fou portaveu en assumptes vinculats amb les relacions amb estats occidentals. Durant l'ocupació [[nazi]] de [[Iugoslàvia]] en la [[Segona Guerra Mundial]], Nikolaj Velimirović fou empresonat i portat al camp de concentració de [[Dachau]] (Alemanya). Alliberat pels al·liats en acabar la guerra, no tornà a la llavors ja creada [[República Socialista Federal de Iugoslàvia]] pel seu règim comunista i anticlerical. Després d'un temps a diversos llocs d'Europa, marxà als Estats Units en 1946, on restà fins que morí en 1956.

==Notes==
references/

==Bibliografia==
* [http://orthodoxinfo.com/general/stnikolai.aspx Orthodox Christian Information Center: Life of St. Nikolai Velimirovich The New Chrysostom, Bishop of Ochrid and Zhicha]
* [http://www.roca.org/OA/158/158f.htm Orthodox America: Bishop Nikolai Velimirovich Serbia's New Chrysostom]
* [http://www.westsrbdio.org/prolog/prolog.htm Prologue from Ochrid]
* [http://www.sv-luka.org/praylake/index.htm Prayers by the Lake]
* [http://orthodoxwiki.org/Nikolai_Velimirovic Saint Nikolai Biography and Troparions]
* [http://www.youtube.com/user/Ortodox4Life#grid/user/FA792196BE705DAA A Documentary on Saint Nikolaj Velimirovic (on Serbian, with Romanian subtitles)]
* [http://www.tau.ac.il/Anti-Semitism/asw2005/serbia.htm Tel Aviv University on Serbian antisemitism]
* [http://oro.open.ac.uk/6993/ Open University]
* [http://www.orthodoxphotos.com/Holy_Fathers/St._Nikolai_Velimirovich/index.shtml#_ftn3 The New Chrysostom, Bishop of Ochrid and Zhicha]
* Byford, J.T. (2004). Canonisation of Bishop Nikolaj Velimirović and the legitimisation of religious anti-Semitism in contemporary Serbian society. [http://www.rferl.org/reports/eepreport/2004/02/4-180204.asp East European Perspectives, 6 (3)]
*Byford, J.T. (2004). [http://sicsa.huji.ac.il/22byford.pdf ''From ‘Traitor’ to ‘Saint’ in Public Memory: The Case of Serbian Bishop Nikolaj Velimirović'']. Analysis of Current Trends in Antisemitism series (ACTA), No.22.
*Byford, J.T. [http://docs.google.com/Doc?id=dc2m8p62_205g4pr48c8 Canonizing the 'Prophet' of antisemitism: the apotheosis of bishop Nikolaj Velimirović and the legitimation of religious anti-semitism in contemporary Serbian society], RFE/RL Report, 18 February 2004, Volume 6, Number 4
*[http://www.svetosavlje.org/biblioteka/vlNikolaj/Vladika_Nikolaj.htm Изабрана дела светог Николаја Велимировића] (Selected Works of St. Nikolaj Velimirović)
{{Autoritat}}

{{ORDENA:Velimirovic, Nikolaj}}
[[Categoria:Bisbes]]
[[Categoria:Sants de l'Església Ortodoxa]]
[[Categoria:Sants serbis]]</text>
      <sha1>5s4c1tud435qjsqmcersqxdywjod5c8</sha1>
      <model>wikitext</model>
      <format>text/x-wiki</format>
    </revision>
  </page>