<page>
    <title>Programa espacial britànic</title>
    <ns>0</ns>
    <id>1018292</id>
    <revision>
      <id>13206547</id>
      <parentid>13048468</parentid>
      <timestamp>2014-04-10T03:21:22Z</timestamp>
      <contributor>
        <username>Langtoolbot</username>
        <id>128552</id>
      </contributor>
      <minor></minor>
      <comment>Corregit: com [[Assumpte  com a [[Assumpte</comment>
      <text>El '''Programa espacial britànic''' és un pla del [[govern del Regne Unit]] per desenvolupar les capacitats [[Espai exterior|espacials]] [[Regne Unit|britàniques]]. L'objectiu del programa civil actual és guanyar un creixement econòmic sostenible, assegurar els nous coneixements científics i proporcionar beneficis per a tots els ciutadans.ref name=BIS Què fem?{{ref-web |url=http://www.bis.gov.uk/ukspaceagency/what-we-do| títol = What we do| editor = BIS| consulta = 27 d'abril de 2012}}/ref

El Programa espacial britànic sempre s'ha centrat en la investigació espacial no tripulada i en les iniciatives comercials. Els objectius de la política governamental mai han estat la creació d'un cos d'[[astronautes]] britànicsref name=BNSC-human{{ref-web | títol = UK vision to stay at the forefront of space sector published |url=http://www.bnsc.gov.uk/7203.aspx| consulta = 29 de maig de 2009}}/ref ni l'arribada d'un britànic a la Lluna.ref{{ref-notícia | títol = UK carves out its place in space, but hopes for Britons on moon dashed |url=http://www.guardian.co.uk/science/2008/feb/14/spaceexploration.spacetechnology| consulta = 29 de maig de 2009 |work=The Guardian| lloc = London| nom = Ian| cognom = Sample| data = 14 de febrer de 2008}}/ref El govern britànic tampoc no aporta fons per a l'[[Estació Espacial Internacional]].ref{{ref-publicació |doi=10.1016/S0265-9646(01)00039-X| publicació = Space Policy| volum = 17| exemplar = 4| mes = novembre| any = 2001| pàgines = 249–255| nom = Duncan| cognom = Lunan| títol = Promoting UK involvement in the ISS: a space station lifeboat?}}/ref Recentment hi ha hagut indicis sobre un canvi de la posició del govern britànic sobre l'exploració espacial tripulada. També ha començat a donar suport a un concepte d'avió espacial anomenat Skylon SSTO.

El primer programa espacial britànic oficial va començar l'any [[1959]] amb els satèl·lits britànics [[Ariel (satèl·lit)|Ariel]], construïts als [[Estats Units]] i al Regne Unit i es va iniciar l'ús de coets americans. El primer satèl·lit britànic va ser llançat l'any [[1962]] amb el nom d'[[Ariel 1]].

Durant els anys [[1960s|1960]] i [[1970s|1970]] es van fer molts esforços per desenvolupar la capacitat de llançament dels satèl·lits britànics. Un coet britànic anomenat [[Black Arrow]] va aconseguir col·locar el satèl·lit britànic [[Prospero (satèl·lit)|Prospero]], en òrbita des d'un lloc de llançament a [[Austràlia]]. Prospero és l'únic satèl·lit britànic posat en òrbita amb un vehicle britànic.

El [[British Nacional Space Centre]] (Centre Nacional Britànic de l'Espai) va ser creat el [[1985]] per coordinar les agències del govern britànic i altres organismes interessats en la promoció de la participació britànica en el mercat internacional de llançaments de satèl·lits, construcció de satèl·lits i altres projectes espacials.

L'any [[2011]] moltes fonts independents de finançament relacionades amb l'espai van combinar-se i es va substituir el Centre per l'[[Agència Espacial del Regne Unit]].

== Origen del programa espacial ==

L'interès científic pels viatges espacials existia al Regne Unit abans de la [[Segona Guerra Mundial]], especialment entre els integrants de la [[Societat Interplanetària Britànica]] (fundada el [[1933]]). Un dels membres més destacats d'aquesta societat fou [[Arthur C. Clarke|Sir Arthur C. Clarke]], autor del [[satèl·lit de telecomunicacions]] geoestacionari, que es va unir al [[Departament de Negocis, Innovació i Habilitats del Regne Unit|BIS]] després de la Segona Guerra Mundial.

De la mateixa manera que la resta de països, després de la guerra, l'interès del govern britànic per l'espai era principalment militar. Els primers programes reflecteixen aquest interès. De la mateixa manera que amb la resta de nacions, la major part del coneixement de coets es va obtenir de [[Científic|científics]] alemanys capturats que van ser persuadits a treballar pels britànics. Els britànics van realitzar les primeres proves de la postguerra amb els [[Coet V-2|coets V-2]] capturats a l'[[Operació Backfire]], menys de sis mesos després del final de la guerra a Europa.

El treball inicial es va realitzar amb petits [[Míssil aire-superfície|míssils aire-superfície]] com ara [[Blue Steel]] abans d'avançar cap a major llançaments de coets capaços d'òrbita.

== Programes de satèl·lits britànics 1959-present ==

=== Primers programes de satèl·lits ===
El programa Ariel desenvolupa sis satèl·lits des de 1962 fins a [[1979]], tots del quals llançats per la [[NASA]].

L'any [[1971]], l'últim Black Arrow (R3) va llançar Prospero X-3, l'únic satèl·lit britànic llançat amb un coet britànic. El contacte amb Prospero va finalitzar l'any [[1996]].

=== Programes de satèl·lits militars ===

[[Skynet (programa militar)|Skynet]] és un programa purament militar, format per una família de satèl·lits en nom del [[Ministeri de Defensa del Regne Unit]].

Skynet proporciona serveis de comunicació estratègica per a les tres branques de les [[Forces Armades Britàniques]] i les forces de l'[[OTAN]] dedicades a tasques de coalició. El primer satèl·lit va ser llançat l'any [[1969]] i el més recent l'any [[2008]].

Skynet és el major projecte espacial del Regne Unit, encara que com a iniciativa militar no forma part del programa espacial civil.

=== Programes de satèl·lits d'intel·ligència ===

[[Zircon]] era el [[nom en clau]] d'un [[Satèl·lit artificial|satèl·lit]] de [[senyals d'intel·ligència]] britànic, destinat a ser llançat l'any [[1988]], abans de ser cancel·lat. Durant la [[Guerra Freda]], el [[GCHQ|Government Communications Headquarters]] (Seu de Comunicacions del Govern) britànic era molt dependent de l'[[Agència de Seguretat Nacional|Agència de Seguretat Nacional dels Estats Units]](NSA) per a la intercepció de comunicacions des de l'espai. El GCHQ va decidir dissenyar i construir un satèl·lit de senyals d'intel·ligència britànic, anomenat Zircon, un codi-nom derivat de [[silicat]] de [[zirconi]], un substitut del [[diamant]].

La funció de Zircon consistia en la intercepció de senyals de ràdio i altres procedents de la [[Unió Soviètica]], [[Europa]] i altres zones. El satèl·lit s'anava a construir a [[Marconi Electronic Systems|Marconi Space and Defence Sistems]] a l'[[aeroport de Portsmouth]], en què un nou edifici d'alta seguretat s'havia construït.

Havia de ser llançat en un [[transbordador]] de la [[NASA]] amb el pretext de [[Skynet (satèl·lit)|Skynet IV]]. El llançament de la llançadora li hagués donat dret a British Nacional a volar com a [[especialista de missió]] i un grup de pilots militars es van presentar a la premsa com a candidats a primer home britànic a l'espai. 

Zircon va ser cancel·lat pel [[Ministre d'Hisenda del Regne Unit]] [[Nigel Lawson]] a causa del seu elevat cost l'any [[1987]]. L'escàndol subsegüent sobre la veritable naturalesa del projecte va ser conegut com a [[Assumpte Zircon]].

== Referències ==
{{Commonscat|Space program of the United States}}
{{referències|2}}


{{ORDENA:Programa Espacial Britanic}}	!--ORDENA generat per bot--
[[Categoria:Regne Unit]]</text>
      <sha1>9bajwh8r59lz0k94jg57whbsbn2vwqj</sha1>
      <model>wikitext</model>
      <format>text/x-wiki</format>
    </revision>
  </page>