<page>
    <title>Israel Tal</title>
    <ns>0</ns>
    <id>1019450</id>
    <revision>
      <id>13703525</id>
      <parentid>13552640</parentid>
      <timestamp>2014-06-29T05:46:55Z</timestamp>
      <contributor>
        <username>PereBot</username>
        <id>118448</id>
      </contributor>
      <minor></minor>
      <comment>Robot inserta {{Commonscat}} que enllaça amb [[commons:category:Israel Tal]]</comment>
      <text>{{VPHISMILCAT Infotaula biografia militar 
|name= Israel Tal
|lived= {{Data naixement|1924|9|13}} - {{data defunció i edat|2010|9|8|1924|9|13}}
|placeofbirth= [[Mahanayim]] 
|placeofdeath= Rehovot
|image= [[Fitxer: GeneralIsraelTal 1970 forWikipedia.jpg|200px|Israel Tal]]
|caption= L'Aluf Israel Tal al 1970
|nickname= Talik, Mr. Armour
|allegiance= {{bandera|Israel}} [[Israel]] 
|branch=[[Fitxer: Badge of the Israel Defence Forces.svg|23px|Insígnia de la IDF]] [[Forces de Defensa d'Israel]] (FDI)
|serviceyears=1948–1974, 1979–1989
|rank= [[Fitxer: IDF aluf rotated.svg|30px|Aluf]] [[Major General|''Aluf'']]
|commands= Acadèmia ''Bahad'' d'Oficials (1954-1956) br [[7a Brigada Cuirassada (Israel)|7a Brigada Cuirassada]] (1959-1960) br Comandant de les Forces Cuirassades (Gaysot Hashiryon) br 84a Divisió Cuirassada br Vicecap de l'Estat Major Gral
|battles= [[Guerra araboisraeliana de 1948|Guerra de la Independència]], [[Crisi de Suez|Guerra del Sinaí]], [[Guerra dels Sis Dies]], [[Guerra del Yom Kippur]]
|awards= Premi de la Seguretat d'Israel  (1961, 1973)br /[[Premi Israel]] (1997)
|laterwork= 
|portrayedby=
}}

'''Israel Tal''' ([[hebreu]]: ישראל טל)    setembre de 1924ref name=CV{{cite web| title = Tal's official CV on the IDF's Armoured Corps commemoration site (in Hebrew)| url = http://www.yadlashiryon.com/show_item.asp?levelId=64565itemId=2261itemType=0}}/ref – 8 de setembre de 2010ref{{cite web|url=http://www.ynetnews.com/articles/0,7340,L-3951575,00.html |title=Father of Merkava tank dies at 86 - Israel News, Ynetnews |publisher=Ynetnews.com |date=1995-06-20 |accessdate=2012-02-23}}/ref), també conegut com a ''Talik'' (hebreu: טליק) va ser un [[general]] de les [[Forces de Defensa d'Israel]], conegut pel seu coneixement de la [[guerra cuirassada|guerra de tancs]] i per liderar el desenvolupament del [[tanc Merkava|tanc ''Merkava'']] israelià.

== Biografia ==
Tal començà el seu servei militar a la [[Brigada Jueva]] de l'[[exèrcit britànic]], servint a [[Campanya d'Itàlia (Segona Guerra Mundial)|Itàlia]] durant la [[Segona Guerra Mundial]]. Posteriorment serviria com a oficial inferior durant la [[Guerra de la Independència d'Israel|guerra de la Independència]], va comandar una brigada durant la [[guerra del Sinaí]] de 1956, una divisió cuirassada al [[Península del Sinaí|Sinaí]] durant la [[guerra dels Sis Dies]], i comandà el front meridional a les etapes finals de la [[guerra del Yom Kippur]].

=== Carrera militar ===
Després del final de la [[guerra del Yom Kippur]], servint com a comandant del front meridional, rebé l'ordre del [[cap de l'Estat Major]] Rav Aluf [[David Elazar]] i del [[Ministre de Defensa d'Israel|ministre de defensa]] [[Moshe Dayan]] que ataqués les forces egípcies. Tal es negà a obeir l'ordre, insistint que era una ordre immoral i que per portar a terme l'atac requeria l'autorització del [[Primer Ministre d'Israel|Primer Ministre]] i del Tribunal Suprem. Aquesta autorització no arribà mai. Tal guanyà la disputa, però la seva negativa a obeir una ordre il·legal pràcticament eliminà les oportunitats que tenia de ser nominat pel càrrec de cap de l'estat major tot succeint el general Eleazar.ref{{cite web|last=Oren |first=Amir |url=http://www.haaretz.com/news/national/former-top-idf-officer-military-theorist-dies-at-the-age-of-86-1.312969 |title=Former top IDF officer, military theorist dies at the age of 86 - Haaretz Daily Newspaper #124; Israel News |publisher=Haaretz.com |date=2008-04-02 |accessdate=2012-02-23}}/ref

El 1970, Israel decidí que necessitava ser capaç de construir tancs independentment a causa de la incertesa de les ventes a l'estranger. Tal encapçalà un equip de desenvolupament que va tenir en compte les característiques dels camps de batalla d'Israel i les lliçons apreses de les guerres prèvies, i començà el desenvolupament del [[tanc Merkava|tanc ''Merkava'']] israelià.

== Doctrina cuirassada ==
[[File:Merkava Tank Monument in Rehovot, Israel.jpg|thumb|left|240px|Monument Merkava, [[Rehovot]]]]
Tal va ser el creador de la doctrina cuirassada que portà els èxits israelians al Sinaí durant la [[guerra dels Sis Dies]]. Després de la [[crisi de Suez]], Tal organitzà els blindats com l'element principal de les [[Forces de Defensa d'Israel]], caracteritzades per la seva gran mobilitat i per l'assalt sense descans. Començant el 1964, l'aluf Tal va fer-se càrrec del cos cuirassat israelià i tornà a entrenar tot els artillers israelians perquè aconseguissin impactes a més d'1,5 km.refGeorge Forty -Tank Action, pp. 249–250, ISBN 0-7509-0479-8/ref En terreny obert, una distància de foc així es demostraria vital per la supervivència del cos cuirassat a les guerres posteriors. La seva mobilitat és comparable a la ''[[Blitzkrieg]]'' alemanya i molts la consideren com una evolució d'aquella tàctica. La transformació i l'èxit de Tal el 1967 van fer que les Forces de Defensa d'Israel expandissin el paper dels blindats. Això, però, comportà que es reduís l'atenció en altres aspectes menys glamurosos, encara que essencials, com la [[Cos d'Infanteria Israelià|Infanteria]]. Després de l'[[Guerra del Yom Kippur|atac per sorpresa]] el 1973, aquest enfocament excessiu en els blindats per una ofensiva ràpida deixà temporalment l'exèrcit israelià sense una capacitat defensiva adequada. Només a les darreres etapes de la guerra els blindats van poder mostrar el seu potencial; els blindats del general [[Avraham Adan]] travessaren les línies egípcies, creuaren el [[Canal de Suez]] i, malgrat a que s'havia acordat un alto el foc, les tropes israelianes envoltaren el 3r Exèrcit egipci prop de [[Suez]]. Mentre que les FDI havia assolit una força més equilibrada des de 1973, el desenvolupament de la doctrina cuirassada de Tal ha estat molt important per a les FDI i ha influenciat doctrines cuirassades en altres parts del món. Tal i el seu equivalent egipci van asseure's a la terra del desert per negociar els termes de l'alto el foc al Sinaí.

== Distincions i Honors ==
[[File:General Tal Memorial in Latrun (2).JPG|right|250px|thumb| Memorial a l'Aluf Israel Tal a Latrun, Israel]]
Israel Tal va rebre el Premi de la Seguretat d'Israel [[Eliyahu Golomb]] el 1961 i el 1973. El 1997 Tal va rebre el [[Premi Israel]] per la seva contribució a la societat i a l'estat d'Israel.ref name=prize{{cite web| title = Israel Prize Official Site - Recipients in 1997 (in Hebrew)| url = http://cms.education.gov.il/EducationCMS/Units/PrasIsrael/TashnagTashsab/TASNAG_TASNAT_Rikuz.htm?DictionaryKey=Tashnaz}}/ref  El 1991 va rebre un doctorat honorífic a la [[Universitat del Négev Ben Gurion|Universitat del Négev ''Ben Gurion'']]. El 2002 va ser escollit Cavaller de Qualitat del Govern pel [[Moviment per la Qualitat del Govern d'Israel]] a la categoria Milícia i seguretat.
 
El retrat d'Israel Tal apareix al ''Mur dels Grans Comandants de Blindats'' del [[Museu Patton de Cavalleria i Cuirassats]], juntament amb el seu compatriota [[Moshe Peled]], els [[Estats Units|estadunidencs]] [[George Patton]] i [[Creighton Abrams]] i l'alemany [[Erwin Rommel]].
 
==Referències== 
{{Referències}}

== Enllaços externs ==
{{Commonscat}}
* [http://www.jinsa.org/articles/articles.html/function/view/categoryid/105/documentid/343/history/3,2359,947,653,105,343 El General Tal honorat pel U.S. Armor Center] {{en}}
* [http://www.ausa.org/www/armymag.nsf/0/1CB97F93C9C5DB2D85256BDE004EC52F?OpenDocument Grans commandants de blindats a la història] {{en}}
* [http://www.generalpatton.org/Patton_Saber/PattonSaber_Spring03.htm El ''Mur dels Grans Comandants de Blindats''] {{en}}

{{ORDENA:Tal, Israel}}

[[Categoria:Generals israelians]]
[[Categoria:Jueus israelians]]</text>
      <sha1>jgfvskcbjhyillsaoh1elgnl1e4mt8f</sha1>
      <model>wikitext</model>
      <format>text/x-wiki</format>
    </revision>
  </page>