<page>
    <title>Heinrich Behnke</title>
    <ns>0</ns>
    <id>1019202</id>
    <revision>
      <id>13319637</id>
      <parentid>13098419</parentid>
      <timestamp>2014-05-03T12:24:52Z</timestamp>
      <contributor>
        <username>KRLS</username>
        <id>3817</id>
      </contributor>
      <comment>a11669901</comment>
      <text>{{Infotaula científic 
|nom = Heinrich Behnke
|taula_amplada = 250px
|imatge = Behnke Cartan.png
|imatge_amplada = 220px
|llegenda = Heinrich Behnke (a l'esquerra) amb Henri Cartan el 1957 al Overwolfach Institute
|data_naixement = {{Data naixement|1898|10|9}}
|lloc_naixement = [[Hamburg]], [[Alemanya]]
|data_mort = {{Data defuncio i edat|1979|10|10|1898|10|9}}
|lloc_mort = [[Münster]], [[Alemanya]]
|residencia = [[Alemanya]]
|ciutadania = 
|nacionalitat = [[Alemanya]]
|etnicitat = 
|camp = [[Matemàtiques]]
|institucions_treb = Universitat de [[Münster]]
|alma_mater = [[Universitat de Göttingen]], Universitat d'[[Hamburg]]
|assessor_doctor = [[Erich Hecke]]
|estudiants_doctor = [[Peter Thullen]]br[[Friedrich Sommer]] br[[Karl Stein]]
|conegut_per = [[Anàlisi complexa]]brEnsenyament de Matemàtiques
|influencia = [[Henri Cartan]]
|influenciat_per = [[Henri Cartan]]
|premis = 
|religio = 
|signatura = 
|notes_peu = 
}}

'''Heinrich Behnke''' ([[Hamburg]], 9 d'octubre de 1898 - [[Münster]], 10 d'octubre de 1979) fou un [[matemàtic]] alemany especialista en [[anàlisi complexa]].

Va néixer a Horn, un barri d'[[Hamburg]], en una família luterana. El 1918 va ingressar a la [[Universitat de Göttingen]] on va estudiar amb [[David Hilbert]], [[Edmund Landau]] i [[Erich Hecke]]. Va treballar més amb aquest darrer; per això, quan Hecke va deixar Göttingen per ocupar un lloc de catedràtic a [[Hamburg]], Behnke es va haver d'enfrontar amb el dilema de continuar a Göttingen, apartant-se del seu tutor, o tornar a la seva ciutat natal per continuar els seus estudis, cosa que no li entusiasmava. Finalment, va anar amb Hecke a Hamburg, on es va doctorar l'any 1923 amb una tesi titulada: ''Über analytische Funktionen und algebraische Zahlen'' (Sobre les [[Funció analítica|funcions analítiques]] i els [[nombres algebraics]]).

Després d'un semestre a la [[Universitat de Heidelberg]], on va conèixer la seva futura esposa, Aenne Albersheim, va retornar a Hamburg com a professor associat. El 1924 va aconseguir la seva habilitació docent i l'any següent es casava amb Aenne, filla d'una rica família jueva de [[Frankfurt del Main|Frankfurt]]. Malauradament, Aenne va morir el 1927 en el curs del part del que va néixer el seu fill. Behnke va haver de deixar el nadó al càrrec de la seva família política a Frankfurt.

El 1927 va rebre una oferta com a professor titular de la Universitat de [[Münster]] i, novament, va haver d'enfrontar un dilema: Münster, a part d'estar a la zona catòlica (ell era luterà), era la universitat més petita de Prùssia. Finalment va acceptar i es va traslladar a aquesta universitat en la que romandre la resta de la seva vida. Aquí va conèixer Barbara Marshall amb qui es va casar el 1932. 

L'arribada dels nazis al poder el 1933 no l'afectava, ja que ell era ari; però el seu fill era de mare jueva i això va ser una preocupació constant per a Behnke fins a la fi de la [[Segona Guerra Mundial]].refSegal, Sanford. ''Mathematicians under the Nazis''. Princeton University Press. New Jersey, 2003. Pàgines 86 i següents i 437-439. ISBN 0-691-00451-X. /ref

Poc abans de la seva mort, va publicar un llibre autobiogràfic que retrata el món universitari alemany que ell va viure: ''Semesterberichte: Ein Leben an deutschen Universitäten im Wandel der Zeit'' (Informe semestral: Una vida a les universitats alemanys en una hora). En ell fa un viu retrat de l'atmosfera de terror i denúncia de l'època nazi.refSiegmund-Schultze, Reinhard. ''Mathematicians fleeing from Nazi Germany''. Princeton University Press. New Jersey, 2009. Pàgina 60. ISBN 978-0-691-14041-4/ref

L'any 1934 publica, juntament amb el seu deixeble [[Peter Thullen]], el llibre, que esdevé un clàssic en la matèria, ''Theorie der Funktionen mehrerer komplexer Veränderlichen'' (Teoria de les funcions de més d'una variable complexa), malgrat que Peter Thullen ja havia abandonat Alemanya per la seva opossició al règim nazi. L'any 1938 va esdevenir editor de [[Mathematische Annalen]] i ho va ser fins al 1972. En finalitzar la guerra va ser degà de la Universitat, càrrec que va ostentar fins al 1949. En els anys posteriors a la guerra va continuar publicant textos clàssics d'Anàlisi complexa.

També va escriure nombrosos articles sobre altres matemàtics i sobre l'ensenyament de les matemàtiques a tots els nivells educatius.

==Referències==
{{referències|1}}

==Enllaços externs==
* [http://genealogy.math.ndsu.nodak.edu/id.php?id=15253 Mathematics Genealogy Project]
* {{MacTutor Biography|id=Behnke}}

{{autoritat|CANTIC=a11669901}}
[[Categoria:Matemàtics alemanys]]

{{ORDENA:Behnke, Heinrich}}</text>
      <sha1>8ldsur9kr9cxegc9wbhdjeguuoah7nb</sha1>
      <model>wikitext</model>
      <format>text/x-wiki</format>
    </revision>
  </page>