<page>
    <title>Dietrich Bonhoeffer</title>
    <ns>0</ns>
    <id>101942</id>
    <revision>
      <id>13675187</id>
      <parentid>13446038</parentid>
      <timestamp>2014-06-24T11:53:17Z</timestamp>
      <contributor>
        <username>PereBot</username>
        <id>118448</id>
      </contributor>
      <minor></minor>
      <comment>Robot inserta {{Autoritat}}</comment>
      <text>{{Infotaula persona
| nom = '''Dietrich Bonhoeffer'''
| imatge = Bundesarchiv Bild 146-1987-074-16, Dietrich Bonhoeffer.jpg
| mida_imatge = 200px
| peu =
| nom_naix = 
| data_naix = {{Data naixement|1906|2|4}}
| lloc_naix = [[Wrocław]] ([[Prússia]])
| data_mort = {{Data defunció i edat|1945|4|9|1906|2|4}}
| lloc_mort = [[Flossenbürg]]
| causa_mort = [[penjament]]
| lloc_enterrat =
| coordenades_lloc_enterrat = !-- {{coord|LAT|LONG|display=inline,title}} --
| residència = [[Breslau]], [[Londres]], [[Barcelona]], [[Berlín]]
| nacionalitat = Alemanya
| altres_noms = 
| conegut_per = [[teologia]] d'un cristianisme sense religióbr[[Complot del 20 de juliol]]
| educació =Teologia i filosofia
| empleat =
| ocupació = [[prevere]]
| títol = [[Doctorat|Doctor]]
| salari = 
| valor_net = 
| alçada = 
| pes = 
| term = 
| predecessor = 
| successor = 
| partit = 
| boards = 
| religió = [[luteranisme]]
| esposa = 
| marit = 
| fills = 
| pares = 
| parent = 
| signatura =
| lloc_web = [http://www.dbonhoeffer.org/ dbonhoeffer.org]
| notes = 
}}
'''Dietrich Bonhoeffer''' ([[Wrocław]], llavors [[Breslau]], [[Prússia]], [[4 de febrer]] de [[1906]] – [[Flossenbürg|Camp de concentració de Flossenbürg]], [[9 d'abril]] de [[1945]]) va ser un pastor i [[teòleg]] [[luteranisme|luterà]] [[Alemanya|alemany]] que va participar en el moviment de resistència contra el [[nazisme]]. És considerat com un dels teolegs i persones més importants del [[luteranisme]] del [[segle XX]]. Les esglésies anglicanes el consideren sant i en commemoren la festa el [[9 d'abril]].

==Biografia==

Havia nascut en una família de classe mitjana-alta; el seu pare era psiquiatra i era la mare qui instruïa els fills a casa. De ben jove va decidir fer-se pastor de l'església evangèlica luterana. Va assistir a Universitat de [[Tübingen]], es va doctorar en teologia a la Universitat de Berlín el 1927 i va ser ordenat. A finals de febrer de 1928 Bonhoeffer va arribar a [[Barcelona]] per estar-se un any com a vicari a la Deutschprachige Evangelische Gemeinde, la parròquia protestant alemanya de [[Catalunya]]. 

El 1930 va passar un any al Seminari de la Unió Teològica, a Nova York. Durant aquest període, visitava sovint l'Església Episcopal Metodista Africana de Harlem, on va arribar a destacar en els cors. Va recopilar una important col·lecció de gravacions d'espirituals. L'estada a Nova York el va convèncer que el cristianisme no és una realitat monolítica, sinó que li calen continuades contextualitzacions.

=== La lluita contra el nazisme ===
De tornada a Berlin el 1931, va ensenyar teologia i va escriure alguns llibres. Es va oposar fermament al nazisme i a l'actitud massa condescendent de les esglésies alemanyes davant Hitler. Amb altres teòlegs - entre ells, Karl Barth o Martin Niemöller - va fundar la Bekennende Kirche (Església de la Confessió, de teologia luterana no oficial). 

Entre 1933 i 1935 va ser a Londres fent de pastor a dues esglésies germanòfones. Va tornar a Alemanya i va encapçalar un seminari per a pastors de l'Església de la Confessió, a Finkenwalde. El 1936 la universitat de Berlin l'exulsa. La [[Gestapo]] va clausurar el seminari el 1937 i li va prohibir predicar, ensenyar i finalment parlar en públic. El seminari va funcionar aleshores a l'estudi von Blumenthal de Gross Schlönwitz, però va ser novament tancat en esclatar la guerra. La resistència, amb la qual col·laborava Bonhoeffer, era activa des d'abans de la Segona Guerra Mundial. Bonhoeffer va mantenir molts contactes amb Carl Friedrich Goerdeler i va treballar amb opositors al règim del moment.

Durant la [[Segona Guerra Mundial]], Bonhoeffer va tenir un paper clau al capdavant de la ''Bekennende Kirche'' (en català: l'església que parla obertament) un moviment dins de l'Església luterana, que s'oposava a les polítiques [[antisemitisme|antisemites]] de Hitler. Estava entre aquells que propugnaven l'oberta resistència de l'església al tracte que Hitler donava als jueus. Malgrat que el moviment no era gaire gran, representava un focus considerable d'oposició cristiana als [[nazisme|nazis]].

===Empresonament i mort===
El 1939 es va unir a un grup clandestí que incloïa militars d'alt rang, encapçalats per l'almirall [[Wilhelm Canaris]]. Bonhoffer va ser arrestat l'abril de 1943, després de trametre diners per ajudar a escapar jueus cap a Suïssa. Va ser acusat de conspiració i empresonat a Tegel (Berlín) durant un any i mig.

Després del [[complot del 20 de juliol|complot infructuós del 20 de juliol de 1944]], Bonhoeffer va ser acusat de complicitat a causa de les connexions amb els conspiradors, alguns dels quals eren familiars seus, com el seu oncle, el comandant de la ciutat de Berlin, Paul von Hase. Va estar-se a un seguit de presons i camps de concentració, fins a acabar a Flossenbürg. Allí, Dietrich Bonhoeffer va ser penjat a la matinada del 9 d'abril de 1945, just tres setmanes abans de l'alliberament de la ciutat. També van ser penjats per participar en la conspiració el seu germà Klaus i els seus cunyats Hans von Dohnanyi i Rüdiger Schleicher. Tots quatre van ser obligats a anar despullats al patíbul.
gallery perrow=5
Fitxer:Bundesarchiv Bild 183-R0211-316, Dietrich Bonhoeffer mit Schülern.jpg|Bonhoeffer amb alumnes, en 1932
Fitxer:Bohnh.jpg|Escultura de Dietrich Bonhoeffer davant l'església de Sankt Petri a [[Hamburg (estat)|Hamburg]]
Fitxer:Hrdlicka Portrait Bonhoeffer Wien.jpg|Escultura a Viena, per Alfred Hrdlicka, 1977
Fitxer:Bonhoeffer-Haus.jpg|La seva casa a Berlín
Fitxer:Flossenbürg Arresthof.JPG|Pati al camp de concentració de Flossenburg, on fou executat i hi ha un monument en memòria seva
/gallery

== Enllaços externs ==
{{Projectes germans |commons=Dietrich Bonhoeffer |q=Dietrich Bonhoeffer}}
*[http://www.g-daf-es.net/bonhoeffer/index.htm Dietrich Bonhoeffer]
*[http://www.dbonhoeffer.org/ dbonhoeffer.org]
*[http://www.tinet.org/~fqi/bonho_ct.htm Dos textos de Bonhoeffer]
*[http://movies.yahoo.com/movie/1808714157/info ''Bonhoeffer - Agent of Grace'' a yahoo movies]

{{ORDENA:Bonhoeffer, Dietrich}}
{{Autoritat}}
{{Enllaç AB|de}}

[[Categoria:Religiosos alemanys]]
[[Categoria:Religiosos luterans]]
[[Categoria:Teòlegs alemanys]]
[[Categoria:Prussians]]
[[Categoria:Antifeixistes]]
[[Categoria:Víctimes del nazisme]]
[[Categoria:Persones de Breslau]]
[[Categoria:Persones commemorades al calendari litúrgic luterà]]
[[Categoria:Sants de l'anglicanisme]]</text>
      <sha1>0ayoxz0tuorj7vh9j7c8dxil6emzdc4</sha1>
      <model>wikitext</model>
      <format>text/x-wiki</format>
    </revision>
  </page>