<page>
    <title>Història de la Unió Europea</title>
    <ns>0</ns>
    <id>1020486</id>
    <revision>
      <id>13957056</id>
      <parentid>13957054</parentid>
      <timestamp>2014-08-21T09:36:46Z</timestamp>
      <contributor>
        <username>Leptictidium</username>
        <id>1460</id>
      </contributor>
      <text>{{MT|data=agost de 2014}}{{obsolet|data=agost de 2014}}[[Fitxer:EC-EU-enlargement animation.gif|thumb|257px|Evolució territorial de la Unió Europea.]]
La '''història de la Unió Europea''' fa referència als fets polítics que han afectat aquesta [[Unió Europea|organització]]. La història dels diversos estats que la componen és tractada de manera separada a l'article de cada país. La [[Unió Europea]] és una entitat geopolítica que cobreix una gran part del continent europeu. Es basa en nombrosos tractats i ha sigut objecte d'ampliacions que han dut de sis estats membres originalment a vint-i-set el 2007, la majoria d'estats d'Europa. Els seus orígens es remunten al període posterior a la Segona Guerra Mundial, en particular la fundació el 1951 de la [[Comunitat Europea del Carbó i de l'Acer]] a París, després de la [[Declaració Schuman]], i els [[Tractats de Roma]], el constitutiu de la [[Comunitat Econòmica Europea]] i el de la [[Comunitat Europea]]. Actualment ambdós organismes formen part de la Unió Europea, que es formà sota aquest nom el 1992. A partir dels anys 1960, Brussel·les s'ha consolidat com la capital ''[[de facto]]'' de la UE, cosa que ha portat a la creació de l'anomenat [[Barri europeu de Brussel·les|Barri europeu]] d'aquesta ciutat.

== Antecedents ==
[[Fitxer:CongressVienna.jpg|thumbnail|250px|''El Congrés de Viena'', de [[Jean-Baptiste Isabey]] (1819).]]
Grans zones d'Europa havien sigut unificades per imperis construïts per mitjà de la força, com ara l'[[imperi romà]], l'[[imperi franc]], [[Sacre Imperi Romà]], el [[Primer Imperi francès]] i l'[[Alemanya nazi]]. Algunes unions dinàstiques proporcionaren mitjans pacífics per una certa consolidació dels territoris europeus, tot i que també, en menor mesura, unions a nivell de país, com la [[República de les Dues Nacions]], [[imperi austrohongarès]] i l'[[imperi otomà]].ref{{ref-web |url= https://www.cia.gov/library/publications/the-world-factbook/geos/ee.html |títol= European Union |autor=CIA World Factbook |consulta=09-05-2009 | llengua = anglès}}/ref

En gran part a causa dels efectes devastadors de la guerra diversos personatges contemplaren la idea d'una certa forma d'Europa unificada, en particular, [[William Penn]], [[Victor Hugo]], [[Richard Coudenhove-Kalergi]] i [[Giuseppe Mazzini]]. Aquestes idees prengueren més impuls a l'Europa Occidental després de la [[Primera Guerra Mundial]], amb la pèrdua massiva de vides que comportà, però no fou fins després de la [[Segona Guerra Mundial]] que es donaren passos reals. L'impacte devastador de les guerres mundials no crearen tal efecte ideològic a Rússia, potser perquè s'adheria a una ideologia pròpia, la del [[comunisme]].
[[Fitxer:BismarckundNapoleonIII.jpg|thumb|[[Otto von Bismarck]] (amb casc) i [[Napoleó III de França]] després de la [[batalla de Sedan]] (1870)]]
Un exemple d'organització formada entre les dues guerres per promoure la idea de la Unió Europea és la [[Unió Internacional Paneuropea]].

La Primera Guerra Mundial i les seves nefastes conseqüències marcarien l'inici del procés de cooperació i, més tard, integració de la futura [[Unió Europea]]. El conflicte suposaria l'assentament de la voluntat de crear un ambient en el que no fossin possibles els conflictes bèl·lics al continent. D'aquesta manera, seria en aquest període que sorgirien les primeres iniciatives, que tenien un caràcter privat.

N'és un exemple el [[Tractat de Locarno]], signat per Bèlgica, Gran Bretanya, Itàlia i Alemanya el 1925 per fixar les fronteres occidentals alemanyes. Cal destacar la crida que es fa a la solució pacífica dels conflictes entre nacions.
[[Fitxer:Koeln 1945.jpg|thumb|right|[[Colònia (Alemanya)|Colònia]] arrasada per la guerra (1945)]]
Tots aquests esforços no tindrien un resultat pràctic més enllà de deixar testimoni del sorgiment d'una voluntat per part de reduïts grups d'elits, i que cap d'ells no tindria repercussió efectiva, com a mínim a curt termini. Això és degut al radical desplome que suposa la [[Gran Depressió]], així com l'aparició i auge del feixisme i el nazisme, amb plantejaments teòrics que topaven amb la concepció de cooperació i confraternització entre els estats europeus.

Després de la fi de la [[Segona Guerra Mundial]], les economies dels països d'[[Europa]] sortiren danyades de manera crítica, cosa que posà fi a la tradicional hegemonia europea al món. Les dues noves [[superpotència|superpotències]] (la [[Unió Soviètica]] i els [[Estats Units]]) tenien un poder econòmic, polític i militar superior al del conjunt dels estats europeus.ref{{ref-web |url= http://www.cvce.eu/obj/europe_in_ruins_in_the_aftermath_of_the_second_world_war-en-eaa76e5b-ab77-4f18-997d-3e0380d02c96.html |títol= Europe in ruins in the aftermath of the Second World War |consulta=26-08-2013 |autor= cvce | llengua = anglès}}/ref Davant d'aquesta situació, nombroses tendències polítiques pretenien reconstruir Europa com una nova nació unificada, per evitar tornar a un enfrontament entre els estats europeus. Les dues [[Guerra mundial|guerres mundials]] s'havien iniciat com a conflictes europeus i, per això, el continent havia sigut el principal camp de batalla. 

Malgrat les iniciatives per una Europa unida, l'inici de la [[guerra freda]] frenà qualsevol impuls en aquest sentit.

==Projecte Kalergi==
El [[projecte Kalergi]], impulsat per [[Richard Coudenhove-Kalergi]], fracassà a causa de la rivalitat entre Alemanya i França. Pretenia assentar una federació de caràcter paneuropeu que previngués els conflictes interns del continent, així com la creació de vies de resolució pacífica de controvèrsies entre els països europeus.

==Projecte Stresemann==
El [[projecte Stresemann]] aspirava a reintegrar Alemanya a la societat internacional. [[Gustav Stresemann]], ministre d'afers exteriors, aconseguí incorporar el seu país a la Societat de Nacions (SDN) el 1926.

==Projecte Briand==
[[Projecte Briand|La idea]] del primer ministre francès, [[Aristide Briand]], fou proposada en un discurs a l'assemblea de la SDN el 1929 i se centrava en aconseguir superar la rivalitat francoalemanya mitjançant la creació d'un eix entre ambdós països, que permetés articular una Unió Europea que previngués un nou conflicte. Proposava com a principal objectiu la creació d'una federació de nacions europees que busqués la cooperació política i social, així com el creixement de l'economia.

== Primers passos concrets ==
{| class=infobox style=font-size:90%; text-align:left; width:266px
|-
| [[Fitxer:Bundesarchiv Bild 183-19000-2453, Robert Schuman.jpg|111px|Robert Schuman]] ||[[Fitxer:Salon de l'Horloge.jpg|134px|El Salon de l'Horloge]]
|-
| colspan=2 |El Salon de l'Horloge on tingué lloc la [[Declaració Schuman]], una espècie de primera pedra de les institucions comunitàries.ref{{ref-web |url= http://www.elmundo.es/sudinero/noticias/act-115-06e.html |títol= Robert Schuman. 1950 |consulta=09-05-2009 |obra= El Mundo |llengua= castellà}}/ref
|}

Per garantir que [[Alemanya]] no pogués amenaçar la pau, la seva indústria pesant fou desmantellada parcialment.

Després de declaracions com la crida el 1946 de [[Winston Churchill]] per crear els [[Estats Units d'Europa]], el 1949 s'establí el [[Consell d'Europa]] com a primera organització paneuropea. L'any següent,, el 9 de maig del 1950, el ministre d'afers exteriors francès [[Robert Schuman]] [[Declaració Schuman|proposà la integració]] d'una [[Comunitat Europea del Carbó i de l'Acer]] d'Europa que impliqués els dos elements necessaris per fabricar armes de guerra. Basant-se en aquest discurs, [[França]], [[Itàlia]], els països del [[Benelux]] ([[Bèlgica]], els [[Països Baixos]] i [[Luxemburg]]), juntament amb l'[[Alemanya Occidental]] firmaren el [[Tractat de París (1951)]] la creació de la [[Comunitat Europea del Carbó i de l'Acer]] i l'any següent, que s'encarregà del paper de l'autoritat Internacional per la [[Conca del Ruhr]] i aixecà algunes restriccions sobre la productivitat industrial alemanya. Donà origen a les primeres institucions, com ara l'Alta Autoritat (avui la [[Comissió Europea]]) i l'Assemblea Comuna (ara el [[Parlament Europeu]]). Els primers presidents d'aquestes institucions foren [[Jean Monnet]] i [[Paul-Henri Spaak]], respectivament.
[[Fitxer:Marshall Plan.png|thumb|left|200px|Països d'Europa que reberen ajudes del [[Pla Marshall]]. Les columnes vermelles indiquen la quantitat de diners rebuts.]]
El primer contratemps de la construcció europea es presenta el 1954 quan França es nega a ratificar el tractat sobre el projecte de [[Comunitat Europea de Defensa]], (CED) signat el 1952. El fracàs és a causa de la voluntat dels [[gaullisme|gaullistes]] de mantenir la independència militar del seu país, sumada al rebuig de l'aleshores poderós partit comunista que considerava la CED nociva per l'[[Exèrcit Roig]].

Per tal de dotar la Comunitat d'una seu central, Schuman i [[Konrad Adenauer]] promouen l'anomenat [[estatut del Sarre]] que és rebutjat per la població local via referèndum.

Després d'aquests intents fracassats, els líders es reuniren a la Conferència de Messina i establiren el [[Comitè Spaak]], que elaborà l'Informe Spaak. L'informe fou acceptat a la Conferència de Venècia (29 i 30 de maig del 1956), on es prengué la decisió d'organitzar una Conferència Intergovernamental. La Conferència Intergovernamental sobre el mercat comú i Euratom, centrat en la unitat econòmica, donant lloc als [[Tractats de Roma]] se signà el 1957, que establí la [[Comunitat Econòmica Europea]] (CEE) i la [[Comunitat Europea de l'Energia Atòmica]] (Euratom) entre els membres.ref{{ref-web |url= http://europa.eu/abc/history/1945-1959/index_en.htm |títol= A peaceful Europe - the beginnings of cooperation |consulta=09-05-2009 |autor= europa.eu | llengua = castellà}}/ref

Les dues comunitats es crearen per separat de la CECA, tot i que comparteixen els mateixos tribunals i l'Assemblea Comuna. Els executius de les noves comunitats foren anomenats comissions, a diferència de l'Alta autoritat. La CEE fou dirigida per [[Walter Hallstein]] i Euratom fou dirigida per [[Louis Armand]]. La missió Euratom seria integrar els sectors de l'[[energia nuclear]], mentre que la CEE desenvoluparia una unió duanera entre els membres.ref{{ref-web |url= http://www.cvce.eu/obj/a_european_atomic_energy_community-en-19bc7f11-bea1-49c7-b534-18327c303f41.html |títol= A European Atomic Energy Community |consulta=26-08-2013 |autor= CVCE | llengua = anglès}}/refref{{ref-web |url= http://www.cvce.eu/obj/a_european_customs_union-en-a11a5f17-d744-479e-ba75-2c70b6058608.html |títol= A European Customs Union |consulta=26-08-2013 |autor= CVCE | llengua = anglès}}/ref

== Consolidació ==
[[Fitxer:Cold war europe military alliances map en.png|thumb|left|Divisió del continent arran de la guerra freda entre els aliats de l'OTAN i l'Europa comunista]]
Per crear un contrapès a la Comunitat Econòmica europea, el Regne Unit i sis altres països formaren l'[[Associació Europea de Lliure Comerç]] (AELC) el 1960, però després de l'èxit de la CEE, el Regne Unit inicià negociacions pel seu ingrés el 1961, però [[Charles de Gaulle]] s'oposà reiteradament al seu ingrés a la CEE, raó per la qual el Regne Unit hagué d'esperar que De Gaulle es retirés del [[Govern i política de França|govern francès]] per veure acceptada la seva candidatura.

El 1962 s'establí la [[Política Agrícola Comuna]] (PAC) en crear-se el mercat únic pels productes agrícoles i una política de solidaritat mitjançant el Fons Europeu d'Orientació i Garantia Agrícola (FEOGA). Els objectius econòmics del Tractat de la CEE es compliren gradualment i les tres comunitats (CEE, CECA i Euratom) [[Tractat de Brussel·les (1965)|fusionaren els seus respectius executius]] al juliol del 1967.
{{Imagen múltiple
 | posición_tabla = right
 | dirección = horizontal
 | ancho = 150
 | título = Origen dels models comunitari i intergovernamental
 | texto = | alineación_texto = | fondo_de_texto =
 | foto1 = Bundesarchiv B 145 Bild-F023908-0002, Straßburg, Tagung des Europarates.jpg
 | texto1 = Antiga seu de l'Assemblea Europea| alineación_texto1 = left
 | foto2 = De Gaulle-OWI.jpg
 | texto2 = El president francès [[Charles de Gaulle]]| alineación_texto2 = center
}}
Al llarg de la dècada del 1960 es presentaren tensions amb França que tractava de limitar el poder supranacional i rebutjar l'adhesió del Regne Unit. Tanmateix, el 1965 s'arribà a un acord per fusionar les tres comunitats en virtut d'un únic conjunt d'institucions i per tant el [[Tractat de Fusió]] se signà a Brussel·les i entrà en vigor l'1 de juliol del 1967, donant origen a les Comunitats Europees.ref[http://www.cvce.eu/obj/merging_the_executives-en-575850b6-f472-406a-936d-8c08a9e0db32.html Merging the executives] CVCE {{en}}/ref

Els aranzels entre els països membres foren suprimits el 1968, quan s'adoptà un aranzel comú pels productes procedents de tercers països. D'aquesta manera entrà en vigor la Unió Duanera.

La unió comença a tenir sol·licituds d'incorporacions, però fins al 1973 no es fa una primera ampliació amb [[Irlanda]], el [[Regne Unit]] i [[Dinamarca]].ref{{ref-web |url= http://www.cvce.eu/obj/the_first_enlargement-en-fa871903-53b5-497e-855f-01c9842c7b94.html |títol= The first enlargement|consulta=26-08-2013 |autor= CVCE | llengua = castellà}}/ref

El 29 d'abril del 1976, els partits cristians d'Europa funden el [[Partit Popular Europeu]] amb els partits nacionals fundadors següents: la italiana [[Democràcia Cristiana (Itàlia)|Democràcia Cristiana]], els neerlandesos [[Partit Popular Catòlic]], [[Unió Històrica Cristiana]] i [[Partit Revolucionari]], el luxemburguès [[Cristià Social]], els alemanys [[Unió Demòcrata Cristiana]] i [[Unió Social Cristiana de Baviera]], els francesos [[Centre Democràtic]] i Unió de Centristes del Progrés, els belgues [[Partit Popular Cristià]] i [[Partit Social Cristià]] i l'irlandès [[Família Irlandesa]].

El 1979 fou elegit també el [[Parlament Europeu]], però amb ajustaments diferents que varien de país a país. El parlament, sense poders reals (pot rebutjar el projecte de pressupost de la junta, com en efecte passà, però el consell pot seguir gastant massa) és l'òrgan del que surten els projectes de reforma i les propostes per la seva aplicació. Participà en el vot pel primer Parlament Europeu el 63% de la població. El Parlament tornà a dividir-se en la següent manera: el Grup Socialista, 133 escons, el Partit Popular Europeu 107 escons, els Demòcrates Europeus 64 escons, el Grup Comunista 44 escons, el Grup Liberal Demòcrates 40, els Demòcrates Europeus Progressistes 22 escons, els restants 18 llocs no estan registrats, per un total de 410 escons.

Aquell mateix any entrà en vigor el [[Sistema Monetari Europeu]] (SME), que suposà el primer pas per la consecució d'una unió econòmica i monetària. També es creà el FEDER, equivalent al FEOGA, per afrontar els problemes de crisi industrial que afecta certes zones.

Durant aquest període, el tema econòmic estava centrat en bona mesura en la PAC, per la qual cosa el govern britànic exigí una retribució que passà a ser coneguda com a [[xec britànic]], car en aquest país la indústria agrícola ha tingut menys pes que en altres, com França.

[[Fitxer:Bundesarchiv B 145 Bild-F078267-0023, Bonn, Ministerpräsidenten mit EU-Kommissar Delors-CROPPED.jpg|thumb|Jacques Delors, president de la Comissió Europea entre el 1985 i el 1995.]]

El 1980 els partits neerlandesos [[Partit Popular Catòlic]], [[Unió Històrica Cristiana]] i [[Partit Revolucionari]], units ja en federació, es integren en la [[Crida Democristiana]], que aviat entrarà al [[Partit Popular Europeu]].

En una segona ampliació s'incorpora [[Grècia]] el 1981. La seva adhesió és impulsada particularment per [[Valéry Giscard d'Estaing]] que busca frenar les aspiracions de [[Turquia]] (enemiga de Grècia en aquella època), que busca el seu ingrés a la unió.

Entre el 14 i 17 de juny se celebraren eleccions del 1984 per la segona renovació del Parlament Europeu. La participació fou del 61%. El Grup Socialista obtingué 130 escons, el [[Partit Popular Europeu]] 110 escons, els Demòcrates Europeus 50 escons, el Grup Comunista 40 escons, el Grup Liberal Demòcrates 31 escons, l'aliança Democràtica Europea 29 escons, el Grup Arc Iris 20 escons, les Dretes Europees, format per primera vegada i que consisteix del francès front Nacional, l'alemany Els Republicans i el belga Vlaams Belang, 16 escons i altres 7 escons, per un total de 434 escons.

Al gener del 1985, [[Jacques Delors]] assumeix el càrrec de President de la [[Comissió Europea]], iniciant així l'administració més llarga que ha conegut l'executiu de la Unió i que suposà un nou impuls envers la integració, destacant el ''Llibre Blanc sobre el Mercat Únic'' dirigit per Lord Cockfield. El resultat fou l'aprovació al febrer del 1986 de l'[[Acta Única Europea]], una vegada que s'havia fet efectiva la incorporació d'Espanya i Portugal. Sent la primera revisió important dels tractats des del Tractat de Fusió, l'Acta es refereix a la reforma institucional, incloent-hi l'ampliació de les competències de la comunitat, en particular en matèria de política exterior. Fou un component important en la realització del mercat únic i que entrà en vigor l'1 de juliol del 1987.ref{{ref-web |url= http://www.cvce.eu/obj/the_provisions_of_the_single_european_act-en-243555aa-d219-4525-9978-34325bb5e17a.html |títol= Single European Act |consulta=26-08-2013 |autor= CVCE | llengua = castellà}}/ref

L'1 de gener del 1986 la Comunitat s'amplia amb l'entrada d'[[Espanya]] i [[Portugal]]. El 1987, [[adhesió de Turquia a la Unió Europea|Turquía sol·licità]] formalment unir-se a la Comunitat i començà el procés més llarg d'aplicació per qualsevol país.

Després de l'informe Delors es realitzà una reforma dels pressupostos i fons estructurals el 1988.

Entre el 15 i 18 de juny del 1989, la població europea és cridada a votar per la tercera renovació del Parlament Europeu, on assistí el 58,50% de la població. El Parlament Europeu es divideix de la següent manera: el Grup Socialista 180 escons, el [[Partit Popular Europeu]] 121 escons, el Grup Liberal Democràtic i Reformista 49 escons, el Grup de l'Esquerra Europea 42 escons, el Grup dels Demòcrates Europeus 34 escons, els Verds 30 escons, l'Aliança Democràtica Europea 20 escons, les Dretes Europees 17 escons, el Grup Arc Iris 13 escons i els altres 27 escons, d'un total de 518 escons.

== Des de la caiguda del mur de Berlín ==
[[Fitxer:Thefalloftheberlinwall1989.JPG|thumb|La [[caiguda del mur de Berlín]] posà les bases per la integració de diversos països del centre i l'est del continent a la UE.ref{{ref-web |url= http://www.europarl.europa.eu/sides/getDoc.do?language=EStype=IM-PRESSreference=20070323STO04514 |títol= Berlín, la ciudad de la reunificación |consulta= 09-05-2009 | editor= Parlament Europeu |llengua= castellà}}/ref]]
Aquell mateix any, després dels trastorns a l'est d'Europa, el [[mur de Berlín]] caigué juntament amb la cortina de ferro. [[Alemanya reunificada|Alemanya quedà reunificada]] i s'obrí la porta a l'ampliació cap al antic bloc de l'est. Amb la reunificació de les dues Alemanyes ([[RDA]] i [[RFA]]), s'amplia la superfície de la UE, però no el nombre de estats membres.
[[Fitxer:Europe Day at the Cinquantenaire.jpg|thumb|Celebració de la [[Diada d'Europa]], oficial des del [[Tractat de Maastricht]], a [[Brussel·les]]]]
El 1992 fou fundat el [[Partit Socialista Europeu]] a La Haia. En aquell partit s'uneixen el [[Partit Socialista d'Albània]], el [[Partit Socialdemòcrata d'Alemanya]], el [[Partit Socialdemòcrata d'Àustria]], el [[Partit Socialista Belga]], el [[Partit Socialista Búlgar]], el [[Partit Socialdemòcrata Txec]], el xipriota [[Moviment per la Socialdemocràcia]], el danès [[Socialdemòcrates]], l'eslovac [[Direcció - Socialdemocràcia]], l'eslovè [[Partit Socialdemòcrata]], el [[Partit Socialista Obrer Espanyol]], el [[Partit Socialdemòcrata d'Estònia]], el [[Partit Socialdemòcrata Finlandès]], el [[Partit Socialista Francès]], el [[Moviment Socialista Panhel·lènic]], el [[Partit Socialista Hongarès]], l'irlandès [[Partit Laborista (Irlanda)|Partit Laborista]], l'italià [[Demòcrates d'Esquerres]], el [[Partit Obrer Socialdemòcrata Letó]], el lituà [[Partit Socialdemòcrata]], el [[Partit Obrer Socialista Luxemburguès]], la [[Unió Socialdemòcrata de Macedònia]], el maltès [[Partit Laborista (Malta)|Partit Laborista]], el [[Partit Laborista Noruec]], el neerlandès [[Partit del Treball]], el polonès [[Aliança de l'Esquerra Democràtica]], el portuguès [[Partit Socialista]], el britànic [[Partit Laborista (Regne Unit)|Partit Laborista]], el romanès [[Partit Socialdemòcrata]] i el [[Partit Socialdemòcrata Suec]].
[[Fitxer:Schengen Monument.jpg|thumb|Monument a l'Acord de Schengen en aquesta localitat]]
L'1 de novembre del 1993, en virtut de la tercera Comissió Delors, amb el [[Tractat de Maastricht]] (Tractat de la Unió Europea) es féu efectiva la creació de la Unió Europea amb un sistema de pilars inclòs.ref[http://europa.eu/abc/history/1990-1999/1993/index_en.htm 1993] europa.eu {{en}}/refref[http://www.cvce.eu/obj/characteristics_of_the_treaty_on_european_union-en-beec7a53-4023-412d-a1ab-2c31b6a3c39d.html Characteristics of the Treaty on European Union] CVCE {{en}}/ref El 1994, el Consell proposà [[Jacques Santer]] com a president de la Comissió, però fou vist com un candidat de segona opció, minant la seva posició. El Parlament aprovà estretament Santer, que utilitzant els nous poders en virtut de Maastricht, exercí major control sobre l'elecció dels Comissaris, assumint el càrrec el 23 de gener del 1995.ref name=ENA{{ref-web | títol =The crisis of the Santer Commission |editor= CVCE | url =http://www.cvce.eu/obj/the_crisis_of_the_santer_commission-en-7380f95b-1fb2-484d-a262-d870a0d5d74d.html | consulta = 26-08-2013 | llengua = castellà}}/ref

Entre el 9 i 12 de juny 1994 els ciutadans europeus foren cridats a votar per la quarta renovació del Parlament Europeu, on assistí el 56,80% de la població. Tanmateix, un any després els ciutadans d'Àustria, Suècia i Finlàndia foren capaços d'elegir més diputats. El [[Partit Socialista Europeu]] guanyà 198 escons, el grup Partit Popular Europeu - Demòcrates Europeus 157 escons, el Partit Europeu Liberal Demòcrata Reformista 43 escons, el grup d'extrema esquerra 28 escons, el Grup dels conservadors 27 escons, el Grup Unió per l'Europa de les Nacions 27 escons, Els Verds Europeus - Aliança Lliure Europea 23 escons, l'Aliança Radical Europea 19 escons, el grup dels partits euroescèptics 19 escons, i els altres no membres 27 escons.


La esfera d'influència de la UE augmenta significativament amb la incorporació d'[[Àustria]], [[Finlàndia]] i [[Suècia]]. El 1995 s'amplia la unió a l'[[EU 15|Europa dels 15]]. Tanmateix, Noruega ha participat amb Islàndia i Liechtenstein a l'[[Associació Europea de Lliure Comerç]] per entrar a l'[[Espai Econòmic Europeu]], creat el 1993. Suïssa tenia planejat entrar, però l'adhesió fou rebutjada en un referèndum nacional. L'any següent, els [[Acords de Schengen]], que entrarà en vigor entre els set membres, ampliant-se per incloure gairebé tots els altres abans de finals del 1996.

Aquesta dècada també veié el desenvolupament ulterior de l'euro. L'1 de gener del 1994 hi hagué la segona fase de la UE que començarà amb la creació de l'[[Institut Monetari Europeu]], el 1999 fou creat el [[Banc Central Europeu]], amb seu a [[Frankfurt del Main]]. L'1 de gener del 2002 bitllets i monedes foren posats en circulació, substituint les antigues divises per complet.

Entre el 10 i 13 de juny del 1999 els ciutadans europeus foren cridats a votar per la quarta renovació del Parlament Europeu, on assistí el 49,80% de la població. El grup del Partit Popular Europeu - Demòcrates Europeus obté 233 escons, el [[Partit Socialista Europeu]] 180 escons, l'Aliança dels Demòcrates i Liberals per a Europa 50 escons, el grup europeu d'Els Verds - Aliança Lliure Europea, un grup format per la federació Europea dels Partits Verds i Aliança Lliure Europea, 48 escons, el grup d'esquerra Unitària Europea - Esquerra Verda Nòrdica 42 escons, el grup conservador Unió per a Europa 31 escons, l'Europa de les Democràcies i les diferències, constituït per l'ocasió pel danès Moviment de Juny, els francesos Chasse, Pêche, Nature i Traditions i Combatents per la Sobirania, el neerlandès ChristienUnie, del Partit de la Independència del Regne Unit, la Lliga de les Famílies de Polònia i l'italià Partit Escèptic, 16 escons, i pels altres 8 escons, per un total de 626 escons.

{{Imagen múltiple
 | posición_tabla = right
 | dirección = horizontal
 | ancho = 150
 | título = Política exterior i de seguretat comuna
 | texto = | alineación_texto = | fondo_de_texto =
 | foto1 = Evstafiev-sarajevo-building-burns.jpg
 | texto1 = Parlament de Bòsnia i Hercegovina cremant durant les [[guerres iugoslaves]] | alineación_texto1 = li
 | foto2 = Javier Solana (2007).jpg
 | texto2 = Javier Solana, responsable de la [[política exterior i de seguretat comuna|PESC]] | alineación_texto2 = center
}}

Tanmateix, la debilitat políticomilitar de l'Organització queda plasmada en la seva incapacitat per evitar les [[guerres iugoslaves]], tot i que el desenvolupament de la [[Política Exterior i de Seguretat Comuna]] (PESC) rebé un impuls pels conflictes als Balcans. La UE no reaccionà durant el començament del conflicte i les [[forces de pau de les Nacions Unides]] no pogueren evitar la [[massacre de Srebrenica]] (juliol del 1995) a [[Bòsnia i Hercegovina]], l'assassinat massiu més gran a Europa des de la Segona Guerra Mundial. L'[[OTAN]], finalment hagué d'intervenir a la guerra i portar els combatents a la taula de negociació. El 24 de març del 1999, la situació en Kosovo, dirigit per la declaració de la PESC de la UE a Kosovo i provocà una intervenció de l'OTAN a Kosovo i Sèrbia. Tot i que hi hagué una major participació de la UE en el conflicte de Kosovo que en el conflicte de Bòsnia, el fracàs de la UE per prevenir els conflictes a l'ex-Iugoslàvia, augmentà el desig d'una major eficàcia de la UE en política exterior.ref[http://web.archive.org/web/20070322172854/ec.europa.eu/comm/external_relations/news/patten/speech_00_369.htm Chris Patten: Towards a Common Foreign Policy] ec.europa.eu {{en}}/ref Els principis d'experiència en política exterior de la UE foren destacats al [[Tractat d'Amsterdam]] (que creà l'Alt Representant), que entrà en vigor l'1 de maig del 1999 i la Declaració del 1997 pels líders occidentals de la Unió Europea sobre el paper d'aquesta organització amb l'OTAN.ref[http://www.cvce.eu/obj/the_treaty_of_amsterdam-en-ab5d8747-e9fb-4b7c-b3cf-38815a519248.html The Treaty of Amsterdam] CVCE {{en}}/ref En resposta, el Tractat de Niça reforçà l'Alt Representant i de la cooperació en política exterior.
[[Fitxer:Francfort-Frankfurt Main8634.JPG|thumb|Banc Central Europeu a Frankfurt]]
La labor de la unió fou ombrejada per la crisi pressupostària al març del 1999. El Parlament es negà a aprovar a la Comissió del 1996 el pressupost de la Comunitat per motius de mala gestió financera, frau i nepotisme. El Parlament establí un comitè per examinar la situació, els resultats del qual foren publicats el 15 de març del 1999 i foren molt crítics de la Comissió. Els socialistes, l'únic partit important de suport al executiu, retirà el seu suport a Santer i, amb el Parlament preparar per acomiadar-los, tota la Comissió Santer dimití la mateixa nit de la publicació de l'informe.ref name=Ringe{{ref-web | cognom =Ringer | nom =Nils F. | títol =The Santer Commission Resignation Crisis |editor=University of Pittsburgh | mes =Febrer | any =2003 | url =http://aei.pitt.edu/2919/01/156.pdf | format =PDF | consulta = 09-05-2009 | llengua = anglès}}/refref name=Hoskyns{{ref-llibre|cognom= Hoskyns |nom= Catherine |coautors= Michael Newman |títol= Democratizing the European Union: Issues for the twenty-first Century (Perspectives on Democratization | editorial = Manchester University Press |any= 2000 |pàgines=106–7 | isbn = 978-0719056666 |llengua= anglès}}/ref La crisi produí danys a la posició de la Comissió amb el Consell i el Parlament desafiant la posició de la Comissió en els següents anys.ref name=Topan{{ref-web | cognom = Topan | nom = Angelina | títol= The resignation of the Santer-Commission: the impact of 'trust' and 'reputation' |editor= European Integration online Papers | data = 30-09-2002 | url = http://eiop.or.at/eiop/texte/2002-014.htm | consulta = 09-05-2009 | llengua = anglès}}/ref En resposta, l'organisme de control antifrau, l'[[OELF]], fou ràpidament establert per la Comissió.ref name=OLAF{{ref-web | títol =EU Budget Fraud |editor=politics.co.uk | url =http://www.politics.co.uk/issue-briefs/europe/eu-budget/eu-budget-fraud/eu-budget-fraud-$366701.htm | consulta = 09-05-2009 | llengua = anglès}}/ref

En les eleccions següents, els socialistes perderen la majoria davant el Partit Popular i la Comissió Prodi s'afanyà a establir el nou organisme de lluita contra el frau, l'OELF. Sota els nous poders del Tractat d'Amsterdam, Prodi fou descrit per alguns com a Primer Ministre d'Europa.ref[http://web.archive.org/web/20080127133833/http://www.iht.com/articles/1999/04/16/eu.2.t_0.php Prodi to Have Wide, New Powers as Head of the European Commission] iht.com 16/04/1999 {{en}}/ref El 4 de juny, [[Javier Solana]] fou nomenat [[Secretaria General del Consell de la Unió Europea|Secretari General del Consell]] i l'enfortiment de l'[[Alt representant de la Unió Europea per a Afers exteriors i Política de Seguretat]]. Solana fou també considerat per alguns com el primer ministre de Relacions Exteriors d'Europa.ref[http://www.businessweek.com/1999/99_45/b3654047.htm Javier Solana: Europe's First Foreign Minister?] businessweek.com {{en}}/ref

=== Unió de 27 estats ampliada cap a l'est ===
[[Fitxer:Parada Schumana 2.JPG|thumb|Celebració de la Diada d'Europa a [[Varsòvia]]. El 2004 la UE féu una gran ampliació cap a l'Europa ex-comunista.]]

El [[Tractat de Niça]], que entrà en vigor l'1 de febrer del 2003, féu els preparatius finals abans de l'ampliació del 2004 a deu nous membres: [[Estònia]], [[Letònia]], [[Lituània]], [[Polònia]], [[República Txeca]], [[Hongria]], [[Eslovàquia]], [[Eslovènia]], [[República de Malta]] i [[Xipre]]. Més tard es donà a [[Croàcia]], [[Turquia]] i la [[República de Macedònia]] l'estatus de candidat oficial, que ja tenien [[Romania]] i [[Bulgària]]. Tots els quals (tret d'[[Eslovènia]], [[República de Malta|Malta]] i [[Xipre]]) havien de complir els [[Criteris de Copenhaguen]].

Entre el 10 i el 13 de juny del 2004, els 25 Estats membres participaren en la major elecció transnacional de la història (amb el segon electorat democràtic més gran del món). El resultat de les sisenes eleccions parlamentàries fou una segona victòria pel grup [[Partit Popular Europeu-Demòcrates Europeus]]. També la participació de votants caigué novament per sota del 50%.ref[http://news.bbc.co.uk/1/hi/in_depth/europe/2004/elections_2004/default.stm Vote EU 2004] news.bbc.co.uk {{en}}/ref

El 22 de juliol del 2004, [[José Manuel Barroso]], fou aprovat pel nou Parlament com el pròxim president de la Comissió. Tanmateix, el seu nou equip de 25 comissaris s'enfrontà a una ruta més dura. El Parlament s'oposà a alguns dels seus candidats,per la qual cosa es veié obligat a retirar la seva selecció i tractar una vegada més. La Comissió Prodi hagué d'ampliar el seu mandat pel 22 de novembre després que la nova línia de comissaris fos finalment aprovada.ref[http://www.bmbrussels.be/box_bmnewcomm.php The new commission - some initial thoughts] bmbrussels.b {{en}}/ref
	
Un [[Tractat pel qual s'estableix una Constitució per a Europa|tractat constitucional]] fou signat el 28 d'octubre del 2004. La ratificació del tractat fou iniciada per l'aprovació del Parlament, però alguns estats convocaren referèndums el 2005. El primer fou el que se celebrà a Espanya, on el document fou aprovat amb el 77% de suport. Tanmateix, la ratificació topà amb un obstacle important quan els votants de [[França]] i [[Països Baixos]] rebutjaren el document. Aquesta ratificació en gran mesura s'aturà, amb només uns pocs estats tractant d'aprovar-lo, encara, Luxemburg seguí endavant amb el seu vot i aprovà la constitució amb un 57%. Això no canvià les coses, tanmateix, i els dirigents anunciaren que entrarien en un període de reflexió sobre el rebuig.

[[Fitxer:Tratado de Lisboa 13 12 2007 (081).jpg|thumb|Cerimònia de [[Història del Tractat de Lisboa#Redacció i signatura del document|signatura del Tractat de Lisboa]] al [[Monasteri dels Jerònims]].]]

El 2007 posà fi formalment als líders d'aquest període i signà la [[Declaració de Berlín]] el 25 de març del 2007 (que fou el 50è aniversari dels Tractats de Roma). La declaració tenia per objecte donar un nou impuls a la cerca d'un nou acord institucional per les eleccions del 2009.ref[http://www.dw-world.de/dw/article/0,2144,2418129,00.html EU Leaders Adopt 50th Anniversary Berlin Declaration] [[Deutsche Welle]] 25/03/07 {{en}}/ref Més endavant aquell any, el Consell Europeu acordà que la constitució havia fallat, però la majoria dels seus canvis es mantindrien en una que es modificava en virtut de tractats (en contraposició a un que anava a substituir tots els tractats anteriors i han estat com elements a ell). El 13 de desembre del 2007 fou signat el tractat, batejat com el [[Tractat de Lisboa (2007)|Tractat de Lisboa]]. A diferència de la Constitució, el Tractat de Lisboa només fou sotmès a un referèndum en un estat: Irlanda.

El 2007, la cinquena ampliació es completà amb l'adhesió de Romania i Bulgària l'1 de gener. 53 eurodiputats, el Parlament, juntament amb dos comissaris, pel qual dos nous llocs es crearen en la Comissió. El mateix dia, Eslovènia adoptà l'euro, després que altres candidats com Lituània fossin rebutjats a causa de la inflació.ref{{ref-web |url=http://news.bbc.co.uk/1/hi/business/5086546.stm |títol=Slovenia clear to adopt the euro |editor=[[British Broadcasting Corporation]] | consulta=09-05-2009|llengua=anglès}}/ref Malta i Xipre adoptaren l'euro l'1 de gener del 2008.ref{{ref-web |url=http://www.euractiv.com/en/enlargement/cyprus-malta-set-join-eurozone-2008/article-163836?Ref=RSS |títol=Cyprus and Malta set to join Eurozone in 2008 |editor=euractiv.com |consulta=09-05-2009|llengua=anglès}}/ref Eslovàquia es convertí en el setzè membre de la [[zona euro]] l'1 de gener del 2009. 

Malgrat la constant percepció de crisi que es viu dins de la UE, el seu [[producte interior brut]] és el més gran del món, segons el [[Fons Monetari Internacional]] (FMI). El 2005 [[economia de la Unió Europea|superà per mil milions d'euros el PIB estatunidenc]]. D'altra banda, la [[Relacions exteriors de la Unió Europea|influència politicomilitar de la UE]] comença a prendre força, com ha quedat confirmat amb el seu paper a la crisi que enfronta [[Programa nuclear de l'Iran (crisis diplomàtica 2005-2007)|des de 2005 l'Iran]] i els cinc membres permanents del [[Consell de Seguretat de Nacions Unides]]. A això se suma la [[Guerra de l'Afganistan (2001-present)|presència militar de la UE a l'Afganistan]] i el seu considerable desplegament de forces a l'antiga [[República Federal Socialista de Iugoslàvia]], on la seva intervenció ha sigut determinant en el manteniment de la pau, així com en el procés de secessió. La UE també ha intervingut als conflictes electorals de [[Geòrgia]], [[Ucraïna]] i [[Bielorússia]].

La qüestió europea continua oberta.ref{{ref-web |url= http://www.tatsachen-ueber-deutschland.de/es/historia-y-presente/main-content-03/1990-la-reunificacion.html |títol= Historia y Presente |consulta= 09-05-2009 |editor= La actualidad alemana |llengua= castellà}}/ref

== Cronologia constitucional ==
{{AP|Cronologia de la Unió Europea}}
{| width=100% cellspacing=0 cellpadding=1 style=font-size:88%; line-height:1.2em; text-align:center; margin:0
|- style=vertical-align:top; text-align:left
| style=text-align:right | '''Signat'''br /'''En vigor'''br /'''Document'''
| width=7% style=border-left:1px solid #C7C7C7 | 1948br /1948br /'''Primer Tractat de Brussel·les'''
| width=7% style=border-left:1px solid #C7C7C7 | 1951br /1952br /'''[[Tractat de París (1951)]]'''
| width=7% style=border-left:1px solid #C7C7C7 | 1954br /1955br /'''Segon Tractat de Brussel·les'''
| width=7% style=border-left:1px solid #C7C7C7 | 1957br /1958br /'''[[Tractat de Roma]]'''
| width=7% style=border-left:1px solid #C7C7C7 | 1965br /1967br /'''[[Tractat de fusió de les Comunitats Europees|Tractat de Fusió]]'''
| width=7% style=border-left:1px solid #C7C7C7 | 1975br /N/Abr /'''Declaració sobre la Unión Europea'''
| width=16% style=border-left:1px solid #C7C7C7 | 1986br /1987br /'''[[Acta Única Europea]]'''
| width=12% colspan=2 style=border-left:1px solid #C7C7C7 | 1992br /1993br /'''[[Tractat de Maastricht]]'''
| width=12% style=border-left:1px solid #C7C7C7 | 1997br /1999br /'''[[Tractat d'Amsterdam]]'''
| width=15% style=border-left:1px solid #C7C7C7 | 2001br /2003br /'''[[Tractat de Niça]]'''
| width=10% colspan=2 style=border-left:1px solid #C7C7C7 | [[2007]]br /2009br /'''[[Tractat de Lisboa (2007)]]'''
| rowspan=3 style=padding:0 | [[Fitxer:Pix.gif|1px|buit]]
| rowspan=3 style=padding:0 | [[Fitxer:Pix.gif|1px|buit]]
| rowspan=3 style=padding:0 | [[Fitxer:Pix.gif|1px|buit]]
| rowspan=3 style=padding:0 | [[Fitxer:Pix.gif|1px|buit]]
| rowspan=3 style=padding:0 | [[Fitxer:Pix.gif|1px|buit]]
| rowspan=3 style=padding:0 | [[Fitxer:Pix.gif|1px|buit]]
| rowspan=3 style=padding:0 | [[Fitxer:Pix.gif|1px|buit]]
| rowspan=3 style=padding:0 | [[Fitxer:Pix.gif|1px|buit]]
|- style=line-height:0.5em
| rowspan=13 |  !--no elimineu el  --
| rowspan=9 style=border-left:1px solid #C7C7C7 |  !--no elimineu el  --
| rowspan=4 style=border-left:1px solid #C7C7C7 |  !--no elimineu el  --
| rowspan=4 style=border-left:1px solid #C7C7C7 |  !--no elimineu el  --
| rowspan=3 style=border-left:1px solid #C7C7C7 |  !--no elimineu el  --
| rowspan=2 style=border-left:1px solid #C7C7C7 |  !--no elimineu el  --
| rowspan=2 style=border-left:1px solid #C7C7C7 |  !--no elimineu el  --
| rowspan=2 style=border-left:1px solid #C7C7C7 |  !--no elimineu el  --
| colspan=2 style=border-left:1px solid #C7C7C7 |  !--no elimineu el  --
| style=border-left:1px solid #C7C7C7 |  !--no elimineu el  --
| style=border-left:1px solid #C7C7C7 |  !--no elimineu el  --
| style=border-left:1px solid #C7C7C7 |  !--no elimineu el  --
|-
| colspan=4 style=background:#3C67FF; border-left:3px solid #3C67FF; border-right:3px solid #3C67FF | [[Pilars de la Unió Europea|font color=whiteTres pilars de la Unió Europea:/font]]
| rowspan=2 style=border-left:3px solid #3C67FF |  !--no elimineu el  --
|-
| colspan=3 style=background:#464646; border-left:3px solid #464646; border-right:3px solid #464646 | ''[[Comunitats Europees|font color=whiteComunitats Europees:/font]]''
| colspan=4 style=background:#464646; border-left:3px solid #3C67FF; border-right:3px solid #464646 |  !--no elimineu el  --
|-
| style=background:#42B995 |
| colspan=3 style=background:#42B995; vora solid #464646 | [[Comunitat Europea de l'Energia Atòmica|font color=blackComunitat Europea de l'Energia Atòmica/font]] font color=black(Euratom)/font
| colspan=4 style=background:#42B995; border-left:3px solid #3C67FF; border-right:3px solid #464646 |
| colspan=2 style=background:#52C1A0; padding:0; border-left:3px solid #3C67FF |
| style=background:#67C7AB; padding:0 |
| style=background:#7BCFB7; padding:0 |
| style=background:#92D7C4; padding:0 |
| style=background:#ACDFD2; padding:0 |
| style=background:#C6E8E0; padding:0 |
| style=background:#DBEEEA; padding:0 |
| style=background:#EFF5F5; padding:0 |
|-
| colspan=3 style=background:#93DAE7 |
| colspan=3 style=background:#93DAE7; vora solid #464646 | [[Comunitat Europea del Carbó i de l'Acer|font color=blackComunitat Europea del Carbó i de l'Acer]] font color=black(CECA)/font
| colspan=3 style=text-align:right; background:#93DAE7; padding-right:3px; border-left:3px solid #3C67FF | ''Expirà el 2002''
| style=background:#44B72E; border-right:3px solid #464646 |
| colspan=2 rowspan=6 style=background:#192192; border-left:3px solid #3C67FF | [[Unió Europea|font color=whiteUnió Europea/font]] font color=white(UE)/font
| rowspan=7 style=background:#272F9E; padding:0 |
| rowspan=7 style=background:#3A42AE; padding:0 |
| rowspan=7 style=background:#5159BB; padding:0 |
| rowspan=7 style=background:#6A71C8; padding:0 |
| rowspan=7 style=background:#8A90D7; padding:0 |
| rowspan=7 style=background:#A8ACE3; padding:0 |
| rowspan=7 style=background:#D1D4F1; padding:0 |
| rowspan=7 style=background:#EFF0F6; padding:0 |
|-
| rowspan=4 style=border-left:1px solid #C7C7C7 |  !--no elimineu el  --
| rowspan=4 style=border-left:1px solid #C7C7C7 |  !--no elimineu el  --
| style=background:#5FCF4D |
| colspan=3 style=background:#5FCF4D; border-left:3px solid #464646; border-bottom:3px solid #464646 | [[Comunitat Econòmica Europea|font color=blackComunitat Econòmica Europea/font]] font color=black(CEE)/font
| colspan=2 style=background:#44B72E; border-left:3px solid #3C67FF; border-bottom:3px solid #464646 |
| rowspan=2 colspan=2 style=background:#44B72E; border-right:3px solid #464646; border-bottom:3px solid #464646 | [[Comunitat Europea|font color=blackComunitat Europea/font]] font color=black(CE)/font
|-
| rowspan=3 style=border-left:1px solid #C7C7C7 |  !--no elimineu el  --
| rowspan=3 style=border-left:1px solid #C7C7C7 |  !--no elimineu el  --
| rowspan=2 colspan=2 style=background:#FFFF97; border:3px dotted #464646 | [[TREVI|font color=blackTREVI/font]]
| rowspan=2 style=background:#E6E600; border-left:3px solid #3C67FF | [[Espai de Llibertat, Seguretat i Justícia|font color=blackAfers de Justícia i d'Interior/font]] font color=black(AJI)/font
| style=background:#E6E600; border-right:3px solid #464646 |  !--no elimineu el  --
|-
| style=background:#E6E600 |  !--no elimineu el  --
| colspan=2 style=background:#D4BE00 | [[Cooperació Judicial i Policial en Matèria Penal|font color=blackCooperación Judicial i Policial en Matèria Penal/font]] font color=black(CJPP)/font
|-
| style=border-left:1px solid #C7C7C7 |  !--no elimineu el  --
| style=background:#CA7FC8; border:3px dotted #464646 | [[Cooperació Política Europea|font color=blackCooperació Política Europea/font]] font color=black(CPE)/font
| colspan=4 style=background:#AD76C9; border-left:3px solid #3C67FF | [[Política Exterior i de Seguretat Comuna|font color=blackPolítica Exterior i de Seguretat Comuna/font]] font color=black(PESC)/font
|-
| rowspan=2 colspan=2 style=background:#A3C5DC | ''Òrgans no consolidats''
| rowspan=2 colspan=5 style=background:#7AA7CB | [[Unió Europea Occidental|font color=blackUnió Europea Occidental/font]] font color=black(UEO)/font
| colspan=2 rowspan=2 style=background:#7AA7CB; border-top:3px solid #3C67FF |  !--no elimineu el  --
| colspan=2 style=background:#AD76C9; border-left:3px solid #3C67FF; border-bottom:3px solid #3C67FF |  !--no elimineu el--
|-
| colspan=3 style=text-align:right; background:#7AA7CB; padding-right:3px | ''Expirà el 2010''
| style=background:#192192|  
|- style=line-height:1em
| style=border-left:1px solid #C7C7C7 |  !--no elimineu el  --
| style=border-left:1px solid #C7C7C7 |  !--no elimineu el  --
| style=border-left:1px solid #C7C7C7 |  !--no elimineu el  --
| style=border-left:1px solid #C7C7C7 |  !--no elimineu el  --
| style=border-left:1px solid #C7C7C7 |  !--no elimineu el  --
| style=border-left:1px solid #C7C7C7 |  !--no elimineu el  --
| style=border-left:1px solid #C7C7C7 |  !--no elimineu el  --
| colspan=2 style=border-left:1px solid #C7C7C7 |  !--no elimineu el  --
| style=border-left:1px solid #C7C7C7 |  !--no elimineu el  --
| style=border-left:1px solid #C7C7C7 |  !--no elimineu el  --
| colspan=9 style=border-left:1px solid #C7C7C7 |  
|}noinclude

== Referències ==
{{Referències|2}}

== Bibliografia ==
* Carlos Fco. Molina del Pozo, Derecho Comunitario, ed. Cálamo, 2004, ISBN 84-95860-27-9 {{es}}
* Donato Fernández Navarrete, Fundamentos Económicos de la Unión Europea, 2007, ISBN 978-84-9732-568-4 {{es}}
* [[Tony Judt]], Postguerra Una historia de Europa desde 1945, 2005, ISBN 978-84-672-2509-9 {{es}}
* Francisco Aldecoa Luzarraga: La integración europea: análisis histórico-institucional con textos y documentos. 2 vol. Madrid: Tecnos, 2000, ISBN 9788430937806 {{es}}

== Enllaços externs ==
{{Commonscat}}
* [http://europa.eu/abc/history/index_es.htm Història oficial de la Unió Europea] - Europa.eu

{{Unió Europea}}
{{Enllaç AD|sr}}


{{ORDENA:Historia De La Unio Europea}}	!--ORDENA generat per bot--
[[Categoria:Història de la Unió Europea| ]]</text>
      <sha1>671exjmglzm37varsy3ks84yym9qxno</sha1>
      <model>wikitext</model>
      <format>text/x-wiki</format>
    </revision>
  </page>