<page>
    <title>Captura del doble comboi anglès de 1780</title>
    <ns>0</ns>
    <id>1021936</id>
    <revision>
      <id>13238142</id>
      <parentid>12786126</parentid>
      <timestamp>2014-04-17T08:32:40Z</timestamp>
      <contributor>
        <username>Sodacan</username>
        <id>30996</id>
      </contributor>
      <comment>Historically accurate redition ([[Commons:Commons:GlobalReplace|GlobalReplace v0.3]])</comment>
      <text>{{FixHTML|begin}}
{{Infotaula conflicte militar
|nom_de_la_batalla = Captura del doble comboi anglès de 1780
|imatge = [[Fitxer:Santisima Trinidad.jpg|300px|Navili '' Santíssima Trinitat '', vaixell insígnia de l'esquadra espanyola responsable de la captura de 52 vaixells anglesos el 9 d'agost de 1780.]]
|peu_de_foto = Navili '' Santíssima Trinitat '', vaixell insígnia de l'esquadra espanyola responsable de la captura de 52 vaixells anglesos el 9 d'agost de 1780.
|conflicte = [[Guerra d'Independència dels Estats Units]] br[[Guerra anglo-espanyola (1779-1783)]]
|data = [[9 d'agost]] de [[1780]]
|lloc = [[Oceà Atlàntic]]
|resultat = Victòria espanyola. br/ Captura de 52 vaixells destinats a reforçar les guerres colonials angleses. Important cop logístic i moral contra Anglaterra.
|bàndol1 =[[Fitxer:Bandera de España 1760-1785.svg|25px|border|Regne d'Espanya]] [[Regne d'Espanya]]br/ [[Fitxer:Royal Standard of the King of France.svg|20px|border|Regne de França]] [[Regne de França]]
|bàndol2 =[[Fitxer:Union flag 1606 (Kings Colors).svg|25px|border|Imperi britànic]] [[Regne de la Gran Bretanya]]
|general1 =[[Fitxer:Bandera de España 1760-1785.svg|25px|border|Regne d'Espanya]] [[Luis de Córdova y Córdova]] br/[[Fitxer:Bandera de España 1760-1785.svg|25px|border|Regne d'Espanya]] [[José de Mazarredo]]
|general2 =[[Fitxer:Union flag 1606 (Kings Colors).svg|25px|border|Imperi britànic]] [[John Montray]]
|força_numèrica1 = ''' Espanya ''' br/ 27 [[Navili de línia|navilis de línia]] br/ 4 [[fragata]]s br/ 2 altres br/ ''' França ''' br/ 9 Navilis de línia br/ 1 Fragata
|força_numèrica2 = 1 navili de línia br/ 2 fragates br/ 55 transports armats
|baixes1 = Cap
|baixes2 = 36 fragates capturades br/ 10 [[Bergantí|bergantins]] capturats br/ 6 [[Pailebot]]s capturats br/ '''Total:''' 52 vaixells br/ 1.350 mariners capturats br/ 1.357 oficials i soldats d'infanteria capturats br/ 286 civils capturats br/ ''' Total: ''' 2.943 presoners br/ 80.000 [[mosquet]]s br/ 3.000 barrils de [[pólvora]] br/ Vestimenta i equipació per a 12 [[regiment]]s d'infanteria br/ Gran quantitat de provisions per a les flotes de l'[[Oceà Índic]] i d'[[Amèrica]] br/ 1 milió de [[lliura esterlina|lliures]] en or
}}
{{FixHTML|mid}}
{{Guerra angloespanyola}}
{{FixHTML|end}}
La '''captura del doble comboi anglès de 1780''' o '''Batalla del Cap de Santa Maria (1780)''' es va produir en el marc de la [[Guerra d'Independència dels Estats Units]], quan partint de la informació proporcionada pels serveis d'intel·ligència espanyols, una flota combinada hispanofrancesa al comandament del director general de l'[[Armada Espanyola]], [[Luis de Córdova y Córdova]], va aconseguir capturar gairebé sense resistència i quan encara no s'havien separat a dos combois anglesos, un amb destinació a l'[[Índia]] i un altre amb destinació a [[Amèrica]], que carregats de tropes, pertrets i armes es dirigien a donar suport a les guerres colonials angleses a ultramar.

Les pèrdues van suposar per al [[Regne Unit]] el major desastre logístic de la seva història naval,ref{{ref-llibre |cognom= |nom= |títol=The London Encyclopaedia, Or Universal Dictionary Of Science, Art, Literature And Practical Mechanics, Comprising A Popular View Of The Present State Of Knowledge, Vol X |llengua=anglès |editorial=Thomas Tegg Publishing |data=1829 |pàgines=p.483 |isbn=}}/refrefThe encyclopaedia of London, /ref superant fins i tot al sofert pel comboi PQ 17, perdut davant forces alemanyes més d'un segle i mig després, durant la [[Segona Guerra Mundial]]. El nombre de vaixells i homes capturats, així com la quantitat de més d'un milió de [[lliura esterlina|lliures esterlines]] en lingots i monedes d'or que van passar a mans espanyoles, van provocar fortes pèrdues en la borsa de [[Londres]], el que va perjudicar greument les finances per poder sostenir les llunyanes guerres que lliurava.ref{{ref-llibre |cognom=Guthrie |nom=William |títol=A New Geographical, Historical And Commercial Grammar And Present State Of The World.Complete With 30 Fold Out Maps - All Present |llengua=anglès |editorial=J. Johnson Publishing |data=1808 |pàgines=p.354 |isbn=}}/refref{{ref-llibre |cognom=Ramsay |nom=David |títol=Universal History Americanized, or an Historical View of the World from the Earliest Records to the Nineteenth Century, with a Particular Reference to the State of Society, Literature, Religion, and Form of Government of the United States of America. Vol. VI |llengua=anglès |editorial=M.Carey and son |data=1819 |pàgines=p.184 |isbn=}}/refref{{ref-llibre |cognom=Bisset |nom=Robert |títol=The History of the Reign of George Iii. to Which Is Prefixed, a View of the Progressive Improvement of England, in Prosperity and Strength, to the Accession of His Majesty. Vol III |llengua=anglès |editorial= |data=1820 |pàgines=p.46 |isbn=}}/ref

== Referències ==
{{referències}}

== Bibliografia ==
* La revista militar: diari d'art, ciència i literatura militar, Volum 8 1851]
* [http://www.todoababor.es/datos_docum/presas_1780.htm web todoababor]

{{cal coor|type=event}}
{{ORDENA:Captura Del Doble Comboi Angles De 1780}}
[[Categoria:Batalles de la Guerra d'Independència dels Estats Units]]</text>
      <sha1>grq5zdxy1iqgt123985mby6ytj58fjj</sha1>
      <model>wikitext</model>
      <format>text/x-wiki</format>
    </revision>
  </page>