<page>
    <title>Hastings (Nova Zelanda)</title>
    <ns>0</ns>
    <id>1022600</id>
    <revision>
      <id>13712307</id>
      <parentid>13613359</parentid>
      <timestamp>2014-06-30T09:21:45Z</timestamp>
      <contributor>
        <username>Langtoolbot</username>
        <id>128552</id>
      </contributor>
      <minor></minor>
      <comment>Corregit: coneguts com als  coneguts com els</comment>
      <text>{{Infotaula de municipi| de
| Hastings
| topònim               = Heretaunga ([[maori]])
| oficial               = Hastings
| escut                 = 
| bandera               = 
| localització          = center{{Location map|Nova Zelanda|float = none|label = Hastings|caption = Localització de Hastings a Nova Zelanda|lon_dir=E|lat_dir=S|lat_deg =39|lat_min =39|lat_sec =0|lon_deg = 176|lon_min = 50|lon_sec = 0|position=right}}/center
| subtítol              = 
| fotografia            = Hastings District from Peak.jpg
| fotografia_descripció = Vista des d'un turó de Hastings
| fotografia_mida       = 220px
| admin_tipus1          = [[Estat]]
| admin1                = {{bandera|NZL}} [[Nova Zelanda]]
| admin_tipus2          = [[Illes de Nova Zelanda|Illa]]
| admin2                = [[Illa del Nord|Nord]]
| admin_tipus3          = [[Regions de Nova Zelanda|Regió]]
| admin3                = [[Hawke's Bay]]
| admin_tipus4          = [[Districtes de Nova Zelanda|Districte]]
| admin4                = Hastings
| admin_tipus5          = 
| admin5                = 
| admin_tipus6          = 
| admin6                = 
| gentilicis            = 
| població              = 75.500
| any_cens              = 2011ref name='est2011'{{en}} «[http://www.stats.govt.nz/browse_for_stats/population/estimates_and_projections/subnational-pop-estimates-tables.aspx Subnational population estimates at 30 June 2011 (boundaries at 1 July 2011)]». [[Statistics New Zealand]]. [Consulta: 19/08/2012.]/ref
| superfície            = 5229
| altitud               = 
| codi_postal           = 4120, 4122
| coordenades           = {{coord|39|39|0|S|176|50|0|E| display=inline,title}} 
| distància1            = 252,42
| dist_ref1             = [[Wellington]]ref{{en}} «[http://distancecalculator.globefeed.com/New_Zealand_Distance_Result.asp?fromplace=Hastings%20%28%29toplace=Wellington%20%28Wellington%29fromlat=-39.65tolat=-41.3fromlng=176.8333333tolng=174.7833333 Distance between Hastings and Wellington (Wellington) (New Zealand)]». Globefeed.com. [Consulta: 19/08/2012.]/ref
| distància2            = 358,21
| dist_ref2             = [[Auckland]]ref{{en}} «[http://distancecalculator.globefeed.com/New_Zealand_Distance_Result.asp?fromplace=Hastings%20%28%29toplace=Auckland%20%28Auckland%29fromlat=-39.65tolat=-36.8666667fromlng=176.8333333tolng=174.7666667 Distance between Hastings and Auckland (Auckland) (New Zealand)]». Globefeed.com. [Consulta: 19/08/2012.]/ref
| distància3            = 555,20
| dist_ref3             = [[Christchurch]]ref{{en}} «[http://distancecalculator.globefeed.com/New_Zealand_Distance_Result.asp?fromplace=Hastings%20%28%29toplace=Christchurch%20%28Canterbury%29fromlat=-39.65tolat=-43.5333333fromlng=176.8333333tolng=172.6333333 Distance between Hastings and Christchurch (Canterbury) (New Zealand)]». Globefeed.com. [Consulta: 19/08/2012.]/ref
| nuclis                = 
| concepte_llengua      = 
| llengua               = 
| pressupost            = 
| pressupost_any        = 
| dirigent_tipus1       = [[Alcalde]]
| dirigent1             = [[Lawrence Yule]]
| opció_nom1            = 
| opció1                = 
| opció_nom2            = 
| opció2                = 
| opció_nom3            = 
| opció3                = 
| web                   = [http://www.hastingsdc.govt.nz/ www.hastingsdc.govt.nz]
}}
'''Hastings''' (en [[maori]]: '''Heretaunga''') és una ciutat [[Nova Zelanda|neozelandesa]] localitzada a la regió de [[Hawke's Bay]]. Amb una població de 75.500 habitants, és la ciutat més gran de la regió.ref name='est2011'/ Hastings té una història de ser una àrea que produeix aliments i vi.

==Història==
===Història maori===
Els [[maoris]] van arribar a Hastings i Hawke's Bay al voltant del segle XIV, on viurien a les valls de rius i al llarg de la costa on hi havia suficients aliments. Es creu que els maoris arribaren a Hastings amb canoes, viatjant al llarg de la costa des del nord, desembarcant a [[Wairoa]], l'[[Illa de Portland (Nova Zelanda)|illa de Portland]], la llacuna d'Ahuriri a [[Westshore (Nova Zelanda)|Westshore]] i a [[Waimarama]]. La seva cultura va florir, juntament amb la gradual desforestació de la terra. Al segle XVI Taraia, besnét del prolífic Kahungunu, va establir l'[[iwi]] de [[Ngāti Kahungunu]], el qual eventualment colonitzaria la costa est de l'illa del Nord des de [[Poverty Bay]] fins a [[Wairarapa]]. Aquesta iwi va ser de les primerers en fer contacte amb els colonitzadors europeus.

===Colonitzadors europeus===
[[Fitxer:Warren Hastings greyscale.jpg|thumb|right|[[Warren Hastings]]]]
Els propietaris maoris van arrendar aproximadament setanta quilòmetres quadrats de les [[planes de Heretaunga]] a Thomas Tanner el 1867; Tanner des del 1864 estava intentant comprar terra dels maoris. El 1870, dotze persones, coneguts com els «dotze apòstols», van formar un sindicat per a comprar la terra per unes 370[[Lliura neozelandesa|£]] per quilòmetre quadrat. El nom original de Hastings era Karamu.

El 1871 el govern de Nova Zelanda va decidir encaminar la nova línia de ferrocarril del sud de [[Napier]] a través d'un encreuament al centre de les planes de Heretaunga. Aquesta localització es trobava en les terres de Francis Hicks. L'encreuament de Karamu va ser reanomenat encreuament de Hastings el 1873. El 7 de juny de 1973 el ''Hawke's Bay Herald'' va informar que el nou nom seria Hastings tot i que aquest nom era desconegut per part dels ciutadans fins aleshores. Exactament qui decidí el nom es disputa, però Thomas Tanner va reclamar que aquest fou ell i que el nom se li va inspirar al llegir sobre el judici de [[Warren Hastings]]. El 1874 el primer tren va fer el viatge de dinou quilòmetres entre Napier i Hastings. Un gran avanç per a l'economia local va ocórrer el 1881 quan Edward Newbigin va crear una fàbrica de cervesa. El 20 d'octubre de 1886, amb una població d'unes sis-centes persones, Hastings va esdevenir oficialment un poble. El 1918 quasi tres-centes persones moriren per una epidèmia de grip mentre que l'any següent, el 1919, Hastings començaria a utilitzar electricitat.

===Terratrèmol de 1931===
El 3 de febrer de 1931 a les 10:47 del matí gran part de Hastings i Napier van ser devastades per [[Terratrèmol de Hawke's Bay de 1931|un terratrèmol]] de 7,8 a l'[[escala de Richter]]. El centre del poble va veure col·lapsat diversos edificis i els focs conseqüents mataren a 258 persones (93 a Hastings). El centre del poble va ser destruït pel terratrèmol i subseqüentment va ser reconstruït amb un estil arquitectònic [[Art déco]]. Tot i que Napier va ser més afectada pel terratrèmol, els edificis col·lapsats al centre del poble com ara el Roaches' Departament Store al carrer Heretaunga van veure disset persones mortes.

===Història moderna===
[[Fitxer:Hastings CBD.JPG|thumb|left|Centre urbà de Hastings]]
Durant la [[Segona Guerra Mundial]], tropes [[Aliats de la Segona Guerra Mundial|aliades]] van ser allotjades a l'Army, Navy and Air Force (ANA) Club, a més de en cases privades. 150 tropes de Hastings van anar a la Segona Guerra Mundial. El 1954 Hastings va ser la primera ciutat a Nova Zelanda a introduir aigua fluorada arreu de la ciutat. La intenció era de comparar l'efecte en la càries amb l'aigua no fluorada de Napier en un termini de deu anys. L'estudi va ser criticat pel seu mètode i resultats, i és encara controversial avui en dia.

El 10 de setembre de 1960 la desfilada de les flors de Hastings, o ''Hastings Blossom Parade'', aleshores un esdeveniment significant nacionalment, va ser cancel·lada a les 11 del matí per primer cop en la seva història degut a la pluja. Els numerosos assistents van beure alcohol a diversos bars locals tot el matí fins que una desfilada no oficial va començar a les 2 de la tarda, en què disturbis arreu de la ciutat iniciaren mentre que la policia va començar a detenir aquells que estaven beguts en públic. Aquest esdeveniment era un esdeveniment conegut arreu de Nova Zelanda i els disturbis van ser a les notícies nacionalment.

Hastings va començar a créixer ràpidament en les dècades de 1960 i 1970 (fins i tot arribant a ésser la ciutat que més ràpidament creixia nacionalment), i es van veure diversos conflictes sobre l'expansió urbana en territori agrari. [[Flaxmere]] va ser establert com a un poble satèl·lit per a albergar nous habitants de l'àrea urbana i va ser construït a les ribes del [[riu Ngaruroro]]. Tot i que la terra es veia com a pobra aleshores, subseqüentment va augmentar en valor, i ara forma part de la regió vinícola Gimblett Gravels. L'economia nacionalment començant a declinar als finals de la dècada de 1970, juntament amb reformes agriculturals per part del govern, van veure a Hastings declinar econòmicament amb alt atur i baix augment econòmic. No fou fins als finals de la dècada de 1990 que a Hastings es capgirés l'economia local.

==Demografia==
{| border=2 cellpadding=2 cellspacing=0 style=float:left; margin:0 1em 0 0; background: #f9f9f9; border: 1px #aaa solid; border-collapse: collapse; font-size: 95%;
|-
! colspan=3 align=center bgcolor=#CDCDCD | Evolució demogràfica de Hamiltonref{{en}} «[http://www.stats.govt.nz/browse_for_stats/population/estimates_and_projections/subnational-population-estimates-info-releases.aspx Subnational Population Estimates]». [[Statistics New Zealand]]. [Consulta: 19/08/2012.]/refref{{en}} «[http://www.stats.govt.nz/Census.aspx Census]». [[Statistics New Zealand]]. [Consulta: 19/08/2012.]/ref
|- align=center bgcolor=#D5D5D5
! ''Any''
! ''Població''
! ''Creixement''
|- align=right
|1996
|66.279
||
|- align=right
|1999
|68.100
||+2,7%
|- align=right
|2000
|68.100
||+0,0%
|- align=right
|2001
|67.428
||-1,0%
|- align=right
|2002
|70.200
||+4,1%
|- align=right
|2003
|70.600
||+0,6%
|- align=right
|2004
|71.100
||+0,7%
|- align=right
|2005
|71.400
||+0,3%
|- align=right
|2006
|70.842
||-0,8%
|- align=right
|2007
|73.600
||+3,9%
|- align=right
|2008
|73.900
||+0,4%
|- align=right
|2009
|74.300
||+0,6%
|- align=right
|2010
|75.100
||+1,1%
|- align=right
|2011
|75.500
||+0,6%
|}
Segons el cens de 2006 Hastings tenia una població de 70.842 habitants, un augment de 3.414 habitants (5,1%) des del cens de 2001. Hi havia 25.557 llars habitades,  1.920 llars no habitades i 273 llars en construcció.ref name='cens2006'{{en}} «[http://www.stats.govt.nz/Census/2006CensusHomePage/QuickStats/AboutAPlace/SnapShot.aspx?id=2000030type=taParentID=1000006 QuickStats About Hastings District]». [[Statistics New Zealand]]. [Consulta: 19/08/2012.]/ref

De la població de Hastings, 34.440 (48,6%) eren homes i 36.402 (51,4%) eren dones. La ciutat tenia una edat mediana de 36,6 anys, 0,7 anys més que la mediana nacional de 35,9 anys. Les persones majors de 64 anys el 12,8% de la població, comparat amb el 12,3% nacionalment; les persones menors de 15 anys formaven el 24,1% de la població, comparat amb el 21,5% nacionalment.ref name='cens2006'/

Les ètnies de Hastings eren (amb figures nacionals en parèntesis): 67,0% europeus (67,6%); 23,8% [[maoris]] (14,7%); 2,9% asiàtics (9,2%); 5,1% illencs pacífics (6,9%); 0,5% de l'Orient Pròxim, Llatinoamèrica o Àfrica (0,9%); 11,9% autodenominats 'neozelandesos' (11,1%) i 0,0% altres (0,0%).ref name='cens2006'/

Hastings tenia un atur de 4,6% per persones majors de 14 anys, menys que la figura nacional de 5,1%. El sou anual de persones majors de 14 anys era de 22.600$, comparat amb 24.400$ nacionalment. D'aquestes, un 45,5% tenien un sou anual de menys de 20.001$, comparat amb 43,2% nacionalment; mentres que un 14,4% tenien un sou anual d'igual o de més de 50.000$, comparat amb un 18,0% nacionalment.ref name='cens2006'/

==Clima==
{{Clima 
|lloc       = Hastings

|gen_max    =25.5
|feb_max    =25.4
|mar_max    =23.6
|abr_max    = 20.7
|mai_max    = 17.1
|jun_max    = 14.4
|jul_max    = 13.9
|ago_max    = 14.9
|set_max    = 17.5
|oct_max    = 20
|nov_max    = 22.3
|des_max    = 24.1
|anual_max  = 20

|gen_min    = 13.7
|feb_min    = 14.0
|mar_min    = 12.2
|abr_min    = 9.1
|mai_min    = 6.7
|jun_min    = 3.9
|jul_min    = 3.6
|ago_min    = 4.8
|set_min    = 6.1
|oct_min    = 8.0
|nov_min    = 10.4
|des_min    = 12.6
|anual_min  = 8.8

|gen_precip   = 66
|feb_precip   = 53
|mar_precip   = 61
|abr_precip   = 48
|mai_precip   = 81
|jun_precip   = 79
|jul_precip   = 64
|ago_precip   = 86
|set_precip   = 46
|oct_precip   = 46
|nov_precip   = 41
|des_precip   = 53
|anual_precip = 724

|font       =NIWA Climate Dataref{{en}} «[http://www.niwascience.co.nz/edu/resources/climate/ Climate Data]». NIWA. [Consulta: 05/08/2012.]/ref
}}

==Política==
Nacionalment, Hastings es localitza a la [[circumscripcions electorals de Nova Zelanda|circumscripció electoral general]] de [[Tukituki (circumscripció electoral)|Tukituki]] i a la [[circumscripció electoral maori]] d'[[Ikaroa-Rāwhiti]] de la [[Cambra de Representants de Nova Zelanda]].ref{{en}} «[http://www.elections.org.nz/mapping/ Electorate Boundaries]». [[Comissió Electoral (Nova Zelanda)|Comissió Electoral]]. [Consulta: 19/08/2012.]/ref

Tukituki es considera una circumscripció políticament de centre. Des de les [[eleccions generals neozelandeses de 2005|eleccions de 2005]] ha guanyat sempre el [[Partit Nacional de Nova Zelanda|Partit Nacional]], i el [[Partit Laborista de Nova Zelanda|Partit Laborista]] no ha guanyat des de les [[eleccions generals neozelandeses de 2002|eleccions de 2002]]. Des de les eleccions de 2005 ha guanyat sempre [[Craig Foss]]. En les [[eleccions generals neozelandeses de 2011|eleccions de 2011]] Foss guanyà amb el 58,42% del vot de la circumscripció. En segon lloc quedà Julia Haydon-Carr del Partit Laborista amb el 29,30% del vot.ref{{en}} «[http://electionresults.govt.nz/electionresults_2011/electorate-53.html Official Count Results -- Tukituki]». [[Comissió Electoral (Nova Zelanda)|Comissió Electoral]]. [Consulta: 19/08/2012.]/ref

Ikaroa-Rāwhiti, per altra banda, es considera una circumscripció electoral de centreesquerra. Des de les [[eleccions generals neozelandeses de 1999|eleccions de 1999]], primeres eleccions en què existí la circumscripció, ha guanyat sempre el Partit Laborista. Des de l'[[elecció parcial d'Ikaroa-Rāwhiti de 2013]] la circumscripció és representada per [[Meka Whaitiri]]. Whaitiri guanyà aquesta elecció amb el 41,52% del vot; en segon lloc quedà Te Hāmua Nikora del [[Partit Mana]] amb el 24,78% del vot.ref{{en}} «[http://www.electionresults.govt.nz/2013_ikaroa_rawhiti_byelection/electorate-65.html By-Election Results -- Ikaroa-Rāwhiti]». [[Comissió Electoral (Nova Zelanda)|Comissió Electoral]]. [Consulta: 30/06/2013.]/ref

==Ciutats agermanades==
Hastings està agermanada amb una ciutat:
*{{bandera|Xina}} [[Guilin]] ([[República Popular de la Xina|Xina]])

==Referències==
{{referències|2}}

==Enllaços externs==
{{Commonscat|Hastings, New Zealand}}
*{{en}} [http://www.hastingsdc.govt.nz/ Pàgina web oficial del consell del districte de Hastings]
*{{en}} [http://www.hawkesbaynz.com/ Pàgina web oficial turística de la regió de Hawke's Bay]

[[Categoria:Ciutats de Nova Zelanda]]</text>
      <sha1>iugnjzel9pziihiblxoynmifc075u42</sha1>
      <model>wikitext</model>
      <format>text/x-wiki</format>
    </revision>
  </page>