<page>
    <title>Friedrich Wilhelm von Lindeiner-Wildau</title>
    <ns>0</ns>
    <id>1024384</id>
    <revision>
      <id>13650102</id>
      <parentid>13551449</parentid>
      <timestamp>2014-06-23T11:28:20Z</timestamp>
      <contributor>
        <username>Langtoolbot</username>
        <id>128552</id>
      </contributor>
      <minor></minor>
      <comment>Correcció tipogràfica: espais sobrants</comment>
      <text>{{VPHISMILCAT Infotaula biografia militar 
|name= Friedrich Wilhelm von Lindeiner
|lived= {{data naixement|1880|12|12}} – {{data defunció i edat|1963|5|22|1880|12|12}} 
|placeofbirth= [[File:Flag of Prussia 1892-1918.svg|border|link=|20px]] [[Kłodzko|Glatz]], [[Baixa Silèsia]]
|placeofdeath=  
|image=  [[Image:Vonlin.jpg|200px|Wilhelm von Lindeiner genannt von Wildau as Kommandant of Stalag Luft III]]
|caption= Friedrich Wilhelm von Lindeiner
|nickname=  
|allegiance= [[Fitxer:Flag of the German Empire.svg|20px|Bandera de l'Imperi Alemany]] [[Imperi Alemany]] (fins a 1918)br /[[Fitxer:Flag of Germany.svg|20px|Alemanya]] [[República de Weimar]] (fins a 1933)br /[[Fitxer:Flag of Germany 1933.svg|20px|Bandera d'Alemanya (1933)]] [[Alemanya Nazi]] br {{bandera|Alemanya}} [[Alemanya]]
|branch= [[Fitxer:Kaiserliche Kriegsflagge.png|23px|Marina Imperial Alemanya]] [[Exèrcit Alemany (Imperi Alemany)|Exèrcit Imperial Alemany]]br [[Fitxer:Balkenkreuz.svg|23px|Wehrmacht]] [[Luftwaffe]]
|serviceyears=[[1898]] – [[1945]] 
|rank=[[Fitxer: Luftwaffe epaulette Oberst.png|30px|General Major]] [[Coronel|Oberst]]
|commands= [[Stalag Luft III]]
|battles= [[I Guerra Mundial]]br /[[Segona Guerra Mundial|II Guerra Mundial]]
|awards=[[Pour le Mérite]] br [[Creu de Ferro|Creu de Ferro de 1a classe]]
|laterwork= 
|portrayedby=
}}

L'[[coronel|Oberst]] '''Friedrich Wilhelm Gustav von Lindeiner genannt von Wildau''' (12 de desembre de 1880-22 de maig de 1963)  va ser oficial d'[[estat major]] [[Imperi alemany|alemany]] durant la [[I Guerra Mundial]]; conegut principalment per ser el ''Kommandant'' del [[Stalag Luft III]] durant la [[Segona Guerra Mundial]], famós per una fugida massiva de presoners narrada a la pel·lícula ''[[La gran evasió]]''.

== Carrera militar == 
Friedrich Wilhelm von Lindeiner genannt von Wildau va néixer a [[Kłodzko|Glatz]] el 1880. Ingressà al ''[[3r de Guàrdies a Peu (Imperi alemany)|3. Garde-Regiment zu Fuß]]'' com a tinent de 2a en graduar-se al Cos de Cadets el 15 de març de 1898. L'1 de maig de 1902 abandonà l'[[exèrcit prussià]] i l'endemà ingressà al ''[[Schutztruppe]]'' per a l'[[Àfrica Oriental Alemanya]]. Allà, serví com a ajudant de [[Gustav Adolf von Götzen]], el governador de l'Àfrica Oriental Alemanya, entre el 20 de juny i el 13 de setembre de 1905i com a ajudant al Quarter General del ''Schutztruppe'' per l'Àfrica Oriental Alemanya entre el 7 de setembre i l'11 d'octubre de 1906. Va participar en la sufocació de la [[rebel·lió Maji Maji]], per la que rebria la [[Pour le Mérite]] i l'[[Orde de la Corona (Prússia)|orde prussià de la Corona de 4a classe amb Espases]]. Abandonà el servei al ''Schutztruppe'' el 31 de juliol de 1908 i tornà a l'exèrcit prussià l'endemà, amb una promoció simultània a ''[[Tinent|Oberleutnant]]'', sent destinat al [[4t Regiment de Guàrdies a Peu (Imperi alemany)|4. ''Garde-Regiment zu Fuß'']].

El 20 de juliol de 1912, promogut a ''[[capital|Hauptmann]]'', von Lindeiner-Wildau va ser nomenat comandant de l'11a companyia del [[1r Regiment de Guàrdies a Peu (Imperi alemany)|1. ''Garde-Regiment zu Fuß'']]. El 10 d'agost de 1914 va ser nomenat comandant del  ''Infanterie-Stabswache'' (Guàrdia d'Infanteria de l'Estat Major) al Quarter General del Kàiser. El 19 de setembre tornà al seu regiment com a comandant de l'11a companyia, sent ferit durant la [[Primera batalla d'Ypres]] el 17 de novembre de 1914. Tornà al servei actiu el 13 d'abril de 1915, assumint el comandament de la 5a companyia del regiment, i el 27 de maig passà a comandar el segon batalló. Tornà a ser ferit en la persecució entre el [[riu Bug]] i [[Jasiolda]] el 29 d'agost de 1915. En tornar al servei actiu von Lindeiner-Wildau assumí el comandament del batalló de ''[[Füsilier]]'' del [[1r Regiment de Guàrdies a Peu (Imperi alemany)|1. ''Garde-Regiment zu Fuß'']] i tornà a ser ferit, aquest cop seriosament, el 5 de desembre de 1915 lluitant a Roye-Noyon.

El 24 de setembre de 1914 von Lindeiner-Wildau va ser destinat al ''Etappen-Inspektion 5'' (Inspectorat de les Línies de Comunicació), i el 4 d'octubre de 1916 va ser nomenat ajudant personal del Príncep [[Joaquim de Prússia]]. En tornar al seu regiment el 30 d'octubre de 1917 esdevingué ajudant del Governador de Riga-Dünamünde. Nomenat ajudant del el 23 d'abril de 1918, va ser promogut a [[Major (grau militar)|Major]] el 15 de juliol de 1918. El seu darrer nomenament durant la [[I Guerra Mundial|guerra]] va ser ajudant del 4t Exèrcit, un càrrec que assumí el 8 de novembre de 1918.

Després de l'[[Armistici de Compiegne de 1918|armistici]] von Lindeiner-Wildau va dirigir el punt de recollida a [[Postdam]] a la Unitat de Voluntaris de Protecció Fronterera de l'Est (''Grenzschutz Ost/Oberost'') des del 18 de gener de 1919. Es retirà el 20 de setembre de 1919, amb autorització per lluir l'uniforme del ''1. Garde-Regiment zu Fuß''. Treballà en diversos llocs civils, casant-se amb una baronessa neerlandesa.ref name=film[http://www.historyinfilm.com/escape/real1.htm von Lindeiner-Wildau] on the 'History in Film' website/ref

S'uní a la [[Luftwaffe]] el 1937 com a membre de l'estat major personal de [[Hermann Göring]].ref name=film/  Rebutjant el retir, durant la [[Segona Guerra Mundial]] va ser ''Kommandant'' del [[Stalag Luft III]]. Després de l'evasió de presoners al·legà malaltia mental per evitar ser empresonat. Va ser ferit per tropes de l'[[Exèrcit Roig]] avançant cap a [[Berlín]] mentre exercia de segon al comandament d'una unitat d'infanteria. Posteriorment es rendiria a tropes britàniques quan la guerra estava a punt d'acabar i va ser empresonat durant dos anys a la [[London Cage]]. Va fer de testimoni a la investigació relativa als [[assassinats del Stalag Luft III|assassinats del ''Stalag Luft III'']]. Ell havia seguit els acords de la [[Convenció de Ginebra]] relatius als [[presoner de guerra|presoners de guerra]] i s'havia guanyat el respecte dels presoners veterans.ref name=Davis{{cite web |last=Davis |first=Rob |title=The Great Escape, Stalag Luft III, Sagan |url=http://www.elsham.pwp.blueyonder.co.uk/gt_esc/index.html |accessdate=2010-10-15 }}/ref Va ser alliberat després que el testimoni dels presoners aliats al ''Stalag Luft III'' el salvés de la cadena perpètua o, fins i tot, de la [[pena de mort]].

Va morir el 1963.

==Condecoracions ==
* [[Pour le Mérite]]
* [[Orde de la Corona (Prússia)|Orde de la Corona de 4a classe amb Espases]] (Prússia)
* [[Medalla Colonial (Imperi alemany)|Medalla Colonial amb Barra]]
* [[Orde de la Casa Saxe-Ernestina|Cavaller de 1a classe amb Espases de l'orde de la Casa Saxe-Ernestina]]
* [[Orde de la Casa de Hohenzollern|Creu d'Honor de 3a classe amb Espases de l'Orde de la Casa de Hohenzollern ]]
* [[Creu de Ferro]] 1914 de 1a i 2a classeref name=film/
* [[Insígnia de Ferits (Alemanya)|Insígnia de Ferits]] 1914
* [[Creu al Mèrit de Guerra (Alemanya)| Creu al Mèrit de Guerra de 1a classe amb Espases]]

==References==
{{Referències}}

==Enllaços externs==
* [http://books.google.co.uk/books?id=rExW6AJOGZUCpg=PA53lpg=PA53dq=von+Lindeiner-Wildausource=blots=D7OZoiw7PHsig=xTfTR9JaEi8w3K8zZVgUumtp-8ohl=enei=MKi4TPvxI6SR4gbyrtSUDgsa=Xoi=book_resultct=resultresnum=9ved=0CDkQ6AEwCDgU#v=onepageq=von%20Lindeiner-Wildauf=false Kozak-Holland, Mark ''Project Lessons from the Great Escape (Stalag Luft III)'' Multi-Media Publications Inc (2007) ''[[Google Books]]'']

{{ORDENA:Lindeiner-Wildau, Friedrich Wilhelm Von}}

[[Categoria:Membres de l'orde de la Casa de Hohenzollern]]
[[Categoria:Militars alemanys de la Primera Guerra Mundial]]
[[Categoria:Militars alemanys de la Segona Guerra Mundial]]
[[Categoria:Militars prussians]]
[[Categoria:Receptors de la Pour le Mérite (classe militar)]]</text>
      <sha1>slxq8r132gjggpvybrid674vm2td6qy</sha1>
      <model>wikitext</model>
      <format>text/x-wiki</format>
    </revision>
  </page>