<page>
    <title>Herbert Southworth</title>
    <ns>0</ns>
    <id>1024968</id>
    <revision>
      <id>13889508</id>
      <parentid>13887226</parentid>
      <timestamp>2014-07-25T19:09:44Z</timestamp>
      <contributor>
        <username>ArnauBot</username>
        <id>90823</id>
      </contributor>
      <comment>Robot estandarditza i catalanitza referències, catalanitza dates i fa altres canvis menors</comment>
      <text>'''Herbert Rutledge Southworth''' ([[Canton (Oklahoma)|Canton]], [[Oklahoma]], [[6 de febrer]] de [[1908]] - [[30 d'octubre]] de [[1999]]) va ser un [[escriptor]], [[periodista]] i [[historiador]] estatunidenc especialitzat en la [[Guerra Civil espanyola]] i la posterior dictadura de [[Francisco Franco|Franco]].ref{{ref-web|url=http://wais.stanford.edu/Spain/spain_hsouthworth.html|títol=Herbert Southworth and the Civil War|id=Hilton 1999|autor=[[Ronald Hilton]]|data=22 novembre 1999|sitio=http://wais.stanford.edu/|editor=World Association of International Studies de la [[Universitat de Stanford]]|consultat el= 20 de desembre de 2010}}/ref La publicació del seu llibre contra el [[franquisme]] ''El mite de la croada de Franco'' va provocar que el Ministeri d'Informació i Turisme, sent ministre [[Manuel Fraga Iribarne]], creés el Gabinet d'Estudis sobri Historia -Secció d'Estudis sobre la Guerra d'Espanya- sota la direcció de [[Ricardo de la Cierva]] amb la funció declarada d'establir un servei de contrainformació que detingués la nova perspectiva de la història sobre la [[guerra civil espanyola]].ref name=elperiodico[http://www.elperiodico.com/default.asp?idpublicacio_PK=46idioma=CASidnoticia_PK=516483idseccio_PK=1006 Gibson, Ian. Southworth y 'El mito de la cruzada']/refref name=guardian[http://www.guardian.co.uk/news/1999/nov/09/guardianobituaries  guardian.co.uk, Obituary Tuesday 9 November 1999]/refref[http://blogs.publico.es/dominiopublico/2830/el-ultimo-relato/ El último relato], [[Ricard Vinyes]], a [[Público]], 20/10/2010/refref name=Preston 1999 [[Paul Preston]], [http://www.guardian.co.uk/news/1999/nov/09/guardianobituaries Herbert Southworth: His crusading journalism exposed the lies behind Franco's Spain], [[The Guardian]], 9/11/1999, consultat el 20 de desembre de 2010/ref

== Dades biogràfiques ==

Va néixer a [[Canton (Oklahoma)|Canton]], [[Oklahoma]], [[Estats Units]]. Va cursar estudis d'Història en la [[Universitat d'Arizona]], al [[Texas Technological College]] i a la [[Universitat Colúmbia]]. Durant la [[Segona Guerra Mundial]] va ser un dels primers a ser reclutat pel govern dels Estats Units per preparar la [[propaganda de guerra]] contra les [[Potències de l'Eix]].

En [[1946]] va establir una emissora privada de ràdio comercial en [[Tànger]]. Després de la independència del [[Marroc]], Southworth es va traslladar a viure a [[França]]. Allí va escriure diversos llibres en els quals deslegitimava la visió que el [[franquisme]] tenia de la seva pròpia història. Southworth va ser amic i deixeble de [[Pierre Vilar]], i un dels mestres de [[Paul Preston]]. Després d'una llarga malaltia, però sense deixar mai la investigació, va morir en 1999..refEl mito de la cruzada de Franco, p. 4/ref

== Obres ==
* [[1963]] - ''[[El mito de la cruzada de Franco]]'', [[Editorial Ruedo Ibérico]].
:* [[2008]] - ''El mito de la cruzada de Franco'', Barcelona, Debolsillo, 978-84-8346-574-5, 69 pp.ref[http://books.google.es/books?id=-Us0PQAACAAJdq=Herbert+Southworthhl=esei=nt0QTfHICJSG4QawmOWUAgsa=Xoi=book_resultct=resultresnum=6ved=0CDwQ6AEwBQ El mito de la cruzada de Franco, a googlebooks]/ref
* [[1967]] - ''Antifalange, estudio crítico de Falange en la guerra de España, la unificación y Hedilla de Maximiano García Venero'' [[Ruedo ibérico]].
* [[1977]] - ''[http://books.google.es/books?id=1R304lcSa4kClpg=PP1dq=inauthor%3A%22Herbert%20Rutledge%20Southworth%22pg=PP1#v=onepageqf=false Guernica, Guernica]'', University of California Press, Berkeley, Los Angeles, Londres, ISBN 0-520-02830-9
:* [[1977]] - ''La destrucción de Guernica''
* [[2000]] - ''El lavado de cerebro de Francisco Franco: conspiración y guerra civil'', Crítica. 355 pp.
:* [[2002]] - ''[http://books.google.es/books?id=umAqdgyalsMCprintsec=frontcoverdq=Herbert+Southworthsource=blots=U3P4ah1xWcsig=JwAo73yLHQKLCaU9lK7HmGD1I5ohl=esei=-60PTbzBF8Oz8QPJh6SGBwsa=Xoi=book_resultct=resultresnum=9ved=0CGEQ6AEwCA#v=onepageqf=false Conspiracy and the Spanish Civil War: the brainwashing of Francisco Franco]''

== Referències ==
{{referències}}

== Enllaços externs ==
;Obituaris
* [http://www.elpais.com/articulo/opinion/SOUTHWORTH/_HERBERT/Recordando/Herbert/Southworth/elpepiopi/19991218elpepiopi_5/Tes Recordando a Herbert Southworth, 18/12/1999], [[Gabriel Jackson]], [[El País]]
* [http://www.historians.org/perspectives/issues/2000/0003/0003mem5.cfm Herbert Southworth, a American Historical Association], [[Paul Preston]], [[The Guardian]]

{{ORDENA:Southworth, Herbert}}
[[Categoria:Historiadors estatunidencs]]</text>
      <sha1>08if97y8fgvhcy52bz5fx5hcjg99uz9</sha1>
      <model>wikitext</model>
      <format>text/x-wiki</format>
    </revision>
  </page>