<page>
    <title>Observatori de Siding Spring</title>
    <ns>0</ns>
    <id>1025714</id>
    <revision>
      <id>13665675</id>
      <parentid>13457070</parentid>
      <timestamp>2014-06-24T01:54:40Z</timestamp>
      <contributor>
        <username>Langtoolbot</username>
        <id>128552</id>
      </contributor>
      <minor></minor>
      <comment>Correcció tipogràfica: espais sobrants</comment>
      <text>{{Infotaula telescopi
|nom          = Siding Spring Observatory
|background   = 
|imatge       = [[Fitxer:Siding Spring from Belougery Split Rock.JPG|250px|La Muntanya de Siding Spring amb la cúpula del Telescopi angloaustralià visible prop del centre de la imatge.]]
|peu          = La Muntanya de Siding Spring amb la cúpula del Telescopi angloaustralià visible prop del centre de la imatge. 
|organització = [[Research School of Astronomy  Astrophysics]] at the [[Australian National University]]
|localització = [[Muntanya de Siding Spring]]/Mont Woorat, a prop de [[Coonabarabran]], [[Nova Gal·les del Sud]], [[Austràlia]]
|coordenades  = {{coord|31|16|24|S|149|03|52|E|region:AU_type:landmark_source:dewiki|display=inline,title}}
|altitud      = 1165 m
|clima        = 
|longitud_ona = 
|construcció  = 
|primera_llum =
|pàgina_web   = 
|tipus        = 
|diàmetre          = 
|resolució_angular = 
|àrea              = 
|distància_focal = 
|muntura      = 
|cúpula       = 
}}
'''L'observatori de Siding Spring''' és un [[observatori astronòmic]] a prop de [[Coonabarabran]], [[Nova Gal·les del Sud]], [[Austràlia]], part del Research School of Astronomy  Astrophysics (RSAA) de la [[Universitat Nacional Australiana]] (ANU), que incopora el [[Telescopi angloaustralià]] juntament amb una col·lecció d'altres telescopis propietat de la d'aquesta universitat, la Universitat de Nova Gal·les del Sud i altres institucions.  L'observatori està situat a 1165 m sobre el nivell del mal al [[Warrumbungle National Park]] del Mont Woorat, també conegut com a [[Siding Spring Mountain]]. L'observatori de Siding Spring és propietat d'Universitat Nacional Australiana (ANU) i és part d'escola d'investigació dels Observatoris de Mount Stromlo i Siding Spring. Actualment hi ha 12 telescopis. Figura en la [[Llista de codis d'observatoris astronòmics|Llista de codis d'observatoris]] del [[Minor Planet Center]] amb el codi '''413'''.ref name=LOC{{citar web |títol=List Of Observatory Codes |url= http://www.minorplanetcenter.org/iau/lists/ObsCodesF.html |consulta=17 de febrer de 2011 |editorial= [[Minor Planet Center]] |llengua=anglès }}/ref
[[Fitxer:Anglo-Australian Telescope dome.JPG|thumb|esquerra|Cúpula del [[Telescopi angloaustralià]], un dels dotze telescopis instal·lats a la muntanya de Siding Spring.]]
L'[[Observatori de Mount Stromlo]] original va ser creat pel Govern de la Commonwealth el 1924. Després de subministrar components òptics als militars en la [[Segona Guerra Mundial]], l'èmfasi en la investigació astronòmica va canviar a finals de 1940 des d'investigació solar a estel·lar. Entre el 1953 i el 1974, el telescopi reflector d'1,9 m de Mount Stromlo va ser el [[telescopi òptic]] més gran d'Austràlia.

Entrada la [[dècada de 1950]], les llums artificials de [[Canberra]] il·luminaven el cel a la Muntanya Stromlo fins al punt que molts objectes astronòmics fossin desclarits a causa de la [[contaminació lumínica]]. La zona de Siding Spring va ser seleccionat per l'ANU el 1962 entre molts altres llocs possibles pels seus cels foscos i sense núvols. A mitjans de la [[dècada de 1960]] l'ANU havia establert tres telescopis, juntament amb instal·lacions de suport, com ara carreteres asfaltades, allotjament per al personal, l'electricitat i aigua. El 1984, el primer ministre, [[Bob Hawke]], va inaugurar el telescopi més gran de l'ANU, de baix cost i amb el telescopi innovador de 2,3 m d'obertura, ubicat en una simple cúpula cuboida en rotació .ref{{citar web |títol= Uppsala Southern Station |url= http://www.astro.uu.se/history/USS.html |editorial= Universidad de Uppsala |llengua= anglès |consulta= 17 de febrer de 2011}}/ref

Des de la dècada de 1950, i independentment dels esdeveniments a Siding Spring, els governs australians i britànics han estat negociant sobre la construcció d'un telescopi molt gran. Quan aquestes negociacions, finalment es va convertir en realitat el 1969, la infraestructura de l'Observatori Siding Spring ja era construïda, i era obvi que en aquest lloc s'ubiqués el Telescopi Angloaustralià (''Anglo-Australian Telescope'' o AAT) amb obertura de 4 metres.

En les construccions de l'AAT en la [[dècada de 1970]], el [[Science and Engineering Research Council|Science Research Council]] britànic també va construir el [[Telescopi Schmidt anglès]], a 1nbsp;km al nord-est de la cúpula de l'AAT. El [[camp de visió]] considerablement més ampli pel disseny òptic del Schmidt fa complementar l'AAT, en què les grans àrees de cel poden ser objecte de reconeixement amb més rapidesa. Els objectes més interessants així com els descoberts s'estudien amb més detall en l'instrument més gran. El 1987, el Telescopi Schmidt es va fusionar amb l'AAT.

L'observatori de Siding Spring també alberga telescopis de Korea, Las Cumbres Global Telescope Network i la Universitat de Nova Gal·les del Sud. El 1990, la instal·lació de seguiment de [[satèl·lit artificial|satèl·lits]] terrestres de l'[[Observatori Reial de Greenwich]] es va tancar després de 10 anys de funcionament.ref{{citar web |títol= ROTSE Telescopes |url= http://www.rotse.net/equipment/ |llengua= anglès |consulta= 17 de febrer de 2011}}/ref

==Visitants==
Hi ha una galeria de visitants amb àrea d'exposició oberta al públic, que també incorpora una cafeteria i una botiga de [[souvenir]]s. Aquest centre està obert de dilluns a divendres de 9:30 am a 4 pm i els caps de setmana i dies festius és obert al públic de 10 am a 2 pm. El centre és tancat el Divendres Sant i el Dia de Nadal. L'accés a la zona del telescopi angloaustralià és obert de 9.30 a 3.45 pm cada dia. L'accés és a través del centre de visitants. Durant les vacances escolars del NSW, s'ofereixen visites guiades virtuals. Els grups de més de 15 adults poden sol·licitar caminar o autobús del ''Behind the Scenes''.

Es fa anualment una jornada de portes obertes en el segon diumenge d'octubre, on els visitants podran conèixer als astrònoms, veure l'interior de diversos dels telescopis que estan oberts al públic en aquest dia.

== Telescopis a Siding Spring ==
* Telescopi angloaustralià (AAO) de 3,9 m
* Telescopi Schmidt anglès (AAO) d'1,24 m
* Telescopi Sud de Faulkes (LCOGT) de 2,0 m
* Telescopi SkyMapper (ANU) d'1,3 m
* [[Telescopi de 2,3 m de Siding Spring|Telescopi de Tecnologia Avançada]] (ANU) de 2,3 m
* HAT-South Telescope Network (ANU, CfA, MPIA)refhttp://rsaa.anu.edu.au/research/hot-jupiters-southern-sky-hat-south-project /ref
* Solaris Telescoperefhttp://rsaa.anu.edu.au/observatories/siding-spring-observatory/telescopes/solaris-telescope /ref (Nicolas Copernicus Astronomical Centre - Polòniarefhttp://www.ncac.torun.pl/?lang=enbranch=worldid=17 /ref)
* Telescopi  Schmidt Uppsala del Sud (ANU) de 0,5 m
* Telescopi Patrullador Automatitzat (UNSW) de 0,5 m
* 0.45 m ROTSE IIIa, Robotic Optical Transit Search Experiment (UNSW)
* Korean YSTAR Telescope (Korean Southern Observatory)
* Telescopi de 40 polzades (ANU – fora de servei)
* Telescopi de 24 polzades (ANU – fora de servei)
* Telescopi de 16 polzades (ANU – fora de servei)

== Referències==
{{Referències|3}}

==Enllaços externs==
* {{oficial|http://www.mso.anu.edu.au/info/sso}}  
* [http://www.aao.gov.au/ Observatori anglo-Australià]
* [http://msowww.anu.edu.au/~rmn/ Uppsala Southern Sky NEO Survey Telescope]
* [http://lcogt.net/telescopes/fts Faulkes Telescope South]
* [http://www.mso.anu.edu.au/skymapper/ SkyMapper Telescope]
* [http://www.rotse.net ROTSE III Project]
* [http://www.phys.unsw.edu.au/~mcba/apt.html UNSW Automated Patrol Telescope (APT)]
* [http://www.mso.anu.edu.au/observing/telescopes/2.3m.php 2.3 m Advanced Technology Telescope]
* [http://www.mso.anu.edu.au/observing/telescopes/40inch.php Telescope de 40 polzades de l'ANU]

[[Categoria:Observatoris astronòmics|Siding Spring]]
[[Categoria:Nova Gal·les del Sud]]</text>
      <sha1>8vduu0hvi4qna2s9fkzcx56a0nf3g2e</sha1>
      <model>wikitext</model>
      <format>text/x-wiki</format>
    </revision>
  </page>