<page>
    <title>Chelsea Football Club</title>
    <ns>0</ns>
    <id>102525</id>
    <revision>
      <id>14050095</id>
      <parentid>13941348</parentid>
      <timestamp>2014-09-17T07:39:18Z</timestamp>
      <contributor>
        <username>LaCera25</username>
        <id>131182</id>
      </contributor>
      <minor></minor>
      <comment>/* Història */</comment>
      <text>{{FR|data=novembre de 2012}}
{{Equips |
 nom = Chelsea FC | 
 nom complet = Chelsea Football Club |
 imatge = [[Fitxer:Chelsea FC logo.png|140px|logo|center]] |
 àlias = ''The Blues, ''The Pensioners''| 
 any de fundació = [[1905]] |
 estadi = [[Stamford Bridge (estadi)|Stamford Bridge]], br / [[Londres]], [[Anglaterra]] |
 capacitat = 42.360 espectadors |
 propietari = {{bandera|Rússia}} [[Roman Abramóvitx]] |
 president = {{bandera|EUA}} [[Bruce Buck]]
| entrenador = {{Bandera|Portugal}} [[Jose Mourinho]]
| lliga = [[FA Premier League]]
| temporada = [[FA Premier League 2011-12|2011-12]]
| posició = 6è
| web oficial = center[http://www.chelseafc.com www.chelseafc.com]/center|
| pattern_la1 = _adidas_chelsea_home_0809|pattern_b1=_adidas_chelsea_home_0809|pattern_ra1=_adidas_chelsea_home_0809
|pattern_la1=_chelsea0910h
|pattern_b1=_chelsea0910h
|pattern_ra1=_chelsea0910h
|pattern_sh1=_adidaswhite
|pattern_so1=_3_stripes_blue
|leftarm1=0000FF |body1=0000FF |rightarm1=0000FF |shorts1=0000FF |socks1=FFFFFF
|pattern_la2=_chelsea0910a
|pattern_b2=_chelsea0910a
|pattern_ra2=_chelsea0910a
|pattern_sh2=_chelsea0910a
|pattern_so2=_fsk_1
|leftarm2=00003E|body2=00003E|rightarm2=00003E|shorts2=00003E|socks2=000000
}}
El '''Chelsea Football Club''' és un club de [[futbol]] [[Anglaterra|anglès]], de la ciutat de [[Londres]]. Malgrat el seu nom, el club no té la seu al districte de [[Kensington i Chelsea]], sinó al districte veí de [[Hammersmith i Fulham]]. El seu estadi, [[Stamford Bridge (estadi)|Stamford Bridge]], està localitzat a Fulham Road, camí que separa [[Kensington i Chelsea|Chelsea]] de [[Fulham]].

== Història ==
El [[1896]], els germans [[Gus Mears|Gus]] i [[Joe Mears]] compraren l'estadi [[Stamford Bridge (estadi)|Stamford Bridge Athletics Ground]] a [[Fulham]], a l'oest de Londres, amb la intenció de jugar-hi partits de futbol. El [[1904]] van oferir l'estadi al [[Fulham Football Club]] però aquest refusà. Aleshores, els germans Mears decidiren fundar el seu propi club per a jugar a Stamford Bridge.

[[Fitxer:1905squad.jpg|thumb|esquerra|Equip del Chelsea el 1905]]
El '''Chelsea Football Club''' fou fundat el [[14 de març]] de [[1905]] al pub The Rising Sun, situat davant de l'estadi de [[Stamford Bridge (estadi)|Stamford Bridge]]. Immediatament el club fou seleccionat per jugar a la ''Second Division'' de la [[Football League]] el [[29 de maig]] de [[1905]]. El primer èxit de l'equip fou l'arribada a la final de la [[Copa anglesa de futbol]] el [[1915]], però perdé amb el [[Sheffield United]] a [[Old Trafford]]. Durant els anys 20 romangué unes temporades a segona divisió abans de tornar a ascendir a primera el [[1929]]-[[1930|30]].

Acabada la [[Segona Guerra Mundial]], l'[[octubre]] de [[1945]], les autoritats futbolístiques angleses van voler disputar un partit per celebrar la tornada a la pau mundial. El campió soviètic, el [[Dinamo de Moscou]] visità Stamford Bridge i es produí la més alta assistència d'espectadors a l'estadi amb quasi 100.000 persones. L'arribada a la banqueta del que havia estat gran jugador anglès [[Ted Drake]] el [[1952]] portà al club al seu primer gran triomf esportiu, la conquesta del campionat de lliga de la temporada [[1955]]-[[1956|56]]. L'any següent, la [[UEFA]] creà la [[Copa d'Europa de futbol]]. La negativa de la [[Football League]] i la [[Federació Anglesa de Futbol]] a participar-hi portà al Chelsea a retirar-se de la competició abans que comencés.

A la darreria dels anys 50 un bon planter de jugadors com [[Jimmy Greaves]], [[Bobby Tambling]] i [[Terry Venables]] no van poder evitar un nou descens de l'equip a segona divisió la temporada [[1960]]-[[1961|61]]. La següent temporada, un nou entrenador, [[Tommy Docherty]], tornà a l'equip a la màxima categoria. Durant els anys 60 el Chelsea només guanyà la [[Football League Cup]] el [[1965]] com a títol important, tot i que perdé la lliga del mateix any a les darreres jornades i arribà a les semifinals de la [[Copa de Fires]] l'any següent i perdé la final de [[1967]] de la Cup enfront el [[Tottenham Hotspur]].

[[Fitxer:Chelsea stand.jpg|thumb|250px|La graderia est (East Stand) de l'Stamford Bridge]]
L'inici dels 70 foren bons. Guanyà per primer cop al [[FA Cup]] el derrotant per 2-1 al [[Leeds United]] i la temporada següent s'emporta la [[Recopa d'Europa de futbol|Recopa d'Europa]], guanyant la final a [[Atenes]] al [[Real Madrid]]. Malgrat aquests triomfs, l'equip declinà dramàticament. Un ambiciós projecte de reconversió de l'estadi (només s'aconseguí construir la graderia est) amenaçà l'estabilitat financera del club, i provocà la necessitat de posar a la venda nombrosos jugadors i, inclosa, la propietat de l'estadi.

El club començà una caiguda sense aturador. En el pitjor moment financer de la seva història el club fou adquirit per l'empresari [[Ken Bates]] per la increïble xifra de £1. Bates fou un gran lluitador com a president del club però els problemes de tota índole no s'aturaven i acabà la temporada [[1982]]-[[1983|83]] a la posició 18a de la segona divisió, a un pas de baixar a tercera. L'any [[1983]] fou el punt d'inflexió. L'entrenador [[John Neal]] fa una sèrie de bons fitxatges a baix cost, gastant menys de £500.000.

El nou Chelsea guanya la segona divisió anglesa la temporada [[1983]]-[[1984|84]] i torna a recuperar la màxima categoria, on aconseguí mantenir-se a la zona tranquil·la les temporades següents. Tornà a descendir l'any [[1988]], però recuperà la màxima categoria ràpidament en guanyar de nou a la categoria de plata. A inicis dels anys 90, Ken Bates aconseguí de nou la propietat de l'estadi fent un tracte amb els bancs de les immobiliàries propietàries, les quals s'havien declarat en fallida. Fou contractat l'entrenador [[Glenn Hoddle]], de fet actuà com a jugador-entrenador, la temporada [[1993]]-[[1994|94]], el qual portà l'equip a una nova final de la copa anglesa l'any [[1994]]. Abans d'abandonar el càrrec per dirigir la selecció anglesa, Hoodle contractà el veterà holandès [[Ruud Gullit]] el [[1996]]. Gullit es convertí en jugador-entrenador i contractà jugadors de fama mundial com [[Gianfranco Zola]]. El club guanyà de nou la [[FA Cup]] i el seu joc bonic li valgué el sobrenom de ''Sexy Football''.

Gullit fou acomiadat després d'una disputa amb Ken Bates i [[Gianluca Vialli]] fou nomenat jugador-entrenador. Vialli portà l'equip a guanyar la [[Football League Cup]] i la [[Recopa d'Europa de futbol|Recopa d'Europa]] de l'any [[1998]]. El [[2000]], el Chelsea guanya novament la [[FA Cup]] vencent a la final a l'[[Aston Villa]] per 1-0.

[[Fitxer:Chelsea defend corner.jpg|thumb|250px|El Chelsea en un partit contra el [[Tottenham Hotspur]]]]
Un desafortunat inici de la temporada [[2001]]-[[2002|02]] li costà el càrrec a Vialli, en benefici d'un altre italià, [[Claudio Ranieri]]. Ranieri arribà a la final de la [[FA Cup]] del [[2002]] i a la classificació per la [[Lliga de Campions de la UEFA]] de la temporada [[2002]]-[[2003|03]]. El juny del [[2003]], Bates vengué el club al bilionari [[Rússia|rus]] [[Roman Abramóvitx]] per £60 milions, que fou el preu més gran pagat per la compra d'un club anglès de futbol. Abramóvitx es gastà més de £100 milions en nous jugadors conformant un gran equip però que només pogué acabar segona a la [[FA Premier League]], ser semifinalista de la Lliga de Campions. Ranieri fou acomiadat i en el seu lloc fou contractat l'entrenador [[Portugal|portuguès]] [[José Mourinho]].

L'any [[2005]] es commemorà el centenari del club. De la mà de jugadors com el capità [[John Terry]] i [[Frank Lampard]], guanyaren la [[FA Premier League]] batent gran quantitat de rècords (més victòries, més punts i menys gols en contra); la [[Football League Cup]] en derrotar a la final al [[Liverpool FC]] per 3-2 al [[Millennium Stadium]] i arribaren a semifinals de la [[Lliga de Campions de la UEFA]]. L'any [[2006]] repetí el títol que consagra al millor equip anglès de la temporada. No aconseguí, en canvi, millorar l'actuació a la lliga de campions, l'assignatura pendent del club.

Finalment, els Blues van aconseguir arribar a la final de la [[Lliga de Campions 2007-2008|Champions League del 2008]] eliminant el [[Liverpool FC]] a la semifinal. Aquell partit va ser tràgic per l'equip. Després que [[Frank Lampard]] igualés un 1-0 a favor del rival -el [[Manchester United]]- i la pròrroga acabés sense gols, el partit va haver de decidir-se als penals. [[John Terry]] va fallar per culpa d'una relliscada el penal que podria haver donat la victòria al Chelsea, i finalment el United guanyà la tanda per 6-5 i es proclamà campió.

Per fi, el 19 de maig del 2012 el Chelsea guanya la seva primera [[Champions League]] a l'[[Allianz Arena]] de Munic davant el [[Bayern de Munic]] a la tanda de penals. L'entrenador era [[Roberto di Matteo]], el segon entrenador, que es va fer càrrec de l'equip després de la destitució de Villas-Boas.

La temporada 2012 - 2013 va començar amb Roberto di Matteo a la banqueta 'blue', però després d'un inici molt pobre, tant en la [[Premier League]] com en la fase de grups de la [[Champions League]], és destituït. El vespre del 21 de novembre del 2012, després de la derrota 3 a 0 davant la [[Juventus Football Club]], és presentat com a nou entrenador [[Rafa Benítez]], mitjançant la web del club.

== Colors ==
[[Fitxer:EquipamentChelsesa.PNG|right|Equipament.]]
El Chelsea juga amb samarreta blava amb detalls en color blanc i pantalons blaus.

== Jugadors ==
=== Plantilla actual ===
:{{Mida|Actualitzada a 24 de febrer de 2014.ref name=Players{{ref-web| títol = Jugadors 
| url = http://www.chelseafc.com/first-team
| editor = Chelsea F.C
| consulta = 24 de febrer de 2014}}/ref}}

{{Fs start}}
{{Fs player|no=1|nat=República Txeca|name=[[Petr Čech]]|pos=POR}}
{{Fs player|no=2|nat=Sèrbia|name=[[Branislav Ivanović]]|pos=DEF}}
{{Fs player|no=3|nat=Anglaterra|name=[[Ashley Cole]]|pos=DEF}}
{{Fs player|no=4|nat=Brasil|name=[[David Luiz]]|pos=DEF}}
{{Fs player|no=7|nat=Brasil|name=[[Ramires Santos do Nascimento|Ramires]]|pos=MED}} 
{{Fs player|no=8|nat=Anglaterra|name=[[Frank Lampard]]|pos=MED|other= [[Capità (esports)|2n capità]]}}
{{Fs player|no=9|nat=Espanya|pos=DAV|name=[[Fernando José Torres Sanz|Fernando Torres]]|pos=DAV}} 
{{Fs player|no=11|nat=Brasil|pos=MIG|name=[[Oscar dos Santos Emboaba Júnior|Oscar]]|pos=MIG}} 
{{Fs player|no=12|nat=Nigèria|name=[[John Obi Mikel]]|pos=MIG}}
{{Fs player|no=14|nat=Alemanya|name=[[André Schürrle]]|pos=DAV}}
{{Fs player|no=15|nat=Egipte|name=[[Mohamed Salah]]|pos=DAV}}
{{Fs player|no=16|nat=Països Baixos|name=[[Marco van Ginkel]]|pos=MIG}}
{{Fs player|no=17|nat=Bèlgica|name=[[Eden Hazard]]|pos=MED}}
{{Fs mid}}
{{Fs player|no=19|nat=Senegal|name=[[Demba Ba]]|pos=DAV}}
{{Fs player|no=21|nat=Sèrbia|name=[[Nemanja Matić]]|pos=MED}}
{{Fs player|no=22|nat=Brasil|pos=MIG|name=[[Willian Borges da Silva|William]]|pos=DAV}}
{{Fs player|no=23|nat=Austràlia|name=[[Mark Schwarzer]]|pos=POR}}
{{Fs player|no=24|nat=Anglaterra|name=[[Gary Cahill]]|pos=DEF}}
{{Fs player|no=26|nat=Anglaterra|name=[[John Terry]]|pos=DEF|other= [[Capità (esports)|capità]]}}
{{Fs player|no=27|nat=Costa d'Ivori|name=[[Nathan Aké]]|pos=DEF}}
{{Fs player|no=28|nat=Navarra|name=[[César Azpilicueta]]|pos=DEF}}
{{Fs player|no=29|nat=Camerun|name=[[Samuel Eto'o]]|pos=DAV}}
{{Fs player|no=33|nat=República Txeca|name=[[Tomáš Kalas]]|pos=DEF}}
{{Fs player|no=40|nat=Portugal|name=[[Henrique Hilário|Hilário]]|pos=POR}}
{{Fs player|no=46|nat=Anglaterra|name=[[Jamal Blackman]]|pos=POR}}
{{Fs end}}

==== Cedits ====
{{Fs start}}
{{Fs player|no=-|nat=Bèlgica|pos=GK|name=[[Thibaut Courtois]]|other=Cedit al [[Atlètic de Madrid]]}}	
{{Fs player|no=6|nat=Catalunya|pos=MF|name=[[Oriol Romeu]]|other=Cedit al [[València CF]]}}
{{Fs player|no=27|nat=Anglaterra|pos=DF|name=[[Sam Hutchinson]]|other=Cedit al [[Nottingham Forest]]}}
{{Fs player|no=34|nat=Anglaterra|pos=DF|name=[[Ryan Bertrand]]|other=Cedit al [[Aston Villa]]}}
{{Fs player|no=21|nat=Alemanya|pos=MF|name=[[Marko Marin]]|other=Cedit al [[Sevilla FC]]}}
{{Fs player|no=31|nat=França|pos=FW|name=[[Gaël Kakuta]]|other=Cedit al [[SBV Vitesse]]}}
{{Fs player|no=30|nat=Brasil|pos=MF|name=[[Lucas Piazón]]|other=Cedit al [[SBV Vitesse]]}}
{{Fs player|no=20|nat=Anglaterra|pos=MF|name=[[Josh McEachran]]|other=Cedit al [[Middlesbrough FC]]}}
{{Fs player|no=13|nat=Nigèria|pos=FW|name=[[Victor Moses]]|other=Cedit al [[Liverpool FC]]}}
{{Fs player|no=55|nat=Mèxic|pos=MF|name=[[Ulises Dávila]]|other=Cedit al [[Córdoba Club de Fútbol|Córdoba CF]]}}
{{Fs player|no=18|nat=Bèlgica|pos=FW|name=[[Romelu Lukaku]]|other=Cedit al [[Everton FC]]}}
{{Fs player|no=-|nat=Ghana|pos=MF|name=[[Christian Atsu]]|other=Cedit al [[SBV Vitesse]]}}
{{Fs player|no=-|nat=França|pos=DF|name=[[Kurt Zouma]]|other=Cedit al [[AS Saint-Étienne]]}}
{{Fs player|no=-|nat=Croàcia|pos=GK|name=[[Matej Delač]]|other=Cedit al [[FK Sarajevo]]}}
{{Fs player|no=38|nat=Països Baixos|pos=DF|name=[[Patrick van Aanholt]]|other=Cedit al [[Vitesse]]}}
{{Fs mid}}
{{Fs player|no=32|nat=Brasil|pos=DF|name=[[Wallace Oliveira dos Santos|Wallace]]|other=Cedit al [[Inter Milan]]}}
{{Fs player|no=45|nat=Anglaterra|pos=DF|name=[[Nathaniel Chalobah]]|other=Cedit al [[Middlesbrough F.C.|Middlesbrough]]}}
{{Fs player|no=59|nat=Nigèria|pos=DF|name=[[Kenneth Omeruo]]|other=Cedit al [[Middlesbrough F.C.|Middlesbrough]]}}
{{Fs player|no=-|nat=Anglaterra|pos=DF|name=[[Todd Kane]]|other=Cedit al [[Blackburn Rovers F.C.|Blackburn Rovers]]}}
{{Fs player|no=-|nat=Xile|pos=MF|name=[[Cristián Cuevas]]|other=Cedit al [[FC Eindhoven]]}}
{{Fs player|no=-|nat=Bèlgica|pos=MF|name=[[Thorgan Hazard]]|other=Cedit al [[S.V. Zulte Waregem|Zulte Waregem]]}}
{{Fs player|no=-|nat=Anglaterra|pos=MF|name=[[George Saville (footballer)|George Saville]]|other=Cedit al [[Brentford F.C.|Brentford]]}}
{{Fs player|no=-|nat=Anglaterra|pos=MF|name=[[Billy Clifford (footballer)|Billy Clifford]]|other=Cedit al [[Royal Antwerp F.C.|Royal Antwerp]]}}
{{Fs player|no=-|nat=Eslovàquia|pos=FW|name=[[Milan Lalkovič]]|other=Cedit al [[Walsall Football Club|Walsall]]}}
{{Fs player|no=-|nat=Anglaterra|pos=FW|name=[[Patrick Bamford]]|other=Cedit al [[Derby County F.C.|Derby County]]}}
{{Fs player|no=-|nat=Uruguai|pos=FW|name=[[Jhon Pírez]]|other=Cedit al [[CD Leganés]]}}
{{Fs player|no=-|nat=Croàcia|pos=FW|name=[[Stipe Perica]]|other=Cedit al [[NAC Breda]]}}
{{Fs player|no=-|nat=Colòmbia|pos=FW|name=[[Joao Rodríguez (footballer)|Joao Rodríguez]]|other=Cedit al [[Uniautónoma FC|Uniautónoma]]}}
{{Fs player|no=-|nat=Croàcia|pos=MF|name=[[Mario Pašalić]]|other=Cedit al [[HNK Hajduk Split|Hajduk Split]]}}
{{Fs end}}

==Jugador de l'any==
ref{{ref-web|títol=Jugador de l'any|url=http://www.chelseafc.com/player-of-the-year|editor=Chelsea F.C.|consulta=24 febrer 2014}}/ref
[[File:F-Lampard.jpg|175px|thumb|Right|Frank Lampard ha estat nomenat jugador de l'any tres vegades]]
{|
|-
|valign=top|
{| class=wikitable
|-
!Any
!Guanyador
|-
|1967||{{flagicon|England}} [[Peter Bonetti]]
|-
|1968||{{flagicon|Scotland}} [[Charlie Cooke]]
|-
|1969||{{flagicon|England}} [[David Webb]]
|-
|1970||{{flagicon|England}} [[John Hollins]]
|-
|1971||{{flagicon|England}} [[John Hollins]]
|-
|1972||{{flagicon|England}} [[David Webb]]
|-
|1973||{{flagicon|England}} [[Peter Osgood]]
|-
|1974||{{flagicon|England}} [[Gary Locke]]
|-
|1975||{{flagicon|Scotland}} [[Charlie Cooke]]
|-
|1976||{{flagicon|England}} [[Ray Wilkins]]
|-
|1977||{{flagicon|England}} [[Ray Wilkins]]
|-
|1978||{{flagicon|England}} [[Micky Droy]]
|-
|1979||{{flagicon|England}} [[Tommy Langley]]
|-
|1980||{{flagicon|England}} [[Clive Walker]]
|-
|1981||{{flagicon|Iugoslàvia}} [[Petar Borota]]
|-
|1982||{{flagicon|England}} [[Mike Fillery]]
|-
|}
|width=1|nbsp;
|valign=top|
{| class=wikitable
|-
!Any
!Guanyador
|-
|1983||{{flagicon|Wales}} [[Joey Jones]]
|-
|1984||{{flagicon|Scotland}} [[Pat Nevin]]
|-
|1985||{{flagicon|Scotland}} [[David Speedie]]
|-
|1986||{{flagicon|Wales}} [[Eddie Niedzwiecki]]
|-
|1987||{{flagicon|Scotland}} [[Pat Nevin]]
|-
|1988||{{flagicon|England}} [[Tony Dorigo]]
|-
|1989||{{flagicon|England}} [[Graham Roberts]]
|-
|1990||{{flagicon|Netherlands}} [[Ken Monkou]]
|-
|1991||{{flagicon|Ireland}} [[Andy Townsend]]
|-
|1992||{{flagicon|England}} [[Paul Elliott]]
|-
|1993||{{flagicon|Jamaica}} [[Frank Sinclair]]
|-
|1994||{{flagicon|Scotland}} [[Steve Clarke]]
|-
|1995||{{flagicon|Norway}} [[Erland Johnsen]]
|-
|1996||{{flagicon|Netherlands}} [[Ruud Gullit]]
|-
|1997||{{flagicon|Wales}} [[Mark Hughes]]
|-
|1998||{{flagicon|England}} [[Dennis Wise]]
|-
|}
|width=1|nbsp;
|valign=top|
{| class=wikitable
|-
!Any
!Guanyador
|-
|1999||{{flagicon|Italy}} [[Gianfranco Zola]]
|-
|2000||{{flagicon|England}} [[Dennis Wise]]
|-
|2001||{{flagicon|England}} [[John Terry]]
|-
|2002||{{flagicon|Italy}} [[Carlo Cudicini]]
|-
|2003||{{flagicon|Italy}} [[Gianfranco Zola]]
|-
|2004||{{flagicon|England}} [[Frank Lampard]]
|-
|2005||{{flagicon|England}} [[Frank Lampard]]
|-
|2006||{{flagicon|England}} [[John Terry]]
|-
|2007||{{flagicon|Ghana}} [[Michael Essien]]
|-
|2008||{{flagicon|England}} [[Joe Cole]]
|-
|2009||{{flagicon|England}} [[Frank Lampard]]
|-
|2010||{{flagicon|Costa d'Ivori}} [[Didier Drogba]]
|-
|2011||{{flagicon|Czech Republic}} [[Petr Čech]]
|-
|2012||{{flagicon|Spain}} [[Juan Mata]]
|-
|2013||{{flagicon|Spain}} [[Juan Mata]]
|}
|}

== Entrenadors ==
{| class=wikitable
!Entrenador
!Període
|-
|{{Bandera|Escòcia}} [[John Tait Robertson]]
|1905–1906
|-
|{{Bandera|Anglaterra}} [[William Lewis]]
|1906–1907
|-
|{{Bandera|Escòcia}} [[David Calderhead]]
|1907–1933
|-
|{{Bandera|Anglaterra}} [[Leslie Knighton]]
|1933–1939
|-
|{{Bandera|Escòcia}} [[Billy Birrell]]
|1939–1952
|-
|{{Bandera|Anglaterra}} [[Ted Drake]]
|1952–1961
|-
|{{Bandera|Escòcia}} [[Tommy Docherty]]
|1962–1967
|-
|{{Bandera|Anglaterra}} [[Dave Sexton]]
|1967–1974
|-
|{{Bandera|Anglaterra}} [[Ron Suart]]
|1974–1975
|-
|{{Bandera|Escòcia}} [[Eddie McCreadie]]
|1975–1977
|-
|{{Bandera|Anglaterra}} [[Ken Shellito]]
|1977–1978
|-
|{{Bandera|Irlanda del Nord}} [[Danny Blanchflower]]
|1978–1979
|-
|{{Bandera|Anglaterra}} [[Geoff Hurst]]
|1979–1981
|-
|{{Bandera|Anglaterra}} [[John Neal]]
|1981–1985
|-
|{{Bandera|Anglaterra}} [[John Hollins]]
|1985–1988
|-
|{{Bandera|Anglaterra}} [[Bobby Campbell]]
|1988–1991
|-
|{{Bandera|Escòcia}} [[Ian Porterfield]]
|1991–1993
|-
|{{Bandera|Anglaterra}} [[David Webb]]
|1993
|-
|{{Bandera|Anglaterra}} [[Glenn Hoddle]]
|1993–1996
|-
|{{Bandera|Països Baixos}} [[Ruud Gullit]]
|1996–1998
|-
|{{Bandera|Itàlia}} [[Gianluca Vialli]]
|1998–2000
|-
|{{Bandera|Itàlia}} [[Claudio Ranieri]]
|2000–2004
|-
|{{Bandera|Portugal}} [[José Mourinho]]
|2004–2007
|-
|{{Bandera|Israel}} [[Avram Grant]]
|2007–2008
|-
|{{Bandera|Brazil}} [[Luiz Felipe Scolari]]
|2008–2009
|-
|{{Bandera|Països Baixos}} [[Guus Hiddink]]
|2009
|-
|{{Bandera|Itàlia}} [[Carlo Ancelotti]]
|2009-2011
|-
|{{Bandera|Portugal}} [[André Villas-Boas]]
|2011-2012
|-
|{{Bandera|Itàlia}} [[Roberto Di Matteo]]
|2012
|-
|{{Bandera|Espanya}} [[Rafa Benítez]]
|2012-2013
|-
|{{Bandera|Portugal}} [[José Mourinho]]
|2013-
|}

== Palmarès ==
===Títols nacionals===
* '''4 [[FA Premier League|Premier League]]:''' [[Football League 1954–55|1954–55]], [[FA Premier League 2004–05|2004–05]], [[FA Premier League 2005–06|2005–06]] i [[FA Premier League 2009-10|2009-10]].
* '''2 [[Football League Championship|Championship]]:''' [[Football League Championship 1983–84|1983–84]] i [[Football League Championship 1988–89|1988–89]]
* '''7 [[FA Cup]]:''' [[FA Cup 1969–70|1969–70]], [[FA Cup 1996–97|1996–97]], [[FA Cup 1999–2000|1999–2000]], [[FA Cup 2006–07|2006–07]], [[FA Cup 2008–09|2008–09]], [[FA Cup 2009–10|2009–10]] i [[FA Cup 2011–12|2011–12]].
* '''4 [[Football League Cup]]:''' [[Football League Cup 1964–65|1964–65]], [[Football League Cup 1997–98|1997–98]], [[Football League Cup 2004–05|2004–05]] i [[Football League Cup 2006–07|2006–07]].
* '''4 [[FA Community Shield]]:''' [[FA Community Shield 1955|1955]], [[FA Community Shield 2000|2000]], [[FA Community Shield 2005|2005]] i [[FA Community Shield 2009|2009]].
* '''2 [[Full Members Cup]]''': [[Full Members Cup 1986|1986]] i [[Full Members Cup 1990|1990]]
====Títols internacionals====
* '''1 [[Lliga de Campions de la UEFA|Copa d'Europa]]:''' [[Lliga de Campions de la UEFA 2011-12|2011-12]].
* '''1 [[UEFA Europa League]]:''' [[UEFA Europa League 2012-2013|2012-13]].
* '''2 [[Recopa d'Europa de futbol|Recopes d'Europa de futbol]]:''' [[Recopa d'Europa de futbol 1980-1971|1980-71]] i [[Recopa d'Europa de futbol 1997-1998|1997-98]].
* '''1 [[Supercopa d'Europa]]:''' [[Supercopa d'Europa 1998|1998]].

== Referències ==
{{Referències|1}}

== Enllaços externs ==
{{commonscat|Chelsea F.C.}}
* [http://www.chelseafc.com Official Web oficial del club]
* [http://www.premierleague.com/chelsea-fc.html Chelsea FC - web de la Premier League]
* [http://www.football-lineups.com/games/?t=Chelsea%20in%20FA%20Premier%20League%202006/2007campaign=12.8 Alineacions Chelsea]

{{Premier League}}
{{Lliga de Campions de la UEFA}}
{{Associació Europea de Clubs}}
{{Enllaç AB|de}}
{{Enllaç AB|es}}
{{Enllaç AB|ru}}
{{Autoritat}}
{{Enllaç AD|en}}
{{Enllaç AD|fa}}
{{Enllaç AD|hy}}
{{Enllaç AD|it}}
{{Enllaç AD|ko}}

[[Categoria:Chelsea Football Club|*]]</text>
      <sha1>kmzou37gt4mm6bq5b5ch2o3yem7x76t</sha1>
      <model>wikitext</model>
      <format>text/x-wiki</format>
    </revision>
  </page>