<page>
    <title>Josep Salvador Puignau</title>
    <ns>0</ns>
    <id>1025329</id>
    <revision>
      <id>13921910</id>
      <parentid>13919436</parentid>
      <timestamp>2014-08-07T11:01:46Z</timestamp>
      <contributor>
        <username>ArnauBot</username>
        <id>90823</id>
      </contributor>
      <comment>Robot estandarditza i catalanitza referències, catalanitza dates i fa altres canvis menors</comment>
      <text>'''Josep Salvador Puignau''' ([[Palafrugell]], [[1908]] - [[Tolosa]], [[1974]]) és un dels exiliats palafrugellencs amb motiu de la Guerra Civil que varen refer la seva vida a Tolosa. Linotipista de professió, com a director de la llibreria-editorial ''Librairie des Editions Espagnoles'' va ser l'impulsor d'edicions en llengua catalana i castellana. A més es va implicar activament en l'organització d'actes culturals i en totes les activitats catalanes de la ciutat on residia. 

== Biografia ==

Fill de Matias Salvador Català, de Palafrugell, i de Teresa Puignau Cervera, de Port de la Selva, va néixer el 5 de maig de 1908. Durant la [[dictadura de Primo de Rivera]], se li presenta l'oportunitat de viure a [[París]] i aprendre-hi l'ofici d'[[impressor]], alhora que aprenia [[francès]] i [[esperanto]]. Va tornar a Catalunya per fer el servei militar. 

El 1935 s'instal·la a [[Barcelona]] on funda, juntament amb Aniceto Aguilar Sanza, la impremta GAS (Gràficas Aguilar Salvador), al carrer Aribau. Aquell mateix any, es casa amb la que serà la mare dels seus dos primers fills.

El febrer de 1939, es veu obligat a exiliar-se a [[França]], passant per [[El Pertús]]. Va anar a parar al [[camp d'Argelers|camp de concentració d'Argelers]] i després al de [[Camp del Barcarès|Barcarès]], on, gràcies al seu domini del francès, aconseguirà ser el secretari de l'intèrpret. Els fan treballar en grups de treball, netejant rius, boscos... i fent feines per a la comunitat, cobrant 50 cèntims per dia. 

A principis de 1941, Josep Salvador aconsegueix l'autorització d'immigració a [[Veneçuela]] i el capità Cornudet li proposa d'unir-se a les [[Forces de la França Lliure]] al front de [[Síria]]. Però, Salvador ja ha conegut la seva futura companya, amb qui tindrà una filla, i decideix dir que no a aquestes dues oportunitats de marxar. 

El setembre de 1941 el Comissariat de la Lluita contra l'Atur, a poc a poc, intenta anar donant més drets als grups de treballadors espanyols, però amb algunes prohibicions, com la de no desplaçar-se fora de Tolosa, a menys que es tingui un [[salconduit]].

El 1943, encara dins el grup de treball núm. 562, treballa en els tallers d'aviació Breguet i, alhora, es dedica a la falsificació de carnets d'identitat per a jueus i espanyols, a la impremta Castellvi. El 1944, va ser contractat com a linotipista al diari ''La Republique du Sud-Ouest'', que, a partir de 1947, es passarà a dir ''La Dépêche du Midi''.ref name=marguerite{{ref-llibre |cognom=SALVADOR AFLALLO |nom=Marguerite |editor=Biografia inèdita (dins del Fons Josep Salvador Puignau de l'Arxiu Municipal de Palafrugell) |títol=Figure de l'exil |llengua=francès |editorial= |lloc= |data= |pàgines= |isbn= |ref= }}/ref

El 1945, amb la fi de la [[Segona Guerra Mundial]], s'acaben els grups de treball i s'allibera Tolosa, de tal manera que és el moment en què comença de veritat el procés d'integració dels exiliats. Però, per molts exiliats, la [[Guerra Civil espanyola]] encara no ha acabat i les estructures polítiques republicanes es mantenen a l'exili. Aviat apareixen publicades la [[Constitució Espanyola de 1931|Constitució Republicana]], el [[Codi Civil]]... Els intel·lectuals també intenten mantenir la cultura espanyola, començant per les llengües maternes (català, castellà i basc). Per tant, l'educació popular serà molt important i caldrà que la literatura, la poesia, el teatre, el pensament clàssic, la música, la pintura... arribi a tothom, fins i tot als sectors més pobres. Tanmateix, també s'ha de potenciar els nous autors.ref name=marguerite/ Amb aquesta voluntat neix la ''Librairie des Editions Espagnoles'' (L.E.E.), amb Josep Salvador Puignau al capdavant.ref name=la depeche/ Aquesta petita editorial es dedicarà a publicar llibres senzills i petits, a cost reduït, per tal d'aconseguir que la literatura arribi a tothom. Aquesta llibreria va tenir tant d'èxit que un amic seu, J. Soriano, va decidir que n'obriria una de semblant a París.ref name=avui{{ref-publicació|cognom=BELLMUNT |nom=Domènec de |coautors= |article=Morts a l'exili (148): Josep Salvador i Puignau |url= |format= |llengua=  |publicació=Avui |lloc= |volum= |exemplar= |data=27 de juliol de 1974 |pàgines= |issn= |citació= }}/ref

Els [[Jocs Florals]] de 1952 s'organitzaren a Tolosa, gràcies a José Baró i la L.E.E. Es van rebre més de 130 obres entre prosa, poesia, teatre i partitures musicals.ref name=marguerite/ref name=la depeche{{ref-publicació|cognom=BAGLIN |nom=Michel |coautors= |article=C'était alors la librairie incontournable de tous les réfugiés espagnols |url=http://www.ladepeche.fr/article/2007/11/16/282992-chalets-c-etait-alors-la-librairie-incontournable-de-tous-les-refugies-espagnols.html |format= |llengua= |consulta=31 d'agost de 2012 |publicació=La Dépêche du Midi |lloc=Toulouse |volum= |exemplar= |data=16 de juliol de 2007 |pàgines= |issn= |citació= }}/ref

Salvador es comprà una petita barqueta, que es convertirà en la seva afició, ja que podrà anar seguint la costa, per veure de lluny el seu [[Empordà]] natal.ref name=avui/ Aquestes excursions duraren fins al 1972, quan, per una malaltia, s'hagué de vendre la barca.

El 1970 va fer algunes visites a Barcelona, però tot havia canviat. 

Fins a la seva jubilació, el 1970, Josep Salvador combinarà les dues feines: al diari ''La Dépêche du Midi'' de nit i durant el dia a la llibreria. L'any següent, el 1971, les publicacions de la L.E.E. s'acabaren i el 1973 es vengué la llibreria.ref name=marguerite/ El febrer de 1974 moria, a l'edat de 65 anys, a causa de la malaltia que li havia provocat la seva feina de linotipista i el contacte constant amb el plom.ref name=avui/ 

El 22 d'abril del 2009 es va celebrar a Tolosa un homenatge a Josep Salvador per part de l'[[Institut Cervantes]], que conserva publicacions editades per Salvador, cedides per la seva filla, Marguerite Salvador.ref{{ref-publicació|cognom= |nom= |coautors= |article=El palafrugellenc Josep Salvador homenatjat a Tolosa per la seva tasca d'editor de llibres prohibits per la Dictadura |url= |format= |llengua= |publicació=Revista del Baix Empordà |lloc= |volum= |exemplar=núm. 25 |data=2009 |pàgines=88-89 |issn= |citació= }}/ref La [[Biblioteca de Catalunya]] ha rebut també documentació referent als Jocs Florals de la Llengua Catalana de 1952, celebrats a l'exili, en els quals Salvador va ser membre de l'organització.

Marguerite Salvador va cedir a l'[[Arxiu Municipal de Palafrugell]], l'any 2010, 74 llibres, 61 dels quals van ser editats per la Librairie des Editions Espagnoles i 13 que es venien a l'establiment. A més, va oferir a l'Arxiu 2 exemplars del Boletín Bibliográfico, també editat per la llibreria. Aquestes publicacions són un testimoni de la feina feta pel palafrugellenc Josep Salvador Puignau en favor de la difusió de la cultura en circumstàncies ben difícils.ref{{ref-web|url=http://www.palafrugell.cat/serveis-ciutadania/serveis/arxiu/consulta-en-linia/fons-documentals/fons-personals/josep-salvador-puignau |títol=Fons documentals de l'Arxiu Municipal de Palafrugell |consulta=6 d'agost del 2014 |cognom= |nom= |coautors= |autor= |format= |llengua= |obra= |pàgines= |lloc= |editor=Ajuntament de Palafrugell |data= |arxiuurl= |arxiudata= |doi= }}/refref{{ref-publicació|cognom= |nom= |coautors= |article=Donen 74 llibres editats a l'Estat francès per un palafrugellenc |url=http://www.elpuntavui.cat/noticia/article/-/-/170207.html |format= |llengua= |consulta=31 d'agost de 2012 |publicació=El Punt |lloc= |volum= |exemplar= |data=17 de maig de 2010 |pàgines= |issn= |citació= }}/ref

== Referències ==
{{referències}}

[[Categoria:Exiliats del franquisme baixempordanesos]]
[[Categoria:Editors catalans]]
[[Categoria:Palafrugellencs]]</text>
      <sha1>9a0lrgyk8bvy8y4scngywh4xwf2gws2</sha1>
      <model>wikitext</model>
      <format>text/x-wiki</format>
    </revision>
  </page>