<page>
    <title>Integració europea</title>
    <ns>0</ns>
    <id>1026563</id>
    <revision>
      <id>13934977</id>
      <parentid>13893971</parentid>
      <timestamp>2014-08-12T09:55:46Z</timestamp>
      <contributor>
        <username>RotlinkBot</username>
        <id>151337</id>
      </contributor>
      <minor></minor>
      <comment>Bot: enllaç no actiu</comment>
      <text>[[Fitxer:Further European Union Enlargement.svg|thumb|345px|'''Estat de l'ampliació'''
{{Llegenda|#003399|[[UE|UE-28:]] [[Estats membres de la Unió Europea]].}}
{{Llegenda|#86fdf1|Candidats oficials: [[Turquia]], [[República de Macedònia|Macedònia]], [[Islàndia]], [[Montenegro]], i [[Sèrbia]].}}
{{Llegenda|#b5e61d|Solicitut formal d'ingrés: [[Albània]].}}
{{Llegenda|#fff200|Candidats potencials: [[Bòsnia i Hercegovina]] i [[Kosovo]] (MINUK).}}]]

[[Fitxer:EU28-further enlargement map.svg|thumb|345px|'''Futur de la Unió Europea'''
{{Llegenda|#003399|[[Estats membres de la Unió Europea]] (28).}}
{{Llegenda|#2782bb|Estats candidats oficials (5).}}
{{Llegenda|#77bbbc|Candidats potencials (3).}}
{{Llegenda|#a0e200|Possible adhesió (13).}}]]

Les [[Comunitats Europees]], fundades els anys 50 del segle XX, comptaven originàriament amb sis Estats fundadors.ref{{ref-web|url= http://europa.eu/abc/history/1945-1959/index_es.htm|títol= 1945–1959 Europa por la paz – los albores de la cooperación|consulta = 14 d'abril de 2010 |any= 2010|autor= El portal de la UE|llengua= castellà}}/ref La [[Unió Europea]] (UE) és el resultat de la l'ampliació de continguts dels antics tractats constitutius de les Comunitats Europees i de les successives ampliacions o integracions amb l'adhesió de nous Estats membres. Per això, ha crescut fins als 27 membres, i diversos estats més han sol·licitat la seva adhesió o s'espera que ho facin els propers anys.

Per a la incorporació d'un Estat europeu a la Unió Europea, aquell ha de complir unes condicions econòmiques i polítiques conegudes com els [[criteris de Copenhaguen]],ref name=adhesion/ per haver-se pres el corresponent acord en ell [[Consell Europeu]] de 1993 celebrat [a | en] la capital [[Dinamarca|danesa]]. 

Ara bé, la [[bandera de la Unió Europea]] —cercle de dotze estrelles grogues sobre fons blau—va ser adoptada per l'aleshores [[Comunitat Econòmica Europea]] el 1985, i el seu nombre d'estrelles ha estat i serà invariablement dotze, és a dir, no té relació amb el nombre d'estats de la Unió. 

== Història de l'ampliació de la Unió Europea == 
La [[Unió Europea]], i anteriorment la [[Comunitat Europea]], ha anat creixent al llarg del temps. Al llarg de la història la Unió ha viscut sis processos d'ampliació, set si es compta la [[reunificació alemanya]], els quals es poden observar a la següent taula: 
{| class=wikitable
|-
! Sigla * || Detalls || Mapa
|-
| align=center | '''CEE-6'''br /small(1957-1972)small / || El [[1958]], els ''sis estats fundadors'' de [[Comunitat Europea del Carbó i de l'Acer]] ([[Bèlgica]], [[República Federal Alemanya]], [[França]], [[Itàlia]], [[Luxemburg]] i els [[Països Baixos]]), van constituir la [[Comunitat Econòmica Europea]] i la [[Comunitat Europea de l'Energia Atòmica]]. El [[1962]] es va retirar [[Algèria]] la qual era fins llavors part de l'[[Imperi colonial francès]].||[[Fitxer:EC06-1957-58 European Community map.svg|80px|CEE-6]] 
|-
| align=center | '''CE-9'''br /small(1973-1980)small / || El [[1973]], es van incorporar [[Gran Bretanya]], [[Irlanda]] i [[Dinamarca]] (inclosa [[Grenlàndia]] i excloses les [[Illes Feroe]]).|| [[Fitxer:EC09-1973 European Community map enlargement.svg|80px|CE-9]] 
|-
| align=center | '''CE-10'''br /small(1981-1985)small / ||El 1981, es va incorporar [[Grècia]]. El [[1985]] es va retirar Grenlàndia com a conseqüència del referèndum de 1982.||[[Fitxer:EC10-1981 European Community map enlargement.svg|80px|CE-10]] 
|-
| align=center | '''CE-12'''br /small(1986-1994)small / || El [[1986]], es van incorporar [[Espanya]] i [[Portugal]].|| [[Fitxer:EC12-1986 European Community map enlargement.svg|80px|CE-12]] 
|-
| align=center | '''UE-12'''br /small(1990)small / || Eln [[1990]], la unió de la [[República Federal Alemanya]] i la [[República Democràtica Alemanya]] (RDA) en una [[Reunificació alemanya|nova RFA unificada]], constitueix una ampliació de la Unió sense que augmenti el nombre d'estats membres. Comença a usar-se formalment, a l'any [[1993]], el [[Tractat de la Unió Europea|terme la Unió Europea]]. || [[Fitxer:EC12-1990 European Community map enlargement.svg|80px|UE-12]] 
|-
| align=center | '''UE-15'''br /small(1995-2004)small / || El [[1995]], es van incorporar [[Àustria]], [[Finlàndia]] i [[Suècia]]. || [[Fitxer:EU15-1995 European Union map enlargement.svg|80px|UE-15]]
|-
| align=center | '''UE-25'''br /small(2004-2006)small / || L'[[1 de maig]] de [[2004]], es van incorporar [[República Txeca]], [[Xipre]] (solament la part grec- xipriota), [[Eslovàquia]], [[Eslovènia]], [[Estònia]], [[Hongria]], [[Letònia]], [[Lituània]], [[República de Malta|Malta]] i [[Polònia]].br / || [[Fitxer:EU25-2004 European Union map enlargement.svg|80px|UE-25]]
|-
| align=center | '''UE-27'''br /small(2007-2013)small / || El [[2007]], es van incorporar [[Romania]] i [[Bulgària]].|| [[Fitxer:EU27-2007 European Union map enlargement.svg|80px|UE-27]]
|-
| align=center | '''UE-28'''br /small(2013 - actualitat)small / || L'[[1 de juliol]] de [[2013]], es van incorporar [[Croàcia]]. L'1 de gener del 2014 es va ampliar també la UE, encara que sense ampliar el nombre d'estats membres, ja que [[Mayotte]] va passar a formar part de la Unió Europea com la novena regió ultraperifèrica, després del referèndum del 2009. br / || [[Fitxer:EU28-2013 European Union map enlargement.svg|80px|UE-28]]
|-
| colspan=3 | {{mida|80%|(*) Aquestes sigles i les seves variants en altres llengües (EEC-6, EU-15 etc.), han estat utilitzades per diferents medis.}}ref{{citar web |url= http://semex.es/attachments/content_file_224_0.pdf|títol= La ampliación de la UE a 25 países, ¿Una oportunidad o un riesgo para el sector agrario español? |consulta= 17 d'agost de 2009 |nom= Teresa |cognom=Barreiro |format=PDF| llengua= castellà}}/refref{{citar web |url= http://www.mirem.eu/datasets/agreements/synteu6/index?set_language=en|títol= From the EU-12 to the EU-27|consulta= 17 d'agost de 2009|llengua=anglès}}/ref {{mida|80%|També acostuma a utilitzar-se les expressions: «Europa dels sis», «Europa dels nou» i successivament en correspondència amb el nombre de membres.}}ref{{citar web |url= http://www.cepc.es/rap/Publicaciones/Revistas/13/RPI_120_015.pdf |títol= La Europa de los Diez |consulta= 17 d'agost de 2009 |format=PDF| llengua= castellà}}/refbr /{{mida|80%|'''Nota''': Llevat de menció contrària, tots els estats s'han incorporat un 1 de gener.}}
|}
[[Fitxer:European Union enlargement.gif|thumb|1000px|Ampliació, 1957 a 2007]]

El 1989 es va crear el [[programa Phare]],ref name=Phare{{citar web |url=http://europa.eu/legislation_summaries/enlargement/2004_and_2007_enlargement/e50004_es.htm|títol= El programa Phare|consulta = 27 de març de 2010 |data= 12/02/2007|editor= El portal de la UE|llengua=castellà}}/ref per recolzar financerament els països candidats a l'adhesió a la Unió d'[[Europa de l'Est]]; facilitant-los mitjans per modificar els seus sistemes econòmics perquè aquests siguin compatibles amb la resta dels països de la UE. Així, el programa Phare es va convertir en una eina per ajudar els països candidats a complir amb els criteris d'adhesió,ref name=adhesion{{citar web |url= http://europa.eu/scadplus/glossary/accession_criteria_copenhague_es.htm|títol= Criterios de adhesión (criterios de Copenhague)|consulta = 27 de març de 2010 |editor= El portal de la UE|llengua= castellà}}/ref els anomenats [[criteris de Copenhaguen]].

Els criteris de Copenhaguen, aprovats pel Consell de Copenhaguen de 1993, estableixen quan un país candidat està llest per adherir-se a la Unió. Entre els principals criteris estan els següents: 
*Ésser un estat Europeu. 
*Tenir institucions estables que garanteixin la [[democràcia]], l'Estat de Dret, els [[drets humans]] i el respecte de les minories. 
*L'existència d'una [[economia de mercat]] viable i la capacitat per fer front a la competència i les forces del [[Quatre llibertats (Unió Europea)|mercat dintre de la Unió]]. 
*La capacitat per recolzar les obligacions d'adhesió, inclosa l'adhesió a la unió política, econòmica i monetària. 

Al desembre de 1995, en el [[Consell Europeu]] de [[Madrid]] es van tornar a formular els criteris d'accés, ja que es va introduir l'exigència que els nous membres han d'adaptar les seves estructures administratives i jurídiques a la legislació europea per garantir que poden ser efectivament adoptades a la legislació nacional. 

A efectes de facilitar el funcionament de les institucions de la UE amb un nombre d'estats més elevats del previst inicialment, el [[Tractat de Niça]] (2003) va realitzar els ajusts necessaris a les normes comunitàries, especialment en termes de nombre de representants dels Estats membres dintre de les institucions, el funcionament intern de les pròpies institucions i les majories qualificades necessàries per complir les decisions sobre les matèries delegades pels [[Estats membres de la Unió Europea]].

Amb la paralització soferta pel blocatge del procés de ratificació de la [[Constitució Europea]] i del [[Procés de ratificació del Tractat de Lisboa|Tractat de Lisboa]], el procés d'adhesió de nous països va quedar blocat. Però des que va entrar en vigor el Tractat de Lisboa, l'[[1 de desembre]] de l'any [[2009]], es va desblocar el procés d'adhesió dels candidats a ésser nous membres, alhora que s'estan revisant els criteris d'adhesió. 
{{VT|Història de la Unió Europea|Cronologia de la Unió Europea}}

== Candidats a l'adhesió ==
=== Futurs membres ===
*{{CRO}}
[[Fitxer:Zageb Croatian National Theater.jpg|thumb|right|200px|[[Teatre Nacional de Croàcia]] ([[Zagreb]])]]

Croàcia va sol·licitar l'ingrés a la Unió Europea (UE) el 2003, i la [[Comissió Europea]] va recomanar fer-la candidat oficial a començaments de 2004. Se li va garantir l'estatus de país candidat a Croàcia per part del Consell Europeu (l'executiu de govern de la UE) cap a la meitat de 2004.ref name=c_candidato{{citar publicació|títol=CROACIA: ¿EL PRÓXIMO SOCIO EUROPEO?|url=http://www.incipe.org/croaciasocioeuropeo.html|autor=Natasa Mihajlovic|publicació=Incipe|consulta=11-04-2010}}/ref Les negociacions d'entrada, havent estat originàriament establertes per a març de 2005, van començar a l'octubre d'aquell any, posant en marxa també el procés d'investigació. S'esperava que Croàcia s'adherís l'any 2010,ref{{citar web|títol=Croacia espera firmar su ingreso a la UE en 2010 |url=http://www.dw.de/dw/article/0,,5044168,00.html|editor=www.dw.de|data=21/12/2009|consulta=14-04-2010}}/ref però van sorgir alguns dubtes sobre l'ampliació de la UE després del rebuig de [[Irlanda]] al Tractat de Lisboa en un referèndum.ref name=Lisboa{{citar publicació|url=http://www.rtve.es/noticias/20080620/sarkozy-considera-que-ampliacion-esta-paralizada-ratifica-tratado-lisboa/95790.shtml|títol=Sarkozy considera que la ampliación está paralizada si no se ratifica el Tratado de Lisboa|data=20-06-2008|publicació=Rtve.es y EFE|consulta=14-04-2010|llengua=castellà}}/ref Però després de l'entrada en vigor d'aquest tractat les negociacions per a l'adhesió de nous països s'han descongelat, possibilitant d'aquest mode que Croàcia pugui ser membre de la UE amb una mayor brevetat.ref name=Croacia_12{{citar publicació|url=http://www.europapress.es/internacional/noticia-ue-croacia-espera-fecha-hipotetica-adhesion-2012-haga-realidad-promete-ayudar-futuros-candidatos-20100216122352.html|títol=Croacia espera que la fecha hipotética de adhesión en 2012se haga realidad y promete ayudar a futuros candidatos|data=16-02-2010|publicació=Europa Press|consulta=14-04-2010|llengua=castellà}}/ref Finalment, Croàcia va signar el seu tractat d'adhesió el 10 de desembre de 2011,ref name=Croacia_adhesion{{citar publicació|url=http://www.larazon.es/noticia/5695-croacia-firma-su-adhesion-a-la-ue|títol=Croacia firma su adhesión a la UE|data=10-12-2011|publicació=www.larazon.es|consulta=14-12-2011|llengua=castellà}}/ref en què s'estableix que entrarà a formar part de la UE l'1de juliol de 2013, tal com va proposar la Comissió Europea.ref name=Croacia_13{{citar publicació|url=http://www.rtve.es/noticias/20110610/comision-europea-propone-entrada-croacia-ue-julio-2013/438769.shtml|títol=La Comisión Europea propone la entrada de Croacia en la UE en julio de 2013|data=10-06-2011|publicació=RTVE|consulta=14-06-2011|llengua=castellà}}/ref El 22 de gener de 2012 la signatura d'adhesió va ser ratificada per [[referèndum]].ref name=adhesionCroacia{{citar publicació|títol=Los croatas dan un claro apoyo a la adhesión en la UE en 2013|url=http://internacional.elpais.com/internacional/2012/01/22/actualidad/1327234665_837191.html|publicació=El País|data= 22 de gener de 2012|consulta= 22 de gener de 2012|llengua=castellà}}/ref

=== Candidats oficials ===
Els cinc països actualment candidats oficials a formar part de la UE són [[Turquia]] (des de 2004), la [[República de Macedònia]] (des de 2005),ref name=pais_candi{{citar web |url= http://ec.europa.eu/enlargement/candidate-countries/index_es.htm |títol= Países candidatos|consulta = 14 d'abril de 2010 |data= 9-3-2010|editor= Comisión Europea|llengua= castellà}}/ref [[Islàndia]],ref name=pais_candi{{citar web |url= http://ec.europa.eu/enlargement/candidate-countries/index_es.htm|títol= Países candidatos|consulta = 14 d'abril de 2010 |data= 9-3-2010|editor= Comisión Europea|llengua=castellà}}/refref{{citar web|url= http://www.prensa-latina.cu/index.php?option=com_contenttask=viewid=198305Itemid=1|títol = UE acepta abrir negociaciones para adhesión de Islandia|editor= www.prensa-latina.cu|data= 17-06-2010|autor= Prensa Latina (PL)}}/ref i [[Montenegro]] (des de 2010),ref name=solicitud_mont/ i [[Sèrbia]] (des de 2012).ref name=solicitud_serbia/ Un informe de la Comissió Europea d'octubre de 2009 va valorar positivament a Croàcia i República de Macedònia per a una futura ampliació, però va instar a endarrerir el procés amb Turquia.ref name=opinion_ue{{citar web 
|url=http://www.elpais.com/articulo/internacional/UE/abre/puerta/Croacia/Macedonia/pone/trabas/Turquia/elpepuint/20091014elpepuint_6/Tes|títol= La UE abre la puerta a Croacia y Macedonia pero pone trabas a Turquía|consulta = 27-3-2010 |data= 14-10-2009|editor= El País|llengua= castellà}}/ref

*{{TUR}}
[[Fitxer:DSC04870 Istanbul - Ponte sul Bosforo - Foto G. Dall'Orto 30-5-2006.jpg|thumb|200px|Pont del [[Bòsfor]] ([[Estambul]]).]]
El 6 d'octubre de 2004, la [[Comissió Europea]] va donar el vistiplau a Turquia i va recomanar el [[Consell de la Unió Europea]] iniciar negociacions per a l'ingrés de Turquia a la UE.ref name=comi_acepta_tur{{citar web 
|url= http://europa.eu/legislation_summaries/enlargement/ongoing_enlargement/e50015_es.htm|títol= Turquía: la Comisión recomienda la apertura de las negociaciones de adhesión|consulta=14 d'abril de 2010 |data= 3-07-2007|editor= El portal de la UE|llengua=castellà}}/ref El 29 d'octubre del mateix any, els membres del consell de la UE, van signar a Roma el [[Tractat pel qual s'establix una Constitució per a Europa]], el projecte de la qual havia estat aprovat el 18 de juny anterior. El president de Turquia [[Recep Tayyip Erdo#287;an]] va signar en representació del seu país.ref name=constitucion_eu{{citar web |url= http://www.lukor.com/not-mun/europa/0410/29132152.htm|títol= Firmada la primera Constitución Europea 47 años después del Tratado que dio origen a la CEE|consulta=14 d'abril de 2010 |data= 09/10/2004|editor= www.lukor.com|llengua=castellà}}/refref name=erdogan{{citar web |url=http://www.nuevaeconomiaforum.org/es/act/proximas/object.aspx?o=26706|títol= Recep Tayyip Erdogan|consulta=14 d'abril de 2010 |data= 22-02-2010|editor= Nueva Economía Forum|llengua=castellà}}/ref El 3 d'octubre de 2005 es van iniciar formalment les negociacions encara que com Macedònia, Turquia ha de resoldre conflictes territorials amb Grècia i admetre la seva culpabilitat en el [[Genocidi Armeni]].ref name=gen_armenio{{citar web |url=http://www.eldiariomontanes.es/agencias/20100327/mas-actualidad/internacional/erdogan-insiste-negar-genocidio-armenios_201003271349.html|títol= Erdogan insiste en negar genocidio de armenios y pide diálogo con Irán|consulta=14 d'abril de 2010 |data= 27-03-2010|autor=EFE|editor= www.eliariomontanes.es|llengua=castellà}}/ref Un altre problema prové del conflicte diplomàtic turc-xipriota,ref name=turquia_chipre{{citar web |url= http://www.abc.es/agencias/noticia.asp?noticia=328316|títol= Merkel insta a Ankara a solucionar el conflicto con Chipre|consulta=14 d'abril de 2010 |data= 29/03/2010|autor= EFE|editor=www.abc.es|llengua=castellà}}/ref que s'espera es resolgui en el moment en què les dues comunitats que viuen a l'illa de [[Xipre]], grega al sud (República de Xipre) i turca al nord ([[República Turca del Nord de Xipre]]), arribin a un acord que possibiliti la seva fusió en una federació.

Després d'una aturada a les negociacions a causa de problemes interns del país, Turquia continua realitzant importants reformes que possibilitin la seva entrada definitiva a la UE com més aviat millor. Així mateix, s'han evidenciat canvis significatius en la seva constitució que afavoreixen la llibertat d'impremta, religiosa i respecte a les minories.ref name=constitu_refor{{citar web |url= http://ecodiario.eleconomista.es/espana/noticias/2055416/04/10/La-ue-anima-a-turquia-a-afrontar-la-posible-reforma-constitucional-con-dialogo-y-consenso.html|títol= La UE anima a Turquía a afrontar la posible reforma constitucional con diálogo y consenso|consulta=14 d'abril de 2010 |data= 13/4/2010|editor=Ecodiario|autor=Servimedia|llengua=castellà}}/ref

Al gener de 2009, el primer ministre turc va demanar a la unió que alleugerís les negociacions i que obrís nous capítols,ref{{citar web 
|url= http://elecciones-europeas.abc.es/claves/2009-05-21/adhesion-deturquia-1903.html|títol=La adhesión de Turquía, el país euroasiático negocia desde 2004 su entrada a la UE.|consulta=14 d'abril de 2010 |data= 21/5/2009|editor=www.abc.es|llengua=castellà}}/ref com l'energètic, bàsic per a l'estratègia europea d'aconseguir gas del [[Mar Caspi|Caspi]]. Es referia al Projecte Nabucco,ref{{citar web |url= http://es.euronews.net/2009/07/13/firmado-el-proyecto-de-gasoducto-nabucco/|títol= Firmado el proyecto de gasoducto Nabuco|consulta=14 d'abril de 2010 |data= 13/07/2009|editor= www.euronews.net|llengua=castellà}}/ref [[gasoducte]] que transcorrerà per Turquia i traslladarà el gas [[Azerbaidjan|àzeri]] cap a Europa.

*{{MKD}}
[[Fitxer:Stonebridgeskopje.JPG|thumb|right|200px|[[Puente de piedra (Skopie)]], [[República de Macedònia|Macedònia]]]]
La República de Macedònia va obtenir al desembre de 2005 l'estatus de candidat oficial després d'haver-ho} sol·licitat formalment al gener de 2004, tot i que les negociacions no han començat encara. Aquest país ha de resoldre les seves amb [[Grècia]] abans que es pugui arribar a una decisió sobre el seu ingrés a la UE. 

Els últims anys s'han intentat una sèrie de negociacions per a la resolució de la disputa, incloent la [[Cimera de Bucarest de 2008|cimera de l'OTAN de 2008 a Bucarest]]. Tanmateix, aquests intents de resoldre el conflicte han fracassat i van impedir l'ingrés de Macedònia a l'[[OTAN]],ref name=Amplia_OTAN{{citar web|url=http://afp.google.com/article/ALeqM5hyzV1_OUkgJOznfXc2-acHnZAo9Q|títol=Grecia veta ingreso de Macedonia a OTAN; Ucrania y Georgia pierden apoyo|editor=AFP|data=5-3-2008|consulta=11 d'abril de 2010|llengua=castellà|arxiuurl=http://web.archive.org/web/20120322171341/http://afp.google.com/article/ALeqM5hyzV1_OUkgJOznfXc2-acHnZAo9Q|arxiudata=2012-03-22}}/ref i la congelació de les negociacions per a l'adhesió d'aquest país a la UE a causa d'objeccions per part de Grècia.ref{{citar web|url=http://www.phantis.com/news/?newsID=20080326105938|títol=El nombre Macedonia enfurece a los griegos|editor=Información y comercio digital|data=3-12-2009|consulta=14 d'abril de 2010|llengua=castellà}}/ref

L'operació «Concòrdia» a Macedònia desenvolupada el 2003 va ser la primera operació militar realitzada per la UE. Després del final d'aquesta operació, les autoritats macedònies van sol·licitar a la UE la posada en marxa d'una operació policíaca denominada «Pròxima», que té per ordre assegurar una missió de consell a favor del desenvolupament de serveis de policia professionals a Macedònia, sota les normes europees. 

*{{ISL}}
[[Fitxer:Reykjavik rooftops.jpg|thumb|200px|[[Reikiavik]], Islàndia.]]
El govern d'Islàndia va sol·licitar al seu congrés nacional del mes de maig de 2009, el consentiment per poder iniciar converses per a la seva possible adhesió amb la Unió Europea.ref{{citar web|url = http://www.publico.es/internacional/228746/islandia/paso/socio/numero |títol = Islandia, a un paso de ser el socio número 28 |consulta = 29 de maig de 2009 |nom = Daniel |cognom=Basteiro |data = 29 de maig de 2009 |editorial = Público |llengua = castellà}}/ref A propòsit d'aquesta sol·licitud, el dia 16 de juliol de 2009, el parlament de Islàndia va admetre presentar formalment a la Unió Europea, la seva sol·licitud d'adhesió. La votació al parlament va ser de 33 vots a favor, enfront de 28 vots en contra.ref name=elmundo.es{{citar web|url = http://www.elmundo.es/elmundo/2009/07/16/union_europea/1247754100.html|títol = El Parlamento de Islandia aprueba solicitar el ingreso en la Unión Europea |editor= www.elmundo.es |llengua= castellà |autor=Reuters}}/ref Així, el govern islandès va formalitzar el [[23 de juliol]] del [[2009]] la seva sol·licitud d'iniciar els tràmits per integrar-se en la UE, a [[Estocolm]].ref{{citar web|url = http://www.adn.es/politica/20090723/NWS-0337-Islandia-Europea-Union-formalmente-solicitud.html|títol = Islandia entrega formalmente su solicitud de adhesión a la Unión Europea|editor=ADN|data=23/7/2009|autor=EFE|llengua=castellà}}/ref

El 24 de febrer de 2010, la Comissió Europea va recomanar iniciar les negociacions amb Islàndia per a la seva adhesió a la Unió Europea, per considerar que comparteix els valors comuns del bloc com a democràcia, estat de dret i respecte als drets humans.ref name=CE vs Iceland{{citar web|url= http://www.europarl.europa.eu/meetdocs/2009_2014/documents/afet/dv/com_com%282010%290062_/com_com%282010%290062_es.pdf|títol = Dictamen de la Comisión sobre la solicitud de adhesión de Islandia a la Unión Europea|editor=www.europarl.europa.eu|llengua=castellà|data=24-2-2010|autor=Comisión Europea|consulta = 6 de maig de 2010}}/ref Pel que el Consell Europeu, celebrat a Brussel·les el 17 de juny de 2010, va acordar l'obertura de les negociacions amb Islàndia per a la seva adhesió a la Unió Europea.ref{{citar web|url = http://www.prensa-latina.cu/index.php?option=com_contenttask=viewid=198305Itemid=1|títol = UE acepta abrir negociaciones para adhesión de Islandia |editor=www.prensa-latina.cu|data=17-06-2010|autor=PL|consulta=25 de juny de 2010|llenga=castellà}}/ref

Així, tant el govern islandès com la Comissió Europea estan especulant sobre l'any 2013ref name=elmundo.es / com a data de la possible adhesió d'Islàndia a la UE, al mateix temps que [[Croàcia]] (que entrarà l'1 de juliol de 2013). Així la Unió Europea passaria a estar formada per 29 països, mentre que seguirien a l'espera Turquia, Montenegro i la República de Macedònia. 

Abans de la crisi financera de l'any [[2008]], la possibilitat d'incorporar-se a la UE era àmpliament rebutjada degut a la por de perdre el seu alt nivell de vida i recursos pesquers. Islàndia ha estat un dels països més perjudicats per la [[Crisi econòmica de 2008-2010|crisi econòmica i financera mundial]], fet que ha portat els ciutadans de l'illa a replantejar-se el fet d'adherir-se al projecte europeu. La seguretat que oferiria pertànyer a un mercat tan ampli i sobretot, l'ús de la moneda comuna, l'euro, ha provocat que, segons les últimes enquestes, la majoria d'islandesos estarien actualment a favor d'una possible entrada a la Unió Europea.ref{{citar web|url = http://www.eleconomista.es/flash/noticias/813658/10/08/Islandia-podria-entrar-rapidamente-en-la-Union-Europea-si-presentase-candidatura-.html|títol = Islandia podría entrar rápidamente en la Unión Europea si presentase candidatura|editor=www.eleconomista.es|llengua=castellà|data=20-10-2008|autor=EFE}}/ref Pertany a l'[[Associació Europea de Lliure Comerç]], la qual haurà d'abandonar si s'adhereix a la UE, i al [[Espai Econòmic Europeu]],ref name=EEE/ i per tant manté estretes relacions econòmiques amb la UE.

*{{MNE}}
[[Fitxer:Kotor Montenegro.jpg|thumb|200px|[[Kotor]],[[Montenegro]].]]
La [[Sèrbia i Montenegro|Unió de Sèrbia i Montenegro]] va començar el procés d'accés a la Unió Europea al novembre de [[2005]], quan van començar les negociacions sobre un [[Procés d'Estabilització i Associació]]. Al maig de [[2006]], [[Montenegro]] va votar per la seva independència en el Plebiscit montenegrí de 2006, amb el qual es va separar de [[Sèrbia]]. Sèrbia va continuar amb les negociacions existents fins aleshores, mentre que el nou estat va començar noves negociacions per separat al setembre de [[2006]].ref name=UE_estra_6/7{{citar web |url= http://europa.eu/legislation_summaries/enlargement/ongoing_enlargement/e50025_es.htm|títol=Estrategia de ampliación 2006-2007: retos y capacidad de integración|consulta=14 d'abril de 2010|data=17-4-2008|autor=Comisión al Consejo y al Parlamento Europeo|llengua=castellà}}/ref L'acord va començar el 15 de març de 2007 i va seroficialment ratificat el 15 d'octubre del mateix any. Oficialment, Montenegro va demanar l'accés a la UE el [[15 de desembre]] de [[2008]].ref name=solicitud_mont{{citar web|url=http://www.reei.org/reei17/doc/cronica/cronica_IGLESIAS_Marta.pdf|títol=CRÓNICA DE HECHOS INTERNACIONALES (JUNIO - DICIEMBRE 2008)|consulta=14-4-2010
|nom=Marta |cognom=Iglesias Berlanga |nom2=Carmen |cognom2=Quesada Alcalá|data=2009|editor=17 REVISTA ELECTRÓNICA DE ESTUDIOS INTERNACIONALES (2009)|llengua=castellà}}/refref name=Mont_soli_cand{{citar web |url= http://www.dw.de/dw/article/0,,3877765,00.html|títol= Montenegro pide oficialmente ingreso a la Unión Europea|consulta=14 d'abril de 2010 |data= 15-12-2008|autor= www.dw.de|llengua=castellà}}/ref El [[23 d'abril]] de [[2009]], el Consell va invitar a la [[Comissió Europea]] a emetre la seva opinió sobre la sol·licitud. Montenegro seria aleshores sotmesa a una sèrie de preguntes en un qüestionari. L'opinió de la Comissió seria després transmesa al consell durant el curs de 2010.ref name=Monte_candidato{{citar web |url= http://www.eurotribune.eu/?p=8932l=0idioma=1|títol= Montenegro podría ser candidato a finales de año|consulta=14 d'abril de 2010 |data= 12-4-2010|autor= www.eurotribune.eu|llengua=castellà}}/ref

El 17 de desembre de 2010 Montenegro va rebre l'estatus de país candidat a l'adhesió, informació que va fer aleshores pública el president del Consell [[Herman Van Rompuy]].ref name=solicitud_mont{{citar web|url=http://www.elmundo.es/elmundo/2010/12/17/union_europea/1292589115.html|títol=Montenegro, candidato oficial a entrar en la UE|consulta=18-12-2010|data=2010|editor=elmundo.es |llengua=castellà}}/ref

*{{SRB}}
[[Fitxer:Kralja_Milana_Street,_Belgrade,_Serbia.jpg|thumb|200px|[[Belgrad]], [[Sèrbia]].]]
L'actual govern europeista en el comandament del país després de les últimes eleccions generals al maig de 2008 afavorirà les relacions de fluïdesa per aconseguir com més aviat l'estatus de país candidat. Això es va poder comprovar amb l'entrega al [[Tribunal Penal Internacional per a l'antiga Iugoslàvia]] de varis dels homes més buscats després de la devastadora guerra que va acabar amb l'antiga [[República Federal Socialista de Iugoslàvia|Iugoslàvia]], com [[Slobodan Miloševi#263;]] o [[Radovan Karadži#263;]]. Per aconseguir aquest estatus de candidat, hauran de continuar cooperant en aquest àmbit i lliurar a la resta de criminals de guerra, així com resoldre problemes recents com el de la independència unilateral d'una de les seves províncies, [[Kosovo]].ref{{citar web |url= http://www.europarl.europa.eu/sides/getDoc.do?type=IM-PRESSreference=20071019STO11860language=ES |títol= Los eurodiputados debaten la relación entre Serbia y la UE. Parlamento europeo|autor=Parlamento Europeo|data=7-12-2007|consulta=14 d'abril de 2010|editor= www.europarl.europa.eu |llengua=castellà}}/ref

D'altra banda, des del 19 de desembre de 2009, els ciutadans serbis no requereixen de visat per a estades de menys de tres mesos als països membres de l'[[Espai Schengen]].ref{{citar web |url= http://glassrbije.org/S/index.php?option=com_contenttask=viewid=9711Itemid=26 |títol= Glassrbije.Org - Entró En Vigor El Acuerdo Sobre La Liberalización De Visados|editor=Radio Srbija|data=19-12-2009|llengua=castellà|consulta=14 d'abril de 2010}}/ref El govern de [[Belgrad]] va presentar la seva sol·licitud d'ingrés a la Unió Europea de manera oficial el 22 de desembre de 2009, sota la presidència rotatòria de [[Suècia]] en el Consell.ref{{citar web |url= http://www.europapress.es/internacional/noticia-serbia-presentara-solicitud-ingreso-ue-proximo-martes-20091220092148.html |títol= Serbia presentará su solicitud de ingreso a la UE el próximo martes|editor=europapress.es|data=20-12-2009|consulta=14 d'abril de 2010|llengua=castellà |autor=Reuters/EP}}/ref Finalment, el 2 de març del 2012, els caps d'Estat i de Govern de la UE van concedir a Sèrbia l'estatus oficial de país candidat a l'adhesió.ref name=solicitud_serbia{{citar publicació |autor=EFE |títol=La UE acuerda que Serbia sea candidato oficial a la adhesión |url=http://www.lavanguardia.com/internacional/20120302/54262537175/ue-acuerda-serbia-candidata-oficial-adhesion.html |editor=www.lavanguardia.com |publicació=La Vanguardia Ediciones S.L. |data= 02-03-2012 |consulta=2 de març de 2012|llengua=castellà}}/ref

=== Candidats potencials ===
Actualment són candidats potencials,refÉs l'expressió que utilitza oficialment la Comissió Europea per a aquests països./refref name=pais_candi/ dos països dels [[Balcans]] occidentals, [[Albània]] i [[Bòsnia i Hercegovina]], així com el territori de [[Kosovo]], l'estatus del qual es troba disputat, d'acord amb allò que es disposa a la resolució 1244 del Consell de Seguretat de les Nacions Unides.ref name=ONU_1244{{citar web|url= http://www.un.org/spanish/docs/comitesanciones/1160/sres1244.pdf|títol= RESOLUCIÓN 1244 (1999)|consulta = 14 d'abril de 2010 |data= 10-06-1999|autor= Distr. general del Consejo de Seguridad de la ONU|llengua= castellà}}/ref

Això suposa que a més a més de Croàcia, Montenegro, Sèrbia i Macedònia, d'altres països creats a partir de la dissolució de la [[República Federal Socialista de Iugoslàvia]], així com [[Albània]] tenen possibilitats d'adherir-se a la UE, sempre que les seves economies prosperin i se solucionin els seus conflictes ètnics. Respecte a Kosovo, la diferent actitud dels països membres respecte a la seva declaració d'independència dificulta la seva eventual entrada a la Unió Europea.ref{{citar web
|url= http://ec.europa.eu/enlargement/potential-candidates/kosovo/key-documents/index_en.htm|títol= Kosovo: key documents|consulta= 4 de maig de 2010 |autor= Comisión para la ampliación de la Unión Europea|llengua= anglès}}/ref

==== Països que han presentat la seva candidatura ====
*{{ALB}}
[[Fitxer:07Tirana Sheshi Skenderbej03.jpg|thumb|200px|[[Tirana]], [[Albània]].]]
Albània va ser el primer dels països Candidats Potencials oficialment reconeguts per començar les negociacions de l'Acord d'Estabilització i Associació el 2003. Això va ser acordat satisfactòriament i signat el 12 de juny de 2006, completant-se el primer pas principal cap a l'adhesió d'Albània a la UE. 

Des de l'any 2008 Albània ja és membre de l'[[OTAN]], i això era un dels seus grans objectius, i ara pretén seguir el mateix exemple amb la UE, per la qual cosa Albània va sol·licitar oficialment la seva candidatura a la UE el 28 d'abril de 2009, abans de les eleccions legislatives nacionals. 

El seu principal repte és acabar amb el crim organitzat i la corrupció,ref name=corr_kya{{citar web
|url=http://www.abc.es/agencias/noticia.asp?noticia=316899|títol=La UE pide a Albania y Kosovo más acciones contra la corrupción|consulta=14 d'abril de 2010|autor=EFE|data=19-3-2010|editor=www.abc.es
|llengua=castellà}}/ref així com millorar el sistema judicial. També serà molt important la seva posició respecte al cas kosovar, ja que la majoria ètnica a Kosovo és l'albanesa. 

==== Països i entitats que no han iniciat els tràmits ==== 
*{{BIH}}
[[Fitxer:Stari Most22.jpg|thumb|200px|Pont vell de [[Mostar]], [[Bòsnia i Hercegovina]].]]
Aquest país ja ha mostrat el seu interès a pertànyer al grup europeu, encara que l'adhesió de [[Bòsnia i Hercegovina]] a la Unió Europea s'enfronta a molts problemes econòmics i polítics, i això comportarà que el país porti a terme grans reformes en el seu sistema econòmic, polític i judicial.ref{{citar web
|url=http://www.laverdad.es/agencias/20100406/mas-actualidad/mundo/eeuu-piden-bosnia-avance-reformas_201004062039.html|títol= La UE y EEUU piden a Bosnia un avance en sus reformas|consulta=14 d'abril de 2010 |data= 06-04-2010|autor=EFE|editor=www.laverdad.es|llengua=castellà}}/refref{{citar web
|url=http://www.laverdad.es/agencias/20100406/mas-actualidad/mundo/moratinos-visita-sarajevo-para-desbloquear_201004061017.html|títol= Moratinos visita Sarajevo para desbloquear camino de Bosnia a la UE y a la OTAN|consulta=14 d'abril de 2010 |data= 06-04-2010|autor=EFE| editor=www.laverdad.es| llengua=castellà}}/ref Estant el seu principal repte integrar en un mateix projecte d'estat, totes les ètnies del país: [[bosnians]] musulmans, [[Croats de Bòsnia i Hercegovina|bosniocroats]] i [[Serbis de Bòsnia i Hercegovina|serbis de Bòsnia]], entre d'altres.ref{{cita web |url=http://www.cafebabel.es/article/27411/bosnia-croata-serbios-tension-etnica-union europea.html |títol=En las tensiones étnicas de Bosnia, la Unión Europea toma el mando|consulta=14 d'abril de 2010 |data= 19-11-2008|autor=Mira Galanova|editor= www.cafebabel.com|llengua=castellà}}/ref

Però, la UE exigeix una major col·laboració entre ètnies per poder ingressar en la Unió. Per fer-ho, entre altres coses, es van unificar les forces de seguretat, ja que els serbis posseïen cossos separats dels bosniano-croats. Gràcies a la reforma de la policia bosniana la Unió Europea i Bòsnia Hercegovina van signar un Acord d'Estabilització i Associació, el desembre de 2007, el qual va significar el primer pas de Bòsnia cap a la integració europea.ref name=poli_bosnia{{citar web
|url=http://www.aol.es/noticias/story/La-UE-y-Bosnia-firman-el-acuerdo-de-asociaci%C3%B3n-antesala-de-la-adhesi%C3%B3n/5248614/index.html|títol= La UE y Bosnia firman el acuerdo de asociación, antesala de la adhesión|consulta=14 d'abril de 2010|editor=AOL|autor=EFE|data=4-12-2007|llengua=castellà}}/refref name=bosnia{{citar web|url=http://es.euronews.net/2007/12/04/la-ue-y-bosnia-firman-un-pre-acuerdo-de-acercamiento-en-sarajevo/|títol= La UE y Bosnia firman un pre acuerdo de acercamiento en Sarajevo|consulta=14 d'abril de 2010|editor=Euronews|data=4-12-2007|llengua=castellà}}/ref

Així, la nació ha realitzat progressos lents però segurs, inclosa la cooperació amb el [[Tribunal Penal Internacional per a l'antiga Iugoslàvia|Tribunal de crims de guerra]] de [[La Haia]].

* [[Fitxer:Flag of Kosovo.svg|25px|Kosovo]] [[MINUK|Kosovo (MINUK)]]
[[Fitxer:Prishtina maj 2005.jpg|thumb|right|200px|Torres de la [[MINUK]] a [[Pristina]], [[Kosovo]].]]
L'any 2002, la [[Comissió Europea]] va començar el Mecanisme de supervisió de l'estabilització i el procés d'associació (SMT a les seves sigles en anglès) amb el Kosovo administrat per les Nacions Unides.ref name=ONU_1244{{citar web|url=http://www.un.org/spanish/docs/comitesanciones/1160/sres1244.pdf|títol=RESOLUCIÓN 1244 (1999)|consulta=14 d'abril de 2010 |data= 10-06-1999|autor= Distr. general del Consejo de Seguridad de la ONU|llengua=castellà i anglès}}/ref Aquest mecanisme és un calc de l'[[Associació Oriental]] empleat per la Unió per monitorar les reformes als països que han mostrat el seu interès a unir-se a la UE. Després d'una sèrie de reunions frustrades entre les autoritats sèrbies i kosovars, el govern provisional kosovar [[Independència de Kosovo|va declarar la independència de Kosovo]] de Sèrbia el febrer de 2008 sota la denominació de ''República de Kosovo'',ref name=indep_kosovo{{citar web|url=http://www.elperiodico.com/default.asp?idpublicacio_PK=46idioma=CASidnoticia_PK=483945idseccio_PK=1007|títol=El Parlamento kosovar aprueba la declaración de independencia|consulta=14 d'abril de 2010 |data= 17/2/2008|autor= Jordi Coachán |editor= www.elperiodico.com |llengua=castellà}}/ref que va ser reconeguda per 22 dels 27 països membres de la UE, als quals la Unió va donar la llibertat per reconèixer o no la independència kosovar. La Unió es refereix oficialment al territori sota la denominació ''Kosovo sota la Resolució 1244 del Consell de Seguretat de les Nacions Unides'', no reconeixent formalment l'autodenominada República de Kosovo ni la seva secessió de Sèrbia. Les autoritats de la Unió han ratificat en nombroses ocasions que el futur de Kosovo passa per la seva adhesió a la Unió Europea,ref{{citar web |url=http://www.eu-un.europa.eu/articles/fr/article_2982_es.htm|títol=Towards a European Kosovo|consulta=14 d'abril de 2010 |data= 24-10-2003|autor= Javier Solana|editor=www.eu-un.europa.eu|llengua=anglès}}/refref{{citar web|url=http://www.euinkosovo.eu/images/eu-fact-sheet-eng.pdf|títol=Comitted to Kosovo's European future.|consulta=14 d'abril de 2010 |data= 19-2-201|editor=www.euinkosovo.eu|llengua=anglès}}/refref{{citar web|url=http://www.diariosur.es/agencias/20100219/mas-actualidad/mundo/ashton-resalta-pristina-futuro-europeo_201002191703.html|títol=Ashton resalta en Pristina el futuro europeo de Kosovo|consulta=14 d'abril de 2010 |data= 19-2-2010|autor= EFE|editor=www.sur.es|llengua=castellà}}/ref encara que la divisió dels estats membres respecte a la declaració d'independència kosovar dificulta l'acord sobre quina forma hauria de prendre l'eventual adhesió de Kosovo a la Unió Europea.

=== Candidats que han paralitzat els tràmits ===
*{{SUI}} 
[[Fitxer:Geneve Bourg-de-Four B.jpg|thumb|200px|Plaza Bourg-de-Fou ([[Ginebra (ciutat)|Ginebra]]), [[Suïssa]].]]
[[Suïssa]] va començar les negociacions amb la [[CEE]] per al seu ingrés, però aquestes van quedar paralitzades després d'un referèndum el 1992.ref name=suiza/ Les negociacions han tornat a ésser rebutjades pels suïssos algunes vegades (últim referèndum celebrat el [[4 de març]] de [[2001]]).ref{{citar web |títol=Votation populaire du 4 mars 2001 |editor=Federal Chancellery |url=http://www.admin.ch/ch/f//pore/va//20010304/index.html |consulta=17 de juliol de 2009|llengua=francès}}/ref Es creu que la temor de la pèrdua de neutralitat i independència és el problema clau en contra de l'ingrés. El govern federal suís ara com ara s'ha limitat a signar acords específics amb la UE pel que fa al lliure trànsit de persones i treballadors. 

Suïssa, com a membre de l'[[Associació Europea de Lliure Comerç]] (AELC), també tenia dret a entrar a l'[[Espai Econòmic Europeu]],ref name=EEE/ però després del vot negatiu dels ciutadans en un referèndum, Suïssa no va ratificar l'acord.ref name=suiza{{citar web|títol=Suiza y la UE|editor=Swissinfo|url=http://www.swissinfo.ch/spa/country_information/country_profile/Suiza_y_la_UE.html?cid=5099244|consulta=14 d'abril de 2010|data=1-4-2006|llengua=castellà}}/ref Actualment les relacions d'aquest país amb la UE estan regides per un conjunt de tractats bilaterals. Actualment és membre de l'[[espai Schengen]] des de novembre de 2008.ref name=Espacio/cooperación Schengen{{citar web |url=http://europa.eu/legislation_summaries/justice_freedom_security/free_movement_of_persons_asylum_immigration/l33020_es.htm |títol=El espacio y la cooperación Schengen |consulta=6 de setembre de 2012 |llengua=castellà |cita=Síntesis de la legislación de la Unión Europea}}/ref

*{{NOR}}
[[Fitxer:Oslo-karljohan.jpg|thumb|200px|Carrer Karl Johans ([[Oslo]]), [[Noruega]].]]
Noruega és refractari a l'ingrés a la UE entre altres motius perquè desitja mantenir el control dels seus recursos [[Pesca comercial|pesquers]] a les seves aigües territorials així com el seu alt nivell de vida. Noruega ha sol·licitat l'admissió a la CEE i a la UE en dues ocasions (sent rebutjada en referèndum local ambdues vegades).ref{{citar web|títol=La historia de la UE|editorial=www.historiasiglo20.org|url=http://www.historiasiglo20.org/europa/cronologia.htm|consulta=14 d'abril de 2010|llengua=castellà}}/ref

Encara que no és un Estat membre de la Unió, és en efecte, necessari per adoptar prop del 20% dels actes jurídics de la Unió Europea a causa de la seva participació a l'[[Espai Econòmic Europeu]] (EEE),ref name=EEE/ mitjançant l'[[EFTA|Associació Europea de lliure comerç]] (AELC). A més a més, Noruega ha decidit participar en molts dels programes, institucions i activitats.ref name=mossavis{{citar web|títol=Nuestra adhesión oculta a la UE|editorial=Moss-avis|url=http://translate.google.es/translate?js=yprev=_thl=esie=UTF-8layout=1eotf=1u=http%3A%2F%2Fwww.moss-avis.no%2Fdebatt%2Faktuell-kommentar%2Fvart-skjulte-eu-medlemskap-1.4361339sl=notl=es|consulta=19 de novembre de 2007|llengua=(traduït al castellà)}}/refUn dels temes més dominants i divisoris a Noruega del debat polític i econòmic des de la [[Segona Guerra Mundial]] ha estat la decisió sobre l'adhesió d'aquest país a la UE.

== Resta d'estats europeus ==
=== {{Bandera|RUS}}{{Bandera|BLR}}{{Bandera|AZE}}{{Bandera|UKR}}{{Bandera|ARM}}{{Bandera|MDA}}{{Bandera|KAZ}} [[Comunitat d'Estats Independents]] ===
[[Fitxer:Maidan Nezalezhnosti (Kiev).jpg|thumb|200px|[[Kíev]], [[Ucraïna]].]]
Possiblement [[Rússia]] no podrà ingressar a la UE, almenys durant les properes dècades, perquè la seva importància suposaria un greu contrapès que desequilibraria el balanç intern de la Unió, i la seva diferent orientació econòmica i industrial. [[Bielorússia]] amb el seu sistema proper a Rússia, romandrà probablement fora de la UE.ref name=Bielorrusia{{citar web | títol= Solana: “Lukashenko, no la UE, está aislando a Bielorrusia| editorial= www.cafebabel.es| data= 02-03-2010
| url =http://www.cafebabel.es/article/16269/solana-lukashenko-no-la-ue-esta-aislando-a-bielorrusia.htm | consulta= 11 d'abril de 2010|llengua=castellà}}/ref 

Els nous governs d'[[Ucraïna]] i [[República de Moldàvia|Moldàvia]],ref name=Moldavia{{citar web| títol= La UE gana peso en Moldavia| editorial= www.elpais.com| data= 25-01-2007| url =http://www.elpais.com/articulo/internacional/UE/gana/peso/Moldavia/elpepiint/20070125elpepiint_16/Tes
|consulta= 27 de març de 2010}}/ref han anunciat els seus camins d'acostament a la UE i les seves peticions en el futur d'ingressar a la [[UE]]. A més a més, el govern de [[Romania]] ha recolzat públicament el seu total suport a la [[República de Moldàvia]] perquè aquesta sigui acceptada com a membre integrant de la UE.ref name=Moldavia/Rumanía{{citar web| títol= Moldavia se acerca a la Unión Europea de la mano de Rumanía| editorial= www.elmundo.es| data= 16-02-2010| url =http://www.elmundo.es/elmundo/2010/02/16/union_europea/1266321195.html| consulta= 27 de març de 2010}}/ref

[[Armènia]], [[Azerbaidjan]] i [[Kazakhstan]] han afirmat en moltes ocasions la seva vocació europea, i per a la UE aquests països localitzats en una zona conflictiva, tenen un valor geoestratègic molt important.ref name=politicas_vecindad_ue/ref{{citar web | títol= Azerbayán y la UE un apretón de manos deseado| editor= Euronews| data= 06-03-2009| url =http://es.euronews.net/2009/03/06/what-does-azerbaijan-expect-from-the-eu/| consulta= 15 d'abril de 2010}}/ref

*{{GEO}} 
[[Fitxer:Tavisupleba square. Monument of St. George.jpg|thumb|200px|[[Tiflis]], [[Geòrgia]].]]
Geòrgia i la Unió Europea han mantingut relacions des de fa alguns anys. Després d'haver realitzat reformes substancials a Geòrgia, el president [[Mikhaïl Saakaixvili]] ha expressat el seu desig de convertir-se en membre de la [[Unió Europea]] com a prioritat a llarg termini. Els seus vincles amb la UE, els [[Estats Units]] i l'[[OTAN]],ref name=Amplia_OTAN/ s'han enfortit després d'allunyar-se de l'esfera d'influència russa. Aquest allunyament és degut a la [[guerra a Ossètia del Sud (2008)]] entre Rússia i Geòrgia succeïda l'any 2008, la qual va sobrevenir per les disputes territorials de Geòrgia amb [[Ossètia del Sud]] i [[Abjàsia]].ref name=Georgia_separatistas{{citar web| títol= Conversaciones entre Rusia y Georgia con fondo de tensiones persistentes| editor= www.abc.es| data= 30-03-2010| url =http://www.abc.es/agencias/noticia.asp?noticia=329818| consutla= 15 d'abril de 2010|llengua=castellà}}/ref El resultat d'aquesta guerra va ser el reconeixement per part de Rússia de la independència de tots dos territoris,ref name=Rusia_reconoce_independencia{{citar web| títol= Rusia reconoce la independencia de Abjasia y Osetia del Sur| editor= www.publico.es| data= 26-08-2008| url =http://www.publico.es/145903/presidente/ruso/reconoce/abjasia/osetia/sur| consulta= 15 d'abril de 2010|llengua=castellà}}/ref i l'abandonament de Geòrgia de la [[Comunitat d'Estats Independents]], el [[18 d'agost]] de [[2009]].ref name=georgia_abandona_CEI{{citar web |títol= Georgia abandona oficialmente la Comunidad de Estados Independientes| editor= Ecodiario| data= 18-08-2009| url =http://ecodiario.eleconomista.es/internacional/noticias/1480059/08/09/Georgia-abandona-oficialmente-la-Comunidad-de-Estados-Independientes.html|consulta= 15 d'abril de 2010}}/ref
 
Geòrgia és considerat el país més afavorit del [[Caucas]] per entrar a la UE, sobretot després de la [[Revolució de les Roses]], encara que les disputes territorials i la corrupció constitueixin els seus principals problemes.ref name=politicas_vecindad_ue{{citar web| títol= Política europea de vecindad: Recomendaciones para Armenia, Azerbaiyán y Georgia y para Egipto y Líbano|editor= Portal de la Unión Europea|data= 10-04-2006| url =http://europa.eu/legislation_summaries/external_relations/relations_with_third_countries/eastern_europe_and_central_asia/r14103_es.htm|consulta= 15 d'abril de 2010|llengua=castellà}}/ref Encara que Geòrgia no ha presentat formalment la seva candidatura per entrar a la UE, el president Mikhaïl Saakaixvili ha manifestat que el país estaria preparat en un termini de tres anys més.ref name=Georgia{{citar web| títol= GEORGIA QUIERE ENTRAR A LA OTAN EN EL 2012| editorial= www.actualidad.rt.com| data= 25-03-2010|url =http://actualidad.rt.com/actualidad/internacional/issue_6248.html| consulta= 27 de març de 2010}}/ref

=== [[Fitxer:Flag of Monaco.svg|25px|Monaco]]{{Bandera|LIE}}{{Bandera|AND}}{{Bandera|SMR}}[[Fitxer:Flag of the Vatican City.svg|20px|Vaticà]] Microestats ===
[[Fitxer:Caldea.jpg|thumb|200px|[[Centre Termolúdic Caldea]] ([[Escaldes-Engordany]]),[[Andorra]].]]
[[Fitxer:Schlossvaduz.jpg|thumb|200px|Residencia del príncep, ([[Vaduz]]),[[Liechtenstein]].]]
[[Fitxer:Sanmarino5.jpg|thumb|right|200px|Antigues muralles i castell de la [[Ciutat de San Marino]], [[San Marino]].]]
A part de [[República de Malta|Malta]], el qual ja és membre de la [[Unió Europea]], cap més microestat europeu ([[Andorra]], [[Liechtenstein]], [[San Marino]], [[Ciutat del Vaticà]] i [[Mònaco]]) ha sol·licitat el seu ingrés a la UE. 
Aquests estats Europeus són integrables en la UE en vista dels requisits que se li imposen a qualsevol estat europeu que sol·liciti l'adhesió (en base a l'article 49 del [[Tractat d'Amsterdam]]) i que no són altres que els definits pels Consells Europeus de [[Criteris de Copenhaguen|Copenhaguen]] de juny de 1993 i de [[Madrid]] de desembre de 1995. Ja que des del punt de vista dels criteris de Copenhaguen sobre respecte a la democràcia i a l'economia de mercat, els microestats europeus poden acceptar aquests principis i la seva corresponent plasmació reglamentària sense greus problemes. 

Andorra va donar a conèixer en el mes de desembre de 2009,ref name=Andorra{{citar web |url= http://www.vilaweb.cat/www/noticia?p_idcmp=3657632|títol= Andorra, disposada a incorporar-se a la Unió Europea si manté la identitat i la sobirania|consulta=11 d'abril de 2010 |data= 20-11-2009|editor= www.vilaweb.cat}}/ref el seu interès de formalitzar una possible candidatura per pertànyer a la UE, sempre que es respectés tant la seva història com la seva llengua, el [[català]]. Això ve pels problemes que pateix la seva economia, els quals han propiciat una profunda reforma en el seu sistema econòmic,,ref name=And_crisis{{citar web |url= http://www.crisiseconomica.net/verNoticia/_Bi1IQ1fsmFEKNnFgT83RSm2Rm5sPFtolE-Ug6pvIGemIFeXNJWL8U20oFZfZIW5C|títol= Andorra se declara en quiebra por el desplome inmobiliario.|consulta=27 de març de 2010 |data= 14/06/2008|editor= www.crisiseconomica.net}}/ref igual que a [[Islàndia]].

Actualment una de les principals relacions d'alguns d'aquests Estats amb la Unió és l'[[euro]], ja que amb l'entrada en vigor de l'euro la UE va tornar a definir les relacions monetàries amb els Estats veïns que no tenien moneda nacional i usaven les monedes alguns dels Estats membres de la [[zona euro]], és a dir, Mònaco, San Marino i El Vaticà. A causa d'això es van realitzar una sèrie de convenis monetaris, els quals han definit les condicions en què aquests Estats poden utilitzar l'euro. Alhora que es va autoritzar aquests Estats a encunyar una certa quantitat de monedes en euros. Pel que fa a Andorra, aquest Estat va sol·licitar la celebració d'un acord monetari similar el 15 de juliol de 2003, encara que porta fent servir l'euro des de la seva introducció l'1 de gener del 2002 sense cap tipus d'acord, ja que anteriorment a Andorra s'usaven els [[bitllet]]s i [[moneda|monedes]] [[Franc francès|francesos]] i [[Pesseta|espanyols]] com a moneda quasi oficial.ref name=acuerdos_euro{{citar web |url= http://europa.eu/legislation_summaries/economic_and_monetary_affairs/institutional_and_economic_framework/l25040_es.htm|títol=Acuerdos sobre las relaciones monetarias (Mónaco, San Marino, El Vaticano, Andorra)|consulta=15 d'abril de 2010 |data= 06-10-2006|editor= Portal de la Unión Europea |llengua=castellà}}/ref

Per la seva part [[Liechtenstein]] no ha adoptat l'euro, ja que aquest país té una unió econòmica amb [[Suïssa]] i utilitza el [[franc suís]] com a moneda nacional, però és l'únic microestat (sense contar a [[Islàndia]], per la seva població), que forma part del [[Espai Econòmic Europeu]], des de l'1 de maig de 1995,ref name=EEE{{citar web |url= http://www.europarl.europa.eu/factsheets/6_3_2_es.htm|títol=Ficha técnica: El Espacio Económico Europeo (EEE)|consulta=15 d'abril de 2010 |data= 01/12/2000|editor= Parlamento Europeo|llengua=castellà}}/ref i del [[Espai Schengen]], des del 28 de febrer del 2008, en ser membre de l'[[Associació Europea de Lliure Comerç]] (EFTA).ref name=Espacio/cooperación Schengen/

== Estats extraeuropeus ==
* {{ISR}}
[[Fitxer:Jerusalem from mt olives.jpg|thumb|200px|Vista de [[Jerusalem]], [[Israel]]]]
El govern d'aquest estat del [[Pròxim Orient]] ha manifestat algunes vegades que no descarta la possibilitat de sol·licitar el seu ingrés a la UE i a l'OTAN.ref{{citar web |títol=Israel busca entrar en la OTAN y en la Unión Europea|editor= El Revolucionario|data= 1-1-2007|url =http://www.elrevolucionario.org/rev.php?articulo68|llengua=castellà|consulta= 14 d'abril de 2010}}/ref Igual que en el cas de [[Marroc]], la seva situació geogràfica podria contribuir al rebuig de la seva candidatura, que no s'ha plantejat de moment. Però en aquesta possible sol·licitud d'adhesió, la seva relació històrica a Europa podria ésser agent negociador important, ja que alguns mandataris europeus, com l'expresident italià [[Berlusconi]], han declarat en alguna ocasió que el futur d'Israel passa per la seva adhesió a la Unió.ref{{citar web | títol=Berlusconi sueña con ver a Israel como miembro de la UE| editor=www.elpais.com| data= 1-2-2010|url =http://www.elpais.com/articulo/internacional/Berlusconi/suena/ver/Israel/miembro/UE/elpepuint/20100201elpepuint_13/Tes|llengua=castellà|consulta= 15 d'abril de 2010|autor=Juan Miguel Muñoz}}/refref{{citar web | títol=Berlusconi: 'Tengo un sueño, Israel en la Unión Europea'|editor=www.elmundo.es|data= 2-2-2010|url =http://www.elmundo.es/elmundo/2010/02/01/internacional/1265039795.html|consulta= 29 d'octubre de 2011|autor=Sal Emergui}}/ref

Actualment, l'acord d'associació UE-Israel,ref{{citar web | títol= Acuerdo de asociación UE-Israel| editor= Diario Oficial de las Comunidades Europeas|data= 21-06-2000| url =http://www.delisr.ec.europa.eu/english/content/eu_and_country/asso_agree_en.pdf|llengua=anglès|consulta= 14 d'abril de 2010}}/ref conforma el marc legal bàsic que regeix les relacions entre Israel i la Unió Europea,ref{{citar web | títol=Relaciones entre Israel y la Unión Europea| editor= Comisión Europea|data= 3-3-2010| url =http://ec.europa.eu/external_relations/israel/index_fr.htm |idioma= francès | consulta= 14 d'abril de 2010}}/ref està afermat pels acords euro-mediterranis entre la Unió i els seus afiliats al flanc sud de la [[Mar Mediterrània]]. 

*{{MAR}}
[[Fitxer:Royal Palace at Tetouan Morocco.JPG|200px|thumb|Palau Reial ([[Tetuán]]), Marroc.]]
També part del Magreb, aquest estat ha sol·licitat la seva incorporació a la UE algunes vegades, però s'ha rebutjat, ja que no és considerat un país europeu. A més a més, el Marroc no posseeix un sistema [[democràcia|democràtic]] equivalent al dels països europeus. Encara que també es podria fonamentar el rebuig a la seva possible candidatura a causa dels conflictes amb [[Espanya]] sobre els territoris de [[Ceuta]] i [[Melilla]] reclamats pel Marroc. 

Des de l'any 2000, el Marroc va reclamar a la Unió Europea una relació especial, que fos menys que una adhesió –una cosa que no es contempla– i més que una simple associació, que és el vincle que han mantingut durant aquests anys. Aquesta reclamació va veure la llum amb l'Estatut Avançat signat a la fi del 2008, i amb la cimera entre la UE i Marroc, realitzada al març del 2010 a la ciutat espanyola de [[Granada (Andalusia)|Granada]]. La cimera es va realitzar per completar amb continguts l'acord signat amb el país [[magreb]]í, perquè pugui anar integrant-se al mercat interior europeu i harmonitzar la seva legislació amb la de la Unió.ref{{citar web|url=http://www.elperiodico.com/default.asp?idpublicacio_PK=46idioma=CASidtipusrecurs_PK=7idnoticia_PK=693843|títol=Editorial: 'UE-Marruecos, una relación problemática'|editor=El Periódico de Catalunya|data=8-3-2010|consulta=14 d'abril de 2010|llengua=castellà}}/ref

*{{CPV}}
[[Fitxer:2006.06.26.cv.sv.mind.1igre.jpg|thumb|200px|[[Mindelo]], Cap Verd.]]

Cap Verd és un [[arxipèlag]] africà, antiga colònia portuguesa a les costes de l'Atlàntic. Juntament amb les espanyoles [[Illes Canàries]] i les portugueses [[Illes Salvatges]], [[Açores]] i [[Madeira]] formen la zona geogràfica de la [[Macaronèsia]],ref name=maca{{citar web |url=http://elguanche.net/macaronesiav2003.htm|títol=La Macaronesia (Consideraciones geológicas, biogeográficas y paleoecológicas)|consulta=15 d'abril de 2010 |data= 2003|autor= Francisco García-Talavera C.|editor=www.elguanche.net|llengua=castellà}}/ref situada just a la zona central de l'[[oceà Atlàntic]], estant aquest el seu sustent per a la sol·licitud d'adhesió. 

Formalment mai no s'ha donat una petició del govern del país per adherir-se a la UE, encara que han existit rumors d'això.ref{{citar web|url=http://www.afrol.com/es/articulos/16541|títol=Parlamento de Cabo Verde debatirá adhesión a la Unión Europea.|consulta=14 d'abril de 2010 |data= 10/05/200|autor= Afrol News/A. Semana|llengua=castellà}}/ref Tanmateix, igual que en els casos anteriors, és possible que una candidatura es veiés rebutjada a causa de la situació geogràfica real de les illes, que és l'africana.

== Vegeu també ==
* [[Estats membres de la Unió Europea]]
* [[Cronologia de la Unió Europea]]
* [[Història de la Unió Europea]]
* [[Procés de Barcelona: Unió per la Mediterrània]]

== Referències ==
{{referències}}

== Enllaços externs ==
{{Commons|Enlargement of the European Union}}
* [http://ec.europa.eu/enlargement/ Ampliació de la Unió Europea]


{{ORDENA:Integracio Europea}}	!--ORDENA generat per bot--
{{Autoritat}}
{{Enllaç AB|es}}

[[Categoria:Història de la Unió Europea]]
[[Categoria:Política de la Unió Europea]]</text>
      <sha1>mp1re2o1qa2u9qr96n1by2zwjsgkop0</sha1>
      <model>wikitext</model>
      <format>text/x-wiki</format>
    </revision>
  </page>