<page>
    <title>Poble sami</title>
    <ns>0</ns>
    <id>1026152</id>
    <revision>
      <id>13814882</id>
      <parentid>13374215</parentid>
      <timestamp>2014-07-13T19:51:07Z</timestamp>
      <contributor>
        <username>PereBot</username>
        <id>118448</id>
      </contributor>
      <minor></minor>
      <comment>Robot inserta {{Autoritat}}</comment>
      <text>{{MM|2L = si|FR = si | data = desembre de 2012}}
!--
{{Fitxa de grup ètnic
|Grup = Sami
|Imatge = SamiWikibasedCollage.JPG
|Població = 80000-135,000
|Asentamiento1 ={{bandera|Noruega}}[[Noruega]]
|Asentamiento2 ={{bandera|Suècia}}[[Suècia]]
|Asentamiento3 ={{bandera|Finlàndia}}[[Finlàndia]]
|Asentamiento4 ={{bandera|Rússia}}[[Rússia]]
|Població1 = 60000-100,000
|Població2 = 14.600
|Población3 = 9.350
|Población4 = 1.991
|Idioma = [[Llengües sami]], [[Noruec]], [[idioma suec|Suec]], [[Finès]], [[idioma rus|Rus]]
|Religió = [[Animisme]], [[luteranisme]], [[Església ortodoxa russa]]
|Relacionats = [[llengües uràlicas|Pobles de llengües uràlicas]]
}}
--
El poble '''sami''' habita a [[Lapònia]], una regió que s'estén pel nord de [[Noruega]], [[Suècia]], [[Finlàndia]] i la [[península de Kola]], al nord-oest de [[Rússia]]. Són aproximadament unes 82.000 persones. No hi ha estadístiques oficials de la seva població, però s'estimen que viuen uns 50.000 a Noruega, 20.000 a Suècia, 10.000 a Finlàndia i 2.000 a Rússia.

Els arqueòlegs han trobat evidència del poblament de les costes àrtiques escandinaves des de fa 11.000 anys fins fa 6.000 anys per un poble que vivia de la pesca i la caça de rens salvatges. També han trobat ceràmiques dels avantpassats dels lapons que daten de fa 3.500 anys. Actualment es considera als lapones com la població aborigen d'[[Escandinàvia]] i reivindiquen els seus drets com a poble indígena.

== Idioma ==
[[Imatge: Saami Family 1900.jpg|thumb|270px|thumb|right|Família lapona a Noruega voltant de 1900]]
{{AP|Llengües sami}}
La llengua lapona es divideix en tres dialectes principals: el lapó oriental, el lapó central (inclòs el lapó del nord, el lapó '' xiuli '' i el lapó '' lule ''), i el lapó meridional. Els primers rastres escrits de la llengua lapona es remunten als dècada del 1600, amb la traducció de la literatura missionera. Malgrat la norueguització de finals del segle XIX i principis del XX, la llengua lapona va recobrar la seva importància després de la [[Segona Guerra Mundial]].

Entroncament lingüístic: uràlic, [[Llengües ugrofineses|fi-úgric]], fi-pérmic, fi-cheremísic, fi-morvínic, fi-làpic, làpic.

== Cultura ==
{{VT|Literatura en saami}}
La cultura tradicional lapona ha estat fortament influenciada per les activitats de la caça i la pesca. Avui dia, tot just una escassa proporció dels lapons (potser el 10%) són nòmades que es dediquen a la cria de ren, però aquesta dimensió tradicional de la vida dels lapons segueix sent preponderant en la cultura d'aquest poble. La pesca en els fiords també ocupa un lloc important en la vida i la cultura lapona.
[[Imatge: Familia Sami.jpg|thumb|270px|thumb|right|Família a Noruega, principis del s. XX]]
La música tradicional s'anomena cant [[Joik]].

== Organització política ==
Els lapons van resistir durant més d'un segle als intents d'assimilació de la societat no lapona. El 1903, un diari polític, el '' Sagai Muittalaegje '', va denunciar vigorosament aquestes temptatives d'assimilació. Aquesta presa de posició va encoratjar altres activitats polítiques que pretenien donar suport als lapons en la preservació de la seva identitat cultural i la seva forma de vida. El 1917 es va celebrar la primera concentració de lapones. Després de la Segona Guerra Mundial, es va fundar l'Associació de Ramaders de Rens Lapons. El 1956, es va crear el Consell Nòrdic dels lapons com a òrgan d'enllaç entre els lapons noruecs, finlandesos i suecs. Després l'enfonsament de la Unió Soviètica, els lapons de la península de Kola es van associar al Consell, que va ser rebatejat Consell Saami el 1991. La creació d'un Parlament lapó (Sameting) el 1989 va reforçar el coneixement lingüístic, cultural i legal dels lapons.
[[fitxer: Sami flag.svg|left|thumb|150px|Bandera lapona.]]
[[fitxer: Costumes Saami.jpg|thumb|Vestits de festa lapones center (principis [[segle XXI]]) /center]]
El 6 de febrer és el Dia Nacional lapó en commemoració de la data de la primera Conferència Saami. La bandera lapona va ser adoptada el 1986: el cercle en la meitat vermella significa el sol i en la blava la lluna. Les franges són les mateixes dels colors de la roba i també les quatre seccions del territori. S'han constituït '' Samediggi '', parlaments lapons oficialment reconeguts, més com òrgans consultius que legislatius, en [http://www.samediggi.no/Noruega] (1989), [http://www.sametinget.se/Suècia] (1993) i [http://www.samediggi.fi/Finlàndia] (1996). Els tres parlaments es van reunir en una assemblea a [[Trondheim]] el 6 de febrer de 1997.

== Etnònim ==
L'ús de la paraula lap (p), de la qual deriva el català lapó és originari de [[Suècia]] i [[Finlàndia]]. A Escandinàvia Lapp és un [[autònim #autònims que substitueixen exònims pejoratius|exònim]] també significa '' roba de captaire ''. La paraula també s'utilitza com inculte i ximple, a més d'altres significats com perifèric.ref{{ref-llibre|nom = Ole Magnus|cognom = Rapp|coautors = Catherine Stein|títol = samis do't want to be 'Lapps'|url = http://www.aftenposten.no/english/local/article2246107.ece|editorial = [[Aftenposten]]|data = 8 febrer 2008|consulta = 2008.10.03}}/ref Aquest terme mai s'ha usat en els idiomes lapones, ja que els lapons es refiren a si mateixos com '' Samit '' (els samis), o Sàpmelaš (de la família Sami) .

En l'actualitat, els mitjans de comunicació escandinaus no usen un altre terme que no sigui samis. Les institucions i mitjans de comunicació usen la paraula sami. El terme Lapp és considerat pejoratiu.

== Festa de Beiwe ==
{{VT|Solstici d'hivern|Beiwe}}
[[Beiwe]] és la deessa de la fertilitat i de l'amor, la primavera, el Sol i el seny venerada pels lapons. En el mite sami, viatja amb la seva [[Beiwe-Neia]] a través del cel en un recinte cobert per ossos de ren, de manera que tornen les plantes verdes a la terra després de l'hivern, perquè els rens puguin menjar. També era cridada a restaurar la salut mental dels que es van tornar bojos a causa de la contínua foscor del llarg hivern.

Els adoradors de Beiwe sacrificaven rens blancs femelles, i amb la carn, feien fils i pals, adornant el llit amb cintes d'anells. També cobrien les seves portes amb mantega perquè Beiwe pogués menjar i així començar el seu viatge una vegada més. Això es diu el [[Festival de Beiwe]]. Està associada a la [[fertilitat]] de plantes i animals, en particular, el [[ren]].

== Vegeu també ==
* [[Esquimal]]
* [[Pastor lapó]]

== Referències ==
{{referències|2}}

== Enllaços externs ==
{{Commonscat|Sami people|Saami}}
* [http://www.saamicouncil.net Sámiráðði] El Consell Saami
* [http://www.samiradio.org/English Sami Ràdio]
* [http://www.galdu.org/web/index.php?sladja=43giella1=eng We are the Sami].
* [http://www.galdu.org/web/index.php?sladja=25giella1=eng About Sami people].
* [http://www.ssb.no/english/subjects/00/00/10/samer_en/Sami Statistics].
* [http://www.baiki.org/index.htm BÁIKI: The International Sami Journal].
* Saami Mitochondrial DNA Reveals Deep Maternal Lineage Clústers, Delghandi 1998]
* The Western and Eastern Roots of the Saami-the Story of Genetic Outliers Told by Mitochondrial DNA and I Chromosomes, Tambets 2004]
* [http://www.pubmedcentral.nih.gov/articlerender.fcgi?artid=1199377 Saami and Berbers-An Unexpected Mitochondrial DNA Link, Achilli 2005]
* [http://www.nature.com/ejhg/journal/v15/n1/pdf/5201712a.pdf A Recent genetic link between Sami and the Volga-Ural region of Russia, Ingman 2006]

{{Autoritat}}
{{ORDENA:Poble Lapo}}	!--ORDENA generat per bot--
[[Categoria:Lapònia]]
[[Categoria:Grups humans de Rússia|lapó]]
[[Categoria:Noruega]]</text>
      <sha1>camdp7nn8yxj6ojp5138y9lfwilq23d</sha1>
      <model>wikitext</model>
      <format>text/x-wiki</format>
    </revision>
  </page>