<page>
    <title>Józef Piłsudski</title>
    <ns>0</ns>
    <id>1029344</id>
    <revision>
      <id>13765899</id>
      <parentid>13684174</parentid>
      <timestamp>2014-07-08T21:54:48Z</timestamp>
      <contributor>
        <username>PereBot</username>
        <id>118448</id>
      </contributor>
      <minor></minor>
      <comment>Robot inserta {{Projectes germans}} que enllaça amb [[commons:category:Józef Piłsudski]]</comment>
      <text>{{Polític
| nom = Józef Piłsudski
| data de naixement = {{Data naixement|1867|12|5}}
| lloc de naixement = [[Zułów]]
| data de defunció = {{Data defunció i edat|1935|5|12|1867|12|5}}
| lloc de defunció = [[Varsòvia]]
| nationality = {{POL}}
| image = Jozef Pilsudski1.jpg
| caption = !-- peu de foto --
| office = [[Fitxer:Godło II Rzeczypospolitej.png|25px|Polònia]]br/[[Llista de caps d'estat de Polònia|President de Polònia]]
| term_start = [[18 de novembre]] del [[1918]]
| term_end = [[9 de desembre]] del [[1922]]
| president = 
| predecessor = Independència del país
| successor = [[Gabriel Narutowicz]]
| office2 = [[Fitxer:Herb Polski.svg|25px|Polònia]]br/[[Primer ministre de Polònia]]
| term_start2 = [[2 d'octubre]] del [[1926]]
| term_end2 = [[27 de juny]] del [[1928]]
| predecessor2 = [[Kazimierz Bartel]]
| successor2 = [[Kazimierz Bartel]]
| office3 = 
| term_start3 = 
| term_end3 = 
| predecessor3 = 
| office4 = [[Fitxer:Herb Polski.svg|25px|Polònia]]br/[[Primer ministre de Polònia]]
| term_start4 = [[15 d'agost]] del [[1930]]
| term_end4 = [[4 de desembre]] del [[1930]]
| predecessor4 = [[Walery Sławek]]
| successor4 = [[Walery Sławek]]
| office5 = [[Capità General|Inspector general de les Forces Armades]]
| term_start5 = [[27 d'agost]] del [[1926]]
| term_end5 = [[12 de maig]] del [[1935]]
| predecessor5 = Càrrec de nova creació
| successor5 = [[Edward Smigly-Rydz]]
| parella = 
| partit = Cap (anteriorment milità al [[Partit Socialista Polonès]])
| professió = [[Militar]] i [[polític]]
| religion = Nascut [[catòlic]], convertit posteriorment al [[luteranisme]] i retornat al [[catolicisme]]
| signature = Józef Piłsudski Signature.svg
| footnotes = 
}}
'''Józef Piłsudski de Kościesza''' {{Àudio | Pl-Józef_Piłsudski.ogg|['juzɛf piw'sutski]}} ([[Zułów]], prop de [[Vílnius]], [[Lituània]], [[5 de desembre]] de [[1867]] - [[Varsòvia]], [[12 de maig]] de [[1935]]) va ser el primer [[Llista de caps d'estat de Polònia|Cap d'Estat]] ([[1918]] - [[1922]]), [[Mariscal de Polònia]] (des del [[1920]]) i [[dictador]] ([[1926]] - [[1935]]) de la [[Segona república polonesa]]. Des de la [[Primera Guerra Mundial]] va tenir un gran influència en la societat del seu país i va ser un polític molt rellevant en la política europea.ref Plach 2006, p. 14/ref És considerat el principal responsable que [[Polònia]] aconseguís la independència el [[1918]] després de 123 anys de [[Particions de Polònia|particions]].refLieven, 1994, [http://books.google.com/books?id=iz3NACNOpCACpg=PA159dq=Pilsudski+Polish+independenceas_brr=3ei=7cZmR9X2G6SEjAGuoZ2nAwsig=UF1oPw56pneIbaUzKQLxTtZkGb0 p. 159]./refrefLerski, 1996, [http://books.google.com/books?id=FPxhOu_n1VYCpg=PA441vq=chief+restorerdq=Pilsudski+Polish+independencelr=as_brr=3sig=iJxuE4j82fjQgvWGYI-kkEwkYB0 p. 441]./refrefHeld, 1992, [http://books.google.com/books?id=5O5NkwX-NnYCpg=PA249dq=Pilsudski+Polish+independencelr=as_brr=3ei=e8hmR7D1LI7-igHz5eCdAwsig=EXRmOzUfwHMrgjxeBne9BLQj7Jk p. 249]/ref

== Infància i joventut ==
De família noble i composta per 9 germans, va néixer a [[Zułów]], dins de la [[Tsarat de Polònia|Polònia]] de l'[[Imperi Rus]] (actual [[Lituània]]). La família va haver d'abandonar la ciutat pels problemes econòmics provocats pel seu germà [[Bronisław Piłsudski]] qui, juntament amb [[Aleksandr Uliànov]] (germà de [[Lenin]]), van intentar atemptar contra el [[Tsar]] [[Alexandre III de Rússia]].

Els Piłsudski van haver de desfer-se de les seves propietats per fer front al judici, per la qual cosa es van mudar a [[Vílnius]], on Józef es va formar intel·lectualment. El seu pare va morir abans que acabés el batxillerat (''Gymnasium'').

Capacitat amb grans dots de lideratge, en [[1894]] aconsegueix el poder d'un grup polític [[Socialisme|socialista]] anomenat [[Partit Socialista Polonès|Polska Partia Socjalistyczna]] i funda la revista antirussa ''Robotnik'' (''L'obrer''), periòdic dels socialistes polonesos.

Va crear un corrent revolucionari dins d'aquest partit i va lluitar a favor de la independència de Polònia, que llavors es trobava dividida entre la [[Imperi Rus|Rússia tsarista]], l'[[Imperi austrohongarès]] i [[Imperi Alemany|Alemanya]].

== Activitat política ==
[[File:Pilsudski wanted.jpg|thumb|right|Reproducció del 1928 d'un [[cartell de cerca i captura]] de la [[Imperi Rus|Rússia tsarista]] per a Piłsudski, distribuït(presumiblement pels seus adversaris polítics) en el desè aniversari de la independència de Polònia:br /
{{hidden|Traducció|Criminal d'estatbr /
{{subratllat|JÓZEF PIŁSUDSKI,}}noblebr /
'''DESCRIPCIÓ''':br /
'''Edat''' 19 (1887)br /
'''Alçada''' 1.75br /
'''Rostre''' clarbr /
'''Ulls''' grisbr /
'''Cabell''' ros foscbr /
'''Patilles''' ros clar, escassesbr /
'''Celles''' ros fosc, juntesbr /
'''Barba''' ros foscbr /
'''Bigoti''' ros clarbr /
'''Nas''' normalbr /
'''Boca''' normalbr /
'''Dents''' li manquen algunesbr /
'''Mentó''' arrodonitbr /
'''Trets distintius:'''br /
1) Cara neta, amb celles juntes damunt del nas,br /
2) berruga a l'extrem de l'orella dreta}}]]
El 1899 es casa amb [[Maria Piłsudska|Maria Koplewska]]. El 1900 és capturat per la força imperial i tancat a la [[Ciutadella (arquitectura)|ciutadella]] de [[Varsòvia]]. A la seva dona l'alliberen 11 mesos després. Piłsudski, per cridar l'atenció pel seu empresonament, fa una vaga de fam per tal de ser portat a un hospital. Després d'un mes de recuperació, burla la guàrdia de l'hospital i aconsegueix fugir. Es troba amb la seva esposa i junts s'escapen a [[França]].

En l'esclat de la [[guerra russojaponesa]] (1904-1905), l'estiu de 1904, Piłsudski va viatjar a [[Tòquio]], [[Japó]], on va intentar sense èxit obtenir l'assistència d'aquest país a la insurrecció a Polònia. Es va oferir a ajudar al Japó amb serveis d'[[espionatge]] en suport de la seva guerra amb Rússia i va proposar la creació d'una legió polonesa de polonesos, reclutada entre l'exèrcit rus, que havia estat capturat per Japó. També va suggerir un projecte Prometeu dirigit a trencar l'imperi rus -Una fita que després seguiria perseguint-.

Un altre polonès notable, [[Roman Dmowski]], també va viatjar al Japó, on argumentà en contra del pla de Piłsudski, i tractà de dissuadir al govern japonès de donar suport, en aquell moment, a una revolució polonesa que Dmowski sentia que estaria condemnada al fracàs. El mateix Dmowski, també patriota polonès, romandria com a enemic polític de Piłsudski fins al final de la vida de la vida d'aquest. Al final, els japonesos van oferir a Piłsudski molt menys del que havia esperat. Va rebre l'ajuda del Japó en la compra d'armes i municions per al PPS i la seva organització de combat, mentre que els japonesos van rebutjar la proposta de la Legió polonesa. Piłsudski va viure al Japó durant un any, fins al [[1906]].

Tornà a [[Polònia]] per reprendre la política que havia deixat després de la fugida. En [[1908]] juntament amb [[Kazimierz Sosnkowski]] crea a [[Lwow]] una organització secreta que té com a missió:'' «intentar fer el possible contra [[Rússia]]»'' en els conflictes militars amb altres països i també els seus problemes interns. El [[26 de setembre]] del mateix any organitza un atac a un tren prop de [[Bezdonys|Bezdany]], mentre que a partir de [[1912]] milita en un grup que té com a objectiu la independència de [[Polònia]]. Aquest mateix any el fan comandant de totes les forces armades poloneses.

== La guerra mundial ==
Tot i la manca de formació militar reglada, Piłsudski mana durant la [[Primera Guerra Mundial|guerra]] la Primera Brigada de la [[Legió Polonesa]],ref name=rothschild242 [[#Bibliografia|Rothschild (1962)]], p. 242 /ref i es converteix en el cabdill de la lluita antirussa per la restauració d'una Polònia independent.ref name=rothschild242/ La majoria dels seus partidaris i col·laboradors en la seva posterior activitat política provenien de la Primera Brigada, mentre que molts dels seus adversaris militars pertanyien a la Segona Brigada o van servir en unitats regulars de l'Exèrcit austrohongarès.ref name=rothschild242/

== Polònia independent ==
=== Cap d'Estat (1918-1922) ===
[[Fitxer:Herb Piłsudski.PNG|left|thumb|150px | Escut de la família Piłsudski, variant del Clan Kościesza.]]
Després de la [[Primera Guerra Mundial]] torna a [[Varsòvia]] alliberat pels alemanys de la presó de [[Magdeburg]] ([[10 de novembre]] del [[1918]])ref name=rothschild257 [[#Bibliografia|Rothschild (1962)]], p. 257 /ref és nomenat cap d'Estat i comandant en cap de l'[[Forces armades de Polònia|exèrcit polonès]], i en la pràctica es converteix en [[dictador]] de Polònia.ref name=rothschild257/ El [[20 de febrer]] del [[1919]], la nova assemblea constituent [[Eleccions parlamentàries poloneses de 1919|elegida al gener]] el nomena oficialment cap de l'Estat.ref name=rothschild257/

Durant aquest període, va lluitar activament contra el [[bolxevisme]], i va dirigir personalment els exèrcits polonesos durant la [[Guerra polonesosoviètica]] com a comandant en cap de les forces armades.ref name=rothschild244/

El principal interès de Piłsudski va ser l'Exèrcit.ref name=rothschild244 [[#Bibliografia|Rothschild (1962)]], p. 244 /ref Va impedir el nomenament de ministres de Defensa en els primers governs polonesos per mantenir-ne el control personal,ref name=rothschild244/ i es va assegurar el nomenament d'un ministre afí (antic company de presó durant la guerra), el general [[Kazimierz Sosnkowski]], que es va mantenir en el càrrec malgrat els canvis de govern fins a la primavera de 1923.ref name=rothschild245[[#Bibliografia|Rothschild (1962)]], p. 245 /ref

El [[17 de març]] del [[1921]], els seus rivals de la dreta van aconseguir aprovar la nova constitució de caràcter marcadament parlamentarista en què la presidència de l'Estat tot just tenia poders.ref name=rothschild246/ La seva idea era impedir que Piłsudski, el gran prestigi del qual el feia el candidat evident a la presidència, controlés la política nacional.ref name=rothschild246/ El mariscal, en resposta, es va negar a presentar-se a les eleccions de desembre de 1922.ref name=rothschild247[[#Bibliografia|Rothschild (1962)]], p. 247 /ref Aquest mateix mes va ser nomenat cap de l'Estat major, en substitució d'un dels seus rivals militars, el general [[Władysław Sikorski]].ref name=rothschild245/

Quan aquell mateix mes el seu candidat i amic personal, [[Gabriel Narutowicz]], va ser assassinat per un jove fanàtic de dretes que confessà que hagués preferit assassinar Piłsudski, aquest va acusar la dreta d'estar darrere de la mort i la seva animadversió cap als seus rivals es va aprofundir.ref name=rothschild247/ Quan la dreta, amb el nou suport del [[Partit Popular Polonès-Piast]] de [[Wincenty Witos]], va formar el primer gabinet a la primavera de 1923 Piłsudski es va negar a col·laborar amb el nou govern i va abandonar paulatinament els seus càrrecs oficials.ref name=rothschild249 [[#Bibliografia|Rothschild (1962)]], p. 249 /ref

==== Idees polítiques i rivals ====
Les seves idees polítiques eren molt diferents de les de [[Roman Dmowski]], qui creia que era possible una autonomia dins de l'Imperi rus, o una aliança amb aquest. Piłsudski, en canvi, era partidari d'una aliança amb Alemanya i de la creació dels Estats intermedis independents ([[Bielorússia]], [[Ucraïna]]) entre Rússia i Polònia. Per això va encoratjar des del govern el projecte [[Międzymorze]] en favor d'una federació d'estats d'[[Europa Oriental]] ansiosos d'evitar la dominació política i econòmica per part d'Alemanya o l'[[URSS]]; aquest projecte no va resultar atractiu per a la resta d'estats de l'est europeu en ser massa evident que Pilsudski promovia una unió sota la direcció de Polònia, i era evident que Lituània rebutjava repetir l'experiència de la [[República de les Dues Nacions]]; el pla tampoc rebé una acollida favorable a [[Txecoslovàquia]] a causa d'una sèrie de controvèrsies territorials txec-poloneses. A aquesta oposició calia afegir-hi la negativa evident de l'[[URSS]] de donar suport a una mena de pla que amenaçava la seva hegemonia a Europa Oriental.

Piłsudski es va enfrontar a dos rivals principals: els seus adversaris militars dins l'Exèrcit, que li disputaven el control sobre aquest i la forma d'organitzar les forces armades,ref name=rothschild242/ i els conservadors, principalment el [[Endecja|Partit Nacional Democràtic]] de Dmowski, que l'odiaven com a antic socialista, combatent contra Rússia, antic aliat d'Alemanya, suposat defensor de les minories de l'Estat i partidari del federalisme.ref name=rothschild246 [[#Bibliografia |Rothschild (1962)]], p. 246 /ref La rivalitat entre els partidaris del mariscal i els seus opositors va caracteritzar la política polonesa d'entreguerres.

=== Retir oficial (1922-1926) ===
Piłsudski va rebutjar una pensió governamental i es va retirar a la seva casa situada a [[Sulejówek]], als afores de [[Varsòvia]], regal dels seus admiradors.ref name=rothschild249/ Es va mantenir impartint conferències i escrivint articles i llibres, generalment de contingut polític i molt polèmics.ref name = rothschild249 /

El govern es va lliurar aviat a tractar de desfer l'obra del mariscal en l'Exèrcit, tractant de sotmetre al poder civil mitjançant plans de reorganització dels seus adversaris,ref name=rothschild249/ alhora que es va desencadenar una campanya de desprestigi de la seva figura i se li Mantinia sota vigilància.ref name=rothschild250 [[#Bibliografia|Rothschild (1962)]], p. 250 /ref La dreta va intentar implicar-lo en certs judicis per espionatge a favor de la [[Unió Soviètica]], sense èxit.ref name=rothschild250/

Piłsudski, per la seva part, continuà la seva dura polèmica amb els seus adversaris sobre el model de comandament de les forces armades i la seva subordinació al govern, que el mariscal veia com a negativa i tendent a la utilització d'aquestes en les rivalitats partidistes, mentre que els seus opositors la consideraven com a necessària per sotmetre l'exèrcit al control democràtic.ref name=rothschild251 [[#Bibliografia|Rothschild (1962)]], p. 251/ref

La creixent tensió entre partidaris i detractors del mariscal,ref name=rothschild254[[#Bibliografia|Rothschild (1962)]], p. 254 /ref l'agudització de la crisi econòmica,ref name=rothschild256 [[#Bibliografia|Rothschild (1962)]], p. 256 /ref l'empitjorament de la situació internacional per Polònia amb la signatura dels [[Tractat de Locarno|tractats de Locarno]] i Berlín i la crònica inestabilitat governamental, en la qual se succeïren els gabinets (catorze fins a 1926ref name = rothschild242 /) van fer que els admiradors del mariscal el veiessin cada vegada més com la figura providencial per a la nació, i que el convidessin cada cop més obertament a prendre el poder per la força.ref name=rothschild257 [[#Bibliografia|Rothschild (1962)]], p. 257 /ref

El novembre de 1925 Piłsudski, després de la caiguda del govern de tecnòcrates de Grabski, havia advertit al president de la república que no estava disposat a admetre més canvis en l'Exèrcit.ref name=rothschild256/ El president s'havia declarat incapaç de posar fi a la crisi política.ref name=rothschild257/ A partir d'aquest moment i durant l'hivern i la primavera de 1926 la tensió va créixer i els partidaris del mariscal van preparar la seva tornada a la política mitjançant un cop d'Estat.

=== Cop d'estat i règim autoritari (1926-1935) ===
{{VT|Cop d'estat de maig de 1926}}
Al maig de 1926, després de mesos de preparació pels seus partidarisref name=rothschild258[[#Bibliografia|Rothschild (1962)]], p. 258/ref i el suport d'algunes unitats militars fidels a la seva persona,ref name=rothschild241 [[#Bibliografia|Rothschild (1962)]], p. 241/ref dóna un cop d'Estat,ref name=rothschild241/ insatisfet amb la crònica inestabilitat política, el que ell considera intromissió en assumptes militars del govern,ref name=rothschild242[[#Bibliografia|Rothschild (1962)]], p. 242/ref l'aguda crisi econòmicaref name=rothschild259[[#Bibliografia|Rothschild (1962)]], p. 259 /ref i la delicada situació internacional per Polònia.ref name=rothschild259/ Les forces polítiques i socials d'esquerra, que esperaven la fi del control de la vida política per les formacions de dreta i una revolució social, donen suport el cop, tot i que aviat queden desil·lusionades.ref name=rothschild241/
[[Fitxer:Pilsudski old.jpg|Piłsudski l'any de la seva mort. Els últims anys de la seva vida, el règim va perdre importants suports i es va tornar notablement més repressor.|thumb|right]]
El cop de Piłsudski marca el final del govern democràtic parlamentari a Polònia, símbol del fracàs del sistema democràtic a la regió en els anys posteriors, que és substituït gradualment per diferents dictadures.ref name=rothschild241/ A partir del cop d'Estat torna a exercir les seves funcions en el govern de Polònia fins a la seva mort. El cop, malgrat el seu èxit polític i militar, va suposar una desil·lusió per al mariscal que es veia a si mateix com una figura admirada per tot el país i havia esperat que tot l'Exèrcit l'hagués seguit en comptes de dividir-se.ref name = rothschild56 [[#Bibliografia|Rothschild (1990)]], p. 56 /ref La imatge de si mateix com un guardià del benestar nacional acceptat per totes les opcions polítiques es va esvair.ref name=rothschild56/

Després del cop d'estat de 1926, i en notar que el projecte [[Międzymorze]] tampoc rep suport decisiu de Gran Bretanya o França, Pilsudski l'abandona, i es dedica a dirigir el govern de Polònia com un dictador carismàtic, sustentat en la seva popularitat entre les masses, però permetent cert marge de maniobra a l'oposició. Per això Pilsudski introdueix l'anomenat règim'' [[Sanacja]]'' (o sanació, en polonès), on els seus seguidors formen un front per damunt dels partits polítics mentre els governs queden subjectes a l'aprovació de Pilsudski, convertit en dictador ''[[de facto]]'' de Polònia,ref name=rothschild56/ amb el suport dels líders militars (el grup dels coronels) i del'' moviment Sanacja'': un [[partit polític]] que evitava conduir-se com a tal.

Tanmateix, després del agreujament de la [[Gran Depressió]] el 1930 sorgeix amb més força una oposició política que exigeix ​​a Pilsudski deixar el poder. En resposta, Pilsudski arresta desenes de parlamentaris opositors al seu règim i els empresona a la ciutat de [[Brest]].ref name=rothschild64 [[#Bibliografia|Rothschild (1990)]], p. 64 /ref Després d'això, Pilsudski insisteix a mantenir el seu règim en base al seu carisma entre les classes obreres, i comença a elaborar una nova constitució que li permeti legalitzar el règim [[Sanacja]] i perpetuar-se en el poder. Els últims anys del seu règim aquest perd el seu prestigi i suport: al terror policial utilitzat per guanyar les [[Eleccions parlamentàries poloneses de 1930|eleccions de novembre de 1930]] s'uneix la brutal repressió militar del nacionalisme ucraïnès també a finals d'aquest any.ref name=rothschild64/ Tant els intel·lectuals com els partits d'esquerra i les minories s'allunyen de Pilsudski.ref name=rothschild64/

Fruit del desig dels seus partidaris d'assegurar el règim és la Constitució d'abril de [[1935]], elaborada per la camarilla de Pilsudski expressament perquè sigui aquest líder qui se serveixi d'ella. No obstant aquest esforç resulta estèril: el [[12 de maig]] del mateix any mor Pilsudski, i el règim [[Sanacja]] queda en mans dels ''coronels'' fins a l'esclat de la [[Segona Guerra Mundial]].

== Llegat ==
Pilsudski és, sens dubte, un dels personatges més importants de la [[Història de Polònia]] del [[segle XX]], considerat per molts com el «salvador de Polònia», per haver liderat la guerra d'independència contra alemanys i soviètics i per dirigir la reconstrucció d'un estat polonès sobirà després de més d'un segle de particions. Se li atribueix també haver mantingut la cohesió i organització nacional de Polònia durant quinze anys d'independència, malgrat la seva actitud dictatorial en el context del règim [[Sanacja]].

Si bé fou criticat durant el seu govern per polítics i intel·lectuals polonesos, la seva reputació va millorar després de la [[Segona Guerra Mundial]], quan l'explícit [[nacionalisme]] de Pilsudski resultava favorable en comparació amb el règim comunista polonès, fortament influenciat per l'[[URSS]], la mateixa potència estrangera contra la qual s'havia lluitat a la [[Guerra polonesosoviètica|guerra d'independència de 1920-1921]]. El règim comunista polonès va condemnar formalment el règim i personalitat de Pilsudski, i el va titllar de reaccionari i aliat dels terratinents, però aquesta mena de censures enfortiren un cert prestigi de la figura de Pilsudski enfront la molt evident subordinació que mostraven els comunistes polonesos davant l'URSS fins a l'època del [[desglaç de Khrusxov]].

==Honors ==
===Polònia ===
* [[Fitxer:POL Order Orła Białego BAR.svg|50px|Orde de l'Àliga Blanca]] [[Orde de l'Àliga Blanca]] (1921)
* [[Fitxer:POL Virtuti Militari Wielki BAR.svg|50px|Orde Virtuti Militari]] [[Orde Virtuti Militari]], classes I, II, IV i V
* [[Fitxer:POL Krzyż Niepodległości z Mieczami BAR.svg|50px|Creu de la Independència]] [[Creu de la Independència (Polònia)|Creu de la Independència amb espases]] (6 de novembre de 1930)
* [[Fitxer:POL Polonia Restituta Wielki BAR.svg|50px|Orde Polònia Restituta]] [[Orde Polònia Restituta]], Classes I i II
* [[Fitxer:POL Krzyż Walecznych 4r BAR.svg|50px|Creu al Valor]] [[Creu al Valor (Polònia)|Creu al Valor]] (en quatre ocasions)
* [[Fitxer:POL Złoty Krzyż Zasługi BAR.svg|50px|Creu al Mèrit d'or]] [[Creu al Mèrit (Polònia)|Creu al Mèrit d'or]] (en quatre ocasions)

=== Estrangeres ===
* [[Orde del Mantell Blau]] (Afgaistan)
* [[Orde de Sant Alexandre|Orde de Sant Alexandre amb Espasa]] (Bulgària)
* [[Fitxer:Ordine imperiale della corona di ferro, austria.png|50px|Orde de la Corona de Ferro]] [[Orde de la Corona de Ferro (Àustria)|Orde de la Corona de Ferro de III Classe]] (Àustria-Hongria)
* [[Fitxer:Grand Crest Ordre de Leopold.png|50px|Gran Creu de l'Orde de Leopold]] [[Orde de Leopold|Gran Creu de l'Orde de Leopold]] (Bèlgica)
* [[Fitxer:Order of the Southern Cross Grand Collar Ribbon.png|50px|Gran Creu de l'orde de la Creu del Sud]] [[Orde de la Creu del Sud|Gran Creu de l'orde de la Creu del Sud]] (Brasil)
* [[Fitxer:Czechoslovak War Cross 1918 Ribbon.png|50px|Creu de Guerra txecoslovaca de 1918]] [[Creu de Guerra txecoslovaca de 1918]]
* [[Fitxer:EST Order of the Cross of the Eagle 1st Class BAR.png|50px|Gran Creu de l'Orde de l'Àliga]] [[Orde de la Creu de l'Àliga (Estònia)|Gran Creu de l'Orde de l'Àliga]] (Estònia) 1930
* [[Fitxer:EST Cross of Liberty Military Leadership.png|50px|Creu de la Llibertat]] [[Creu de la Llibertat (Estònia)|Creu de la Llibertat de I i III Classes]] (Estònia, 1922 i 1925)
* [[Fitxer:FIN Order of the White Rose Grand Cross BAR.png|50px|Rosa Blanca de Finlàndia]] [[Orde de la Rosa Blanca de Finlàndia|Gran Creu de l'orde de la Rosa Blanca de Finlàndia]]
* [[Fitxer:ESP Gran Cruz Merito Militar (Distintivo Blanco) pasador.svg|50px|Gran Creu de l'orde del Mèrit Militar]] [[Orde del Mèrit Militar (Espanya)|Gran Creu de l'orde del Mèrit Militar]] (Espanya)
* [[Fitxer:Legion Honneur GC ribbon.svg|50px|Gran Creu de la Legió d'Honor]] [[Legió d'Honor|Gran Creu de la Legió d'Honor (25.864)]] (França)
* [[Fitxer:Medaille militaire ribbon.svg|50px|Medalla Militar]] [[Medalla Militar (França)|Medalla Militar]] (França)
* [[Fitxer:JPN Kyokujitsu-sho 1Class BAR.svg|50px|Orde del Sol Naixent]] [[Orde del Sol Naixent|Gran Cordó de l'orde del Sol Naixent]] (Japó)
* [[Fitxer:Order of the Karađorđe's Star rib.png|50px|Orde de l'Estrella de Karađorđe]] [[Orde de l'Estrella de Karađorđe]] (Iugoslàvia)
* [[Fitxer:Lacplesis Military Order Ribbon.png|50px|Orde de Lāčplēsis de 1a classe]] [[Orde de Lāčplēsis|Orde de Lāčplēsis de 1a classe]] (Letònia)
* [[Fitxer:OPMM-cX.svg|50px|Sobirà Orde Militar de Sant Joan de Jerusalem]] [[Orde de Malta|Membre de IV Classe del Sobirà Orde Militar de Sant Joan de Jerusalem]]
* [[Fitxer:PRT Military Order of the Tower and of the Sword - Grand Cross BAR.png|50px|Orde de la Torre i de l'Espasa]] [[Orde de la Torre i l'Espasa|Gran Creu de l'orde de la Torre i l'Espasa]] (Portugal)
* [[Fitxer:OrderofCarolI.ribbon.gif|50px|Orde de Carol I]] [[Orde de Carol I]] de I Classe
* [[Fitxer:Ord.MichaeltheBrave-ribbon.jpg|50px|Orde de Miquel el Valent]] [[Orde de Miquel el Valent]]
* [[Fitxer:Cavaliere di gran Croce Regno SSML BAR.svg|50px| Gran Creu de l'orde de Sant Maurici i Sant Llàtzer]] [[Orde de Sant Maurici i Sant Llàtzer|Gran Creu de l'orde de Sant Maurici i Sant Llàtzer]] (Itàlia)
* [[Fitxer:Cavaliere di gran croce OMS BAR.svg|50px|Gran Creu de l'Orde Militar de Savoia]] [[Orde Militar de Savoia|Gran Creu de l'orde militar de Savoia]] (Itàlia)
* Gran Creu del Mèrit (Hongria

== Bibliografia ==
* {{ref-llibre|cognom= Plach
|nom= Eva
|títol= The Clash of Moral Nations: Cultural Politics in Pilsudski's Poland, 1926–1935
|any= 2006
| editorial = Athens, Ohio:Ohio University Press
| id = ISBN 0-8214-1695-2
}}
* {{ref-llibre|cognom= Lerski
|nom= Jerzy Jan
|títol= Historical Dictionary of Poland, 966–1945
|any= 1996
| editorial = Westport, Conn.:Greenwood Press
| id = ISBN 0-313-26007-9
}}
* {{ref-llibre|cognom= Held
|nom= Joseph
|títol= The Columbia History of Eastern Europe in the Twentieth Century
|any= 1992
| editorial = New York: Columbia University Press
| id = ISBN 0-231-07697-5
}}
* {{ref-llibre|cognom= Lieven
|nom= Anatol
|títol= The Baltic Revolution: Estonia, Latvia, Lithuania and the Path to Independence
|any= 1994
| editorial = New Haven: Yale University Press
| id = ISBN 0-300-06078-5
}}
* {{ref-publicació| autor =Rothschild, Joseph
|títol=The Military Background of Pilsudski's Coup D'Etat
|any=1962
| revista = Slavic Review
|volum=21
|exemplar= 2
|pàgines= 241-260
| url = http://www.jstor.org/pss/3000631
}}
* {{ref-llibre|cognom= Rothschild
|nom= Joseph
|títol= East Central Europe Between the Two World Wars
|url= http://books.google.com/books?id=ytc-muwFT_IClpg=PA398ots=c_zKaJ3R_idq=East%20Central%20Europe%20Between%20the%20Two%20World%20Warspg=PA398#v=onepageq=f=false
|llengua= inglés
|any= 1990
|editorial= University of Washington Press
|isbn= 9780295953571
}}

== Referències ==
{{Referències}}

== Enllaços externs ==
{{Projectes germans|commons=Józef Piłsudski|Józef Piłsudski}}
* [http://www.pilsudski.org Jozef Pilsudski Institute of America] {{en}} {{pl}}
* [http://web.archive.org/web/20050213064816/http://www.polonica.net/Marshal-Jozef-Pilsudski.htm ''Marshal Jozef Pilsudski. Messiah and Central European Federalist''] {{en}}
* [http://monika.univ.gda.pl/~literat/bibula/index.htm ''Bibuła'', llibre de Józef Piłsudski] {{pl}}

{{Autoritat}}
{{Enllaç AB|zh}}
{{Enllaç AD|en}}
{{Enllaç AD|pl}}

{{ORDENA:Jozef Pilsudski}}	
[[Categoria:Polítics polonesos]]
[[Categoria:Receptors de l'orde de l'Àliga Blanca]]
[[Categoria:Receptors de la Gran Creu de l'orde Virtuti Militari]]
[[Categoria:Gran Creu de l'orde de Sant Maurici i Sant Llàtzer]]
[[Categoria:Gran Creu de la Legió d'Honor]]
[[Categoria:Gran Creu de l'orde de la Creu del Sud]]
[[Categoria:Guerra polonesosoviètica]]</text>
      <sha1>95ubuo5wsek51s83iv0exif8wt03x85</sha1>
      <model>wikitext</model>
      <format>text/x-wiki</format>
    </revision>
  </page>