<page>
    <title>Anderlecht</title>
    <ns>0</ns>
    <id>102991</id>
    <revision>
      <id>13809637</id>
      <parentid>12966074</parentid>
      <timestamp>2014-07-13T09:16:00Z</timestamp>
      <contributor>
        <username>PereBot</username>
        <id>118448</id>
      </contributor>
      <minor></minor>
      <comment>Robot inserta {{Autoritat}}</comment>
      <text>{{Vegeu3|la ciutat belga|el club de futbol|Royal Sporting Club Anderlecht}}
{{Infotaula de municipi belga
|nom=Anderlecht
|carte=AnderlechtLocatie.png
|carte-legende=Situació de la comuna en la regió de Brussel·les-Capital
|armoiries=Anderlecht.jpg
|drapeau=Drapeau Anderlecht.gif
|drapeau-reg=[[Fitxer:Flag Belgium brussels.svg|20px|Bandera de la Regió de Brussel·les-Capital]]
|drapeau-comm=[[Fitxer:Flag_Belgium_wallonia.svg|20px|Valònia]]
|drapeau-prov=[[Fitxer:Flag Belgium brussels.svg|20px|Bandera de la Regió de Brussel·les-Capital]]
|region=[[Regió de Brussel·les-Capital|Brussel·les-Capital]]
|communaute=[[Comunitat Francesa de Bèlgica|Francòfona]]/[[Flandes|flamenca]]
|province=(cap província)
|arrondissement=Brussel·les-Capital
|coordenades={{coord|50|50|N|04|18|E|type:city(96011)|display=inline,title}}
|superficie=17,74
|population-totale=96.011 
|date-recensement=2006
|population-hommes=46.694
|population-femmes=49.317
|densité=5412
|date-classe=01/01/2004
|0-17=22,76
|18-64=59,98
|65=17,26
|etrangers=22.157
|date-etrangers=01/07/2005
|chomage=23,9
|date-chomage=01/01/2006
|bourgmestre=Eric Thomas ([[Partit Socialista (Valònia)|PS]])
|majorite=PS, SPA, CdH, [[Mouvement réformateur|MR]], Open-vld
|partis=
|communes-cp=1070
|communes-fusionnees=Anderlecht
|gentile=
|zone-telephonique=02
|site=[http://www.anderlecht.be www.anderlecht.be]
}}
'''Anderlecht''' és una ciutat de [[Bèlgica]], situada en la [[Regió de Brussel·les-Capital]]. Té una extensió de 97 kilòmetres quadrats i una població de 96.000 habitants. Limita amb els municipis de [[Brussel·les]], [[Dilbeek]], [[Vorst]], [[Sint-Jans-Molenbeek]], [[Sint-Pieters-Leeuw]] i [[Sint-Gillis-Obbrussel]]. Té l'estatut de municipi bilingüe, com els altres 18 de la regió. 

== Història ==
Hi ha proves que el municipi fou habitat ja en l'[[edat de ferro]],ref{{Ref-llibre |cognom=State |nom=Paul F. |títol=Historical dictionary of Brussels |url=http://books.google.es/books?id=LErne3-05qoCpg=PA11dq=Roman+villa+Anderlechthl=casa=Xei=MX9AT_y3G9KYhQfi-unSBQved=0CD4Q6AEwAA#v=onepageq=Roman%20villa%20Anderlechtf=false |llengua=anglès |editorial=Scarecrow Press |data=2004 |pàgines=p.11 |isbn=0810850753 }}/ref tot i que el nom de la vila no apareixerà per primer cop fins al [[1047]]. Aleshores, quatre viles ocuparen el territori actual: Anderlecht, [[Cureghem]], Aa i [[Neerpede]]. 

Durant la baixa Edat Mitjana s'hi va construir la colegiata gòtica Saints-Pierre-et-Guidon, aixecada sobre una cripta romana. El 1521 hi passà alguns mesos l'humanista [[Erasme de Rotterdam]], hostatjat per uns monjos de la localitat.

El 1791 Dumoriez hi va batre els austriacs. Durant el segle XIX es va engrandir mercè l'expansió urbana i industrial de Brussel·les (barri obrer de La Roue), i després de la [[Segona Guerra Mundial]] ha augmentat fortament la població. Quan es va decidir la regionalització de Bèlgica el 1981, va formar part de la Regió de Brussel·les Capital. 

== Llocs d'interés ==
*L'equip de [[futbol]], [[RSC Anderlecht]], que ha guanyat 28 vegades el campionat de lliga de Bèlgica i va participar sovint a competicions europees i conseguir dues [[Recopa d'Europa de futbol|Recopes d'Europa]].
* ''Musée bruxellois de la gueuze'' (Museu Brussel·lenc de la Gueuze), creat el 1900, dedicat a la cervesa regional [[gueuze]], que conté una fàbrica de cervesa artesanal i que organitza degustacions.
* Museu de la [[Xina]], on hi ha nombrosos objectes de col·lecció.
* Museu d'[[Erasme de Rotterdam]] ''(Maison d'Érasme - Erasmushuis)

== Personalitats del municipi ==
* [[Albert Huybrechts]], músic mort a Anderlecht.
* [[Philippe Thys]] nascut a la vila el [[1890]], primer ciclista belga que participà 3 cops al [[Tour de França]]

== Agermanaments ==
* després del [[1955]] :
** [[Boulogne-Billancourt]], [[França]], 110 000 habitants.
** [[Neukölln]], [[Alemanya]], districte [[Berlín|berlinès]] més poblat, 350 000 habitants.
** [[Hammersmith]], [[Regne Unit]]
** [[Fulham]], [[Regne Unit]]
** [[Zaandam]], [[Països Baixos]]
* després del [[1976]]
** [[Marino]], [[Laci]], [[Itàlia]]
* després del [[2000]]
** [[Sainte-Maximine]], [[França]]

==Referències==
{{referències}}

== Enllaços externs ==
{{commonscat|Anderlecht}}
* [http://www.anderlecht.be/ Pàgina oficial d'Anderlecht]
{{municipis brussel}}

{{Autoritat}}
[[Categoria:Ciutats de Bèlgica]]
[[Categoria:Municipis de la regió de Brussel·les-Capital]]</text>
      <sha1>76rqy8euuutrg5mc55qxw1bva4ubk8j</sha1>
      <model>wikitext</model>
      <format>text/x-wiki</format>
    </revision>
  </page>