<page>
    <title>Campionat del món de ciclisme en ruta masculí amateur</title>
    <ns>0</ns>
    <id>1029657</id>
    <revision>
      <id>13879316</id>
      <parentid>13001722</parentid>
      <timestamp>2014-07-22T11:09:59Z</timestamp>
      <contributor>
        <username>Herodotptlomeu</username>
        <id>127024</id>
      </contributor>
      <minor></minor>
      <comment>/* Palmarès */</comment>
      <text>{{ Cursa ciclista
| nom = {{PAGENAME}}
| ediciórecent=
| imatge = 
| data = anual
| regió = 
| català = 
| nomlocal = 
| disciplina = carretera
| competició = 
| tipus = amateur
| organitzador = [[Unió Ciclista Internacional]]
| director = 
| primera = 1921
| número = 
| darrera = 1995
| primervencedor = {{flagathlete|[[Gunnar Sköld]]|SWE}}
| méstriomfs = 
| darrervencedor = {{flagathlete|[[Danny Nelissen]]|NED}}
}}
El '''Campionat del món de ciclisme en ruta masculí amateur''' és una competició [[ciclista]] organitzada per la [[Unió Ciclista Internacional]] que dóna al vencedor el títol de campió del món. 

La primera edició es disputà entre el [[Campionats del món de ciclisme en ruta de 1921|1921]] i el [[Campionats del món de ciclisme en ruta de 1995|1995]], quan fou substituïda pel [[Campionat del món de ciclisme en ruta masculí sub-23|Campionat del món sub-23]].

== Palmarès ==
{| class=wikitable sortable style=font-size:95% 
|align=center| '''Prova'''
|align=center bgcolor=gold|'''Or'''
|align=center bgcolor=silver|'''Argent'''
|align=center bgcolor=CC9966|'''Bronze'''
|-
| [[Campionats del món de ciclisme en ruta de 1921|1921]] || {{Bandera|SWE}} [[Gunnar Sköld]] || {{Bandera|DEN}} [[Willum Nielsen]] || {{Bandera|GBR}} [[Charles Davey]]
|-bgcolor=#EFEFEF 
| [[Campionats del món de ciclisme en ruta de 1922|1922]] || {{Bandera|GBR}} [[Dave March]] || {{Bandera|GBR}} W.T. Burkill || {{Bandera|GBR}} [[Charles Davey]]
|-
| [[Campionats del món de ciclisme en ruta de 1923|1923]] || [[Fitxer:Flag of Italy (1861-1946) crowned.svg|23px|Itàlia]] [[Liberio Ferrario]] || {{Bandera|SUI}} [[Othmar Eichenberger]] || {{Bandera|SUI}} [[Georges Antenen]] 
|-bgcolor=#EFEFEF 
| [[Campionats del món de ciclisme en ruta de 1924|1924]] || {{Bandera|FRA}} [[André Leducq]] || {{Bandera|SUI}} [[Otto Lehner]] || {{Bandera|FRA}} [[Armand Blanchonnet]]
|- 
| [[Campionats del món de ciclisme en ruta de 1925|1925]] || {{Bandera|BEL}} [[Henri Hoevenaers]] || {{Bandera|FRA}} [[Marc Bocher]] || {{Bandera|NED}} [[Georges Van den Berghe]] 
|-bgcolor=#EFEFEF 
| [[Campionats del món de ciclisme en ruta de 1926|1926]] || | {{Bandera|FRA}} [[Octave Dayen]] || {{Bandera|FRA}} [[Jules Merviel]] || [[Fitxer:Flag of Italy (1861-1946) crowned.svg|23px|Itàlia]] [[Pierre Polano]]
|-
| [[Campionats del món de ciclisme en ruta de 1927|1927]] || {{Bandera|BEL}} [[Jean Aerts]] ||{{Bandera|GER}} [[Rudolf Wolke]] || [[Fitxer:Flag of Italy (1861-1946) crowned.svg|23px|Itàlia]] [[Michele Orecchia]]
|-bgcolor=#EFEFEF 
| [[Campionats del món de ciclisme en ruta de 1928|1928]] || [[Fitxer:Flag of Italy (1861-1946) crowned.svg|23px|Itàlia]] [[Allegro Grandi]] || [[Fitxer:Flag of Italy (1861-1946) crowned.svg|23px|Itàlia]] [[Michele Bara]] || {{Bandera|BEL}} [[Jean Aerts]]
|-
| [[Campionats del món de ciclisme en ruta de 1929|1929]] || [[Fitxer:Flag of Italy (1861-1946) crowned.svg|23px|Itàlia]] [[Pierino Bertolazzo]] || [[Fitxer:Flag of Italy (1861-1946) crowned.svg|23px|Itàlia]] [[Remo Bertoni]] || {{Bandera|FRA}} [[René Brossy]] 
|-bgcolor=#EFEFEF 
| [[Campionats del món de ciclisme en ruta de 1930|1930]] || [[Fitxer:Flag of Italy (1861-1946) crowned.svg|23px|Itàlia]] [[Giuseppe Martano]] || [[Fitxer:Flag of Italy (1861-1946) crowned.svg|23px|Itàlia]] [[Eugenio Gestri]] || {{Bandera|GER}} [[Rudolf Risch]]
|- 
| [[Campionats del món de ciclisme en ruta de 1931|1931]] || {{Bandera|DEN}} [[Henry Hansen]] || [[Fitxer:Flag of Italy (1861-1946) crowned.svg|23px|Itàlia]] [[Giuseppe Olmo]] || {{Bandera|DEN}} [[Leo Nielsen]]
|-bgcolor=#EFEFEF 
| [[Campionats del món de ciclisme en ruta de 1932|1932]] || | [[Fitxer:Flag of Italy (1861-1946) crowned.svg|23px|Itàlia]] [[Giuseppe Martano]] || {{Bandera|SUI}} [[Paul Egli]] || {{Bandera|FRA}} [[Paul Chocque]]
|-
| [[Campionats del món de ciclisme en ruta de 1933|1933]] || {{Bandera|SUI}} [[Paul Egli]]|| {{Bandera|SUI}} [[Kurt Stettler]] || {{Bandera|BEL}} [[Joseph Lowagie]]
|-bgcolor=#EFEFEF 
| [[Campionats del món de ciclisme en ruta de 1934|1934]] || {{Bandera|NED}} [[Kees Pellenaers]] || {{Bandera|FRA}} [[André Deforge]] || {{Bandera|BEL}} [[Paul André (ciclista)|Paul André]]
|-
| [[Campionats del món de ciclisme en ruta de 1935|1935]] || [[Fitxer:Flag of Italy (1861-1946) crowned.svg|23px|Itàlia]] [[Ivo Mancini]] || {{Bandera|FRA}} [[Robert Charpentier]] || {{Bandera|DEN}} [[Werner Grundhal]]
|-bgcolor=#EFEFEF 
| [[Campionats del món de ciclisme en ruta de 1936|1936]] || {{Bandera|SUI}} [[Edgar Buchwalder]] || {{Bandera|SUI}} [[Gottlieb Weber]] || [[Fitxer:Flag of Italy (1861-1946) crowned.svg|23px|Itàlia]] [[Pierino Favalli]]
|-
| [[Campionats del món de ciclisme en ruta de 1937|1937]] || [[Fitxer:Flag of Italy (1861-1946) crowned.svg|23px|Itàlia]] [[Adolfo Leoni]] || {{Bandera|DEN}} [[Frode Sorensen]] || [[Fitxer:Flag of Germany 1933.svg|23px|Alemanya]] [[Fritz Scheller]]
|-bgcolor=#EFEFEF 
| [[Campionats del món de ciclisme en ruta de 1938|1938]] || | {{Bandera|SUI}} [[Hans Knecht]] || {{Bandera|SUI}} [[Jozef Wagner (ciclista)|Josef Wagner]] || {{Bandera|NED}} [[Joop Demmenie]]
|-
|rowspan=1 colspan=5 align=center | ''No disputats per culpa de la [[Segona Guerra Mundial]]'' 
|-bgcolor=#EFEFEF 
| [[Campionats del món de ciclisme en ruta de 1946|1946]] || {{Bandera|FRA}} [[Henry Aubry]] || {{Bandera|SUI}} [[Ernest Stettler]] || {{Bandera|BEL}} [[Henri Van Kerkhove]]
|-
| [[Campionats del món de ciclisme en ruta de 1947|1947]] || {{Bandera|ITA}} [[Alfio Ferrari]] || {{Bandera|ITA}} [[Silvio Pedroni]] || {{Bandera|NED}} [[Gerard Van Beek]]
|-bgcolor=#EFEFEF 
| [[Campionats del món de ciclisme en ruta de 1948|1948]] || {{Bandera|SWE}} [[Harry Snell]] || {{Bandera|BEL}} [[Lievin Lerno]] || {{Bandera|SWE}} [[Olle Wanlund]]
|-
| [[Campionats del món de ciclisme en ruta de 1949|1949]] || {{Bandera|NED}} [[Henk Faanhof]] || {{Bandera|LUX}} [[Henri Kaas]] || {{Bandera|NED}} [[Hubert Vinken]]
|-bgcolor=#EFEFEF 
| [[Campionats del món de ciclisme en ruta de 1950|1950]] || {{Bandera|AUS}} [[Jack Hoobin]] || {{Bandera|FRA}} [[Robert Varnajo]] || {{Bandera|ITA}} [[Alfio Ferrari]]
|-
| [[Campionats del món de ciclisme en ruta de 1951|1951]] || {{Bandera|ITA}} [[Gianni Ghidini]] || {{Bandera|ITA}} [[Rino Benedetti]] || {{Bandera|NED}} [[Jan Plantaz]]
|-bgcolor=#EFEFEF 
| [[Campionats del món de ciclisme en ruta de 1952|1952]] || {{Bandera|ITA}} [[Luciano Ciancola]] || {{Bandera|BEL}} [[André Noyelle]] || {{Bandera|LUX}} [[Roger Ludwig]]
|-
| [[Campionats del món de ciclisme en ruta de 1953|1953]] || {{Bandera|ITA}} [[Ricardo Filippi]] || {{Bandera|ITA}} [[Gastone Nencini]] || {{Bandera|BEL}} [[Rik Van Looy]]
|-bgcolor=#EFEFEF 
| [[Campionats del món de ciclisme en ruta de 1954|1954]] || {{Bandera|BEL}} [[Emiel Van Cauter]] || {{Bandera|DEN}} [[Hans Andresen]] || {{Bandera|NED}} [[Martin Van den Borgh]]
|-
| [[Campionats del món de ciclisme en ruta de 1955|1955]] || {{Bandera|ITA}} [[Sante Ranucci]] || {{Bandera|ITA}} [[Lino Grassi]] || {{Bandera|ITA}} [[Dino Bruni]]
|-bgcolor=#EFEFEF 
| [[Campionats del món de ciclisme en ruta de 1956|1956]] || {{Bandera|NED}} [[Frans Mahn]] || {{Bandera|BEL}} [[Norbert Verougstraete]] || {{Bandera|NED}} [[Jan Buis]]
|-
| [[Campionats del món de ciclisme en ruta de 1957|1957]] || {{Bandera|BEL}} [[Louis Proost]] || {{Bandera|ITA}} [[Arnaldo Pambianco]] || {{Bandera|NED}} [[Schalk Verhoef]]
|-bgcolor=#EFEFEF 
| [[Campionats del món de ciclisme en ruta de 1958|1958]] || {{Bandera|RDA}} [[Gustav-Adolf Schur]] || {{Bandera|BEL}} [[Valère Paulissen]] || {{Bandera|BEL}} [[Henri De Wolf]]
|-
| [[Campionats del món de ciclisme en ruta de 1959|1959]] || {{Bandera|RDA}} [[Gustav-Adolf Schur]] || {{Bandera|NED}} [[Bastiaan Maliepaard]] || {{Bandera|BEL}} [[Constant Goosens]]
|-bgcolor=#EFEFEF 
| [[Campionats del món de ciclisme en ruta de 1960|1960]] || {{Bandera|RDA}} [[Bernhard Eckstein]] || {{Bandera|RDA}} [[Gustav-Adolf Schur]] || {{Bandera|BEL}} [[Willy Vanden Berghen]] 
|-
| [[Campionats del món de ciclisme en ruta de 1961|1961]] || {{Bandera|FRA}} [[Jean Jourden]] || {{Bandera|FRA}} [[Henri Belena]] || {{Bandera|FRA}} [[Jacques Gestraud]]
|-bgcolor=#EFEFEF 
| [[Campionats del món de ciclisme en ruta de 1962|1962]] || {{Bandera|ITA}} [[Renato Bongioni]] || {{Bandera|DEN}} [[Ole Ritter]] || {{Bandera|NED}} [[Arie den Hartog]]
|-
| [[Campionats del món de ciclisme en ruta de 1963|1963]] || {{Bandera|ITA}} [[Flaviano Vicentini]] || {{Bandera|FRA}} [[Francis Bazire]] || {{Bandera|FRG}} [[Winfried Bölke]]
|-bgcolor=#EFEFEF 
| [[Campionats del món de ciclisme en ruta de 1964|1964]] || {{Bandera|BEL}} [[Eddy Merckx]] || {{Bandera|BEL}} [[Willy Planckaert]] || {{Bandera|SWE}} [[Gösta Pettersson]]
|-
| [[Campionats del món de ciclisme en ruta de 1965|1965]] || {{Bandera|FRA}} [[Jacques Botherel]] || [[Fitxer:Flag of Spain 1945 1977.svg|23px|Espanya]] [[José Manuel Lasa]] || {{Bandera|ITA}} [[Battista Monti]]
|-bgcolor=#EFEFEF 
| [[Campionats del món de ciclisme en ruta de 1966|1966]] || {{Bandera|NED}} [[Evert Dolman]] || {{Bandera|GBR}} [[Leslie West]] || {{Bandera|DEN}} [[Willy Skibby]]
|-
| [[Campionats del món de ciclisme en ruta de 1967|1967]] || {{Bandera|GBR}} [[Graham Webb]] || {{Bandera|FRA}} [[Claude Guyot]] || {{Bandera|NED}} [[René Pijnen]] 
|-bgcolor=#EFEFEF 
| [[Campionats del món de ciclisme en ruta de 1968|1968]] || {{Bandera|ITA}} [[Vittorio Marcelli]] || {{Bandera|BRA}} [[Luis-Carlos Florès]] || {{Bandera|SWE}} [[Erik Pettersson]]
|-
| [[Campionats del món de ciclisme en ruta de 1969|1969]] || {{Bandera|DEN}} [[Leif Mortensen]] || {{Bandera|BEL}} [[Jean-Pierre Monséré]] || {{Bandera|BEL}} [[Gustave Van Roosbroeck]]
|-bgcolor=#EFEFEF 
| [[Campionats del món de ciclisme en ruta de 1970|1970]] || {{Bandera|DEN}} [[Jorgen Schmidt]] || {{Bandera|BEL}} [[Ludo Van der Linden]] || {{Bandera|BEL}} [[Tony Gakens]]
|-
| [[Campionats del món de ciclisme en ruta de 1971|1971]] || {{Bandera|FRA}} [[Régis Ovion]] || {{Bandera|BEL}} [[Freddy Maertens]] || [[Fitxer:Flag of Spain 1945 1977.svg|23px|Espanya]] [[José Luis Viejo]]
|-bgcolor=#EFEFEF 
| 1972 || colspan=3 align=center | No disputat per haver-hi [[Ciclisme als Jocs Olímpics d'estiu de 1972|Jocs Olímpics]]
|-
| [[Campionats del món de ciclisme en ruta de 1973|1973]] || {{Bandera|POL}} [[Ryszard Szurkowski]] || {{Bandera|POL}} [[Stanisław Szozda]] || {{Bandera|FRA}} [[Bernard Bourreau]]
|-bgcolor=#EFEFEF 
| [[Campionats del món de ciclisme en ruta de 1974|1974]] || {{Bandera|POL}} [[Janusz Kowalski]] || {{Bandera|POL}} [[Ryszard Szurkowski]] || {{Bandera|SUI}} [[Michel Kuhn]]
|-
| [[Campionats del món de ciclisme en ruta de 1975|1975]] || {{Bandera|NED}} [[André Gevers]] || {{Bandera|SWE}} [[Sven-Ake Nilsson]] || {{Bandera|ITA}} [[Roberto Ceruti]]
|-bgcolor=#EFEFEF 
| 1976 || colspan=3 align=center | No disputat per haver-hi [[Ciclisme als Jocs Olímpics d'estiu de 1976|Jocs Olímpics]]
|-
| [[Campionats del món de ciclisme en ruta de 1977|1977]] || {{Bandera|ITA}} [[Claudio Corti]] || {{Bandera|URS}} [[Sergueï Morozov (ciclista)|Sergueï Morozov]] || {{Bandera|ITA}} [[Salvatore Maccali]]
|-bgcolor=#EFEFEF 
| [[Campionats del món de ciclisme en ruta de 1978|1978]] || {{Bandera|SUI}} [[Gilbert Glaus]] || {{Bandera|POL}} [[Krzysztof Sujka]] || {{Bandera|SUI}} [[Stefan Mutter]]
|-
| [[Campionats del món de ciclisme en ruta de 1979|1979]] || {{Bandera|ITA}} [[Gianni Giacomini]] || {{Bandera|POL}} [[Jan Jankiewicz]] || {{Bandera|RDA}} [[Bernd Drogan]]
|-bgcolor=#EFEFEF 
| 1980 || colspan=3 align=center | No disputat per haver-hi [[Ciclisme als Jocs Olímpics d'estiu de 1980|Jocs Olímpics]]
|-
| [[Campionats del món de ciclisme en ruta de 1981|1981]] || {{Bandera|URS}} [[Andrei Vedernikov]] || {{Bandera|BEL}} [[Rudy Rogiers]] || {{Bandera|SUI}} [[Gilbert Glaus]]
|-bgcolor=#EFEFEF 
| [[Campionats del món de ciclisme en ruta de 1982|1982]] || {{Bandera|RDA}} [[Bernd Drogan]] || {{Bandera|BEL}} [[Francis Vermaelen]] || {{Bandera|SUI}} [[Jorg Bruggmann]]
|-
| [[Campionats del món de ciclisme en ruta de 1983|1983]] || {{Bandera|RDA}} [[Uwe Raab]] || {{Bandera|SUI}} [[Niki Rüttimann]] || {{Bandera|POL}} [[Andrzej Serediuk]]
|-bgcolor=#EFEFEF 
| 1984 || colspan=3 align=center | No disputat per haver-hi [[Ciclisme als Jocs Olímpics d'estiu de 1984|Jocs Olímpics]] 
|-
| [[Campionats del món de ciclisme en ruta de 1985|1985]] || {{Bandera|POL}} [[Lech Piasecki]] || {{Bandera|DEN}} [[Johnny Weltz]] || {{Bandera|BEL}} [[Frank Van de Vijver]] 
|-bgcolor=#EFEFEF 
| [[Campionats del món de ciclisme en ruta de 1986|1986]] || {{Bandera|RDA}} [[Uwe Ampler]] || {{Bandera|NED}} [[John Talen]] || {{Bandera|NED}} [[Arjan Jagt]]
|-
| [[Campionats del món de ciclisme en ruta de 1987|1987]] || {{Bandera|FRA}} [[Richard Vivien]] || {{Bandera|FRG}} [[Hartmut Bölts]] || {{Bandera|DEN}} [[Alex Pedersen]]
|-bgcolor=#EFEFEF 
| 1988 || colspan=3 align=center | No disputat per haver-hi [[Ciclisme als Jocs Olímpics d'estiu de 1988|Jocs Olímpics]] 
|-
| [[Campionats del món de ciclisme en ruta de 1989|1989]] || {{Bandera|POL}} [[Joachim Halupczok]] || {{Bandera|FRA}} [[Eric Pichon]] || {{Bandera|FRA}} [[Christophe Manin]]
|-bgcolor=#EFEFEF 
| [[Campionats del món de ciclisme en ruta de 1990|1990]] || {{Bandera|ITA}} [[Mirko Gualdi]] || {{Bandera|ITA}} [[Roberto Caruso]] || {{Bandera|FRA}} [[Jean-Philippe Dojwa]]
|-
| [[Campionats del món de ciclisme en ruta de 1991|1991]] || {{Bandera|URS}} [[Viktor Rjaksinski]] || {{Bandera|ITA}} [[Davide Rebellin]] || {{Bandera|SUI}} [[Beat Zberg]]
|-bgcolor=#EFEFEF 
| 1992 || colspan=3 align=center | No disputat per haver-hi [[Ciclisme als Jocs Olímpics d'estiu de 1992|Jocs Olímpics]] 
|-
| [[Campionats del món de ciclisme en ruta de 1993|1993]] || {{Bandera|GER}} [[Jan Ullrich]] || {{Bandera|LAT}} [[Kaspars Ozers]] || {{Bandera|CZE}} [[Lubor Tesar]]
|-bgcolor=#EFEFEF 
| [[Campionats del món de ciclisme en ruta de 1994|1994]] || {{Bandera|DEN}} [[Alex Pedersen]] || {{Bandera|SVK}} [[Milan Dvorscik]] || {{Bandera|FRA}} [[Christophe Mengin]]
|-
| [[Campionats del món de ciclisme en ruta de 1995|1995]] || {{Bandera|NED}} [[Danny Nelissen]] || {{Bandera|ITA}} [[Daniele Sgnaolin]] || {{Bandera|ECU}} [[Pedro Álvaro Rodríguez]]
|}

== Medaller ==

{| {{RankedMedalTable|class=wikitable sortable}}
|- 
|| 1 || align=left | {{ITA}} 
|style=background:#F7F6A8; | 18 
|style=background:#DCE5E5; | 12 
|style=background:#FFDAB9; | 8 
| '''38'''
|-
|| 2 || align=left | {{FRA}} 
|style=background:#F7F6A8; | 7 
|style=background:#DCE5E5; | 9 
|style=background:#FFDAB9; | 8 
| '''24'''
|- 
|| 3 || align=left | {{NLD}} 
|style=background:#F7F6A8; | 6 
|style=background:#DCE5E5; | 2 
|style=background:#FFDAB9; | 11 
| '''19'''
|-
|| 4 || align=left | {{RDA}} 
|style=background:#F7F6A8; | 6 
|style=background:#DCE5E5; | 1 
|style=background:#FFDAB9; | 1 
| '''8'''
|- 
|| 5 || align=left | {{BEL}} 
|style=background:#F7F6A8; | 5 
|style=background:#DCE5E5; | 10 
|style=background:#FFDAB9; | 11
| '''26'''
|-
|| 6 || align=left | {{SUI}} 
|style=background:#F7F6A8; | 4 
|style=background:#DCE5E5; | 8 
|style=background:#FFDAB9; | 6 
| '''18'''
|- 
|| 7 || align=left | {{DEN}} 
|style=background:#F7F6A8; | 4 
|style=background:#DCE5E5; | 5 
|style=background:#FFDAB9; | 4 
| '''13'''
|-
|| 8 || align=left | {{POL}} 
|style=background:#F7F6A8; | 4 
|style=background:#DCE5E5; | 4 
|style=background:#FFDAB9; | 1 
| '''9'''
|- 
|| 9 || align=left | {{GBR}} 
|style=background:#F7F6A8; | 2 
|style=background:#DCE5E5; | 2 
|style=background:#FFDAB9; | 2 
| '''6'''
|-
|| 10 || align=left | {{SWE}} 
|style=background:#F7F6A8; | 2 
|style=background:#DCE5E5; | 1 
|style=background:#FFDAB9; | 3 
| '''6'''
|-
||11 || align=left | {{URS}} 
|style=background:#F7F6A8; | 2 
|style=background:#DCE5E5; | 1 
|style=background:#FFDAB9; | 0 
| '''3'''
|-
||12 || align=left | {{GER}} 
|style=background:#F7F6A8; | 1 
|style=background:#DCE5E5; | 2 
|style=background:#FFDAB9; | 3 
| '''6'''
|-
||13 || align=left | {{AUS}} 
|style=background:#F7F6A8; | 1 
|style=background:#DCE5E5; | 0 
|style=background:#FFDAB9; | 0 
| '''1'''
|-
|rowspan=2|14 || align=left | {{ESP}} 
|style=background:#F7F6A8; | 0 
|style=background:#DCE5E5; | 1 
|style=background:#FFDAB9; | 1 || '''2'''
|-
| align=left | {{LUX}} 
|style=background:#F7F6A8; | 0 
|style=background:#DCE5E5; | 1 
|style=background:#FFDAB9; | 1 || '''2'''
|-
|rowspan=3|16 || align=left | {{LAT}} 
|style=background:#F7F6A8; | 0 
|style=background:#DCE5E5; | 1 
|style=background:#FFDAB9; | 0 || '''1'''
|-
| align=left | {{BRA}} 
|style=background:#F7F6A8; | 0 
|style=background:#DCE5E5; | 1 
|style=background:#FFDAB9; | 0 || '''1'''
|-
| align=left | {{SVK}} 
|style=background:#F7F6A8; | 0 
|style=background:#DCE5E5; | 1 
|style=background:#FFDAB9; | 0 || '''1'''
|-
|rowspan=2|19 || align=left | {{TCH}} 
|style=background:#F7F6A8; | 0 
|style=background:#DCE5E5; | 0 
|style=background:#FFDAB9; | 1 || '''1'''
|-
| align=left | {{ECU}} 
|style=background:#F7F6A8; | 0 
|style=background:#DCE5E5; | 0 
|style=background:#FFDAB9; | 1 || '''1'''
|-

! colspan=2 | Total
! style=background:#F7F6A8; | 62
! style=background:#DCE5E5; | 62
! style=background:#FFDAB9; | 62
! 186
|}

== Referències ==
*[http://www.memoire-du-cyclisme.eu/championnats/chpt_mondial_amateur.php Palmarès complet]
{{Campionats del món de ciclisme en ruta}}

{{ORDENA:Campionat Del Mon De Ciclisme En Ruta Masculi Amateur}}	!--ORDENA generat per bot--
[[Categoria:Campionats del món de ciclisme en ruta]]</text>
      <sha1>m9oknw89chz27otpdebkeds7h090p8g</sha1>
      <model>wikitext</model>
      <format>text/x-wiki</format>
    </revision>
  </page>