<page>
    <title>José Antonio Labordeta</title>
    <ns>0</ns>
    <id>103078</id>
    <revision>
      <id>13954597</id>
      <parentid>13685333</parentid>
      <timestamp>2014-08-20T12:53:48Z</timestamp>
      <contributor>
        <username>RotlinkBot</username>
        <id>151337</id>
      </contributor>
      <minor></minor>
      <comment>Bot: enllaç no actiu</comment>
      <text>!--Varietat dialectal:Valencià --
{{Infotaula d'artista musical 
| Name = José Antonio Labordeta
| Img = Labordeta.jpg
| Img_capt = '''Labordeta''' en viu a [[Osca]] el [[26 d'octubre]] de [[2007]]
| Img_size = !-- només per a imatges més estretes de 220 píxels --
| Landscape = yes
| color = 
| Background = solo_singer
| Birth_name = José AntoniobrLabordeta Subías
| Alias = ''el Abuelo''br''Polonio Royo Alsina''
| Born = {{data naixement|1935|3|10}}
| Died = {{data defunció i edat|2010|9|19|1935|3|10}} 
| Origin = {{bandera|Aragó}} [[Saragossa]], [[Aragó]]
| Instrument = [[cantant|veu]] i [[guitarra]]
| Genre = [[cançó]], [[novel·la]], [[poesia]]
| Occupation = escriptor, professor, polític
| Years_active = 40 (des de [[1968]])
| Label = [[Edigsa]], [[Fonomusic]]
| Influences = [[Jacques Brel]]br[[Georges Brassens]]br[[Léo Ferré]]br[[Paco Ibáñez]]br[[Ovidi Montllor]]
| Associated_acts = [[Joaquín Carbonell]]br /[[La Bullonera]]br[[La Rondalla de la Costa]]br[[Ixo Rai!]]br[[Biella Nuei]]
| URL = 
| Current_members = [[Fitxer:Cantautores_aragoneses.jpg|267px|Labordeta, amb Carbonell i Eduardo Paz a Osca]]brLabordeta, amb [[Joaquín Carbonell|Carbonell]] i [[Eduardo Paz]] a [[Osca]]
| Past_members = '''Paco Medina''', [[guitarra]]
| Notable_instruments = 
}}
'''José Antonio Labordeta''' ([[Saragossa]], [[10 de març]] del [[1935]] - Saragossa, [[19 de setembre]] del [[2010]]) fou un [[escriptor]] [[aragonès]], conegut simplement com a '''Labordeta''' en la seua faceta de [[cantautor]] (o, popularment, com «''el Abuelo''»), guardonat l'any [[1991]] amb la medalla [[Justícia d'Aragó|Juan de Lanuza]] i diputat a les [[Corts d'Aragó]] i al [[Congrés de Diputats]] per la [[Chunta Aragonesista]] (CHA) entre [[1999]] i [[2008]].

Germà del cineasta [[Manuel Labordeta]] i del poeta [[Miguel Labordeta]], oncle del músic [[Puturrú de Fuá|Juan Manuel Labordeta]], pare de l'actriu [[Ana Labordeta]] i de la novel·lista [[Ángela Labordeta]] i tot un personatge popular, símbol de l'[[Aragó]] actual, és considerat «el més important cantautor aragonès i una de les persones més decisives en la recuperació de la consciència regional aragonesa».ref[http://www.enciclopedia-aragonesa.com/voz.asp?voz_id=7559tipo_busqueda=1nombre=Labordetacategoria_id=subcategoria_id=conImagenes= ''Gran Enciclopedia Aragonesa Online''] Labordeta Subías, José Antonio/ref

== Biografia ==
'''José Antonio Labordeta Subías''' va nàixer el [[10 de març]] de [[1935]] a l'antic palau dels [[Joan V de Lanuza|Lanuza]] del número 1 del carrer Buen Pastor, en ple centre de [[Saragossa]], on la seua família regentava l'escola-internat [[Sant Tomàs d'Aquino|Santo Tomás de Aquino]], a la qual assistirien personalitats com [[Jesús Moncada]]: quart fill (d'entre set germans) de '''Sara Subías''' i '''Miguel Labordeta''', un catedràtic de [[llatí]] i militant d'[[Izquierda Republicana]] que, en començar [[Guerra civil espanyola|la guerra]] a [[1936|l'any següent]], va ser detingut per [[Ateisme|ateu]], [[Comunisme|comunista]] i [[Francmaçoneria|maçó]] i, en acabant, se li va retirar la [[Catedràtic d'Universitat|càtedra]].ref[http://www.elmundo.es/suplementos/magazine/2006/335/1140798076.html ''El Mundo''] José Antonio Labordeta en el ''Magazine''/ref

=== Infància ===
Per por a més represàlies, la família va escolaritzar el jove José Antonio al Colegio Alemán saragossà fins que va tancar en [[1943]], any en què l'[[Tercer Reich|Alemanya nazi]] començava a perdre [[Segona Guerra Mundial|la guerra]]. Llavors va continuar els estudis a l'escola paterna, on va fer el batxillerat junt a futures personalitats com [[Emilio Gastón]] i, en acabant, va començar la carrera de [[dret]]; en [[1953]], durant el tercer curs, son pare es va morir i Labordeta se'n va passar a lletres. L'escola familiar va passar a mans del seu germà poeta, catorze anys major que ell, el qual passaria a exercir un rol paternal sobre el seu germà menut.ref[http://www.10lineas.com/labordeta/wcrono.htm ''10Líneas.com''] cronologia fins a 2004 per Javier Aguirre/ref

===Literatura===
L'any [[1957]] li van tocar trenta mil [[Pesseta|pessetes]] en la [[loteria]] i se'n va anar un mes sencer al [[Parador de Turisme]] de [[San Juan de la Peña]] a llegir-se l'[[Ulisses (novel·la)|Ulisses]] de [[James Joyce]]: influït per Miguel, va fundar i dirigir la revista ''Orejudín'' ([[1958]]–[[1959|59]]) i publicà en la ''Papageno'' (1958–[[1960|60]]), ambdós publicacions sorgides al voltant de la tertúlia Niké i de l'Oficina Poética Internacional. Finalment, es va llicenciar en [[Filosofia]] en [[1960]] i se'n va anar a treballar de lector d'[[Castellà|espanyol]] en [[Ais de Provença]], a les acaballes de la [[Quarta República Francesa|Quarta República]], on donava classe als [[Pied-noir|pied-noirs]]: allà va escoltar per primera volta els discs de [[Brassens]], [[Jacques Brel|Brel]] i [[Léo Ferré]]ref[http://www.elperiodicodearagon.com/noticias/noticia.asp?pkid=458450 ''El Periódico de Aragón''] ''«Hay gente que me dice...»''/ref i va escriure ''Sonata ibérica'', un poemari influït per [[Antonio Machado|Machado]] que encara continua inèdit.ref[http://www.elpais.com/articulo/portada/senoria/levanta/voz/elpepusoceps/20050130elpepspor_1/Tes ''El país''] ''Su señoría levanta la voz''/ref

===Ensenyament===
[[Fitxer:Joaquín Carbonell.jpg|esquerra|thumb|[[Joaquín Carbonell]], a Osca]][[Fitxer:Eduardo Paz.jpg|thumb| [[Eduardo Paz]], a Osca]][[Fitxer:Palazio Monezipal d'os Deportes de Uesca.jpg|thumb|El ''Periferias'' d'Osca]]
Dos anys després se'n va tornar a l'Aragó i, en casar-se amb '''Juana de Grandes''' el [[29 de setembre]] de [[1963]], ambdós es traslladaren a [[Terol]] per treballar de professors en una escola laica fundada per un amic seu: allí, ella exercia de mestra de [[Grec clàssic|grec]] i ell, d'[[història]]. Entre els alumnes que va tindre Labordeta durant esta època figuren el president d'[[Endesa]] [[Manuel Pizarro]], el polemista [[Federico Jiménez Losantos|Jiménez Losantos]], el dibuixant [[Carlos Azagra]] o el polifacètic [[Joaquín Carbonell]]: junt amb est últim i Cesáreo Hernández va començar a cantar, amb trenta-tres anys, en [[1968#Novembre|novembre del 68]]. La seua primera aparició en públic va ser a [[Belchite]] (el poble de sa mare del [[Joan Manuel Serrat i Teresa|Serrat]]), on un amic seu li va dir «''Maño, no vuelvas nunca más a cantar. Te quiero mucho, pero lo haces muy mal y además eso es cosa de maricones.''» Durant els huit anys d'estada a Terol van nàixer les seues primeres dues filles, Ana i Ángela; la tercera, Paula, va nàixer en tornar a Saragossa. L'any [[1985]] va demanar l'excedència i ja no va tornar a exercir de professor.

=== Música ===
Aquell mateix any, després de vore un anunci en [[premsa]], va enviar unes cintes a [[Madrid]] que es van convertir en el seu primer disc, ''Andros, vol. II'', un [[Extended Play|EP]] de quatre cançons editat per [[Edumsa]] que va ser segrestat a [[1969|l'any següent]] per les autoritats; es va reeditar en [[1971]] com a complement de ''Cantar y callar'', un dels primers [[Llibredisc|llibrediscs]] de l'època. Dos anys després, el [[13 de novembre]] de [[1973]] va tindre lloc el ''Primer Encuentro de la Música Popular en Aragón'' al Teatro Principal de Saragossa amb les actuacions de [[Boira]], [[La Bullonera]], [[Renaxer]], [[Pilar Garzón]], [[Tierra Húmeda]], [[Tomàs Bosque]] (de [[Franja de Ponent|la Franja]]) i el mateix Labordeta, que llavors ja era el cap visible de l'emergent «[[cançó popular aragonesa]]». A [[1974|l'any següent]], [[Edigsa]] li publicà el seu primer disc de llarga durada, ''Cantar i callar'' (''sic''), que comptava amb notes preliminars (en [[valencià]]) d'[[Ovidi Montllor]].

En [[1975]] va publicar ''Tiempo de espera'', que inclou la seua peça més coneguda, ''Canto a la libertad'', escrita en el seu retir de [[Villanúa]]:ref[http://www.elpais.com/articulo/revista/agosto/Labordeta/vuelve/viejas/pasiones/sombra/pirineo/elpepucul/20050817elpepirdv_6/Tes ''El País''] ''Labordeta vuelve a sus viejas pasiones a la sombra del pirineo''/ref ja en democràcia, la seua cançó va ser proposada pel [[Partido Aragonés]] com a himne oficial d'Aragó, però al final el [[Partit Socialista Obrer Espanyol|PSOE]] i el [[Partit Comunista d'Espanya|PCE]] votaren en contra. Es va semiretirar públicament de l'ofici de cantautor, amb un concert a la [[Plaça del Pilar]] el [[4 d'octubre]] de [[1991]], encara que d'ençà ha ofert concerts puntualment, en solitari o junt amb Carbonell i [[Eduardo Paz]] en l'espectacle ''Cantautores aragoneses'', que els va tornar a ajuntar en un concert històric retransmès per [[Aragón Televisión|Aragón TV]] l'[[11 d'octubre]] de [[2006]] que, en acabant, han girat per ciutats com [[Fraga]] i [[Osca]] (en el festival ''[[Periferias]]'').ref[http://www.periferias.org/_contenidos/dias/25-jueves.html#cantautores ''Periferias.org''] concert en l'edició del 2007/ref

===Política===
[[Fitxer:José Antonio Labordeta (2009).jpg|thumb|Labordeta el 2009.]] 
Co-fundador de la revista ''[[Andalán]]'', del [[Partit Socialista Aragonès]], creador d'un partit imaginari anomenat '''Izquierda Depresiva Aragonesa''' i candidat en la llista al [[Senat espanyol]] per [[Izquierda Unida]], finalment va ser [[diputat]] electe per [[Chunta Aragonesista]] a les Corts entre [[1999]] i [[2000]] i al [[Congrés de Diputats]] els anys [[2000]] i [[2004]] (per dos legislatures seguides) fins a l'any [[2008]], en el qual es va jubilar. En l'etapa a [[Madrid]] va destacar dins del [[grup mixt]], com a únic representant de l'aragonesisme, pel seu estil radicalment oposat al de la resta de congressistes: durant el debat sobre la invasió d'[[Iraq]] va recitar un [[poema]] del seu germà Miguel; en un altre debat va respondre als diputats del [[Partit Popular (Espanya)|PP]] que se li burlaven amb un «''¡A la mierda!''» o insultant-los;ref[http://web.archive.org/web/20040701025904/http://www.terra.es/actualidad/articulo/html/act66014.htm ''Terra''] ''Labordeta llama en el congreso gilipollas a un diputado del PP''/ref també va participar activament en el debat sobre l'[[Estatut d'Autonomia d'Aragó]],ref[http://www.10lineas.com/labordeta/pol.htm ''10Líneas.com''] text de la seua intervenció al Congrés/ref en la comissió d'investigació de l'[[11-M]]ref[http://www2.elplural.com/opinion/detail.php?id=11072 ''ElPlural.com''] ''¡Viva la Comisión!''/ref i, finalment, va anunciar la seua retirada durant la intervenció en el debat sobre l'estat de la nació de [[2007]].ref[http://www.elpais.com/articulo/espana/Labordeta/asiste/ultimo/debate/estado/nacion/elpepuesp/20070705elpepunac_15/Tes ''El País''] ''Labordeta asiste a su último debate del estado de la nación''/ref Durant la seua trajectòria com a diputat s'oposà al [[transvasament]] de l'[[Ebre]], votà en contra de la [[Llei de Partits espanyola|Llei de Partits]]ref[http://www.lademocracia.es/Labordeta-la-ley-de-partidos-es-una-ley-creada-para-y-contra-HB ''La Democracia''] ''Labordeta: la ley de partidos fue creada para y contra HB''/ref i a favor de la [[Constitució europea]],ref[http://www.escolar.net/MT/archives/2005/01/entrevista_a_jo.html ''Escolar.net''] ''Entrevista a José Antonio Labordeta''/ref defenia la co-oficialitat de les llengües de l'Aragó i el [[programari lliure]]ref[http://es.wikinews.org/wiki/Entrevista_a_Jos%C3%A9_Antonio_Labordeta ''Wikinoticias''] Entrevista a José Antonio Labordeta/ref i parlava d'[[Espanya]] com «una gran [[federació]]».ref[http://www.asueldodemoscu.net/?p=1264 ''A Sueldo de Moscú''] ''«España es una federación, pero...»''/ref En rebre el premi de l'[[Asociación de Periodistas Parlamentarios]], compartit amb [[Agustí Cerdà]], Labordeta es va acomiadar amb una [[jota]] aragonesa.ref[http://www.elcorreodigital.com/vizcaya/20080113/sociedad/soporto-cachondeos-mochila-cantautor-20080113.html ''El Correo Digital''] ''«No soporto cachondeos con lo de la mochila y el ...»''/ref

===Retir===

En retirar-se de la política «per cansament ideològic», ocasionalment residia en [[Altafulla]],ref[http://www.elimparcial.es:6680/node/6458 ''El Imparcial''] ''«Menos mal que el PSOE no ha ganado con mayoría...»''/ref va escriure la novel·la ''Memorias de un beduino en el Congreso de los Diputados'' ([[2009]]),ref[http://www.elperiodico.cat/default.asp?idpublicacio_PK=46idioma=CATidnoticia_PK=565842idseccio_PK=1013 ''El Periódico de Catalunya''] ''Memòries de diputat''/ref actuà en l'[[Exposició Internacional de Saragossa (2008)|Expo de Saragossa]] i el [[2006]] se li va diagnosticar un [[càncer]] de [[pròstata]], que el portà a la mort el [[2010]];ref[http://www.publico.es/agencias/efe/337406/jose/antonio/labordeta/muere/zaragoza/larga/enfermedad ''Público''] ''«José Antonio Labordeta muere en Zaragoza tras una larga enfermedad»''/ref el [[Rolde de Estudios Aragoneses]] ha reeditat el ''Cantar i callar'' de [[1968]], encara inèdit en [[CD (disc)|CD]], amb ocasió de la publicació del llibre col·lectiu ''José Antonio Labordeta: creación, compromiso, memoria'' (amb més de seixanta col·laboracions al voltant de la figura i la trajectòria de l'homenatjat),ref[http://www.heraldo.es/index.php/mod.noticias/mem.detalle/idnoticia.31356/relcategoria.308 ''El Heraldo de Aragón''] ''Homenaje a Labordeta''/ref presentat el [[26 de novembre]] en una festa al [[Teatro Principal de Zaragoza]].ref[http://www.elperiodico.cat/default.asp?idpublicacio_PK=46idioma=CATidnoticia_PK=565841idseccio_PK=1013 ''El Periódico de Catalunya''] ''El món de la cultura rendeix un emotiu...''/ref

== Obra ==

=== Bibliografia ===

La producció [[Literatura|literària]] de Labordeta és la major de totes les seues aficcions per l'antiguitat i la constància del ritme de publicació; amb tot, potser siga la seua faceta menys coneguda, a la que caldria afegir els nombrosos articles en [[premsa]] o el poemari inèdit adés esmentat.ref[http://www.10lineas.com/labordeta/libros.htm ''10Líneas.com''] fitxa bibliogràfica/ref

{| class=wikitable
|-
!align=center width=40|any
!títol
!editorial
!lloc
!comentaris
|-
|align=center| [[1959]]
|''Sucede el pensamiento''
|align=center|Colección Orejudín
| [[Saragossa]]
|primer llibre de poesia
|-
|align=center| [[1965]]
|''Unamuno: diario poético''
|align=center|Son Armadans
| [[Palma]]
|assaig sobre el cançoner d'[[Unamuno]]
|-
|align=center| [[1965]]
|''Las sonatas''
|align=center|Colección Poemas
| [[Saragossa]]
|segon poemari, escrit a [[Terol]]
|-
|align=center| [[1971]]
|''Cantar y callar''
|align=center| [[Javalambre]]
| [[Saragossa]]
|inclou el primer EP
|-
|align=center| [[1972]]
|''Trenta y cinco veces uno''
|align=center|El Bardo
| [[Barcelona]]
|poemari editat per [[Josep Batlló]]
|-
|align=center| [[1973]]
|''Tribulatorio''
|align=center| [[Javalambre]]
| [[Saragossa]]
|poemari
|-
|align=center| [[1974]]
|''Cada cual que aprenda su juego''
|align=center| [[Júcar]]
|?
|novel·la
|-
|align=center| [[1976]]
|''Poemas y canciones''
|align=center| [[Lumen]]
|?
|antologia de poemes i cançons anteriors
|-
|align=center| [[1980]]
|''Método de lectura''
|align=center| [[Editorial Ayuso|Ayuso]]
|?
|poemari
|-
|align=center| [[1982]]
|''Con la voz a cuestas''
|align=center| [[Los Libros de la Frontera]]
| [[Barcelona]]
|memòries de [[1967]] 1 [[1977]]
|-
|align=center| [[1983]]
|''Aragón en la mochila''
|align=center| [[Penthalon]]
|?
|guia de viatges per l'[[Aragó]]
|-
|align=center| [[1985]]
|''Jardín de la memoria''
|align=center| [[Taifa]]
| [[Barcelona]]
|poemari, editat per [[Josep Batlló]]
|-
|align=center| [[1986]]
|''El comité''
|align=center| [[Editorial Ayuso|Ayuso]]
|?
|segona novel·la
|-
|align=center| [[1988]]
|''Diario de náufrago''
|align=center|Prensas Universitarias
| [[Saragossa]]
|poemari
|-
|align=center| [[1992]]
|''Mitologías de mamá''
|align=center|Libertarias/Prodhufi
| [[Madrid]]
|tercera novel·la
|-
|align=center| [[1994]]
|''Los amigos contados''
|align=center| [[Xordica]]
| [[Villanueva de Gállego]]
|articles publicats en l'''[[Andalán]]'' entre [[1979]] i [[1982]]
|-
|align=center| [[1994]]
|''Monegros''
|align=center| [[Libertarias]]
| [[Madrid]]
|poemari
|-
|align=center| [[1995]]
|''Un país en la mochila''
|align=center| [[Libertarias]]
| [[Madrid]]
|guia de viatges basada en el programa homònim
|-
|align=center| [[1995]]
|''Tierra sin mar''
|align=center| [[Xordica]]
| [[Villanueva de Gállego]]
|selecció d'articles variats autobiogràfics
|-
|align=center| [[2001]]
|''Con la mochila a cuestas''
|align=center| [[RBA]]
| [[Barcelona]]
|una altra guia de viatges
|-
|align=center| [[2001]]
|''Banderas rotas''
|align=center| [[La Esfera de los Libros]]
| [[Barcelona]]
|«quasimemòries»
|-
|align=center| [[2003]]
|''Dulce sabor de días agrestes''
|align=center| [[Huerga  Fierro]]
| [[Barcelona]]
|antologia
|-
|align=center| [[2004]]
|''Cuentos de san Cayetano''
|align=center| [[Xordica]]
| [[Villanueva de Gállego]]
|narrativa
|-
|align=center| [[2009]]
|''Memorias de un beduíno...''
|align=center| [[Ediciones B]]
|Barcelona
|''..en el Congreso de los Diputados''
|-
|align=center| [[2010]]
|''Regular, gracias a Dios''
|align=center| [[Ediciones B]]
|Barcelona
|Memòries compartides
|-
|align=center| [[2011]]
|''Historia de Paletonia''
|align=center| [[Aladrada]]
| [[Saragossa]]
|articles publicats en l'''[[Andalán]]'' entre [[1977]] i [[1978]]
|-
|}

===Discografia===
La major part de la seua discografia va ser recopilada l'any [[2004]] en ''Cantar y no callar (1975-1995)'', una caixa de tretze [[Disc compacte|compactes]] reeditats per [[Dro]]: bàsicament, tots els discs editats per [[Fonomusic]], ''Cantar i callar'' reeditat per [[Picap]] en CD i en format digital.ref[http://www.10lineas.com/labordeta/discos.htm ''10Líneas.com''] fitxa discogràfica/ref

{| class=wikitable
|-
!align=center width=40|any
!títol
!segell
!comentaris
|- 
|align=center| [[1968]]
|''Andros vol.II''
|align=center|Edumsa
|EP de quatre cançons, segrestat per la censura
|-
|align=center| [[1971]]
|''Cantar y callar''
|align=center| [[Javalambre]]
|reedició de l'anterior inclosa en el llibre homònim
|-
|align=center| [[1974]]
|''Cantar i callar''
|align=center| [[Edigsa]]/[[Picap]]
|primer llarga durada que inclou ''Aragón'' i ''La vieja'' i un pròleg d'[[Ovidi Montllor|Ovidi]]
|-
|align=center| [[1975]]
|''Tiempo de espera''
|align=center|Pentamusic/Quiroga
|amb ''Ya ves'' i ''Canto a la libertad''
|-
|align=center| [[1976]]
|''Cantes de la tierra adentro''
|align=center|Pentamusic/Quiroga
|inclou ''Rosa rosae'' i ''Coplas de Huesca''
|-
|align=center| [[1977]]
|''En directo''
|align=center|?
|gravat en viu en [[1977#Març|març de 1977]], inclou el ''Chinchecle'' de [[Bielsa]]
|-
|align=center| [[1978]]
|''Que no amanece por nada''
|align=center| [[Fonomusic]]
|amb ''Nana para dormir a un niño en la montaña'' i ''Crónicas de Paletonia''
|-
|align=center| [[1979]]
|''Cantata para un país''
|align=center| [[Fonomusic]]
|amb ''Quién te cerrará los ojos'' i ''Albada''
|-
|align=center| [[1981]]
|''Las cuatro estaciones''
|align=center| [[Fonomusic]]
|inclou ''El villano'' i ''Ya viene marzo con flores''
|-
|align=center| [[1984]]
|''Qué queda de ti, qué queda de mí''
|align=center| [[Fonomusic]]
|amb ''A veces me pregunto'' i ''Somos''
|-
|align=center| [[1985]]
|''Aguantando el temporal''
|align=center| [[Fonomusic]]
|inclou ''Zarajota blues'' i ''Mar de amor''
|-
|align=center| [[1987]]
|''Qué vamos a hacer''
|align=center| [[Fonomusic]]
|amb ''Joven paloma''
|-
|align=center| [[1989]]
|''Trilce''
|align=center| [[Fonomusic]]
|inclou ''Banderas rotas''
|-
|align=center| [[1991]]
|''Tú, yo y los demás''
|align=center|?
|concert amb [[Imanol]], [[Ovidi|Ovidi Montllor]] i [[Joaquín Sabina|Sabina]], entre altres
|-
|align=center| [[1993]]
|''Canciones de amor''
|align=center|?
|
|-
|align=center| [[1995]]
|''Recuento''
|align=center|?
|revisitació en directe de les seues cançons escollides
|-
|align=center| [[1997]]
|''Paisajes''
|align=center| [[Picap]]
|amb ''Suceso francés'' i ''Monegros''
|-
|align=center| [[1999]]
|''Nueva visión''
|align=center|?
|disc de tribut gravat en viu en el [[Pirineos Sur]] de [[Lanuza]]
|-
|align=center| [[2001]]
|''30 temas''
|align=center| [[Fonomusic]]
|
|-
|align=center| [[2001]]
|''Con la voz a cuestas''
|align=center| [[Prames]]
|llibre-disc de poemes recitats, propis i d'altri
|-
|align=center| [[2004]]
|''Cantar y no callar (1975-1995)''
|align=center| [[Dro]]
|caixa antològica amb tots els discs de Fonomusic
|-
|align=center| [[2006]]
|''Cantautores aragoneses''
|align=center| [[El Periódico de Aragón|El Periódico]]
|recopilatori compartit amb [[Joaquín Carbonell|Carbonell]] i [[La Bullonera]]
|-
|align=center| [[2006]]
|''Nueba cozina''
|align=center| [[Luna Nueva]]
|disc tribut a [[Ixo Rai!]] on Labordeta fa la introducció
|-
|align=center| [[2007]]
|''Cantautores aragoneses: el concierto!''
|align=center| [[El Periódico de Aragón|El Periódico]]
|gravació del concert de l'[[11 d'octubre]] de [[2006]]
|}

===Filmografia===

El vessant actoral de Labordeta és la més tardana de les seues activitats: a banda dels papers protagonistes ressenyats a continuació, Labordeta també va treballar en [[1988]] com a amfitrió del programa ''En la cadiera'' per a [[Televisió Espanyola|TVE]] en Aragó, pel qual passaren els cantautors més importants del moment, a més de les seues incursions puntuals de contertuli en diversos programes de debat o com a actor convidat en sèries televisives com ''[[7 vidas]]''.ref[http://imdb.com/name/nm0479591/ ''Internet Movie Database''] fitxa de José Antonio Labordeta/ref

{| class=wikitable
|-
!align=center width=40|any
!títol
!direcció
!comentaris
|- 
|align=center| [[1969]]
|''Monegros''
|align=center| [[Antonio Artero]]
|?
|-
|align=center| [[1985]]
|''Rèquiem per un camperol''
|align=center| [[Francesc Betriu i Cabeceran|Francesc Betriu]]
|Labordeta fa el paper d'un agutzil
|-
|align=center|?
|''Azabache''
|align=center|?
|pel·lícula infantil per a TVE on interpreta a un [[Far|farer]]
|-
|align=center| [[1990]]
|''Del Miño al Bidasoa''
|align=center| [[José Briz Méndez]]
|basada en l'obra de [[Camilo José Cela|Cela]]
|-
|align=center| [[1994]]
|''Lazos''
|align=center| [[?]]
|
|-
|align=center| [[1995]]
|''Un país en la mochila''
|align=center|Jose Antonio Labordeta
|sèrie de viatges per l'[[Espanya]] rural
|-
|align=center| [[2007]]
|''Cantautores aragoneses: el concierto!''
|align=center| [[Aragón Televisión|Aragón TV]]
| [[DVD]] del concert de l'[[11 d'octubre]] de [[2006]]
|}

==Mort==
José Antonio Labordeta morí, víctima d'un càncer, a l'hospital Miguel Servet de [[Saragossa]], el dia [[19 de setembre]] de [[2010]], als 75 anys.ref{{es}} Crónica de Aragón, ''[http://www.cronicadearagon.es/wordpress/?p=14759 Aragón llora la muerte de José Antonio Labordeta]''/ref

== Reconeixements ==

; Ordre de Saurí
El govern de [[Nicaragua]] va concedir a José Antonio Labordeta l'Ordre de Saurí el [[2003]], la seva màxima distinció nacional.

; Medalla d'Or al Mèrit en el Treball
El [[Consell de Ministres]] del divendres 4 de desembre de 2009 va acordar concedir la Medalla d'Or al Mèrit en el Treball a José Antonio Labordeta. Aquest reconeixement pretén premiar i destacar el mèrit d'una conducta socialment útil i exemplar en l'acompliment dels deures que imposa l'exercici de qualsevol treball, professió o servei.ref [Http://www.lamoncloa.gob.es/ConsejodeMinistros/Referencias/_2009/refc20091204.htm # MedallasOro Referència del Consell de Ministres del 4 de desembre de 2009] /ref

; Doctor honoris causa per la Universitat de Saragossa
El 23 de març de 2010 la [[Universitat de Saragossa]] va dur a terme la investidura de José Antonio Labordeta com a [[doctor honoris causa]]. 

; Gran Creu de l'Ordre d'Alfons X el Savi
El 6 setembre 2010 li va ser lliurada la Gran Creu de l'[[Orde d'Alfons X el Savi]] atorgada pel Govern d'Espanya. 

; Medalla d'Aragó
És el màxim guardó de la comunitat autònoma. El seu objecte és reconèixer i prestigiar la tasca de persones físiques o jurídiques, o d'organitzacions, centres o col·lectius de pública i reconeguda identitat social, en la defensa dels valors i identitat aragonesos. Li va ser concedida a títol pòstum, i lliurada el 20 de setembre de 2010.

; Parc Gran José Antonio Labordeta
L'ajuntament de Saragossa va aprovar denominar ''Parc Gran José Antonio Labordeta'' al que fins ara portava el nom de ''Parc de Primo de Rivera'', i que la ciutadania coneixia popularment com ''Parc Gran'', una de les zones verdes més conegudes de la ciutat.

== Referències ==
{{referències|3}}

== Enlaços externs ==
{{Commonscat|José Antonio Labordeta}}
* [http://www.bcn.es/apeu/ca/apeu_triacami_labordeta.html ''BCN.es''] ''Gent que tria el seu camí''{{ca}} 
* [http://www.10lineas.com/labordeta/ ''10Líneas.com''] [[web]] sobre Labordeta {{es}}
* [http://www.congreso.es/portal/page/portal/Congreso/Congreso/Diputados/BusqForm?_piref73_1333155_73_1333154_1333154.next_page=/wc/fichaDiputado?idDiputado=276 ''Congreso.es''] fitxa de José Antonio Labordeta al Congrés {{es}}
* [http://www.elmundo.es/encuentros/invitados/2001/02/89/ ''ElMundo.es''] transcripció d'un xat amb Labordeta {{es}}
* [http://www.elpais.com/todo-sobre/persona/Jose/antonio/Labordeta/Subias/2324/ ''ElPaís.com''] fitxa de José Antonio Labordeta {{es}}
* [http://www.elpais.com/articulo/ultima/Soy/cascarrabias/ironico/elpepiult/20080127elpepiult_2/Tes ''El País] ''Soy un cascarrabias irónico'' {{es}}
* [http://lacuerda.net/tabs/j/jose_antonio_labordeta/ ''LaCuerda''] acords d'algunes de les seues cançons
* {{es}} [http://www.labordeta.chunta.com/ ''Labordeta.Chunta.com''] web de la seua candidatura {{es}}
* [http://www.zaragozame.com/labordeta/ ''Zaragozame.com''] bloc poètic de Labordeta {{es}} 
* Fotos de l'homenatge per [http://primo.com.es/index.php/category/homenaje-a-labordeta/ Primo] i [http://joseanmelendo.blogia.com/2008/112701-presentacion-jose-antonio-labordeta-creacion-compromiso-memoria-.php Josean Melendo]

{{Autoritat}}
{{ORDENA:Labordeta, Jose Antonio}}
[[Categoria:Cantautors espanyols]]
[[Categoria:Diputats aragonesos al Congrés dels Diputats]]
[[Categoria:Escriptors aragonesos en castellà]]
[[Categoria:Saragossans]]</text>
      <sha1>23und2n71g4ta0ois35741cuwnvnrhw</sha1>
      <model>wikitext</model>
      <format>text/x-wiki</format>
    </revision>
  </page>