<page>
    <title>Gran terratrèmol de Kantō</title>
    <ns>0</ns>
    <id>1030545</id>
    <revision>
      <id>13651633</id>
      <parentid>13619920</parentid>
      <timestamp>2014-06-23T12:50:10Z</timestamp>
      <contributor>
        <username>Langtoolbot</username>
        <id>128552</id>
      </contributor>
      <minor></minor>
      <comment>Correcció tipogràfica: espais sobrants</comment>
      <text>[[Fitxer:Marunouchi after the Great Kanto Earthquake.JPG|dreta|thumb|300px|[[Marunouchi]] en flames]]
[[Fitxer:Kanto-daishinsai.jpg|dreta|thumb|300px|Vista de [[Yokohama]] destruïda]] 
El '''Gran terratrèmol de Kanto''' (en [[idioma japonès|japonès]], 关 东 大 震灾 '' Kantō daishinsai '', literalment Gran catàstrofe-terratrèmol de Kanto) va assotar la [[regió de Kanto]] a l'illa [[Japó|japonesa]] de [[Honshu]] a les 11:58 de l'[[1 de setembre]] de [[1923]].

== El sisme ==
El [[sisme]] va tenir una magnitud d'entre 7,9 i 8,3 graus en l'[[escala de Richter]].ref{{Ref-llibre |cognom=Reilly |nom=Benjamin |títol=Disaster and Human History |url=http://books.google.es/books?id=mI77lmwmVDkCpg=PA97dq=KANTO+RICHTERhl=casa=Xei=DZ9-Up_8Eaz20gWhu4Bwved=0CHUQ6AEwBw#v=onepageq=KANTO%20RICHTERf=false |llengua=anglès |editorial=McFarland |data=2009 |pàgines=97 |isbn=}}/ref Va destruir la ciutat portuària de [[Yokohama]] així com les prefectures veïnes de [[Prefectura de Chiba|Chiba]], [[Prefectura de Kanagawa|Kanagawa]], [[Prefectura de Shizuoka|Shizuoka]] i [[Tòquio]].

== Conseqüències ==
D'acord a les fonts més fiables, almenys 105.385 persones van morir i 37.000 van quedar desaparegudes, possiblement mortes. Moltes de les víctimes provenen dels 88 [[incendi]]s que van ocórrer de manera separada i que es van estendre ràpidament a causa dels forts vents d'un [[tifó]] prop de la [[península de Noto]]. En diversos llocs, van ser observades [[tempesta de foc|tempestes de foc]], la més gran es va cobrar almenys 30.000 vides al [[Rikugun Honjo Hifukusho]]. El foc va durar dos dies fins al matí del [[3 de setembre]].


Al voltant de 570.000 llars van ser destruïdes, deixant un estimat d'1,9 milions de damnificats o [[refugiat]]s. El dany s'estima que va excedir un [[millard]] de [[dòlar nord-americà|dòlars nord-americans]] actuals.

El caos i el pànic creat pel terratrèmol va aixecar rumors que [[corea]]ns estaven cometent saquejos i incendis premeditats. Centenars, potser milers de coreans i habitants de l'[[illa d'Okinawa]] van ser assassinats.ref{{Ref-llibre |cognom=Lie |nom=John |títol=Multiethnic Japan |url=http://books.google.es/books?id=3aGeH0keCGUCpg=PA106dq=korean+okinawa+earthquake+1923hl=casa=Xei=8Fx_Uu6BA8vP0AXCm4HYDgved=0CFQQ6AEwBQ#v=onepageq=korean%20okinawa%20earthquake%201923f=false |llengua= |editorial=Harvard University Press |data=2004 |pàgines=106 |isbn=0674013581}}/ref El total de morts inclosos els que van morir en els desastres es va estimar en al voltant de 6.000. En alguns llocs, es van establir punts de control per vigilar entre els viatgers si eren saquejadors o delinqüents. [[Socialisme|Socialistes]] com [[Hirasawa Keishichi]] i [[anarquisme|anarquistes]] com [[Osugi Sakae]] i [[Ito Noe]] van ser assassinats per por que poguessin usar aquesta oportunitat per prendre el poder.ref{{Ref-llibre |cognom=Weiner |nom=Michael  |títol=Race and Migration in Imperial Japan |url=http://books.google.es/books?id=ny1cXRxIeU8Cpg=PA81dq=Hirasawa+Keishichi+Osugi+Sakae+Ito+Noehl=casa=Xei=jBmBUpvAIuHb0QXmyoDgDgved=0CEMQ6AEwAg |llengua=anglès |editorial=Routledge |data=1994 |pàgines=81 |isbn=0415062284}}/ref

Després del terratrèmol, [[Goto Shinpei]] va organitzar un pla de reconstrucció de Tòquio amb xarxes modernes de [[carretera|carreteres]], [[tren]]s i serveis públics. Es van crear [[parc]]s en tot Tòquio per servir com a llocs de refugi i els edificis públics van ser construïts amb estrictes estàndards com els edificis privats per acomodar refugiats. No obstant això, l'esclat de la [[Segona Guerra Mundial]] i la posterior destrucció va limitar severament els recursos.

El [[1960]] es va designar a l'[[1 de setembre]] com el ''Dia de la Prevenció de Desastres''ref{{citar web |url=http://www.montereyherald.com/news/ci_23994596/more-than-one-million-japanese-take-part-disaster |títol=More than one million Japanese take part in disaster drill |consulta=12/11/2013 |obra= |editor=Monterey Herald |data=09/01/2013 |llengua=anglès }}/ref per commemorar el terratrèmol i crear consciència de la importància de preparar davant els desastres, pel fet que setembre i octubre és la temporada alta de ciclons. Organitzacions públiques i privades realitzen entrenaments de desastres. Tòquio està localitzada prop d'una [[falla]] sota la [[península d'Izu]] que, de mitjana, causa un gran terratrèmol al voltant de 70 anys.

== Massacre de minories ètniques després del terratrèmol ==
[[fitxer: Metropolitan Police Office after Kanto Earthquake.jpg|right|thumb|300px|Departament de Policia Metropolitana en flames, a [[Marunouchi]], prop del [[parc Hibiya]].]]
El [[Ministeri de l'Interior Japonès]] va declarar la [[llei marcial]], i va ordenar a tots els caps de policia que com a prioritat facilitessin el manteniment de l'ordre i la seguretat. Es va fer circular un rumor particularment perniciós sobre que els [[coreans]] s'estaven aprofitant de la catàstrofe cometent [[incendi]]s i [[robatori]]s, i que estaven en possessió de bombes. Després del terratrèmol, a les zones urbanes de Tòquio i Yokohama es van produir brutals assassinats en massa de coreans per part de torbes de ciutadans japonesos. Alguns diaris van informar d'aquests rumors com a fets autèntics, que van portar el rumor més mortal de tots: que els coreans estaven enverinant els subministraments d'aigua. Els nombrosos incendis i l'aigua tèrbola en el subministrament, efecte poc conegut d'un terratrèmol de gran magnitud, semblaven confirmar els rumors que arribaven als supervivents. 

Es van crear [[Comitè de vigilància|comitès de vigilància]] en les instal·lacions de guàrdies a les ciutats, pobles i llogarets de la regió. Com que les persones amb accent coreà pronuncien G o J al principi de les paraules de manera diferent, es van usar paraules com a [[Shibboleth]],ref{{Ref-llibre |cognom=Roever |nom=Carsten |títol=Language Testing: The Social Dimension |url=http://books.google.es/books?id=XrOE14OdUwECpg=PA152dq=Shibboleth+kanto+1923hl=casa=Xei=AQuDUp2DKM2R7Aak3IDwDgved=0CDEQ6AEwAA#v=onepageq=Shibboleth%20kanto%201923f=false |llengua=anglès |editorial=	Carsten Roever |data=2006 |pàgines=152 |isbn=1405155434}}/ref i qualsevol persona que no pronunciés correctament es va considerar coreana. Alguns pocs van fugir al camp, però hi va haver molts que van ser apallissats i/o assassinats. Hi va haver molts ciutadans que van ser equivocadament identificats com coreans, com molts xinesos, okinawencs, i japonesos que parlaven dialectes regionals, que van patir la mateixa sort. Al voltant de 700 xinesos, la majoria de [[Wenzhou]], van ser assassinats.ref[http ://qnck.cyol.com/content/2008-05/27/content_2199196.htm 青年 参考] /ref Un monument que commemora aquest tràgic succés va ser construït el 1993 a Wenzhou.ref{{citar llibre |url = http://www.webcitation.org/5iwzj8ZUF |títol = 日本 暴徒 残害 温州人 的 历史 记录 - 写 在 东瀛 血案 八十 周年 |consulta = 23 desembre 2011 |data = 8 novembre 2009 |editorial = }}{{zh}}/ref

== Referències ==
{{Referències|2}}

== Bibliografia ==
* Clancey, Gregory. (2006). [http://books.google.com.sg/books?id=m0eUSUtm0iMC '' Earthquake Nation: The Cultural Politics of Japanese Seismicity. ''] Berkeley: [[Universitat de Califòrnia Press]]. 10-ISBN 0-520-24607-1; 13-ISBN 978-0-520-24607-2 (tela)
* Hammer, Joshua. (2006). '' Yokohama Burning: The Deadly 1923 Earthquake and Fire that Helped Forge the Path to World War II. ''] New York: [[Simon  Schuster]]. 10-ISBN 0-743-26465-7; 13-ISBN 978-0-743-26465-5 (tela)
* Heilbrun, Jacob. [http://www.nytimes.com/2006/09/17/books/review/Heilbrunn.t.html Aftershocks,] '' New York Times. '' 17 setembre 2006
* Nyst, M. and T. Nishimura, F. F. Pollitz, and W. Thatcher. (2005). [http://quake.usgs.gov/research/deformation/modeling/papers/marleen/kanto_1923.pdf The 1923 Kanto Earthquake Re-evaluated Using a Newly Augmented Geodetic Data Set,] '' [[Journal of Geophysical Research]]. '' Washington, DC American Geophysical Union
* Scawthorn, Charles, John M. Eidinger and Anshel J. Schiff. (2006). [http://books.google.com/books?id=IWW8qOXd6sgCdq=Tokyo+1923  lr =  source = gbs_summary_s  cad = 0 '' Fire Following Earthquake. ''] Reston, Virgínia: ASCE (American Society of Civil Engineers) Publicacions. 10-ISBN 0-784-40739-8; 13-ISBN 978-0-784-40739-4 (tela)

== Enllaços externs ==
* [http://www.japan-guide.com/a/earthquake/Terratrèmol del Gran Kanto de 1923] (anglès)
* [http://wwwneic.cr.usgs.gov/neis/eqlists/eqsmosde.html Llista de terratrèmols de la USGS] (anglès)
* [http://www.kimsoft.com/2003/kanto-1923-massacre.htm La massacre de coreans al Japó de 1923] (anglès)

{{Terratrèmol|[[Terratrèmol de San Francisco de 1906|San Francisco 1906]]|Gran terratrèmol de Kantō 1923|[[Terratrèmol de Xile del 1960|Xile 1960]]}}

{{Commonscat|1923 Great Kantō earthquake}}

{{Coord|35.1|N|139.5|E|source: dewiki_region: JP-13_type: landmark|display = title}}

{{ORDENA:Gran Terratremol De Kanto}}
[[Categoria:Terratrèmols del segle XX|Kanto]]
[[Categoria:Japó]]
[[Categoria:Història de Corea]]</text>
      <sha1>qreuln3ie60vvrhkuonxmv7nvps2vsq</sha1>
      <model>wikitext</model>
      <format>text/x-wiki</format>
    </revision>
  </page>