<page>
    <title>Torneig d'escacs AVRO de 1938</title>
    <ns>0</ns>
    <id>1031555</id>
    <revision>
      <id>13230985</id>
      <parentid>13227019</parentid>
      <timestamp>2014-04-14T15:04:57Z</timestamp>
      <contributor>
        <username>ArnauBot</username>
        <id>90823</id>
      </contributor>
      <comment>Robot estandarditza i catalanitza referències, catalanitza dates i fa altres canvis menors</comment>
      <text>El '''torneig AVRO''' va ser un [[torneig d'escacs]] disputat als [[Països Baixos]] el [[1938]], patrocinat per la companyia radiofònica pública [[Països Baixos|neerlandesa]] AVRO (''Algemeene Vereeniging Radio Omroep''). La intenció inicial dels neerlandesos era que del torneig en sortís el rival que disputés el [[Campionat del món d'escacs|títol mundial]] al campió regnant [[Alexander Alekhine]], un matx que la companyia desitjava patrocinar. Està considerat un dels tornejos més forts de la història dels [[escacs]].ref[[Jeff Sonas]]: {{Chessbase |número= 5956|títol=What was the strongest tournament of all time? |data=7 de desembre de 2009 |consultat el= 27 de setembre de 2012}}/ref

Hi van participar vuit dels millors jugadors del moment: el llavors campió mundial Alexander Alekhine, els excampions [[José Raúl Capablanca]] i [[Max Euwe]], i els potencials reptadors [[Mikhaïl Botvínnik]], [[Paul Keres]], [[Reuben Fine]], [[Samuel Reshevsky]] i [[Salomon Flohr|Salo Flohr]]. Els dos participants més joves, Kéres (nascut el 1916) i Fine (nascut el 1914) van ocupar les dues primeres posicions amb 8,5 punts de 14 possibles, tot i que la victòria fou per a Keres, que va derrotar Fine en el seu balanç particular (+1 = 1),ref name=mtxLa notació nowiki(+x -y =z)/nowiki vol dir que el primer jugador va guanyar '''x''' partides, en va perdre '''y''', i va fer [[Taules (escacs)|taules]] en '''z'''./ref per sistema de desempat.

== Antecedents ==
Abans de la mort d'[[Alexander Alekhine]], i que la [[FIDE]] s'apropiés del títol de [[Campionat del món d'escacs|Campió del Món d'escacs]], l'amo del títol era el seu posseïdor. Això donava peu a molts abusos, ja que freqüentment es negaven a posar-lo en joc davant jugadors que tinguessin massa possibilitats de guanyar. Així va succeir amb [[Emanuel Lasker]] i [[Siegbert Tarrasch]] i amb [[José Raúl Capablanca]] i Alexander Alekhine, tant d'aquell a aquest com d'aquest a aquell. D'altra banda, les condicions en què el títol es posava en joc eren lleonines, i sempre incloïen la revenja.

Molt abans que la FIDE prengués les regnes del títol hi havia una consciència generalitzada que calia acabar amb la tirania dels campions. Així, es va pensar a organitzar un torneig de gran nivell en el qual el guanyador adquiria el dret a reptar al campió del món. El primer intent va ser el [[torneig d'escacs de Nova York de 1927]] que va donar dret a Alekhine a reptar a Capablanca. Però aquest torneig va quedar deslluït per l'absència de Lasker i [[Akiba Rubinstein]], i després del triomf de Alekhine l'experiència es va frustrar.

El torneig va ser organitzat amb l'esperança de trobar un reptador per Alekhine, encara que no es va tractar d'un [[torneig de Candidats]] oficial. No obstant això, quan la [[Federació Internacional d'Escacs]], (després de la mort d'Alekhine el 1946), va organitzar el [[Campionat del món d'escacs de 1948|Campionat del món de 1948]] va convidar els sis participants que encara estaven amb vida (Capablanca també havia mort). Flohr va ser reemplaçat per [[Vassili Smislov]] i Fine va decidir no anar-hi.

== Organització ==
La cerimònia d'obertura va tenir lloc el 4 de novembre de 1938. Les partides es van disputar entre el 6 i el 27 novembre de 1938 en nou ciutats diferents:ref{{ref-llibre 
| cognom =  Di Felice
| nom =  Gino
| títol =  Chess Results 1936 – 1940
| llengua =  anglès
| editorial = McFarland  Company 
| lloc =  
| data =  2007
| pàgines = 179 
| isbn = 978-0-7864-2748-2
| ref = 
}}/ref
*[[Amsterdam]]: rondes 1, 7 i 14 (6, 15 i 27 de novembre)
*[[La Haia]]: rondes 2 i 12 (8 i 24 de novembre)
*[[Rotterdam]]: rondes 3 i 11 (10 i 22 de novembre)
*[[Groningen]]: ronda 4 (12 de novembre)
*[[Zwolle]]: ronda 5 (13 de novembre)
*[[Haarlem]]: ronda 6 (14 de novembre)
*[[Arnhem]]: ronda 9 (19 de novembre)
*[[Breda]]: ronda 10 (20 de novembre)
*[[Leiden]]: ronda 13 (25 de novembre).
Les partides ajornades tingueren lloc a Amsterdam.

Les rondes 4, 5, 6 i 7 van ser disputades tot canviant de ciutat cada vegada sense cap dia intermedi de descans, causant fatiga als participants de més edat (Capablanca i Alekhine)

== Quadre de resultats ==
{| class=wikitable centre alternance style=text-align:center
! No. !!  Nom !! Nacionalitat !! Keres !! Fine !! Bot. !! Euwe !! Resh. !! Alek. !! Cap. !! Flohr !! Total
|-
| 1 || align=left|[[Paul Keres]] ||align=left| {{EST}} || style=background:#cccccc;|nbsp; || 1= || == || == || 1= || == || 1= || == ||rowspan=2 bgcolor=#E5E5E5 | 8,5
|-
| 2 || align=left|[[Reuben Fine]] || align=left|{{USA}} || 0= || style=background:#cccccc;|nbsp; || 1= || 10 || 10 || 11 || == || 1=
|-
| 3 || align=left|[[Mikhaïl Botvínnik]] || align=left|{{URS}} || == || 0= || style=background:#cccccc;|nbsp; || =0 || 1= || 1= || =1 || == || 7,5
|-
| 4 || align=left|[[Max Euwe]] ||align=left| {{NED}} || == || 01 || =1 || style=background:#cccccc;|nbsp; || 0= || 0= || 01 || 1= ||rowspan=3| 7,0
|-
| 5 || align=left|[[Samuel Reshevsky]] || align=left|{{USA}} || 0= || 01 || 0= || 1= || style=background:#cccccc;|nbsp; || == || == || 1=
|- 
| 6 || align=left|[[Alexander Alekhine]] ||align=left| {{FRA}} || == || 00 || 0= || 1= || == || style=background:#cccccc;|nbsp; || =1 || =1
|-
| 7 || align=left|[[José Raúl Capablanca]] ||align=left| {{CUB}} || 0= || == || =0 || 10 ||== || =0 || style=background:#cccccc;|nbsp; || =1 || 6,0
|-
| 8 || align=left|[[Salo Flohr]] ||align=left| {{CSK}} || == || 0= || == || 0= || 0= || =0 || =0 || style=background:#cccccc;|nbsp; || 4,5
|}

Amb això tant Keres com Fine tenien dret a reptar Alekhine, però les reticències d'aquest i l'esclat de la [[Segona Guerra Mundial]] varen frustrar el projecte.

== Notes i referències ==
{{referències}}

== Vegeu també ==
* [[Torneig d'escacs de Nottingham de 1936]]

== Enllaços externs ==
* {{ref-web| url= http://www.endgame.nl/AVRO1938.htm |títol= Torneig AVRO de 1938| editor=endgame.nl| llengua= anglès|consulta= 27 de setembre de 2012}}



{{ORDENA:Torneig D'Escacs AVRO De 1938}}	!--ORDENA generat per bot--
[[Categoria:Competicions d'escacs als Països Baixos]]
[[Categoria:Competicions esportives del 1938]]
[[Categoria:Escacs a la dècada del 1930|1938]]</text>
      <sha1>838gqobunj25cbjjfv14basowcflahn</sha1>
      <model>wikitext</model>
      <format>text/x-wiki</format>
    </revision>
  </page>