<page>
    <title>Windhoek</title>
    <ns>0</ns>
    <id>103174</id>
    <revision>
      <id>13766410</id>
      <parentid>13624467</parentid>
      <timestamp>2014-07-08T23:03:33Z</timestamp>
      <contributor>
        <username>PereBot</username>
        <id>118448</id>
      </contributor>
      <minor></minor>
      <comment>Robot inserta {{Autoritat}} i {{Projectes germans}} que enllaça amb [[commons:category:Windhoek]]</comment>
      <text>[[Fitxer:Windhoek aerial.jpg|thumb|300px|Vista aèria del centre de '''Windhoek'''.]]
'''Windhoek''' (pronunciat Wind Hook en anglès i Windhuk en alemany) és la capital de [[Namíbia]]. La ciutat fou fundada el [[1838]] i avui té una població de 300.000 persones ([[2005]]), conformada per gent d'ascendència [[alemanya]], [[nama]], [[afrikaans]], [[herero]], [[ovambo]], [[damara]], mestissos i altres ètnies nadiues de Namíbia. El grup ètnic majoritari són els blancs (30% de la població).

És el punt focal de la vida en el país i on es controla tota l'activitat política i econòmica del mateix. El nom es deriva de l'[[afrikaans]] i significa cantonada del vent. 

La ciutat es troba en una altiplà a poc més de 1.600 metres sobre el nivell del mar. El clima és sec temperat, amb temperatures mitjanes que oscil·len entre els 7nbsp;°C i 21nbsp;°C en juny i juliol i entre els 18nbsp;°C i 31nbsp;°C en desembre, encara que se n'han enregistrat mínimes de -4nbsp;°C i màximes de 36nbsp;°C.

Windhoek era al principi el centre d'un cap nama, que va derrotar als habitants herero de la regió en el segle XIX. [[Alemanya]] va ocupar la regió el 1885, i es va transformar en la seu del règim colonial el 1892 com la capital de la colònia de l'Àfrica del Sud-oest Alemanya (Deutsch-Südwestafrika). Durant la [[Primera Guerra Mundial]], Windhoek va ser capturada per tropes sud-africanes i es va convertir en un domini britànic. Fins que la independència de [[Namíbia]] va ser proclamada el 1990, Windhoek va ser reconeguda com la capital de l'Àfrica del Sud-oest administrada pel govern sud-africà. Avui segueix sent la capital de la República de [[Namíbia]]. 

== Història == 
[[Fitxer:Windhoek ende 19 jahrhundert.jpg|thumbnail|300px|Windhoek al final de la 19a Segle]]
[[Fitxer:Windhuk stamp.jpg|thumbnail|180px|Segell del missatge imperial alemanya per l'Àfrica Sudoccidental amb mata-segells ''Windhuk'']]
La ciutat de Windhoek és tradicionalment coneguda per dos noms: ''Ai-Gams'', del poble nama, que literalment vol dir les fonts d'aigües termals que antigament es van trobar a Windhoek, mentre que el segon nom, ''Otjomuise'', va ser donat pel poble herero, significant lloc de vapor. Tots dos noms tradicionals refereixen als deus termals. 

Els primers assentaments de Windhoek van ocórrer a causa de l'aigua de les deus termals. A mitjans dels anys 1800 el Capità Jan Jonker Afrikaner es va establir prop d'una de les fonts termals principals, localitzades al Klein-Windhoek actual, un barri residencial de classe alta de Windhoek. 

Les teories varien en com Ai-Gams/Otjomuise va aconseguir el seu nom modern de Windhoek. La major creença és que el nom Windhoek deriva de la paraula [[afrikaans]] Wind-hoek, significant la cantonada del vent. També es pensa que els [[afrikaners]] la van nomenar així per les Muntanyes de Windhoek, en Tulbagh, [[Sud-àfrica]], on els antics pobladors [[afrikaners]] havien viscut. En aquell temps Windhoek era el punt de contacte entre els guerrers namas, conduïts per Jan Jonker Afrikaner, i el poble herero. 

A Windhoek, els [[afrikaners]] van construir una església de pedra que va acollir a 500 persones i que també va ser usada com una escola. Dos missioners renans, Hug Hahn i Heinrich Kleinschmidt, van començar a treballar allà en els anys 1840 i van ser succeïts més tard per dos metodistes. Els horts van ser cultivats i per un temps Windhoek va prosperar, però les guerres entre els nama i els herero a la llarga van destruir la ciutat. Després d'una llarga absència, Hahn va visitar Windhoek novament el 1873 i va quedar consternat en veure que res va romandre de l'antiga prosperitat de la ciutat. Al juny de 1885, un [[botànic]] suís va trobar només xacals i gallines de guinea famolenques entre arbres fruiters descuidats.

== L'època colonial alemanya == 
[[Fitxer: Kirche_denkmal_nam.jpg | thumb | Església i monument construïts pels alemanys.]] 
El 1878, [[Gran Bretanya]] es va apoderar de [[Walvis Bay]] i la va incorporar a la Colònia del Cap de Bona Esperança el 1884, però Gran Bretanya no va estar interessada en l'ampliació de la seva influència a l'interior d'Àfrica. Una petició per comerciants de [[Lüderitz]] va causar la declaració d'un protectorat alemany sobre l'Àfrica del Sud-oest el 1884. La colònia alemanya va néixer amb la delimitació de les seves fronteres el 1890 i [[Alemanya]] va enviar un exèrcit protector, anomenat el ''Schutztruppe'' sota el Comandant [[Curt von François]], per mantenir l'ordre. Von François va apostar la seva guarnició a Windhoek, la qual estava estratègicament situada com un para-xocs entre els nama i els herero, mentre que va proporcionar l'aigua per al cultiu dels aliments. 

La Windhoek actual va ser fundada el 18 d'octubre de 1890, quan Von François posa la primera pedra de la fortalesa, la qual és coneguda ara com l'Alte Feste (Vella Fortalesa). Durant els següents catorze anys Windhoek es va desenvolupar lentament, amb només els edificis del govern i privats més essencials erigits. Al Klein-Windhoek, les parcel·les van ser assignades als pobladors que van començar a conrear la terra a petita escala amb fruita i tabac i bestiar boví. 


Després del 1907, el desenvolupament va ser accelerat quan la gent va migrar des de l'interior del país a la ciutat i també amb alguns emigrats de l'exterior. Hi va haver també un crescut flux de colons occidentals que arribaven d'[[Alemanya]] i de [[Sud-àfrica]]. Es van erigir negocis al carrer Kaiser, avui Avinguda de la Independència, i al llarg del turó muntanyós dominant sobre la ciutat. 

L'era colonial alemanya va finalitzar durant la [[Primera Guerra Mundial]] quan les tropes sud-africanes van ocupar Windhoek el maig de 1915 en nom de [[Gran Bretanya]]. Durant els següents cinc anys, un govern militar va administrar l'Àfrica del Sud-oest. El desenvolupament de la ciutat de Windhoek i la nació que més tard seria coneguda com a [[Namíbia]] va tenir un virtual estancament. Després de la [[Segona Guerra Mundial]], el desenvolupament de Windhoek va guanyar gradualment ímpetu, quan van estar disponibles més capitals per millorar el clima econòmic de l'àrea. Després de 1955, grans projectes públics van ser empresos, com l'edificació de noves escoles i hospitals, la pavimentació dels camins de la ciutat (un projecte començat el 1928), i l'edifici de preses i aqüeductes per estabilitzar finalment l'abastament d'aigua. 

[[Fitxer: Parlament_Windhuk.JPG | thumb | left | Parlament.]] 

== A partir de la independència == 
Amb la independència de [[Namíbia]] de l'administració sud-africana el 1990, la ciutat va experimentar un nou vent de canvi que la va conduir a un accelerat creixement i desenvolupament. Windhoek es va convertir en la seu del primer govern elegit democràticament de la República de [[Namíbia]], encapçalat pel president, Sam Nujoma. 

La població blanca i mestissa (baster a [[Namíbia]]) representa el 48,6% de la població de la ciutat, el que fa de Windhoek una de les ciutats africanes més occidentalitzades. 

Windhoek és ciutat bessona amb [[Trossingen]], [[Alemanya]]. 

== Clima == 
Windhoek està situada en un altiplà al voltant dels 2000 metres d'alt., en una regió de clima sec temperat. Els dies són majorment càlids, amb temperatures entre els 25nbsp;°C i 35nbsp;°C, amb dies molt calents a més de 40nbsp;°C durant els mesos d'estiu, mentre que les nits són generalment fresques. 

Els mesos d'hivern al juny, juliol i agost en general experimenten les menors precipitacions. Les temperatures mínimes s'estenen entre 5nbsp;°C a 18nbsp;°C. Les nits són en general fredes, encara que la temperatura poques vegades baixa sota zero, i gairebé mai neva. 

La regió té una sequera més o menys una vegada cada dècada. 

{{cal coor|params=region:NA_type:city|display=title}}

== Enllaços externs ==
* [http://www.windhoekcc.org.na Web Oficial de la Ciutat de Windhoek - Windhuk]
* [http://www.republikein.com.na Republikein, Diari namibi en afrikaans]
* [http://www.az.com.na Allgemeine Zeitung Namibias, Diari namibi en alemany]
* [http://www.namibian.com.na The Namibian, diari en anglès]
* [http://www.namibiaonline.net/webcam_windhoek_namibia.html 2 WebCams mostrant Windhoek i clima]
* [http://www.avisdam.org Web d'Amics d'AvisDam (FoA)]
{{Projectes germans|commons=Windhoek}}

{{Autoritat}}
[[Categoria:Capitals d'estats independents d'Àfrica]]
[[Categoria:Ciutats de Namíbia]]</text>
      <sha1>i9t0nmnyx7yl0j3dhcxz17uvtgkiukj</sha1>
      <model>wikitext</model>
      <format>text/x-wiki</format>
    </revision>
  </page>