<page>
    <title>Lev Knípper</title>
    <ns>0</ns>
    <id>1034891</id>
    <revision>
      <id>13962822</id>
      <parentid>13962717</parentid>
      <timestamp>2014-08-22T13:55:48Z</timestamp>
      <contributor>
        <username>EVA2.0 (bot)</username>
        <id>167473</id>
      </contributor>
      <minor></minor>
      <comment>Robot: Reemplaçament automàtic de text (- el [[NKVD]] + l'[[NKVD]], - el NKVD + l'NKVD)</comment>
      <text>{{Compositor clàssic
| nom = Lev Knípper
| imatge = 
| imatgemida = 
| titol = 
| nomreal = Lev Konstantínovitx
| estil = [[Segle XX]]
| datanaixement = {{Data naixement|1898|11|21}}
| llocnaixement = {{bandera|Rússia}} [[Tbilisi]] ([[Imperi Rus]])
| datamort = {{Data defuncio i edat|1953|03|5|1891|04|23}}
| llocmort = [[Fitxer:Flag of Russian SFSR.svg|23px|República Socialista Federada Soviètica de Rússia]] [[Moscou]] ([[RSFS de Rússia]]) 
| anysactivitat = [[1909]]-[[1974]]
| website = 
| fites = !--no esborreu aquesta línia-- 
| obres = !--no esborreu aquesta línia--nowiki/nowiki
* Simfonia núm. 4 
nowiki/nowiki
}}

'''Lev Konstantínovitx Knípper''' ([[rus]]: Лев Константинович Книппер; [[Tbilisi]], 3 de desembre de 1898 – [[Moscou]] 30 de juliol de 1941) va ser un compositor [[Unió Soviètica|soviètic]] de descendència alemanya, nomenat [[Artista del Poble de l'URSS (arts escèniques)| Artista del Poble de la Unió Soviètica]] el 1974,ref{{ref-llibre |cognom= Beeevor |nom= Anthony |enllaçautor= Anthony Beevor | títol= El misterio de Olga Chejova |editorial= Memoria Crítica |lloc= Barcelona |data= 2004|isbn= 84-8432-544-X }}, pàgina 272/ref així com dos [[Premi Stalin|Premis Stalin de segon grau]]. A més, va ser un agent actiu de l'[[OGPU]]-[[NKVD]], la policia secreta soviètica.


== Biografia ==
Lev Knípper va néixer a [[Tbilisi]]. Era nebot de l'actiu [[Olga Knípper]], l'esposa d'[[Anton Txékhov]]. La seva germana major, [[Olga Txekhova]], casada amb [[Mikhaïl Txékhov]], també va ser actriu i agent de l'[[NKVD]].

Mentre que estudiava secundària a [[Petrograd]] va voler tocar tots els instruments de l'orquestra del centre.refBeevor 22/ref De caràcter díscol, canviava sovint d'afecció. Quan els seus pares li van posar un professor de piano particular, en obligar-lo aquest a fer escales, després d'haver-se acostumat a la llibertat i la innovació que li oferia l'orquestra, es rebel·là, cessant així les classes de piano.refBeevor 23/ref El 1915 es traslladà de [[Petrograd]] a [[Moscou]] per estudiar.refBeevor 31/ref Als 17 anys fugí del centre de secundària on estudiava per allistar-se a l'[[Exèrcit Imperial Rus|exèrcit]]; però les autoritats van enviar-lo de nou a l'institut. Finalment, ingressà al Col·legi Superior Tècnic de Moscou, on el destinaren a una unitat de reserva; i quan arribà al front, l'enviaren a l'Escola d'Artilleria a Cavall d'Orel com a aspirant a [[oficial (forces armades)|oficial]].refBeevor 41/ref

Durant la [[Guerra Civil Russa]], Lev Knípper lluità amb l'[[Exèrcit Blanc]]. Formà part de les tropes que van retirar-se a [[Crimea]] a la tardor de 1919. Abandonà Rússia amb la resta de les forces del baró [[Piotr Nikolaièvitx Wrangel|Wrangel]] el 1920, dirigint-se a [[Gal·lípoli]]refBeevor 92/ref Malgrat les penoses circumstàncies en que es trobava a Turquia, aconseguí posar-se en contacte amb la seva tia, [[Olga Knípper|Olga (Òlia) Knípper]], que es trobava de gira als Balcans.refBeevor 97/ref Finalment, va aconseguir reunir-se amb la tia Òlia i la seva companyia de teatre a [[Zàgreb]].refBeevor 98/ref Tornà a [[RSFS de Rússia|Rússia]] al maig de 1922. Donada la seva condició de ''blanc'' no podia ser admès a cap escola oficial, però Òlia aconseguí que Ielena Gnesinali oferís treball com a administrador de l'edifici de l'escola i li donés classes particulars.refBeevor 112/ref A més, va ser entrevistat en diverses ocasions per l'[[OGPU]], sent reclutat pel seu departament d'estrangers. No és segur si se l'obligà a reclutar a la seva germana [[Olga Txekhova|Olga]]. No hi ha proves que arribés a denunciar col·legues compositors o músics durant els períodes de les repressions.

Estudià música a Moscou amb [[Reinhold Glière]] i a l'[[Escola de Música Gnessin]]. Durant la dècada de 1920 treballà al [[Teatre de l'Art de Moscou]] amb [[Vladímir Nemiróvitx-Dàntxenko]] i amb [[Konstantín Stanislavski]]. Al setembre de 1922 marxà amb el Teatre de l'Art a una gira per l'Europa Occidental i els Estats Units. Segons sembla, per Knípper el viatge va ser una pantalla de fum per a una missió secreta de l'OGPU, havent de posar-se en contacte amb la seva germana Olga i d'informar de les activitats que els exiliats blancs feien a Alemanya.refBeevor 114/ref

El 1934 va escriure la seva 4a Simfonia, que inclou la cançó [[Poliuxko Pole]], amb lletra de [[Víctor Gusev]], dedicada a [[Kliment Voroixilov]]. La música esdevingué una de les cançons de marxa del [[Cor de l'Exèrcit Roig]]. Knípper no patí els atacs d'[[Andrei Jdànov]], qui censurà a altres compositors.

D'acord a documents secrets fets públics el 2008, durant la [[Segona Guerra Mundial]] va existir un pla secret a la Unió Soviètica dissenyat pel Kremlin en cas que [[Moscou]] hagués caigut en mans alemanyes. Sota aquest pla, ballarines i acròbates de circ anirien armats amb granades i pistoles i haurien d'assassinar generals alemanys si intentaven organitzar concerts o d'altres celebracions en conquerir la ciutat. Lev Knípper hauria hagut d'assassinar a [[Àdolf Hitler|Hitler]] si en tenia l'oportunitat.refhttp://www.telegraph.co.uk/news/worldnews/europe/russia/3568041/Stalin-planned-to-destroy-Moscow-if-the-Nazis-moved-in.html/ref

Muntanyenc experimentat, ascendí el mont [[Elbrús]], al [[Caucas]], el pic més alt d'Europa. Fins al 1949 Lev Knípper va seguir a les ordres del general [[Pàvel Sudoplàtov|Sudoplàtov]], car havien d'identificar els russos establerts a l'estranger. Però un cop acabada la guerra, l'[[NKVD]] ja no tornà a requerir els seus serveis.refBeevor 262/ref el 1948, quan l'estalinisme tornà a entrar en un nou període maniàtic, Lev Knípper va perdre el favor de les autoritats, segons sembla perquè havia parlat a favor de [[Serguei Prokófiev|Prokófiev]] i de [[Dmitri Xostakóvitx|Xostakóvitx]].refBeevor 263-264/ref

Knípper va ser un treballador prolífic. Va escriure 5 òperes, incloent una basada en ''[[El Petit Príncep]]'', 20 simfonies, ballets, concerts per a piano i música pel cinema. El 1943 se'l convidà a participar en el concurs per crear el nou [[himne de la Unió Soviètica]], encara que la seva composició no resultà escollida.refBeevor 263/ref També estudià [[etnomusicologia]] a les repúbliques de l'[[Àsia Central]] i investigà la música popular del [[RSS de Turkmenistan|Turkmenistan]], del [[República Socialista Soviètica del Kirguizistan|Kirguizistan]] i del [[República Socialista Soviètica del Tadjikistan|Tadjikistan]].

Lev Knípper va compondre de manera obsessiva fins a la mort, al juliol de 1974 a Moscou. Pocs dies abans havia rebut el títol d'[[Artista del Poble de l'URSS (arts escèniques)| Artista del Poble de la Unió Soviètica]].

== Obres ==
=== Simfonies ===
* Simfonia N. 1 opus 13 (1927)
* Simfonia N. 2 Lírica opus 30 (1928-1932)
* Simfonia N. 3 L'Exèrcit de l'Extrem Orient, per solista, cor masculí, banda militar i orquestra, opus 32 (1932-1933)
* Simfonia N. 4 Poema pels lluitadors del Komsomol en Re major per solista, cor i orquestra, opus 41 (1933-1934)
* Simfonia N. 5 Poema Líric, opus 42 (1933-1934)
* Simfonia N. 6 en Mi major La Cavalleria Roja (1936-1938)
* Simfonia N. 7 en Re Major Militària (1938)
* Simfonia N. 8 (1943)
* Simfonia N. 9 (1945)
* Simfonia N. 10 (1946)
* Simfonia N. 11 (1946)
* Simfonia N. 12 (1947)
* Simfonia N. 13 (1947)
* Simfonia N. 14 (1954)
* Simfonia núm. 15 per a violí i orquestra (1962)
* Simfonia N. 16 (1966)
* Simfonia N. 17 Lenin, per solistes i orquestra (1970)
* Simfonia N. 18 per veus femenines i orquestra (1971)
* Simfonia N. 19 (1971)
* Simfonia N. 20 per violí, violoncel i orquestra (1972-1973)

=== Ballets d'òpera ===
* Candide, sobre la [[Càndid o l'optimisme|novel·la homònima]] de [[Voltaire]] (1927)

=== Òpera ===
* ''Vent del nord'', amb llibret de [[Vladimir Kirxón]] (1930)
* ''Les ciutats i els anys'', sobre la novel·la de [[Konstantin Fedin]] (1931)
* ''Actriu'' (1942)
* ''El llac Baikal'' (1948)
* ''Les arrels de la vida'' (1958)
* ''Murat'' (1959)
* ''El Petit Príncep'', òpera poema sobre la [[El Petit Príncep|novel·la homònima]] de [[Antoine de Saint-Exupéry|A. De Saint-Exupéry]] (1959)
* ''Andrei Sokolov'', òpera històrica basada en una història de [[Mikhaïl Xólokhov]]

=== Ballet ===
* ''La font del a felicitat'' (1951)
* ''La Bella Angara'' (1959)
=== Concerts ===
==== Per solistes, cor i orquestra ====
; '''Cantates'''
* ''La primavera'' (1947)
* ''L'amistat és inviolable'' (1954)
; '''Per a cor i orquestra'''
* ''Obertura Guanyar''
==== Per a orquestra simfònica ====
* Suite ''El conte del déu de guix'' (1925)
* Suite ''Memòries'', per a violí i orquestra (1932)
==== Suites ====
* 1a (1933)
* 2a (1933)
* 3a ''Vantx'' (1934)
* Squerzos turcs (1939)
* Imatges de Turkmenistan (1940)
* Mac, temes iranis (1942)
* ''Cançó del soldat'' (1946) – [[Premi Stalin]] el 1949

== Referències ==
{{referències}}
{{Autoritat}}

{{ORDENA:Knipper}}

[[Categoria:Compositors d'òpera russos]]
[[Categoria:Compositors russos del segle XX]]
[[Categoria:Membres de l'NKVD]]
[[Categoria:Artistes del Poble de l'URSS]]
[[Categoria:Compositors de cinema]]
[[Categoria:Guanyadors del Premi Stalin]]</text>
      <sha1>t3t4qzaamhn7p8m0lqpzdotvwytauro</sha1>
      <model>wikitext</model>
      <format>text/x-wiki</format>
    </revision>
  </page>