<page>
    <title>Samizdat</title>
    <ns>0</ns>
    <id>1035539</id>
    <revision>
      <id>13673376</id>
      <parentid>13632699</parentid>
      <timestamp>2014-06-24T10:21:45Z</timestamp>
      <contributor>
        <username>Langtoolbot</username>
        <id>128552</id>
      </contributor>
      <minor></minor>
      <comment>Correcció tipogràfica: espais sobrants</comment>
      <text>'''Samizdat''' ({{lang-ru|самиздат}}, {{lang-uk|самвидав}}, [[Transliteració de l'alfabet rus|transliterat]]'' samvidav'') va ser la còpia i distribució clandestina de literatura prohibida pel règim soviètic i, per extensió, també pels governs comunistes d'[[Europa Oriental]] ([[Bloc de l'Est]]) durant l'anomenada [[Guerra Freda]]. D'aquesta manera, moltes vegades els [[dissidència|dissidents]] aconseguien esquivar la forta [[censura]] política.

Les còpies es feien en un nombre reduït cada cop i s'esperava que els que les rebien realitzessin algunes duplicacions addicionals. Això es feia normalment mitjançant el mecanografiat o l'escriptura a màquina dels textos en qüestió o, si no, mitjançant la simple còpia manuscrita. Aquesta pràctica d'eludir la censura oficial estava plena de perills, ja que s'imposaven fortes sancions a les persones capturades en possessió de còpies de material prohibit.

El conegut [[dissident]] soviètic [[Vladímir Bukovski]] el definia de la següent manera: Jo mateix ho creo, ho edito, ho censuro, ho publico, ho distribueixo, i resulto empresonat per això.ref Vladímir Bukovski o Bukovsky, en la seva novel·la autobiogràfica И возвращается ветер ... ('' I vozvrashchaetsya Veter ...'', I el vent torna ...), Хроника ('' Jrónika'', Crònica), Nova York, 1978, pàgina 126) També disponible en línia a ''Internet'' al lloc ''web'' [http://www.vehi.net/samizdat/bukovsky.html www.vehi.net] {{ru}}./ref

== Tècniques ==
Essencialment, les còpies de text'' samizdat'', com la novel·la [[El mestre i Margarida]], de [[Mikhaïl Bulgàkov]] o l'escrit de [[Václav Havel]] El poder dels sense poder,ref {{citar llibre
| isbn = 84-7490-243-6
| títol = El poder de los sin poder
| url = http://www.ediciones-encuentro.es/Muestra.php?libro=11000058
| any = 1990
| autor = Havel, Václav
| editorial = Encuentro
}}/ref es passaven de mà en mà entre amics i coneguts.

Les tècniques utilitzades per a la reproducció de literatura prohibida variaven, des de realitzar diverses còpies mitjançant [[paper carbó]] (ja sigui a partir d'originals manuscrits o mecanografiats) a, en comptats casos, imprimir relativament grans quantitats de llibres en impremtes clandestines semiprofessionals (aquest últim cas es va donar en uns pocs països del bloc, com [[Hongria]] o l'antiga [[Txecoslovàquia]]).

Abans de la implementació de la política de la [[glàsnost]] (transparència informativa) per part de [[Mikhaïl Gorbatxov]] a [[1986]], la pràctica era perillosa, perquè les impremtes, copiadores i fins !--sic--les màquines d'escriure estaven sota control directe dels Primers Departaments (que eren llocs d'avançada del [[KGB]] en cadascuna de les institució soviètiques): en tots ells s'emmagatzemaven còpies de referència, amb el propòsit de realitzar identificacions posteriors. 

== Etimologia i termes relacionats ==
Etimològicament, la paraula'' samizdat'' prové de l'arrel'' sam'' (en [[idioma rus|rus]]: сам, per si / un mateix) i'' izdat'' [en rus: издат, [[apòcope]] de издательство (''izdátelstvo'') editorial], que significa per tant, auto-publicació. El terme va ser encunyat com un joc de paraules creat pel poeta rus Nikolai Glazkov en la dècada de 1940, que ''mecanografiava'' còpies dels seus poemes indicant en la seva primera pàgina'' самсебяиздат'' (''samsebyaizdat'', alguna cosa així com Jo, per mi mateix editors),ref''samizdat'', article de Pàvel Shekhtman a l'enciclopèdia'' Krugosvet'' /ref en una analogia amb els típics noms de les editorials (òbviament) estatals de la [[Unió Soviètica]], com ''Detizdat'' (literatura infantil) o, especialment, Политиздат ([[Transliteració de l'alfabet rus|transliterat]] com a ''Politizdat'', abreviatura de Государственное издательство политической литературы, ''Gosudàrstvennoye izdàtelstvo politítxeskoi literatury'', és a dir, Editorial Estatal de Literatura Política).

A més, van existir dos termes relacionats al fenomen ''samizdat'', encara que menys coneguts que aquest:
*'' Magnitizdat'' es referia al contraban d'enregistraments de so (''magnit'', referint-se a la cinta magnètica), sovint de poemes, conferències o música ''underground''.
*'' Tamizdat'' es refereix a la literatura publicada a l'estranger (там, tam, que significa allà), sovint a partir del tràfic il·legal de manuscrits.

En la història de la premsa polonesa subterrània, el terme usual en els últims anys del [[comunisme]] ([[1945]] - [[1989]]) era ''drugi obieg'' o segona circulació (de publicacions ); en aquest cas, primera es referia a les publicacions legals (i eventualment retallades a causa de la censura estatal). Per la seva banda, el terme polonès'' [[premsa clandestina a Polònia|bibuła]]'' (paper assecant) és més antic, després d'haver estat utilitzat, fins i tot en temps tsaristes.

== Història ==
La literatura auto-publicada i auto-distribuïda té una llarga història, però el fenomen ''samizdat'' original és únic i exclusiu del període posterior a Stalin, l'URSS i altres països amb similars sistemes socioeconòmics. Sota la censura d'un [[Estat policia]], aquestes societats van fer ús d'una autèntica literatura subterrània, no només per realitzar anàlisis introspectives, sinó també com a vehicle per practicar o canalitzar una peculiar variant limitada de la lliure expressió, en manifestar idees que eren pràcticament impossibles d'expressar públicament.ref Ludmila Alekséyeva, El naixement del ''samizdat'', Vílnius (Lituània), 1992 {{ru}}/ref

Al principi del [[Desglaç de Khrusxov|desglaç]] llançat per [[Nikita Khrusxov]] a l'[[URSS]] a mitjan [[dècada del 1950]], la poesia es va fer molt popular i els escrits d'una àmplia gamma de poetes (coneguts, joves desconeguts, i també ''prohibits'' i ''reprimits'') van circular entre la intel·lectualitat ([[intelligentsia]]) soviètica de l'època.

El [[29 de juny]] de [[1958]], es va inaugurar un monument dedicat a [[Vladímir Maiakovski]] al centre de [[Moscou]]. La cerimònia oficial va concloure amb lectures de poesies improvisades en públic. A la intel·lectualitat [[Moscou|moscovita]] li va agradar l'atmosfera de relativa [[llibertat d'expressió]] derivada del desglaç afavorit per Khrusxov, i aquestes lectures a l'aire lliure aviat es tornarien regulars i serien conegudes com a Mayak (en [[idioma rus|rus]]: Маяк, far), amb els estudiants entre la majoria dels participants. Tanmateix, això no duraria molt, ja que les autoritats soviètiques aviat van començar a reprimir les reunions, i ordenaren la seva dissolució forçada.

L'estiu boreal de [[1961]], diversos assistents habituals d'aquestes reunions (entre ells el poeta Edvard Kuznetsov) van ser arrestats, sota el càrrec d'agitació i propaganda antisoviètica (delicte d'extrema gravetat segons l'article 70 del codi penal de la [[RSFSR]]).

L'editor i redactor de la revista ''samizdat'' [[Moscou|moscovita]] Синтаксис ('' Síntaksis'', sintaxi), Aleksandr Ginzburg va ser detingut el [[1960]], ja quan el període de excessiva obertura i tolerància derivat del desglaç de [[Nikita Khrusxov]] anava arribant a la seva fi i es reasumia la censura contra les idees qüestionadores del règim soviètic.

Alguns escrits considerats ''compromesos'' van ser originalment publicats per algunes editorials estatals del règim soviètic, com l'avui clàssica novel·la Un dia en la vida d'Ivan Denisovitx, escrita per [[Aleksandr Soljenitsin]] (qui guanyaria el [[Premi Nobel de Literatura]] el [[1970]]). Aquesta obra, que narrava la dura vida dins dels camps [[Sibèria|siberians]] de treball forçat del sistema [[Gulag]] durant els [[dècada del 1950|anys 1950]], seria inicialment publicada -en forma de fascicles- en la revista literària ''Novy Mir'', a partir de l'edició de novembre de [[1962]]. No obstant això, en notar-se que l'obra de Soljenitsin contenia una dura crítica contra les presons del règim soviètic, la novel·la aviat seria censurada i retirada de circulació, i finalment trobaria el seu únic camí de difusió a través del fenomen ''samizdat''.

Tanmateix, no tot el que es publicava mitjançant el ''samizdat'' tenia contingut ''políticament incorrecte'' o de desafiament obert contra el règim [[comunisme|comunista]] soviètic. També hi havia relats eròtics o còmics que no obstant tenien suficients elements que els feien reprovables per al govern soviètic (sigui per afavorir la llibertat sexual o limitar-se a la simple diversió del lector sense ''missatge marxista'' apreciable).

En [[1963]], el poeta [[Joseph Brodsky]] (qui obtindria ni més ni menys que el [[Premi Nobel de Literatura]] el [[1987]]) va ser acusat d'haver comès el tipus penal de parasitisme social, i va ser condemnat a presó per escriure poemes sentimentals que qüestionaven cruament el [[realisme socialista]]. Si bé Brodsky es va lliurar de la presó per pressió d'intel·lectuals soviètics i estrangers, d'ara endavant va haver difondre les seves obres mitjançant el sistema ''samizdat''.

A mitjans de la [[dècada del 1960]], un grup literari no oficial conegut per la sigla СМОГ (Самое Молодое Общество Гениев, [[Transliteració de l'alfabet rus|transliterat]] com a ''Sàmoye Molodóye Óbstxestvo Guéniyev'', traduït com La jove societat de genis ) van emetre al ''samizdat'' el seu almanac Сфинксы (''Sfinksy'',esfinxs ), a més de col·leccions de prosa i poesia. Alguns dels seus escrits van arribar a situar prop de l'[[avantguarda]] literària russa de les dècades de 1910 i 1920, durant el període revolucionari rus-soviètic. La difusió de ''Sfinksy'' al ''samizdat'' es va fer indispensable, ja que els cànons del [[realisme socialista]] imposats pel govern soviètic feien il·legal la publicació d'obres avantguardistes en l'[[URSS]].

El judici de [[1965]] als escriptors [[Iuli Daniel]] i [[Andrei Siniavski]] (també acusats de violar l'article 70) i ​​l'augment de la repressió va marcar la fi del'' desglaç'' i renovats temps durs per als'' samizdat''. El judici va ser acuradament documentat en el Llibre Blanc de [[Iuri Galànskov]] i [[Aleksandr Ginzburg]]. Tots dos escriptors serien després detinguts i condemnats a penes de presó, en el que es va conèixer com El Judici dels Quatre.

El contingut d'alguns llibres del ''samizdat'' es va tornar més cada vegada més ''polititzat'' (a causa de l'asfixiant atmosfera intel·lectual dels temps de [[Leonid Bréjnev]]), i exerciria un important paper en el moviment dissident a la Unió Soviètica.

Entre [[1964]] i [[1970]], l'historiador [[Roy Medvédev]] va publicar regularment una anàlisi que més tard apareixeria en [[Occident]] sota el títol (Политический дневник ([[Transliteració de l'alfabet rus|transliterat]] com a ''Politítxeskiy Dnevnik'', El diari polític).

Un dels'' samizdats'' més coneguts i de més llarga durada va ser el butlletí informatiu Хроника текущих событий (''Khrònika tekúshtzikh sobýtiy'', Crònica de l'actualitat)ref Disponible en rus a [http:// www.memo.ru www.memo.ru] /ref dedicat a la defensa i promoció dels drets humans bàsics a l'URSS. Es van editar clandestinament 63 números d'aquest durant 15 anys (una mitjana d'uns quatre anuals), entre [[1968]] i [[1983]] (pràcticament coincidint amb l'[[estancament brejnevià]]), on es denunciaven tot tipus d'abusos i arbitrarietats de les autoritats [[comunista|comunistes]], esdeveniments coneguts pel públic però la difusió oberta dels quals era un greu delicte. Els autors d'aquest, anònims, van encoratjar als lectors a utilitzar els mateixos canals informals de distribució per enviar les seves crítiques i comentaris, que serien respostos en les edicions posteriors. A més, se'ls convidava a enviar informació local de les seves respectives regions, amb denúncies que mai podrien aparèixer a la premsa sota [[censura]] del govern.

La ''Crònica'' era coneguda pel seu estil concís i sec, fins a l'extrem que les seves rúbriques regulars es titulaven Arrestos, batudes, interrogatoris, Repressió extrajudicial, A les presons i campaments ([[Gulag]]), Notícies del'' samizdat'', La persecució de la religió, Persecució als tàrtars de [[Crimea]], Repressió a [[Ucraïna]], entre d'altres, la qual cosa feia evident l'oposició dels seus autors a la repressió política exercida pel govern de l'[[URSS]], amb les greus conseqüències que això generava per als que denunciessin aquests fets.

Els autors de la ''Crònica'', però, al·legaven que d'acord a la [[Constitució soviètica]] (reformada [[1977]]) i semblant a la [[stalinisme|estalinista]] de [[1936]]), la seva publicació no era formalment il·legal en si mateixa, ja que la Constitució de l'URSS defensava la lliure expressió. Tanmateix, les lleis penals de l'URSS castigaven amb severes penes de presó al [[gulag]] els autors de tota publicació antisoviètica, i declaraven com a tal a tot escrit que qüestionés al règim, expressés idees no comunistes, o denunciés la repressió política.

Una altra publicació notable i de llarga durada del ''samizdat'' (al voltant de 20 números al període [[1972]] - [[1980|80]]) va ser la revista política i literària Евреи в СССР ([[Transliteració de l'alfabet rus|transliterada]] com a ''Ievréi v SSSR'', Hebreus a l'URSS), fundada i editada per [[Aleksandr Voronel]] i, després del seu retir, per [[Mark Azbel]] i [[Aleksandr Luntz]]. La incipient difusió de les tecnologies informàtiques a l'URSS dels [[dècada del 1980|anys 1980]], a causa de la petita obertura a la importació per part del govern de [[Mikhaïl Gorbatxov]], va dificultar relativament el combat del fenomen ''samizdat'' per part del règim [[Unió Soviètica|soviètic]].

El funcionament del ''samizdat'' resultava més notable, ja que les autoritats de l'[[URSS]] mantenien un sever control sobre tots els mitjans de reproducció escrita existents al país, com [[impremta|impremtes]], màquines de [[fotocòpia|fotocòpies]], o fins i tot el simple paper per a còpies. De fet, l'accés a impremtes o fotocopiadores era seriosament restringit i limitat a institucions estatals, en un afany de mantenir sota control governamental inclosos els elements més rudimentaris per a la transmissió massiva d'idees. Aparells com màquines d'escriure, càmeres fotogràfiques, o cintes magnetofòniques, eren obtinguts usualment només després d'una autorització [[policia]]l que donés constància de la ''fiabilitat política'' del seu propietari. Tot i les restriccions, la premsa clandestina del ''samizdat'' va aconseguir nivells elevats de circulació i difusió.

== Fenòmens similars o anàlegs en altres països ==
Després de l'inici de l'exili forçat del [[aiatol·là]] [[Ruhollah Khomeini]], expulsat de [[Iran]] pel ''xa'' a [[1964]], les seves cada vegada més encesos [[sermó | sermons ]] van ser objecte de contraban a aquest país, a través de cintes d'àudio o cassets'' (cassettes)''. Aquest fenomen acabaria augmentant la seva popularitat i contribuint, en part o indirectament, a l'enderrocament de l'antic [[monarquia|monarca]] per la [[Revolució iraniana|revolució islàmica]] de [[1979]]. A causa de les restriccions imposades pel llavors nou règim [[teocràcia|teocràtic]] iranià, amb el pas dels anys es donaria dins del país un fenomen ''samizdat'' invers a l'anterior. Per exemple, es va arribar a publicar cladestinament la traducció [[farsi]] de la novel·la [[Els versos satànics]] ([[1988]]), l'exiliat escriptor hindú [[Salman Rushdie]] (qui, poc abans de morir Khomeini a [[1989]], va ser condemnat a mort per aquest últim mitjançant una ''[[fàtua]]'' per haver suposadament [[blasfèmia|blasfemat]] el profeta [[Mahoma]]). 

En l'àmbit [[Europa|europeu]], la tradició de publicar material manuscrit va existir a l'exèrcit [[Alemanya|alemany]] durant la [[Primera Guerra Mundial|Primera]] i la [[Segona Guerra Mundial]]. Per la seva banda, [[Polònia]] té una llarga tradició o història de premsa subterrània ('' underground''), potenciada per la dominació soviètica entre [[1945]] i [[1989]]. En aquest país del [[bloc de l'Est]], així com en les també relativament rebels [[Txecoslovàquia]] i [[Hongria]], durant les [[dècada del 1970|dècades de 1970]] i de [[dècada del 1980|1980]] es van imprimir de manera clandestina llibres censurats (alguns de més de 500 pàgines), en quantitats que van arribar a excedir els 12.000 exemplars. En aquests casos, es tractaria de mecanismes de copiat bastant oleaginosos, que generarien una autèntic canal de distribució lliure i alternatiu.

A [[Amèrica Llatina]], durant les [[dictadura|dictadures]] militars de [[dreta política|dreta]] dels [[Dècada del 1960|decennis de 1960]] i del [[Dècada del 1970|1970]], la bibliografia o literatura [[marxisme|marxista]] era censurada i perseguida. No només es van prohibir clàssics com [[El Capital]] (''Das Kapital'') de [[Karl Marx]] ([[1867]]) o [[Què fer?]] ([[ 1902]]) de [[Lenin|Vladímir Lenin]], sinó obres ''locals'' més noves i preocupants. Entre aquestes últimes es trobaven els manuals [[La guerra de guerrilles (llibre)|La guerra de guerrilles]] ([[1960]]), escrit pel revolucionari [[comunisme|comunista]] argentí-cubà [[Ernesto Guevara|Ernesto ''Che'' Guevara]], i el Mini-manual del guerriller urbà, redactat pel seu col·lega brasiler [[Carlos Marighella]] ([[1969]]). A [[Argentina]], durant el seu [[Procés de Reorganització Nacional|últim règim militar]] ([[1976]] - [[1983 | 83]]), fins i tot s'arribaria a censurar erròniament un llibre de [[física]] titulat La cuba electrolítica.

D'altra banda, en els [[Estats Units]], després que ''[[Bell Labs]]'' (''Bell Laboratories'') canviés la seva llicència sobre el [[sistema operatiu]] [[UNIX]], i fes restrictiva, la llista amb les seves fonts original (compilada en el llibre anomenat ''Lions book'') va haver de ser forçosament retirat del circuit comercial legal. No obstant això, les dades tècniques que contenia eren d'un valor tan gran, que les còpies [[Drets d'autor|pirates]] van seguir circulant durant diversos anys.ref Vegeu el comentari de la sisena edició del Llibre ''Lions'' d'UNIX, que inclou [[codi font]], per obtenir més informació. /ref L'acte de copiar el ''Lions book'' de vegades va ser jocosament denominat com una mena de variant [[Occident|occidental]] del fenomen ''samizdat'' [[Unió Soviètica|soviètic]] (encara que, però, es tractava de dos fets molt diferents en realitat: d'una banda, la violació de [[drets d'autor]] en els [[Estats Units|EUA]] i de l'altra, la manca de [[llibertat d'expressió]] i [[llibertat de premsa|de premsa]] a l'antiga [[Unió Soviètica|URSS]].

== Referències ==
{{Referències}}

==Enllaços externs==
*[http://antology.igrunov.ru Antologia de ''samizdat''.] {{ru}} 
*[http://psi.ece.jhu.edu/~kaplan/IRUSS/BUK/GBARC/pdfs/dis70/ct119-71.pdf Informe de desembre de 1970 del KGB sobre les alarmants tendències polítiques] del fenomen ''samizdat'' (així com les [http://psi.ece.jhu.edu/~kaplan/IRUSS/BUK/GBARC/pdfs/dis70/ct2-71.pdf mesures preventives], dels [http://psi.ece.jhu.edu/~kaplan/IRUSS/BUK/GBARC/buk.html arxius oficials soviètics] obtinguts i recopilats per l'antic poeta dissident soviètic Vladímir Bukovski). {{ru}}
*[http://www.cs.ucl.ac.uk/staff/M.Rogers/inside-samizdat.html Julius Telesin, ''Inside Samizdat''] (Dins del ''samizdat''), publicat a ''Encounter'' (Trobada), febrer de 1973, pàgines 25-33. {{en}}
*[http://www.othervoices.org/1.2/skuepper/samizdat.html ''Präprintium'']. Exposició de llibres ''samizdat'' moscovites a Berlín, publicat per Stephen Kupper a ''Other voices'' (Altres veus), volum 1, número 2, 1998. {{en}}

== Vegeu també ==
* [[Llibertat d'expressió]]
* [[Llibertat de premsa]]
* [[Revolució de Vellut]]

[[Categoria:Història de la Unió Soviètica]]
[[Categoria:Terminologia soviètica]]
[[Categoria:Censura]]</text>
      <sha1>kzirpp60m70iw5yeyzvz77zm1ktzk6l</sha1>
      <model>wikitext</model>
      <format>text/x-wiki</format>
    </revision>
  </page>