<page>
    <title>Terra cremada</title>
    <ns>0</ns>
    <id>1037747</id>
    <revision>
      <id>14017335</id>
      <parentid>13676844</parentid>
      <timestamp>2014-09-07T11:03:27Z</timestamp>
      <contributor>
        <username>Langtoolbot</username>
        <id>128552</id>
      </contributor>
      <minor></minor>
      <comment>Corregit: danesos moríssin de  danesos morissin de</comment>
      <text>[[File:BrennendeOelquellenKuwait1991.jpg|thumb|325px|Pous petrolers cremant a [[Kuwait]] després de la retirada de les forces [[Iraq|iraquianes]] al 1991]]
 
'''Política de terra cremada''' és una [[estratègia militar]] consistent en destruir tot allò que pugui ser útil per l'enemic mentre que avança o es retira per una zona. L'origen històric del terme terra cremada prové segurament de la pràctica de cremar els camps de [[cereal]]s durant les guerres i conflictes. És una estratègia en la qual tots els actius que puguin ser emprats per l'enemic són senyalats com a objectius, tals com fonts de menjar, transport, comunicacions, recursos industrials i fins i tot la població de la zona. La pràctica és portada a terme per un exèrcit tant al territori enemic com al seu propi terreny. Pot solapar-se, tot i que no és el mateix, que la destrucció punitiva dels recursos enemics, que es fa per motius purament estratègics o polítics més que no pas per motius estratègics o operatius. Entre les més famoses trobem les realitzades per [[William T. Sherman|Sherman]] contra el Sud durant la [[Guerra Civil Americana]], per [[Herbert Kitchener|Lord Kitchener]] contra els [[Bòers]], i tant per [[Ióssif Stalin]] i per [[Adolf Hitler]] durant la [[Segona Guerra Mundial]].

L'estratègia de destruir els subministraments alimentaris de la població civil en una zona de conflicte està prohibida per l'Article 54 del I Protocol de la [[Convenció de Ginebra]] de 1977. El passatge en qüestió diu:

{{cita|''Està prohibit atacar, destruir, eliminar o en convertir en inútils objectes indispensables per a la supervivència de la població civil, com els aliments, les zones agrícoles per a la producció d'aliments, collites, bestiar, instal·lacions d'aigua potable i subministraments i instal·lacions de regadiu amb el propòsit específic de negar-los pel seu valor de subsistència per a la població civil o per la part adversa, sigui quin sigui el motiu, ja sigui per causar fam entre la població civil, per obligar-los a desplaçar-se, o per qualsevol altre motiu..ref{{cite web|url=http://deoxy.org/wc/wc-proto.htm |title=Protocol I Additional to the Geneva Convention, 1977 |publisher=Deoxy.org |date=1954-05-14 |accessdate=2011-03-23}}/ref}}

Malgrat estar prohibida, encara és una pràctica militar habitual. El protocol només s'aplica a aquells països que l'han ratificat, encara que hi ha absències notables com els [[Estats Units]], [[Israel]], [[Iran]], [[Iraq]] o [[Pakistan]].

La tàctica de terra cremada és una acció que vincula els aspectes militars amb els [[Bé (economia)|econòmics]] i fins i tot [[psicologia|psicològics]] d'una estratègia militar. Aquestes accions destructives tenen l'avantatge que no requereixen avenços [[tecnologia|tecnològics]] ni una especialització particular per part dels combatents que l'apliquen. Quan s'empra a territori enemic es pretén destruir la voluntat de resistir del mateix mitjançant la intimidació, provocant el patiment a les poblacions locals en destruir les seves propietats i mitjans de subsistència. Si s'aplica al territori propi en retirar-se, l'objectiu és retardar i fins i tot aturat l'avanç enemic en deixar-lo sense recursos que aprofitar o entorpint el seu avanç.

La terra cremada ha estat històricament molt eficaç per faccions que, d'altra forma, no haurien estat capaços de resistir l'avenç d'[[exèrcit]]s millor organitzats i més poderosos, tot i que a la guerra moderna la seva utilitat és menor, car tot contingent armat acostuma a carregar amb els seus propis subministraments, en lloc de viure del terreny, com es feia abans. En aquest context, també s'ha emprat la política de terra cremada en la lluita contra [[guerra de guerrilles|moviments guerrillers]], a fi de dificultar als insurgents el subministrament i l'ocultació entre la població civil.

== Edat Antiga ==
Els [[escites]] van fer servir mètodes de terra cremada contra el rei [[Darios I el Gran|Darios el Gran]] de [[Imperi Acaemenida|Pèrsia]]. Pastors nòmades, els escites es retiraren a les profunditats de les estepes, destruint els magatzems de menjar i emmetzinant els pous. Com a resultat, Darius va haver de reconèixer la derrota. Un gran nombre dels seus homes van morir de fam i set.

El general grec [[Xenofont]] escriu a l'[[Anàbasi|''Anàbasi'']] que els [[armenis]] cremaren els seus cultius i els seus magatzems de menjar a mesura que es retiraven davant l'avanç dels [[Els Deu Mil|Deu Mil]].

El mercenari grec [[Memnó de Rodes]] suggerí als [[sàtrapa|sàtrapes]] perses fer servir polítiques de terra cremada contra [[Alexandre el Gran|Alexandre]] a mesura que aquest avançava per l'[[Àsia Menor]].

=== Època romana ===
Durant la [[Segona Guerra Púnica]] al 218-202 aC, els [[Imperi cartaginès|cartaginesos]] usaren aquest mètode mentre que avançaven per [[Antiga Roma|Itàlia]]. Al final de la [[Tercera Guerra Púnica]] al 146 aC, el Senat romà també trià aquest mètode per destruir permanentment la capital cartaginesa, [[Cartago]]: els edificis van ser enderrocats, les pedres van ser triturades perquè ni tan sols quedessin les runes, i els conreus van ser cremat. La història que [[salar la terra|abocaren sal sobre la terra]] és [[apòcrif]]a.ref{{cite journal |last=Ridley |first=R. T. |title=To Be Taken with a Pinch of Salt: The Destruction of Carthage |journal=[[Classical Philology]] |volume=81 |issue=2 |pages=140–146 |year=1986 |jstor=269786 }}/ref

El sistema de destrucció punitiva de la propietat i de subjugació del poble que acompanyava una campanya militar s'anomenava ''vastatio''. Dos dels primers usos de la terra cremada del que es tenen notícies van tenir lloc durant la [[Guerra de les Gàl·lies]]: la primera va tenir lloc quan els [[celtes]] [[helvecis]] van ser forçats a abandonar les seves llars al sud d'Alemanya i a Suïssa a causa de les incursions d'altres tribus germàniques. Per afegir incentius a la marxa, els helvecis destruïren tot allò que no podien portar amb ells. Després que els helvecis fossin destruïts per una força combinada gal·lo-romana, els helvecis van haver de reconstruir els seus poblats allà on abans els havien destruït.

El segon cas mostra el seu valor militar actual: durant la [[batalla d'Alèsia|Gran Guerra Gàl·lica]] els gals comandats per [[Vercigentòrix]] planejaven atraure els exèrcits romans dins de la Gàl·lia per atrapar-los i destruir-los allà. Amb aquesta finalitat van destruir tots els conreus de França i del [[Benelux]] actuals. Efectivament això causà grans problemes als romans, però el triomf romà sobre els gals mostrà que això no va ser prou per salvar la Gàl·lia del jou romà.

Al 363 dC, la invasió de [[Imperi Persa|Pèrsia]] per l'emperador [[Julià l'Apòstata]] va ser derrotada mitjançant una política de terra cremada:
blockquote''L'extensa regió que s'estén entre el riu Tigris i les muntanyes de Mèdia... tenien un estat molt millorable dels conreus... Julià podia esperar, com a conqueridor, que qui tingués els dos instruments de persuasió a la força, el ferro i l'or, disposaria fàcilment d'una absoluta subsistència davant els temors o l'avarícia dels nadius. Però, en apropar-se els romans, aquella rica esperança s'esvaí de cop i volta. Allà on anessin... s'havien emportat el bestiar, l'herba i el blat estaven consumits pel foc; i, tan aviat les flames havien desaparegut interrompent l'avanç de Julià, es descobrí la melancòlica imatge d'un desert nu i fumejant. Aquest mètode desesperat però efectiu de defensa només es pot executar mitjançant l'entusiasme d'un poble que prefereix la seva independència a la seva propietat; o pel rigor d'un govern arbitrari, que consulta la seguretat pública sense sotmetre's a les seves inclinacions de la llibertat d'escollir.''ref{{cite book |first=Edward |last=Gibbon |url=http://books.google.com/books?id=f8-2ONV-foQCpg=PA158 |title=The Decline and Fall of the Roman Empire |year=1788 }}/ref /blockquote

== L'Edat Mitjana ==
=== Període víking ===
Durant la gran invasió vikinga d'Anglaterra, a la que va fer front [[Alfred el Gran]] i diversos governants més saxons i gal·lesos, el cabdill víking [[Hasting]] a finals del 893 marxà amb els seus homes fins a [[Chester]] per ocupar la fortalesa romana en runes, la qual seria una base excel·lent per atacar el nord de [[Mèrcia]], però els habitants de la zona van destruir totes les collites de la zona per tal que els danesos morissin de fam.

=== Massacre del nord ===
A la [[massacre del nord]], la brutal conquesta i subjugació del nord d'Anglaterra feta per [[Guillem I d'Anglaterra|Guillem el Conqueridor]], els homes de Guillem cremaren pobles sencers entre els rius [[Humber]] i [[Tees]], esclavitzant els seus habitants. Els graners i magatzems van ser destruïts de manera que els supervivents a la matança inicial morís de fam durant l'hivern, quedant aquests reduïts al [[canibalisme]].refForester, Thomas, ed., [http://books.google.com/books?id=gpR0iz5GjYgCprintsec=titlepage ''The Chronicle of Florence of Worcester''], London: Henry G. Bohn, 1854, Pg 174/ref  Entre 100.000 i 150.000 persones van morir, i costà segles recuperar-se dels danys.

=== Baixa Edat Mitjana ===
[[File:Robertthebruce.jpg|thumb|right|165px|[[Robert I d'Escòcia|Robert the Bruce]]]]
Durant la [[Guerra dels Cent Anys]], tant anglesos com francesos portaren a terme atacs [[chevauchée]] sobre el territori enemic per malmetre les seves infraestructures.

[[Robert I d'Escòcia|Robert the Bruce]] aconsellà emprar aquests mètodes per aturar la invasió d'Escòcia de les tropes d'[[Eduard I d'Anglaterra]], d'acord a un poema anònim del segle XIV:refQuoted in ''The Steel Bonnets'' by George MacDonald Fraser./ref

blockquote
''...in strait places gar keep all store, ''br
''And byrnen ye plainland them before, ''br
''That they shall pass away in haist'' br
''What that they find na thing but waist. ''br
''...This is the counsel and intent''br
''Of gud King Robert's testiment. ''br
/blockquote

El 1336, els defensors de [[Pilénai]], a [[Lituània]], calaren foc al seu castell i se suïcidaren en massa per tal que l'atac dels [[orde Teutònic|cavallers teutònics]] fos una [[victòria pírrica]].

L'estratègia va ser àmpliament emprada als principats romanesos de [[Valàquia]] i [[Moldàvia]]. El Príncep [[Mircea I de Valàquia]] l'usà contra els otomans el 1395 i el príncep [[Esteve III de Moldàvia]] ho féu mentre que l'exèrcit otomà avançà al 1475 i 1476.

== Inicis de l'era Moderna ==
Els britànics tornaren a fer servir tàctiques de terra cremada al segle XVI a Irlanda, amb comandants com [[Walter Devereux,1r comte d'Essex|Walter Devereux]] o [[Richard Bingham (soldat)|Richard Bingham]]. El més infame d'ells va ser [[Humphrey Gilbert]] durant les guerres a Munster a finals de 1560 i 1570.

El 1630, el [[Generalfeldmarschall|General Mariscal de Camp]] [[Torquato Conti]] estava al capdavant de les forces [[Sacre Imperi Romanogermànic|imperials]] durant la [[Guerra dels 30 anys]]. Forçat a retirar-se davant l'avanç de l'exèrcit suec del rei [[Gustau Adolf de Suècia|Gustau Adolf]], Conti ordenà a les seves tropes que cremessin cases, destruïssin pobles i causaren tants danys a les propietats com fos possible. Les seves accions van ser recordades així:ref name=Schiller''The history of the Thirty Years' War in Germany'' by Friedrich Schiller (translated by Christoph Martin Wieland, printed for W. Miller, 1799)/ref

{{cita|''Per venjar-se del duc de Pomerània, el general imperial va permetre les seves tropes, en retirar-se, que portessin a terme qualsevol barbaritat sobre els desafortunats habitants de Pomerània, que ja havien patit massa severament a causa de la seva avarícia. En pretendre eliminar els recursos als suecs, tot el país va ser robat i saquejat; i sovint, quan els imperialistes ja no podien mantenir més temps una plaça, era reduïda a cendres, per tal de no deixar a l'enemic res més que les runes.''}}

Durant la [[Gran Guerra del Nord]], Rússia destruí el país davant les forces del rei [[Carles XII de Suècia]].

== El segle XIX ==

== Referències ==
{{Commonscat}}

{{referències}}


{{ORDENA:Terra Cremada}}	!--ORDENA generat per bot--

[[Categoria:Estratègia militar]]
[[Categoria:Tàctica militar]]</text>
      <sha1>qf02x2e90pyt9wwfac3nmyy8f1w8y0t</sha1>
      <model>wikitext</model>
      <format>text/x-wiki</format>
    </revision>
  </page>