<page>
    <title>Resistència grega</title>
    <ns>0</ns>
    <id>1037876</id>
    <revision>
      <id>13088310</id>
      <parentid>13088301</parentid>
      <timestamp>2014-03-19T09:15:41Z</timestamp>
      <contributor>
        <username>Arnaugir</username>
        <id>2469</id>
      </contributor>
      <text>La '''resistència grega''' (en [[grec]] Εθνική Αντίσταση, ''resistència nacional'') a l'ocupació del país per part de les tropes de l'[[Eix Berlín-Roma-Tòquio|Eix]] durant la [[Segona Guerra Mundial]] va començar aproximadament amb la derrota de Grècia a mans d'[[Itàlia feixista|Itàlia]] i [[Alemanya nazi|Alemanya]] l'abril de 1941 amb l'[[operació Marita]], i va durar fins a la retirada de les tropes alemanyes i búlgares l'octubre de 1944. Va donar pas a un tensa convivència entre les diferents faccions, la qual va desembocar en la [[Guerra Civil Grega|Guerra civil grega]].

== Organitzacionns ==
Van sorgir diferents bandes armades i organitzacions contràries a l'ocupació en territori grec.ref name=stavrianos42[[#stavrianos|Stavrianos (1952)]], p. 42 /ref La més important d'aquestes, controlada pel [[KKE|Partit Comunista Grec]], va ser el [[EAM|Front d'Alliberament Nacional]], amb la seva facció armada, [[ELAS]].ref name=stavrianos42 / El seguien en importància la [[EDES|Lliga Grega Republicana Nacional]], controlada pel general [[Napoléon Zérvas]], i l'[[EKKA|Alliberament Nacional i Social]], del coronel [[Dimítrios Psarrós]].ref name=stavrianos42 / També van existir altres organitzacions i bandes armades menors.ref name=stavrianos42 / L'EAM es va distingir de les altres per ser l'única amb implantació en tot el territori grec, mentre que les altres tenien caràcter regional.ref name=stavrianos42 /

Tots els principals grups de resistència eren republicans, els monàrquics no comptaven amb agrupacions equivalents a EAM o EDES.ref name=jelavich278 /

== Història ==
[[fitxer: Gorgopot1.jpg|El [[viaducte de Gorgopótamos]] fou volat per la resistència grega i comandos britànics la tardor de 1942 per entorpir l'aprovisionament de l'[[Eix Berlín-Roma-Tòquio|Eix]] al [[Campanya a Àfrica del Nord|front africà]].|thumb|right]]

La resistència es va començar a organitzar principalment a les zones muntanyoses la tardor de 1941.ref name = jelavich278 [[#jelavich|Jelavich (1999)]], p. 278 /ref El setembre es va formar l'EAM sota la direcció del [[KKE]] però amb important participació dels republicans i de l'oposició a la dictadura del general [[Ioannis Metaxàs]].ref name = jelavich278/ L'estiu de 1942 va començar a actuar l'ELAS.ref name = jelavich278/ També el setembre de 1941 es va organitzar l'EDES.ref name=jelavich278 / En canvi, l'EKKA no va prendre forma fins a començaments de 1943.ref name=jelavich278 /

Els grups de resistència van cooperar amb els britànics per entorpir l'aprovisionament de l'Eix al nord d'Àfrica la tardor de 1942, amb la famosa voladura del [[viaducte de Gorgopótamos]];ref name=jelavich279[[#jelavich|Jelavich (1999)]], p. 279 /ref tanmateix, estaven dividit i només coincidien en l'opinió que el monarca exiliat no havia de tornar al país si no es decidia així en un plebiscit.ref name=jelavich279 /

L'octubre de 1943, l'ELAS s'havia reforçat notablement gràcies a l'armament italià requisat després de la [[Armistici entre Itàlia i les forces aliades|rendició italiana]]. Tot tement un imminent desembarcament britànic que restaurés la monarquia i el règim d'entreguerres, l'ELAS va llançar un atac contra les guerrilles rivals per aconseguir el control del territori abans de la suposada arribada dels aliats.ref name=jelavich280[[#jelavich|Jelavich (1999)]], p. 280 /ref Aquests combats es van convertir en la primera fase de la [[Guerra Civil Grega|guerra civil grega]] que va durar fins al 1949.ref name=jelavich280 / Encara que l'ELAS va aconseguir eliminar les bandes armades menors, no va aconseguir eliminar l'EDES.ref name=jelavich280 /

Com que no hi va haver desembarcament aliat, els britànics van aconseguir que les diverses organitzacions signessin un armistici el febrer de 1944.ref name = jelavich280/

== Notes i referències ==
{{referències|2}}

== Bibliografia ==
{{Commonscat|Greek Resistance}}

*{{ref-llibre|cognom = Jelavich
|nom = Barbara
|títol = History of the Balkans. Twentieth century
|llengua = anglès
|any = 1999
|editorial = Cambridge University Press
|isbn = 0521274591
|pàgines = 476
|llengua=anglès
|ref=jelavich
}}
*{{citar ref
|autor = Stavrianos, L. S.
|títol = The Greek National Liberation Front (EAM): A Study in Resistance Organization and Administration
|any = 1952
|revista = The Journal of Modern History
|volum = 24
|nom= 1
|pàgines = 42-55
|url=
|llengua=anglès
|ref=stavrianos
}}


{{ORDENA:Resistencia Grega}}

[[Categoria:Història de Grècia]]</text>
      <sha1>ro9u0v76vv23mdgun7jna09qtg196xo</sha1>
      <model>wikitext</model>
      <format>text/x-wiki</format>
    </revision>
  </page>