<page>
    <title>Història d'Alaska</title>
    <ns>0</ns>
    <id>1039109</id>
    <revision>
      <id>14035462</id>
      <parentid>13545010</parentid>
      <timestamp>2014-09-11T15:05:40Z</timestamp>
      <contributor>
        <username>Pcm</username>
        <id>6538</id>
      </contributor>
      <comment>/* Prehistòria */</comment>
      <text>[[File:Alaska1895.jpg|thumb|350px|righ|Alaska el 1895 ([[Rand McNally]]). La frontera sud-est d'Alaska que es mostra estava en disputa entre els [[Estats Units]] i el [[Canadà]] i és anterior a la [[Disputa de la frontera d'Alaska|delimitació definitiva]].]]
La '''història d'Alaska''' es remunta al [[Paleolític Superior]], cap al 14.000 aC, quan grups provinents d'[[Àsia]] van creuar el [[Beríngia|pont de Beríngia]] fins a l'oest d'Alaska. En el moment del contacte amb els europeus pels [[Colonització russa d'Amèrica|exploradors russos]] el territori era poblat per [[pobles indígenes d'Alaska]]. El nom Alaska deriva de la paraula [[aleutià|aleutiana]] ''Alaxsxaq'', que significa terra ferma (literalment, l'objecte cap al qual es dirigeix ​​l'acció del mar).refRansom, J. Ellis. 1940. ''Derivation of the Word ‘Alaska’''. American Anthropologist n.s., '''42''': pp. 550-551/ref

Durant la dècada de 1890 la [[febre de l'or]] arriba a Alaska i les terres veïnes del [[Yukon]], portant milers de miners i colons fins a Alaska. A Alaska se li va concedir l'status territorial status el 1912. El 1942 dues de les [[Illes Aleutianes]] més allunyades, [[Illa Attu|Attu]] i [[Illa Kiska|Kiska]] van ser ocupades pels japonesos i la seva recuperació pels Estats Units es va convertir en una qüestió d'orgull nacional. La construcció de [[base militar|bases militars]] van contribuir al creixement de la població en algunes ciutats d'Alaska. El 3 de gener de 1959 se li concedí la condició d'[[Estats dels Estats Units d'Amèrica|Estat de la Unió]].

El 1964 tingué lloc un gran [[Terratrèmol d'Alaska de 1964|terratrèmol]] en què moriren 131 persones, mentre que el descobriment de [[petroli]] el 1968 a [[Prudhoe Bay]] i la finalització el 1977 de l'[[oleoducte]] Trans-Alaska donà lloc a un important auge econòmic. El 1989, l'[[Exxon Valdez]] xocà contra un [[escull]] al [[Prince William Sound]], vessant entre 42.000 i 130.000 m³ de cru, que es van estendre per més de 1.600 km de costa. 

== Prehistòria ==
[[Fitxer:Inuit Woman 1907 Crisco edit.jpg|thumb|140px|Una dona [[Inupiaq]], [[Nome (Alaska)|Nome]], c. 1907.]]
{{AP|Prehistòria d'Alaska}}
Grups de famílies es van traslladar durant el paleolític cap al nord-oest d'Amèrica del Nord en algun moment entre el 16.000 i el 10.000 aC a [[Beríngia|pont de Beríngia]] fins a l'oest d'Alaska. Alaska fou poblada pels [[Inuit]] i una varietat de pobles [[Amerindis dels Estats Units|d'origen euroasiàtic]]. Actualment els primers pobladors d'Alaska es divideixen en diversos grups: els indis del sud-est costaner (els [[tlingit]], [[haida]] i [[tsimshian]]), els [[llengües atapascanes|atapascans]], els [[aleutians]], i els dos grups d'esquimals, els [[inupiat]] i els [[yup'ik]].ref{{ref-web|títol= Archaeological Overview of Alaska |editor= The National Park Service | url= http://www.nps.gov/akso/akarc/early.htm |consulta= 2007-04-08}}/ref

Les migracions costaneres procedents d'Àsia foren probablement la primera onada d'éssers humans que creuaren el pont de terra de Beríngia, i molts d'ells es van establir inicialment a l'interior del que avui és Canadà. Els Tlingit van ser els més nombrosos d'aquest grup, ocupant la major part de la costa sud d'Alaska en el moment del contacte europeu. Són el grup més septentrional de les cultures avançades de la costa nord-oest del Pacífic, reconeguts pel seu art complex, els sistemes polítics, cerimonials i legal, conegut com a [[potlatch]]. La part sud de l'[[Illa del Príncep de Gal·les (Alaska)|Illa Príncep de Gal·les]] va ser colonitzada per haides que fugien de la persecució d'altres Haides procedents de les [[illes de la Reina Carlota]]. Els aleutians es van establir a les illes de la [[serralada Aleutiana]] fa aproximadament 10.000 anys.

Les pràctiques culturals i de subsistència varien àmpliament entre els grups indígenes, que es van distribuir per vastes regions geogràfiques.

== Segle XVIII ==
[[Fitxer:Vitus Bering 1681-1741.jpg|Vitus Bering.|thumb|right|140px]]
=== Primer poblament rus ===
[[Fitxer:Baranov Alexandr.jpg|thumb|140px|Alexandr Baranov, Lord d'Alaska.]]
{{AP|Amèrica russa}}
En algunes illes i parts de la [[península d'Alaska]], grups de comerciants havien estat capaços de coexistir relativament en pau amb els habitants locals. Altres grups havien patit violència, amb segrestos, esclavitud i famílies que es veien obligades a separar-se i establir-se en un altre indret. A més, el vuitanta per cent de la població Aleutiana morí per culpa de [[malaltia infecciosa|malalties]] contra les quals no estaven immunitzats durant les dues primeres generacions de contacte rus.ref[http://www.alaska.net/~aleut/Culture_History.html The Aleut Corporation Aleut History]/ref

El 1784 [[Grigori Xèlikhov|Grigori Ivànovitx Xèlikhov]] arribà a la [[badia Three Saints]], a l'[[illa Kodiak]],ref{{ref-web|títol=Alaska History Timeline | url=http://kodiakisland.net/timeline.html |consulta= 31 d'agot de 2005 }}/ref on posteriorment va fundar el primer assentament permanent de Rússia a Alaska, alhora que matava a centenars d'indígenes Koniag. Pels volts de 1788 Xèlikhov havia creat diversos assentaments russos en una àmplia regió, incloses zones continentals al voltant de [[Cook Inlet]].

Els russos controlaven els hàbitats més valuosos de les [[Llúdria marina|llúdries marines]], a la zona de les Kurils, Kamtxatka i les illes Aleutianes. La seva pell era més gruixuda, més brillant i més negre que la de les llúdries marines de la costa nord-oest del Pacífic i Califòrnia. Els russos, per tant, van avançar cap a la costa americana només després que altres varietats de major qualitat entressin en franca decadència durant el darrer quart del segle XVIII. L'entrada russa a la costa del Nord-oest d'Amèrica fou lent per l'escassetat de vaixells i mariners. La [[badia Yakutat]] es va assolir el 1794 i l'assentament de [[Slavorossiya]] no es va construir fins al 1795. El reconeixement de la costa fins a les [[illes de la Reina Carlota]] el va fer James Shields, un empleat britànic de la Companyia de Golikov-Xèlikhov. El 1795 [[Aleksandr Baranov]], que havia estat contractat el 1790 per gestionar l'empresa pelletera de Xèlikhov va navegar fins al [[Sitka Sound]], reclamant-lo per a Rússia. En anys posteriors arribaren nombrosos grups de caçadors i el 1800 tres quartes parts de les captures de llúdries marines de l'Amèrica russa procedien de l'àrea de Sitka. El juliol 1799 Baranov va tornar a bord del bergantí ''Oryol'' i establí l'assentament d'''Arkhànguelsk'', el qual va ser destruït per [[tlingit]]s el 1802 però reconstruït el 1804 i rebatejat com a ''[[Sitka|Novo-Arkhànguelsk]]''. Ben aviat es convertirà en el principal assentament i capital colonial de l'Amèrica russa. Després de la [[compra d'Alaska]] va ser rebatejat amb el nom de [[Sitka]], la primera capital del [[Territori d'Alaska]].ref{{ref-llibre |cognom= Gibson |nom= James R. | títol= Otter Skins, Boston Ships, and China Goods: The Maritime Fur Trade of the Northwest Coast, 1785-1841 |any= 1992 |editorial= McGill-Queen's University Press |isbn= 0-7735-2028-7 |pàgines= 13–14}}/ref

=== L'activitat missionera ===
[[Fitxer:Russian Orthodox Church.jpg|200px|thumb|right|[[Catedral de Sant Miquel de Sitka|Catedral de Sant Miquel]] a Sitka. L'estructura original fou construïda el 1848 i es va cremar el 2 de gener de 1966. La catedral va ser reconstruïda a partir dels plans de l'estructura original i conté restes rescatadess del foc.]]
L'[[Església Ortodoxa Russa]] s'havia introduït a la zona d'una manera informal entre la dècada de 1740 i la de 1780 pels comerciants de pells. El 1784, quan es construí el primer assentament a la Badia Three Saints, també arribaren els primers missioners i clergues que es quedaren a viure a la zona. Aquesta activitat missionera continuaria durant el segle XIX, deixant el rastre més visible de l'època colonial russa a l'Alaska actual.

=== Intents de colonització espanyols ===
{{AP|Expedicions espanyoles a Alaska}}
[[Fitxer:Spanish contact in BC and Alaska.jpg|thumb|right|250px|Presència espanyola a la [[Colúmbia Britànica]] i Alaska.]]
Les reclamacions espanyoles sobre Alaska daten de la [[Butlla menor Inter Caetera de 1493|butlla papal de 1493]] que va assignar als espanyols el dret a colonitzar la costa oest d'Amèrica del Nord. Quan els països rivals, entre ells la [[Regne de la Gran Bretanya|Gran Bretanya]] i Rússia, van començar a mostrar interès per Alaska al segle XVIII, el rei [[Carles III d'Espanya]] va enviar una sèrie d'expedicions per reafirmar les reclamacions espanyoles de la costa nord del Pacífic d'Amèrica del Nord, incloent Alaska.

El 1775 [[Bruno de Heceta]] va dirigir una expedició destinada a consolidar les reclamacions espanyoles al Pacífic nord. Un dels dos vaixells de l'expedició, el ''Sonora'', sota el comandament de [[Juan Francisco de la Bodega y Quadra|Bodega y Quadra]], va arribar als 58° N, entrant al Sound i reclamant formalment la regió per a Espanya.

L'expedició de 1779 d'[[Ignacio de Arteaga y Bazán|Ignacio de Arteaga]] i Bodega y Quadra arribà fins a [[Port Etches]], a l'illa [[Hinchinbrook (Alaska)|Hinchinbrook ]], i s'endinsà pel [[Prince William Sound]]. Van arribar fins a latitud de 61°N, el punt més septentrional obtingut per Espanya. També van explorar el [[Cook Inlet]] i la [[península de Kenai]], on van realitzar una cerimònia de possessió en un indret que actualment s'anomena Port Chatham.

El 1788 dos vaixells espanyols, comandats per [[Esteban José Martínez Fernández y Martínez de la Sierra|Esteban José Martínez]] i [[Gonzalo López de Haro]], van navegar cap al nord per investigar l'activitat comercial russa. Haro va arribar a l'illa de Kodiak al juny i es va posar en contacte amb els russos a la badia Three Saints. Després d'haver obtingut informació i mapes del comandant [[Evstratii Ivànovitx Delarov|Evstratii Delarov]], Haro s'uní a Martínez a l'illa [[Sitkinak]], per marxar junts cap a l'illa d'[[Unalaska]] i el gran assentament rus d'[[Unalaska (Alaska)|Unalaska]]. La visita a Unalaska marca el punt més occidental assolit durant els viatges espanyols d'exploració a Alaska.ref name=mcdowell{{ref-llibre |cognom= McDowell |nom= Jim |títol= José Narváez: The Forgotten Explorer |any= 1998 |editorial= The Arthur H. Clark Company |lloc= Spokane, Washington |isbn= 0-87062-265-X |pàgines= 24–31}}/ref

El 1790 l'explorador català [[Salvador Fidalgo i Lopegarcía|Salvador Fidalgo]] va dirigir una expedició que va incloure visites a indrets de l'actual [[Àrea censal de Valdez-Cordova]], en què es van les habituals actes de sobirania. Fidalgo va navegar fins a l'illa de Kodiak sense arribar a contactar amb el petit assentament rus establert allà. Posteriorment estudià l'assentament rus d'Alexandrovsk (avui English Bay o [[Nanwalek]]), al sud-oest de l'actual [[Anchorage]], a la [[península de Kenai]], on de nou es va dur a terme una cerimònia formal de sobirania.ref name=FidalRey[http://explorenorth.com/library/bios/bl-cordova2.htm History of Spanish exploration of Pacific Northwest and Alaska]/ref 

El 1791 [[Alessandro Malaspina]] visità Alaska durant la seva exploració científica per l'[[oceà Pacífic]] de quatre anys. El motiu principal del seu viatge a Alaska va ser investigar una entrada de mar on alguns hi creien veure l'accés al mític [[Pas del Nord-oest]]. Els vaixells va passar prop d'un mes a la zona, ara coneguda com a [[badia Yakutat]], on entrà en contacte amb els [[tlingit]], però no descobrí l'anhelat pas

Finalment Espanya es va retirar del Pacífic Nord i transferí les terres reclamades a la regió als Estats Units al [[Tractat Adams-Onís]] de 1819. Actualment el record d'Espanya a Alaska es limita a poc més que un pocs topònims, com ara la [[glacera de Malaspina]] i la ciutat de [[Valdez (Alaska)|Valdez]].

=== Presència britànica ===
El capità James Cook, a mig camí a través del seu tercer viatge i final de l'exploració en 1778, va navegar al llarg de la costa oest d'Amèrica del Nord a bord del HMS Resolució, per descomptat-Espanyol de Califòrnia tot el camí fins a l'estret de Bering. Durant el viatge, va descobrir el que va arribar a ser conegut com la cala de Cook (nomenat en honor de Cook el 1794 per George Vancouver, que havia servit sota el seu comandament) a Alaska. L'Estret de Bering va demostrar ser impracticable, encara que la Resolució i el seu company vaixell HMS Descobriment fet diversos intents per navegar a través d'ell. Els vaixells van sortir de l'estret de tornar a Hawaii el 1779.

Els assentaments britànics a Alaska en aquell moment es limitaven a petits i dispersos centres comercials als quals la major part dels colons hi arribaven per mar. El capità [[James Cook]], a mig camí del seu tercer i darrer viatge d'exploració el 1778 navegà per tota la costa oest d'Amèrica del Nord a bord del [[HMS Resolution (1771)|HMS ''Resolution'']], des de la [[Califòrnia]] esponyola fins a l'[[Estret de Bering]]. Durant el viatge va descobrir el que posteriorment s'ha conegut com a [[Cook Inlet]] i que fou batejat en honor seu el 1794 per [[George Vancouver]], que havia servit sota el seu comandament. L'Estret de Bering va demostrar ser impracticable, tot i que la ''Resolution'' i la seva companya [[HMS Discovery (1774)|HMS ''Discovery'']] va fer diversos intents per navegar a través d'ell. Els vaixells van sortir de l'estret per tornar a [[Hawaii]] el 1779.

L'expedició de Cook va impulsar els britànics a incrementar les seves travessies per la costa nord-oest, seguint les petjades dels espanyols. Els principals centres, propietat de la [[Companyia de la Badia de Hudson]], operaren a [[Fort Yukon (Alaska)|Fort Yukon]], al [[riu Yukon]], [[Fort Durham]] (també conegut com a Fort Taku), a la desembocadura del [[riu Taku]] i [[Fort Stikine]], prop de la desembocadura del [[riu Stikine]] durant tot el segle XIX.

== Segle XIX ==
=== Darrers assentaments russos i la Comanyia russo-americana (1799-1867)===
[[Fitxer:1860-russian-america.jpg|thumb|right|180px|Mapa de 1860 de l'Amèrica russa.]]
{{AP|Amèrica russa}}
El 1799 el gendre de Shelikof, [[Nikolai Petróvitx Rezanov]], va adquirir el monopoli del comerç de la pell procedent d'Amèrica del [[tsar]] [[Pau I de Rússia|Pau I]] i va formar la [[Companyia Russo-Americana]]. Com a part de l'acord, el tsar esperava de la companyia que establís nous assentaments a Alaska per així ampliar la colonització.

Per 1804 Aleksandr Baranov, gerent de la Companyia Russo-Americana, havia consolidat la companyia a la zona després de la seva victòria sobre un clan Tlingit local a la [[batalla de Sitka]]. Malgrat aquests esforços dels russos mai arribaren a colonitzar completament Alaska. El monopoli rus sobre el comerç es veia debilitat per la [[Companyia de la Badia de Hudson]], que va establir un centre comercial a l'extrem sud de l'Amèrica russa el 1833.

La Companyia Russo-Americana es va veure perjudicada el 1821 per un seguit d'esmenes als seus estatuts que va entregar la gestió a l'[[Armada Imperial Russa]] i prohibí participar en els estrangers en l'economia d'Alaska. Aviat va entrar en vigor la [[Tractat de Sant Petersburg (1825)|Convenció anglo-russa de 1825]] que va permetre als comerciants britànics comerciar a Alaska. La Convenció també va establir la major part de la frontera entre Alaska i la [[Nord-amèrica britànica]].

El [[Tractat russo-estatunidenc de 1824]] que prohibia la presència de comerciants estatunidencs per sobre dels 54° 40′ de latitud nord fou àmpliament ignorat i això va debilitar encara més als russos a Alaska. Com a molt foren 700 els russos que van viure a l'Amèrica russa.

Tot i que a mitjans dels segle XIX no fou un bon període pels russos a Alaska, les condicions van millorar pels indígenes que vivien a la costa d'Alaska i havien sobreviscut al contacte. Els tlingits mai van ser conquerits i continuaren la guerra contra els russos en la dècada de 1850. Els aleutians, tot i que patiren un descens de la població durant la dècada de 1840, finalment es va recuperar.

=== Compra d'Alaska ===
[[Fitxer:Alaska Purchase (hi-res).jpg|thumb|Xec utilitzat per la compra d'Alaska. Té un valor de 7,2 milions de dòlars.]]
{{AP|Compra d'Alaska}}
Les dificultats financeres de Rússia, el desig de mantenir fora d'Alaska els [[Regne de la Gran Bretanya|britànics]] i els baixos beneficis del comerç amb els assentaments d'Alaska, van contribuir a la bona voluntat de Rússia de vendre les seves possessions a Amèrica del Nord. A instàncies del [[secretari d'Estat dels Estats Units]] [[William H. Seward|William Seward]], el [[Senat dels Estats Units]] va aprovar la [[compra d'Alaska]] a Rússia per 7.200.000 [[dolar]]s l'1 d'agost de 1867. Aquesta compra va ser popularment coneguda als Estats Units com a Seward Folly (el caprici de Seward) i no fou gens popular en aquell moment, tot i que la posterior descoberta d'or i petroli van demostrar la seva utilitat.

Després de la venda de l'Amèrica russa als Estats Units tots els fons de la Companyia Russo-Americana van ser liquidats.

=== El departament d'Alaska (1867-1884)===
{{AP|Departament d'Alaska}}
Amb la hissada de la bandera dels Estats Units per primera vegada el 18 d'octubre de 1867 (actualment és el [[Dia d'Alaska]]), també es passà del [[calendari julià]] al [[calendari gregorià]]. Això va fer que els residents a Alaska passessin d'estar a divendres 6 d'octubre a divendres 18 octubre de 1867 per culpa de la diferència existent entre els dos calendaris.

Durant l'existència del Departament, entre 1867 i 1884, Alaska va estar sota la jurisdicció de l'[[Exèrcit dels Estats Units d'Amèrica|Exèrcit dels Estats Units]] (fins al 1877), el [[Departament del Tresor dels Estats Units|Departament del Tresor]] (de 1877 a 1879) i la [[Marina dels Estats Units d'Amèrica|Marina dels Estats Units]] (de 1879 a 1884).

Quan Alaska va ser comprada la major part del seu territori va romandre inexplorat. El 1865 la [[Western Union]] establí la línia de [[telègraf]] a través d'Alaska fins a l'estret de Bering, on es connectaria, per sota l'aigua, amb una línia asiàtica. També es van fer els primers estudis científics de la regió, que van donar lloc al primer mapa de tot el [[riu Yukon]]. L'[[Alaska Commercial Company]] i els militars van contribuir a la creixent exploració d'Alaska durant les darreres dècades del segle XIX, construint centres comercials al llarg de molts rius de l'interior.

=== El districte d'Alaska (1884-1912)===
{{AP|Districte d'Alaska}}
[[Fitxer:Miners climb Chilkoot.jpg|thumb|right|250px|Miners escalant el [[pas de Chilkoot]] durant la [[Febre de l'or de Klondike]].]]
El 1884 la regió va ser organitzada i el nom fou canviat de Departament d'Alaska a Districte d'Alaska. Alhora, els legisladors de [[Washington, D.C.]], estaven més ocupats en la reconstrucció del país després de la [[Guerra Civil dels Estats Units|Guerra Civil]] que no pas en Alaska. El 1896, el [[Febre de l'or de Klondike|descobriment d'or al territori de Yukon]], al veí Canadà, va reunir milers de miners i nous pobladors a Alaska, i ràpidament va posar fi a una depressió econòmica de quatre anys. Encara que no estava clar si també hi havia or a Alaska, Alaska se'n beneficià enormement perquè era la ruta més fàcil per accedir a les mines d'or del Yukon. Nombroses ciutats noves, com [[Skagway]], deuen la seva existència a la febre d'or al Canadà. La història d'Alaska no estaria completa si no es mencionés [[Soapy Smith]], el cap del crim organitzat que dirigia el major imperi criminal durant la febre d'or d'Alaska, fins que fou mort durant el [[tiroteig de Juneau Wharf]]. 

El 1899 es va trobar or a la mateixa Alaska, a [[Nome (Alaska)|Nome]], construint-se diversos pobles posteriorment com ara [[Fairbanks (Alaska)|Fairbanks]] i [[Ruby (Alaska)|Ruby]]. El 1902 començà la construcció del [[ferrocarril d'Alaska]], que enllaçaria [[Seward (Alaska)|Seward]] amb Fairbanks el 1914, però que encara en l'actualitat no la connecta amb la resta dels 48 estats continentals. Amb tot, es construí una ruta terrestre, que reduïa el temps de transport als estats contigus de manera significativa. Les indústries de la mineria del [[coure]], la [[pesca]] i les [[conserva|conserves]] començaren a popularitzar-se a primers del segle XX, amb 10 fàbriques de conserves en algunes ciutats importants.

La [[Disputa de la frontera d'Alaska|delimitació definitiva]] de la frontera amb el Canadà no quedà resolta fins al 1903.

En el canvi de segle la pesca comercial va guanyar terreny a les Illes Aleutianes. S'obriren diverses empreses conserveres de [[bacallà]], [[arengada]] i [[salmó]]. La [[caça de balenes]] va continuar, deixant a la vora de l'extinció les [[balena de Grenlàndia|balenes de Grenlàndia]] per l'oli dels seus teixits. Els aleutians aviat va patir greus problemes per culpa de l'esgotament de les pells de [[Pinnípede|foca]] i les [[Llúdria marina|llúdries marines]] que necessitaven per sobreviure. A més de necessitar la carn com a aliment, també utilitzaven les pells per cobrir els vaixells, sense els quals no podien caçar. Els estatunidenc també es va expandir per l'interior i l'Àrtic d'Alaska, explotant les pells, pesca i altres animals dels què els nadius depenien.

== Segle XX ==
=== Territori d'Alaska (1912-1959)===
{{AP|Territori d'Alaska}}
Quan el Congrés va aprovar la ''Segona Llei Orgànica'' el 1912, Alaska es va reorganitzar i va passar a anomenar-se el [[territori d'Alaska]].ref{{ref-web|nom= Eric |cognom= Gislason |títol= The 49th State: A Brief History of Alaska Statehood (1867-1959) |editor= American Studies at the University of Virginia | url= http://xroads.virginia.edu/~CAP/BARTLETT/49state.html |consulta= 2005-08-31}}/ref El 1916 la seva població era de 58.000 habitants. [[James Wickersham]], delegat al Congrés, va presentar el primer projecte de llei d'Alaska, però va fracassar per l'escassa població i la manca d'interès dels habitants. Fins que el president [[Warren Gamaliel Harding|Warren G. Harding]] no visità Alaska, el 1923, no augmentà l'interès per ser Estat. Segons la ''Segona Llei Orgànica'', Alaska havia estat dividit en quatre divisions, la més poblada de les quals, la capital de la qual era [[Juneau]], es plantejà si podria arribar a ser un estat independent dels altres tres. El control del govern era la principal preocupació, amb 52 agències federals que regien el territori.

El 1920 la ''[[Llei Jones]]'' exigeix ​​que totes les mercaderies transportades entre ports dels Estats Units ho havien de fer en vaixells de pavelló, construïts als Estats Units i propietat i tripulats per ciutadans residents als Estats Units. Això va afectar significativament Alaska, ja que a partir d'aquell moment totes les mercaderies van haver de passar per [[Seattle]] abans d'arribar a la destinació definitiva, fent Alaska totalment dependent de Washington. La Cort Suprema dels Estats Units va dictaminar que la disposició de la Constitució no era aplicable perquè Alaska era només un territori. Els preus de les empreses de càrrega de Seattle començaren a pujar per prendre avantatge de la situació. Aquesta situació va crear una atmosfera d'enemistat entre els habitants d'Alaska que van veure com la riquesa generada pel seu treball marxava a les mans d'empreses de Seattle.

La [[Gran depressió]] va fer que els preus del peix i coure, essencials per a l'economia d'Alaska del moment, disminuïssin. Els sous es van reduir i la mà d'obra es va reduir en més de la meitat. El 1935 el president [[Franklin D. Roosevelt]] pensà a transferir població de les zones agrícoles estatunidenques fins a la [[Vall de Matanuska-Susitna]] per tal d'intentar l'agricultura d'autosuficiència. Els colons procedien majoritàriament d'estats com [[Michigan]], [[Wisconsin]] i [[Minnesota]] per la creença que sols aquells acostumats a viure en climes similars al d'Alaska podrien espavilar-se allà. 

L'exploració i colonització d'Alaska no hauria estat possible sense el desenvolupament de les [[aeronau]]s, que va permetre l'afluència de colons cap a l'interior de l'estat i el transport ràpid de persones i subministraments a tot ell. Amb tot, degut a les dures condicions climàtiques de l'estat, són nombroses les restes d'aeronaus que es troben dispersos per tot el seu domini. 

==== Segona Guerra Mundial ====
{{AP|Batalla de les Illes Aleutianes}}
[[Fitxer:Alaska Death Trap.jpg|right|thumb|210px|Cartell de propaganda de la Segona Guerra Mundial, que representa Alaska com un parany mortal pel Japó.]]
[[Fitxer:Japanese Attack at Dutch Harbor.jpg|right|thumb|210px|Edificis en flames després del primer atac japonès a Dutch Harbor, 3 de juny de 1942.]]
Durant la [[Segona Guerra Mundial]] dues de les [[Illes Aleutianes]] més allunyades, [[Illa Attu|Attu]] i [[Illa Kiska|Kiska]], van ser ocupades pels japonesos i la seva recuperació pels Estats Units es va convertir en una qüestió d'orgull nacional, ja que fou l'única part del territori continental dels Estats Units que fou ocupat per l'enemic durant la guerra. 

El 3 de juny de 1942 els japonesos va llançar un atac aeri a [[Dutch Harbor]], una base naval dels Estats Units a l'illa d'[[Unalaska]], però fou repel·lida per les forces nord-americanes.ref{{ref-web|títol= Aleutian Islands Campaign 1942-1943 | url= http://www.nationalmuseum.af.mil/factsheets/factsheet.asp?id=1479 |editor= Wright-Patterson Air Force Base |consulta= 2007-12-01}}/ref Uns dies després, els japonesos van desembarcar en les illes Kiska i Attu, fent presoners als vilatans i portant-los al Japó fins al final de la guerra. Per la seva banda els pobladors aleutians de la zona foren evacuats cap al sud-est d'Alaska.

Attu fou recuperada el maig de 1943 després de dues setmanes d'intensos combats i 3.929 baixes nord-americanes:ref{{ref-web|títol= Aleutian Islands War: June 3, 1942 - August 24, 1943 |editor= explorenorth.com | url= http://www.explorenorth.com/library/military/aleutian_war-usarmy.html |consulta= 2005-09-01}}/ref 549 morts, 1.148 ferits i 1.200 amb greus ferides provocades pel fred, 614 per malaltia i 318 la morts per causes diverses.ref{{ref-web|títol=Pride and Patriotism: Stamford’s Role in World War II |editor=The Stamford Historical Society|url=http://www.stamfordhistory.org/ww2_aleutian.htm accessdate=2011-02-07}}/ref Posteriorment els Estats Units van posar la seva atenció en l'altra illa ocupada, Kiska. De juny a agost, tones de bombes van ser llançades sobre la petita illa, tot i que els japonesos finalment van poder fugir en vaixells de transport. En acabar la guerra, els habitants d'Attu que havien sobreviscut al seu internament van ser acollits a [[Atka]] pel [[Govern federal dels Estats Units|govern federal]], que va considerar que els seus pobles originaris eren massa remots i difícils de defensar.

El 1942 es completà l'[[autopista d'Alaska|Autopista Militar Alaska-Canadà]] com a part d'una ruta de subministrament per terra fins a la [[Unió Soviètica]], a l'altre costat de l'Estret de Bering.ref{{ref-web|títol= Alaska Highway Construction 1942 |url=http://www.mikereidconstruction.com/alaska_highway_construction_1942.htm |consulta=2011-02-07}}/ref Es construeix des de [[Great Falls (Montana)|Great Falls]] fins a Fairbanks i és la primera carretera estable que uneix Alaska amb la resta del continent. La construcció de bases militars, com la d'[[Adak]], van contribuir al creixement de la població d'algunes ciutats d'Alaska. [[Anchorage]] gairebé es va duplicar la seva mida, passant dels 4.200 habitants el 1940 als 8.000 el 1945.

=== Alaska es converteix en estat ===
Al tombant del segle XX s'inicia un moviment per avançar en la conversió d'Alaska en un [[Estats dels Estats Units|nou Estat]], però els legisladors dels altres 48 estats estaven preocupats perquè la població d'Alaska era molt escassa, distant i aïllada, i la seva economia era massa inestable perquè suposés un benefici pel conjunt del país.refLittke, Peter. (2003). ''Russian-American Bibliography (ISBN 9783833007057)/ref La Segona Guerra Mundial i la invasió japonesa va demostrar la importància estratègica d'Alaska, i la qüestió de la condició d'Estat es va agafar més seriosament, però va ser el descobriment de [[petroli]] al [[riu Swanson]], a la [[península de Kenai]] el que va fer desaparèixer la imatge d'Alaska com una regió feble i dependent. El president [[Dwight D. Eisenhower]] va signar l'''Alaska Statehood Act'' dins el [[Dret dels Estats Units]] el 7 de juliol de 1958, que va aplanar el camí per a l'admissió d'Alaska a la Unió el 3 de gener de 1959. Juneau, capital del territori, va continuar com a capital de l'estat, i [[William A. Egan]] va fer el jurament com a primer governador.

Alaska no està organitzada en [[Comtat dels Estats Units|comtats]], com fan la resta d'estats, excepte [[Louisiana]] que ho fa en [[Llista de parròquies de Louisiana|parròquies]], sinó que es troba dividida en 16 [[Llista de boroughs i àrees censals d'Alaska|boroughs]] i un [[borough no organitzat]] compost per totes les terres que no estan incloses en cap borough. Aquest borough està dividit artificialment en àrees censals per l'[[Oficina del Cens dels Estats Units]] sols per a finalitats estadístiques.

[[Fitxer:AlaskaQuake-FourthAve.jpg|thumb|200px|left|Danys del terratrèmol a Anchorage.]]
El 27 de març de 1964 un gran [[Terratrèmol d'Alaska de 1964|terratrèmol]] va assolar el sud i centre d'Alaska, movent-se la terra durant quatre minuts i una [[Escala de Richter|magnitud]] de 9,2. El [[terratrèmol]], un dels més forts mai registrats a la Terra, va causar la mort de 139 persones,ref{{ref-web|títol= The Great Alaska Earthquake of 1964 | url= http://www.giseis.alaska.edu/Seis/html_docs/Alaska_1964_earthquake.html |editor= Alaska Earthquake Information Center, University of Alaska Fairbanks |mes= November |any= 2002 |consulta= 1 de setembre de 2005 |urlarxiu= http://web.archive.org/web/20050404031914/http://www.giseis.alaska.edu/Seis/html_docs/Alaska_1964_earthquake.html |dataarxiu= 4 d'abril de 2005}}/ref la majoria per culpa dels [[tsunamis]] que van assolar les localitats de [[Valdez (Alaska)|Valdez]] i [[Chenega]]. Per tota la regió del [[Prince William Sound]] les ciutats i ports van ser destruïts i la terra es desplaçà amunt o avall. Allà on el terratrèmol no ho destruí fou el foc el que ho va fer. Tot i la magnitud de la catàstrofe, Alaska reconstruí moltes de les comunitats destruïdes.

===North to the Future===
North to the Future és el lema oficial de l'estat d'Alaska, aprovat el 1967 pel centenari de la compra d'Alaska. El 1963 la Comissió pel Centenari d'Alaska va decidir patrocinar un concurs per trobar un lema i emblema del centenari que expressés el caràcter únic de l'Estat d'Alaska. Es van oferir 300,00 $ pel guanyador. Es van rebre 761 sol·licituds i el desembre de 1963 la Comissió va anunciar que havia seleccionat el lema proposat pel periodista de Juneau Richard Peter. 

=== De 1968 a l'actualitat ===
==== Descoberta de petroli, ANSCA i l'oleoducte Trans-Alaska ====
El descobriment de petroli el 1968 a [[Alaska North Slope|North Slope]], a [[Prudhoe Bay]], havia de canviar el panorama polític d'Alaska durant dècades.

Aquest descobriment va catapultar la qüestió de la propietat de la terra dels nadius als titulars.ref{{ref-notícia|cognom= Coile |nom= Zachery |editorial= San Francisco Chronicle | url= http://www.sfgate.com/cgi-bin/article.cgi?file=/c/a/2005/08/29/MNGLGEEKSF1.DTL |títol= ARCTIC OIL: Oil is the lifeblood of Alaska, with residents ready to drill |data= 9 agost 2005 |consulta= 2005-09-12 }}/ref A mitjans dels anys 60 molts grups tribals d'Alaska s'havien unit en un esforç per guanyar el títol de propietat de les terres que els arrabassaren els europeus, però el govern havia respost amb lentitud abans del descobriment de Prudhoe Bay. El govern va tirar endavant un gasoducte que havia de creuar l'estat, necessari per conduir el petroli d'Alaska al mercat, però va ser aturat a l'espera de la resolució de les reclamacions de les terres indígenes.

El 1971 [[Richard Nixon]] va promulgar l'[[Alaska Native Claims Settlement Act]], una llei segons la qual els nadius renunciaven a reclamar les terres a canvi de l'accés a 44 milions d'acres (180.000 km²) de terra i el pagament de 963 milions de dòlars.ref{{ref-web|títol= Alaska Native Claims Settlement Act |editor= U.S. Fish and Wildlife Service | url= http://laws.fws.gov/lawsdigest/alasnat.html |consulta= 2005-09-01}}/ref L'acord va ser dividit entre les corporacions regionals, urbaness i rurals, que administraren els seus fons amb diferents graus d'èxit.

[[Fitxer:Trans alaska international.jpg|right|thumb|200px|Mapa de l'Oleoducte Trans-Alaska.]]
Amb tot, l'única manera de posar el petroli d'Alaska al mercat era construir un oleoducte que enllacés, després de quasi 1.300 quilòmetres, els jaciments de la [[oceà Àrtic|costa àrtica]] fins a un port lliure de gel, al sud. Això implicà superar importants reptes d'enginyeria. Entre la North Slope i Valdez hi havia [[falla|falles]] actives, tres serralades, sòl pantanós gelat i les rutes de migració de [[caribú]]s i [[ant]]s. L'[[oleoducte Trans-Alaska]] s'acabà el 1977, amb un cost total de 8 mil milions de dòlars.

L'oleoducte va permetre treure un gran rendiment al petroli. Els ingressos per càpita van augmentar a tot l'estat, sent-ne beneficiats gairebé totes les comunitats. Els líders estatals estaven decidits a que aquest auge no desapareixes tan prompte com s'acabés el petroli i per aquest motiu el 1976 van modificar la constitució de l'estat per crear l'[[Alaska Permanent Fund]], on s'inverteix una quarta part de tots els ingressos que generen l'explotació de tots els minerals i petroli. Des de 1993 el fons ha generat més diners que els camps de petroli de Prudhoe Bay, els quals estan en retrocés. El març de 2005 el valor del fons era de 30 mil milions de dòlars.

==== L'ecologisme, l'Exxon-Valdez i ANWR ====
La producció de petroli no és l'únic valor econòmic d'Alaska. Durant la segona meitat del segle XX Alaska va trobar en el [[turisme]] una important font d'ingressos. El turisme es va popularitzar després de la Segona Guerra Mundial, quan els soldats estacionats a la regió van tornar a casa lloant la seva natura. L'[[autopista Alcan]], construïda durant la guerra, i l'[[Autopista Marina d'Alaska]], acabada el 1963, va fer que l'estat fos més accessible que abans. El turisme fou cada vegada més important, i en l'actualitat són més d'1,4 milions de persones els que visiten l'estat cada any.

Junt amb el turisme cal afegir una major consciència [[Ecologisme|ecologista]]. L'[[Alaska National Interest Lands Conservation Act]] (ANILCA) de 1980 va afegir 53,7 milions d'acres (217,000 km²) al sistema [[National Wildlife Refuge]], parts de 25 rius al [[National Wild and Scenic River]], 3,3 milions d'acres (13.000 km²) al [[United States National Forest]] i 43.600.000 d'acres (176,000 km²) al [[National Park Service]]. Degut a aquesta llei, dos terços de tots els parcs nacionals dels Estats Units es troben a Alaska. Avui en dia, més de la meitat de les terres d'Alaska són propietat del [[Govern federal dels Estats Units|Govern Federal]].

[[Fitxer:OilPoolFromValdezSpill.jpeg|thumb|right|220px|Petroli a les roques de la costa de Prince William Sound després de la [[marea negra]].]]
Les possibles repercussions ambientals de la producció de petroli es van fer evidents amb el vessament de petroli de l'[[desastre de l'Exxon Valdez|''Exxon Valdez'']] de 1989. El 24 de març el [[petrolier]] ''[[Exxon Valdez]]'' va encallar al [[Prince William Sound]], alliberant 240.000 barrils de petroli que es van estendre per 1.800 km de costa.ref {{ref-web|cognom=Ramos |nom= Rafael |url= http://hemeroteca.lavanguardia.com/preview/1989/04/11/pagina-25/33071565/pdf.html |títol= El Chernobyl de Norteamérica |consulta=1 de novembre de 2012 |obra= [[La Vanguardia]] |editor= |data= 15 d'abril de 1989|llengua= castellà |pàgines= 25}} /ref D'acord amb el [[United States Fish and Wildlife Service]] almenys 300.000 aus marines, 2.000 llúdrigues i altres animals marins van morir a causa del [[Vessament de petroli|vessament]]. La despesa per netejar el vessament durant el primer any pujà a 2 mil milions de dòlars. La neteja continuà durant la dècada de 1990. Els estudis del govern demostren que el petroli i el procés de neteja van danyar l'ecologia de la regió. El Prince William Sound sembla haver-se recuperat, però els científics encara discuteixen l'abast de la recuperació. 

Actualment la tensió entre conservació i desenvolupament es troba a l'[[Arctic National Wildlife Refuge]] (ANWR). La qüestió de si s'ha de permetre la [[Pou petrolífer|perforació]] de petroli a la zona és un tema que s'arrossega des de l'època de [[Jimmy Carter]]. Estudis realitzats pel [[Servei Geològic dels Estats Units]] han demostrat que la zona 1002 de l'ANWR, situat a l'est de [[Prudhoe Bay]], conté grans dipòsits de petroli.refElizabeth Sands  Stephanie Pahler.[http://www.columbia.edu/~sp2023/scienceandsociety/web-pages/Geology.html Geology.] Columbia University. Consulta el 8 d'abril de 2007/refref name=USGSKenneth J. Bird i David W. Houseknecht. [http://pubs.usgs.gov/fs/fs-0028-01/fs-0028-01.htm Arctic National Wildlife Refuge, 1002 Area, Petroleum Assessment, 1998, Including Economic Analysis.] U.S. Geological Survey (24 d'agost de 2005). Consulta el 8 d'abril de 2007/ref Tradicionalment la gent d'Alaska, els sindicats i els interessos comercials recolzen les perforacions, mentre que els grups ecologistes i molta gent del [[Partit Demòcrata (Estats Units)|Partit Demòcrata]] s'hi oposen. Entre les tribus el suport es troba dividit.

== Referències ==
{{Referències|2}}

== Bibliografia ==
{{Commonscat|History of Alaska}}

* {{ref-llibre|autor=Afonsky, Bishop Gregory|any=1977|títol=A History of the Orthodox Church in Alaska, 1794-1917|editorial=St. Herman's Theological Seminary, Kodiak, AK|id=ASIN B0006CUQ42}}
* {{ref-llibre|autor=Andrews, C.L.|any=1944|títol=The Story of Alaska|editorial=The Caxton Printers, Ltd., Caldwell, OH}}
* Arnold, David F. ''The Fisherman's Frontier: People and Salmon in Southeast Alaska, by'' (2008)
* {{ref-llibre|autor=Black, Lydia T.|any=2004|títol=Russians in Alaska 1732-1867|editorial=University of Alaska Press, Fairbanks|isbn=1-889963-05-4}}
* {{ref-llibre|autor=Bolkhovitinov, Nikolai N., et al.|any=1997-1999|títol=Istoria Russkoi Ameriki (History of Russian America)|editorial=Mezhdunarodnye Otnosheniia, Moscow|isbn=5-7133-0883-9; 5-7133-0976-2; 5-7133-0987-8 }}
* {{ref-llibre|autor=Borneman, Walter R.|any=2003|títol=Alaska: A Narrative History|editorial=Harper-Collins, New York, NY|isbn=0-06-050306-8}}
* Campbell, Robert. ''In Darkest Alaska: Travel and Empire along the Inside Passage'' (2008)
* Chandonnet, Fern. ''Alaska at War, 1941-1945: The Forgotten War Remembered'' (2007) 
* {{ref-llibre|autor=Fedorova, Svetlana G., trans.  ed. by Richard A. Pierce and Alton S. Donnelly|any=1973|títol=The Russian Population in Alaska and California: Late 18th Century - 1867|editorial=Limestone Press, Kingston, Ontario|isbn=0-919642-53-5}}
* Grinëv, Andrei. V., and Richard L. Bland. A Brief Survey of the Russian Historiography of Russian America of Recent Years, ''Pacific Historical Review,'' May 2010, Vol. 79 Issue 2, pp 265–278
* {{ref-llibre|autor=Gruening, Ernest|any=1967|títol=The Battle for Alaska Statehood|editorial=University of Alaska Press, Fairbanks|isbn=0-912006-12-9}}
* {{ref-llibre|autor=Gruening, Ernest|any=1954|títol=The State of Alaska|editorial=Random House, New York|id=ASIN B0006ATTII}}
* {{ref-llibre|autor=Haycox, Stephen|any=2002|títol=Alaska: An American Colony|editorial=University of Washington Press, Seattle, WA|isbn=0-295-98249-7}}
* {{ref-llibre|autor=Kobtzeff, Oleg|any=1985|títol=La Colonisation russe en Amérique du Nord: 18 - 19 ème siècles (Russian Colonization in North-America, 18th-19th Centuries)|editorial=Department of Slavic History, University of Panthéon-Sorbonne (Paris 1), Paris, France}}
* McBeath, Jerry et al. ''The Political Economy of Oil in Alaska: Multinationals vs. the State'' (2008)
* {{ref-llibre|autor=Naske, Claus-M and Herman E. Slotnick|any=2003|títol=Alaska: A History of the 49th State|editorial=University of Oklahoma Press, Norman, OK|isbn=0-8061-2099-1}}
* {{ref-llibre|autor=Nordlander, David J.|any=1994|títol=For God  Tsar: A Brief History of Russian America 1741 - 1867|editorial=Alaska Natural History Association, Anchorage, AL|isbn=0-930931-15-7}}
* {{ref-llibre|autor=Wharton, David|any=1991|títol=They Don't Speak Russian in Sitka: A New Look at the History of Southern Alaska|editorial=Markgraf Publications Group, Menlo Park, CA|isbn=0-944109-08-X}}
* Williams, Maria Shaa Tláa, eds. ''The Alaska Native Reader: History, Culture, Politics'' (Durham: Duke University Press, 2009. xxii, 387 pp.) ISBN 978-0-8223-4480-3
{{Alaska}}


{{ORDENA:Historia D'Alaska}}	!--ORDENA generat per bot--
[[Categoria:Història d'Alaska| ]]</text>
      <sha1>crx6jdnr49elqohlkyvs3vn94tibt7w</sha1>
      <model>wikitext</model>
      <format>text/x-wiki</format>
    </revision>
  </page>