<page>
    <title>Friedrich Olbricht</title>
    <ns>0</ns>
    <id>1040822</id>
    <revision>
      <id>13815883</id>
      <parentid>13131364</parentid>
      <timestamp>2014-07-13T22:07:05Z</timestamp>
      <contributor>
        <username>PereBot</username>
        <id>118448</id>
      </contributor>
      <minor></minor>
      <comment>Robot inserta {{Autoritat}}</comment>
      <text>{{Infotaula biografia militar 
| name                = Friedrich Olbricht
| image               = [[Fitxer:Bundesarchiv Bild 146-1981-072-61, Friedrich Olbricht.jpg|200px|Friedrich Olbricht]]
| caption             = Friedrich Olbricht
| born                = {{Data naixement|1888|10|4}} 
| died                = {{Data defunció i edat|1944|07|21|1888|10|4}} 
| placeofbirth        = [[Leisnig]], [[Alemanya]] {{Bandera|GER}}
| placeofdeath        = [[Berlín]], [[Allemanya]] {{Bandera|GER}}
| placeofburial       = 
| placeofburial_label = 
| nickname            = 
| allegiance          = [[Fitxer:Flag of the German Empire.svg|20px|Imperi Alemany]]nbsp;[[Imperi alemany]]br / [[Fitxer:Flag of Germany.svg|20px|Alemanya]]nbsp;[[República de Weimar]]br / [[Fitxer:Flag of Germany 1933.svg|border|20px|Alemanya nazi]]nbsp;[[Tercer Reich]]br / [[Fitxer:Proposed German National Flag 1944.svg|border|20px|Resistència alemanya]] [[Résistance allemande au nazisme|Resistència alemanya]]
| branch              = [[Fitxer:War Ensign of Germany 1903-1918.svg|20px|Exèrcit Alemany]][[Deutsches Heer]]br /[[Fitxer:Flag of Weimar Republic (war).svg|20px|Exèrcit de la República de Weimar]] [[Reichswehr]]br /[[Fitxer:Balkenkreuz.svg|16px|Wehrmacht]] [[Wehrmacht]], [[Heer (armée)|Heer]]
| serviceyears        = [[1907-1944]]
| rank                = [[General d'Infanteria]] [[Fitxer:Rank insignia of Generaloberst of the Wehrmacht v.svg|24px|center|General d'Infanteria]]
| unit                = 
| commands            = 
| battles             = 
| awards              = 
| relations           = 
| laterwork           = 
}}
'''Friedrich Olbricht''' ([[4 d'octubre]] [[1888]] - [[21 de juliol]] [[1944]]) va ser un [[general]] [[Alemanya | alemany]], implicat en l'intent de [[cop d'Estat]] fet el [[Complot del 20 de juliol | 20 juliol 1944]].

== Vida ==
Olbricht va néixer a [[Leisnig]], [[Saxònia]], fill d'un professor de matemàtiques, Richard Olbricht. Finalitzat l'Institut (Gymnasium) i el seu any preuniversitari (Abitur) el 1907, Olbricht es va unir al regiment d'infanteria 106 a [[Leipzig]] com a alferes. Va lluitar en la [[Primera Guerra Mundial]] de 1914 a 1918 i com a capità es va enquadrar en el [[Reichswehr]], l'exèrcit de l'Alemanya de postguerra, notablement reduït sobre la base del Tractat de Versalles de 1919.

Olbricht es va casar amb Eva Koeppel, amb qui va tenir un fill i una filla.

La desconfiança d'Olbricht cap als nazis es va afermar primerencament, sobretot a partir del [[Putsch de Munic]] de 1923, quan es va alinear amb [[Hans Oster]], [[Erwin von Witzleben]] i [[Georg Thomas]], qui es van distanciar del puixant moviment nacional-socialista, preocupats per l'atractiu que els nazis tenien per a molts militars.  

[[Fitxer:Bundesarchiv Bild 183-R66036, Friedrich Olbricht.jpg|thumbnail|dreta|Friedrich Olbricht, el 1938]]

El 1926 Olbricht es va incorporar al Ministeri de Defensa com a encarregat del Bureau d'Exèrcits Estrangers. El 1933 va passar a ser cap de l'estat major de la Divisió Dresden.

El 1934, durant els esdeveniments de la [[Nit dels ganivets llargs]], Olbricht va aconseguir salvar la vida a diversos homes assignant-los tasques militar-polítiques sota protecció de l'Exèrcit. Havien estat arrestats i haguessin estat assassinats en breu.

En 1935 va estar marcat pel nomenament d'Olbricht com a cap d'estat major del Quart Cos d'Exèrcit estacionat a [[Dresden]]. El 1938 se li va encarregar comandar la 24 Divisió d'Infanteria. Aquest mateix any va intercedir per la rehabilitació de [[Werner von Fritsch]], el comandant en cap de l'[[OKH | Alt comandament de l'Exèrcit de Terra]] (Oberkomando donis Heeres) que havia caigut en desgràcia com a resultat d'haver estat acusat d'homosexual (veure [[Escàndol Blomberg-Fritsch]]).



Quan la [[Segona Guerra Mundial]] va esclatar, Olbricht va comandar la 24 Divisió d'Infanteria durant la [[invasió de Polònia]]. Va manar la divisió des del front, fins i tot creant en una ocasió una improvisada unitat motoritzada carregant tropes en el seu cotxe, de manera que es poguessin enllaçar endavant i assegurar els ponts importants abans que fossin volats per l'enemic. Per la seva valentia i lideratge dinàmic de tropes, va ser condecorat amb la [[Creu de Cavaller de la Creu de Ferro]]. El 15 de febrer de 1940, Olbricht va ser ascendit a general d'infanteria. Se li va nomenar Cap de l'Oficina general de l'Exèrcit de Terra (Allgemeines Heeresamt). A més va ser fet Cap de l'Oficina de reclutament de les forces armades (Wehrersatzamt) al [[OKW | Oberkomando der Wehrmacht]], l'Alt comandament de les forces armades.

L'hivern del 1941-1942, Olbricht va idear l'[[Operació Valkiria]], un pla de l'Estat major per sufocar disturbis interns, però que de fet es podia considerar un pla detallat per donar un cop d'estat. Conjuntament amb els cercles de la resistència formats al voltant del Coronel General [[Ludwig Beck]], de [[Carl Friedrich Goerdeler]] i del General Major [[Henning von Tresckow]], va treballar per trobar la manera d'assassinar [[Adolf Hitler | Hitler]] i utilitzar Operació Valkiria per acabar amb el règim nazi. El 1943 va sol·licitar el trasllat a la seva oficina de [[Claus von Stauffenberg]], qui després seria l'executor del [[Complot del 20 de juliol | intent d'atemptat del 20 juliol 1944]].
 
El 20 de juliol de 1944, Olbricht i el coronel [[Albrecht Mertz von Quirnheim]], van iniciar l'Operació Valkiria amb la mobilització de l'exèrcit de reserva (Ersatzheer), però després que es va saber que la bomba col·locada per Stauffenberg no havia matat a Hitler, el pla de prendre els llocs clau de Berlín utilitzant tropes de l'exèrcit de reserva va començar a fallar. El govern va ser capaç de recuperar el control usant tropes lleials en poques hores.

A les nou de la nit, Olbricht va ser arrestat en la seva caserna del [[Bendlerblock]] per soldats de la guarnició berlinesa.

Aquesta nit, el Coronel general [[Friedrich Fromm]], suposadament per cobrir, celebrar un sumaríssim consell de guerra pel qual es va condemnar als capitosts del cop. Olbricht, Albrecht Mertz von Quirnheim, [[Werner von Haeften]] i Claus von Stauffenberg van ser trets al pati i executats per un escamot d'afusellament, contrariant així les ordres d'Hitler de mantenir als colpistes amb vida.

== Condecoracions ==
* [[Creu de ferro | Creu de ferro de segona classe 1914]]
* [[Creu de ferro | Creu de ferro de primera classe 1914]]
* [[Creu de ferro | Fermall per a la Creu de ferro de segona classe 1914]]
* [[Creu de ferro | Fermall per a la Creu de ferro de primera classe 1914]]
* [[Creu de Cavaller de la Creu de Ferro]]

== Bibliografia ==
{{Commonscat|Friedrich Olbricht }}

* Friedrich Georgi,'' Soldat im Widerstand. General der Infanterie Friedrich Olbricht'', 2. Aufl., Berlin o. Hamburg 1989 (ISBN 3-489-50134-9)
* Helena P. Page,'' General Friedrich Olbricht. Ein Mann des 20. Juli'', 2. Aufl., Bonn o. Berlin 1994 (ISBN 3-416-02514-8).
* [Http://www.dhm.de/lemo/forum/kollektives_gedaechtnis/103/index.html Informe del gendre d'Olbricht Friedrich Georgi] sobre la xerrada del 20 de juliol just abans de ser arrestat, en la qual Olbricht va explicar el seu motivacions.
{{Autoritat}}
[[Categoria:Generals alemanys]]</text>
      <sha1>4b2kxmx2pul9lgivm2ki4bk8kqcmnpp</sha1>
      <model>wikitext</model>
      <format>text/x-wiki</format>
    </revision>
  </page>