<page>
    <title>Declaració d'Independència de Lituània</title>
    <ns>0</ns>
    <id>1041776</id>
    <revision>
      <id>13645852</id>
      <parentid>13628267</parentid>
      <timestamp>2014-06-23T07:27:00Z</timestamp>
      <contributor>
        <username>Langtoolbot</username>
        <id>128552</id>
      </contributor>
      <minor></minor>
      <comment>Correcció tipogràfica: espais sobrants</comment>
      <text>[[Fitxer:Nepriklausomybes aktas.gif|thumb|250px|Exemplar de la Declaració del 16 de Febrer, amb la qual es va proclamar, novament, la independència d'una Lituània amb un govern sobirà i democràtic.]]

La '''Declaració d'Independència de Lituània''' (en [[lituà]] ''Lietuvos Nepriklausomybės Aktas'') o '''declaració del 16 de febrer''' va ser signada pel Consell de [[Lituània]] el 16 de [[febrer]] de [[1918]].ref {{cita libro |apellidos= |nombre= |autor= |enlaceautor= |coautores= |editor= |otros= |título= Lituania... La república|url= |formato= |fechaacceso= |añoacceso= |mesacceso= |edición= |volumen= Ed. I|fecha= |año= |mes= |editorial= Ministerio de Asuntos Exteriores y Coperación|ubicación= Espanya|idioma= castellà|isbn= |id= |páginas= 7|capítulo= Cap. 1|urlcapítulo= |cita= }}/ref Mitjançant aquesta declaració es proclamava la restauració d'una Lituània sobirana i democràtica, amb capital a [[Vílnius]]. La declaració va ser signada pels [[signataris de la Declaració d'Independència de Lituània|20 signataris]] presents a la reunió,ref name=JonasRev / presidida por [[Jonas Basanavičius]].ref name=JonasRev {{ref-web |url= http://www.combusem.com/LITUANIA.HTM|títol= Breve reseña de la Historia de Lituania|consulta=8 d'octubre de 2009 |editor= Combusem|lloc= Colòmbia|página= Párrafo 20-33|llengua= castellà}}/ref La declaració va ser el resultat final d'un seguit de resolucions internacionals, incloent-hi l'emesa per la [[Conferència de Vílnius]] i la declaració del 8 de gener. Fins a la declaració, el camí que es va haver de seguir va ser llarg i complex, ja que l'[[Imperi alemany]] no va deixar de pressionar en cap moment al consell amb la finalitat de formar una aliança. El consell va haver de maniobrar amb cura entre els [[Imperi Alemany|alemanys]], les tropes dels quals estaven presents a [[Lituània]], i les exigències del poble lituà.

Els efectes immediats de l'anunci de la restauració de Lituània van ser limitats. Les autoritats alemanyes van prohibir la seva sortida a la llum, de manera que el text es va publicar i distribuir de forma clandestina. Això va obstaculitzar el progrés del consell, i els alemanys van mantenir el control sobre el país.ref Name=Council / La situació canviaria després de la derrota alemanya en la [[Primera Guerra Mundial]]. El [[novembre]] de [[1918]] els lituans van formar el seu primer govern,ref name=JonasRev / i el [[Consell de Lituània]] prengué el control sobre el territori de Lituània.ref Vardys, Vytas Stanley. Lithuania: The Rebel Nation. pp. 22-23. /ref Tot i que aviat hauria d'[[Guerres d'Independència de Lituània|enfrontar-se amb múltiples conflictes]], la Independència de Lituània es va fer realitat.

Per bé que la declaració original s'ha perdut, el seu llegat persisteix. Aquesta breu declaració és l'arrel legal de l'existència de Lituània a hores d'ara, tant durant el [[període d'entreguerres]] com des del [[1990]].ref Name=Maksimaitis Maksimaitis, Mindaugas. Lietuvos valstybes konstituciju istorija (XX a. pirmoji puse). Vilnius: pp. 36-44. /ref La declaració va formular els principis bàsics que han seguit totes i cadascuna de les [[Constitució|constitucions]] de Lituània. La declaració per si sola va ser la clau per al [[Declaració de Restabliment de la Independència de l'Estat de Lituània|restabliment de la independència]] el [[1990]].ref name=JonasRev /ref name=Akto {{ref-web |url= http://www.voruta.lt/article.php?article=726|títol= Vasario 16-osios Akto reikšme lietuviu tautos politinei raidai|consulta=9 de setembre del 2009 |autor= Antanas Tyla|editor= Voruta|llengua= lituà}} {{enllaç no actiu|data=novembre de 2013}}/ref Lituània, en separar-se de la [[Unió Soviètica]], va afirmar que només es restablia formalment l'[[Estat]] independent dels [[dècada del 1920|anys vint]], ja que la declaració mai no havia perdut la seva validesa legal.ref name=JonasRev /ref name=Seimas {{ref-web |url= http://www3.lrs.lt/seimu_istorija/w3_viewer.ViewTheme-p_int_tv_id=281p_kalb_id=2p_org=0.htm|títol= Supreme Council - Reconstituent Seimas 1990–1992|consulta=8 de novembre del 2012|autor= Seimas|llengua= anglès}}/ref A més, aquells que van participar en la signatura del document van quedar gravats en la memòria del poble lituà, sobretot [[Antanas Smetona]] i [[Aleksandras Stulginskis]]. Tots dos van ser amb posterioritat [[President de Lituània|presidents d'aquesta nació]].ref Name=JonasRev / 

== Antecedents ==
{{AP|Consell de Lituània}}
[[Fitxer:Signatarai.Signatories of Lithuania.jpg|thumb|left|250px|Els 20 membres del Consell de Lituània després de signar la Declaració del [[16 de febrer]] de [[1918]].]]
Després de la [[Particions de Polònia|Partició de Polònia-Lituània]] el 1795, Lituània va ser annexada per l'[[Imperi Rus]].ref Grenoble, Lenore. Language Policy in the Soviet Union. pp. 104. /ref Durant el [[segle XIX]], lituans i polonesos van tractar de restaurar la seva independència. Ho van intentar amb els aixecaments de [[Revolta polonesa del 1830|novembre de 1830]] i [[Aixecament de gener|gener de 1863]], però la primera oportunitat amb possibilitats de triomfar es va presentar durant la [[Primera Guerra Mundial]], amb el debilitament d'[[Imperi alemany|Alemanya]] i [[Imperi Rus|Rússia]].

En [[1915]], Alemanya prengué el control d'alguns territoris occidentals de Rússia. Després de la [[Revolució russa de 1917]], Alemanya va donar forma a ''[[Mitteleuropa]]'', una estratègia geopolítica basada en la creació de [[govern titella|governs titelles]] que servissin de zones d'amortiment, i permetre la [[Conferència de Vílnius]], tot esperant que Lituània expressés els seus desitjos d'independitzar-se de Rússia i establís una relació més propera amb Alemanya.ref name=Council Council of Lithuania. Encyclopedia Lituanica I. (1970–1978). Ed. Simas Sužiedelis. Boston, Massachusetts: Juozas Kapocius. 581–585. 74-114275./ref No obstant això, aquesta estratègia va fracassar. Laa conferència, organitzada del 18 al 22 de [[setembre]] de [[1917]], va adoptar la resolució que s'havia establir una Lituània independent, i que una relació propera amb Alemanya estaria supeditada al reconeixement formal de Lituània com a nou Estat.ref name=Kulikauskiene Kulikauskiene, Lina. Lietuvos istorijos vadovelis/1917 metu Lietuvos Taryba. Vilnius./ref El [[21 de setembre]], els 214 assistents a la conferència van formar un consell de 20 membres perquè materialitzessin la [[Resolució (Dret Internacional)|resolució]].ref {{ref-web |url= http://web.archive.org/web/20070506063343/www.patriotas.lt/2002-1vas.htm|títol= Kelio i Vasario 16-taja pradžia ir vyriausybes sudarymas|consulta=9 de setembre del 2009 |autor= Jusaitis, Jonas|editor= Patriotas|llengua= lituà}}/ref Les autoritats alemanyes no van permetre la seva publicació, però van deixar que el consell continués amb la seva tasca.ref name = Council / La Conferència de Vílnius també va resoldre que havia de ser escollida una [[assemblea constituent]] per votació popular al més aviat possible.

== El camí a la Declaració del 16 de febrer ==
=== Declaració de l'11 de desembre ===
La declaració de l'11 de desembre va ser el segon pas en el camí cap a la declaració d'independència. L'esborrany inicial, a petició del [[Canceller d'Alemanya|canceller]] [[Georg von Hertling]], va ser elaborat pel Ministeri Alemany de Relacions Exteriors de l'1 de desembre.ref name=Eidintas2000 Eidintas, Alfonsas; Vytautas Žalys, Alfred Erich Senn (septiembre de 1999). Chapter 1: Restoration of the State. a Ed. Edvardas Tuskenis. Lithuania in European Politics: The Years of the First Republic, 1918–1940 (Ed. llibre de butxaca). Nova York: St. Martin's Press. pp. 24–31. ISBN 0-312-22458-3./ref  Es van dur a terme canvis subseqüents conjuntament entre la cancelleria alemanya i una delegació del Consell de Lituània. Aquesta delegació la formaven [[Antanas Smetona]], [[Steponas Kairys]], [[Vladas Mironas]], [[Jurgis Šaulys]], [[Petras Klimas]] i [[Aleksandras Stulginskis]].ref name=Klimavičius2000 Klimavičius, Raimundas (17-2-2004). [http://www.ceeol.com/aspx/getdocument.aspx?logid=5id=8e57bf2c-f20c-494d-8b04-9bfedd6a3fbd Vasario 16-osios aktas: teksto formavimo šaltiniai ir autorystės problema]. History. A Collection of Lithuanian Universities' Research Papers (Universitat Pedagògica de Vílnius) (59–60): 57–66./ref Després de discussions entre les faccions, finalment ambdues parts van arribar al consens. El representant alemany [[Kurt von Lersner]] va insistir que s'hauria de respectar el text intacte, i va demanar que tot el consell signés el document.ref Name=Klimavičius2000 / 

Després que la delegació va tornar a [[Vílnius]], es va dur a terme una reunió del consell l'[[11 de desembre]] amb la finalitat de discutir la declaració, la qual va ser acceptada sense reserves ni variacions. Quinze membres van votar a favor, tres en contra, un es va abstenir, i un no va participar.ref Name=Klimavičius2000 / No està clar si els vint van signar la declaració.ref Name=Klimavičius2000 / El document estava escrit en alemany, i sembla que no es va preveure una traducció oficial al lituà. Per això les diferents fonts varien una mica respecte a la traducció. La declaració de l'11 de desembre proclamava la independència de [[Lituània]], però també sol·licitava la protecció del Govern alemany (Clàusula 2a), així com l'establiment de una aliança sòlida i permanent amb Alemanya.ref name = Kulikauskiene / Com que la declaració especificava que els termes de l'Aliança estarien basats en aspectes militars, de transports, de comerç i divises, molts lituans van pensar que el consell s'havia extralimitat en les seves funcions: la resolució de setembre adoptada per la [[Conferència de Vílnius]] havia establert que aquests assumptes d'Estat eren responsabilitat de l'assemblea constituent.ref name=Eidintas2000 / 

=== Declaració del 8 de gener ===
[[Fitxer:Jonas Basanavicius (1851-1927).jpg|thumb|200px|[[Jonas Basanavičius]], president del consell que va signar la Declaració del 16 de febrer.]]
Quan van començar les [[Tractat de Brest-Litovsk|converses de pau]] entre Alemanya i Rússia el 1918, les autoritats alemanyes van encarregar als representants lituans preparar dues notificacions d'independència: una destinada als russos, en la qual es condemnaria la influència russa sobre Lituània i s'ometria la clàusula de l'aliança amb Alemanya, i una altra per a Alemanya, en la pràctica una còpia de la declaració de l'11 de desembre.ref name=Kulikauskiene / El consell va decidir modificar la primera part de la declaració: [[Petras Klimas]] va incloure una frase que donava inici a la formació de l'assemblea constituent.ref name=Skirius20003 Skirius, Juozas (2003). [http://mkp.emokykla.lt/gimtoji/?id=1012 Lietuvos istorijos vadovėlis/Lietuvos nepriklausomybės akto paskelbimas]. Vilnius: Elektroninės leidybos namai. ISBN 9986-9216-9-4./ref Un altre canvi important va ser l'especificació que el nou Estat es fundaria sota principis estrictament democràtics,ref name=Kulikauskiene / una cosa que es va acordar en la [[Conferència de Vílnius]] però es va ometre en la declaració.ref name=Kirvelis2001 Kirvelis, Dobilas (2001). [http://ausis.gf.vu.lt/mg/nr/2001/12/12v.html Jonas Vileišis ir Vasario 16-osios Aktas]. Mokslas ir gyvenimas 12 (528)./ref La clàusula relativa a una aliança sòlida i permanent amb Alemanya va ser completament eliminada.ref Name=Skirius20003 / La versió final va ser aprovada el [[8 de gener]] de [[1918]], el mateix dia en què el [[President dels Estats Units]] [[Woodrow Wilson]] va presentar els seus [[Catorze punts de Wilson|Catorze Punts]]. En essència, la declaració del 8 de gener no es diferenciava de la declaració del 16 de febrer.ref Name=Kirvelis2001 / 

No obstant això, l'[[Ober-Ost]] (l'administració militar alemanya), va rebutjar els canvis. El [[26 de gener]], d'acord amb allò pactat, van ser aprovades les dues versions de la notificació, i no es van incloure els canvis del 8 de gener;ref name=Skirius20003 / els textos es van preparar amb base a la declaració de l'11 de desembre i les concessions a Alemanya van ser motiu de tensions entre els membres del consell.ref name=Gerutis1984 Gerutis, Albertas (1984). Independent Lithuania. a Ed. Albertas Gerutis. Lithuania: 700 Years. Traduït per Algirdas Budreckis (6a ed.). Nova York: Manyland Books. pp. 151–162. LCC [http://catalog.loc.gov/cgi-bin/Pwebrecon.cgi?Search_Arg=75-80057Search_Code=CALL_CNT=5 75-80057]. ISBN 0-87141-028-1./ref Quatre membres ([[Mykolas Biržiška]], [[Steponas Kairys]], [[Stanislovas Narutavičius]] i [[Jonas Vileišis]]) van abandonar el consell en senyal de desacord.ref name=Eidintas2000 / El president del consell, [[Antanas Smetona]], que havia donat suport a la declaració de l'11 de desembre, va dimitir.ref name=Kirvelis2001 / [[Jonas Basanavičius]], que amb el temps seria considerat el pare de la pàtria, el va succeir en el càrrec.ref Nezabitauskas, Adolfas (1990). Jonas Basanavičius. Vilnius: Vaga. pp. 6. ISBN 5-415-00640-0. /ref 

=== Declaració del 16 de febrer ===
Alemanya no va reconèixer a Lituània com a estat independent, i la delegació lituana no va ser convidada a les [[Tractat de Brest-Litovsk | negociacions de Brest-Litovsk]], que van començar el [[22 de desembre]] de [[1917]] entre les [[Potències Centrals]] i [[Imperi Rus|Rússia]] amb l'objectiu de satisfer les reclamacions territorials.ref name=Gerutis1984 / Durant la primera i única reunió que van mantenir el consell i les autoritats alemanyes, va quedar palès que el consell lituà només seria un òrgan consultiu.ref name=Skirius20003 / Això va reforçar internament la posició d'aquells membres del consell que optaven per la independència sense lligams amb altres països. A hores d'ara, l'objectiu principal era portar de tornada a aquells membres que havien abandonat el consell. Diverses negociacions posteriors van portar a la reformulació de les versions prèvies de la declaració.

Els quatre membres que havien abandonat el consell van demanar que es reprengués la declaració del 8 de gener i s'ometés l'aliança amb Alemanya.ref Name=Kulikauskiene / Després debats acalorats que es van estendre durant setmanes, el [[15 de febrer]], a les deu del matí, la nova revisió de la declaració va quedar enllestida. Incloïa, amb alguns canvis estilístics menors, els continguts de la declaració del 8 de gener i la seva promulgació i notificació l'1 de febrer. La promulgació i notificació no tenien un pes legal i no van canviar el significat del document.ref Name=Kulikauskiene / El consell, incloent-hi els membres que havien renunciat, va ser convidat a tornar l'endemà d'acabar la declaració. El [[16 de febrer]] de [[1918]], a dos quarts d'una del migdia, els vint membres del consell es van reunir al saló del Comitè Lituà d'Ajuda a les Víctimes de Guerra, al número 30 del [[carrer Pilies|carrer Didzioji]] de Vílnius,ref name=Skirius20003 / en un edifici conegut des de llavors com a [[Casa dels Signataris]].ref name = Skirius20003/ El consell, en primer lloc, va votar per aprovar la primera part de la declaració, els dos primers paràgrafs, fins a la paraula'' drauge'', per unanimitat.ref name=Maksimaitis / La segona part, però, no va ser recolzada pels quatre membres dissidents perquè no estaven d'acord amb l'expressió'' finalment'', que descrivia els deures de l'Assemblea Constituent (a [...] ''la fundació de l'Estat Lituà i les seves relacions amb altres països serà finalment establerta per l'Assemblea Constituent [...] '').ref name=Maksimaitis / Temien que aquesta expressió fos un pretext del consell per usurpar els poders de l'[[assemblea constituent]], mentre que la majoria sostenia que només es pretenia deixar constància del sentit inapel·lable i innegociable de les futures decisions de l'Assemblea.ref name=Kulikauskiene / Per tant, la declaració va ser aprovada en bloc però sense el suport incondicional dels vint membres.ref name=Maksimaitis / 

== Contingut final de la declaració ==

{| border=0 style=font-size:85% width=100%
|-
! Línia
!colspan=2| Text originalref {{ref-web |url=http://viduramziu.istorija.net/etno/vasario16.htm 
|títol=Nutarimas|consulta=9 de novembre del 2012|editorial=Medieval Lithuania|any=2005}}/ref 
!colspan=2| Traducció al català
|-
| 1 
|colspan=2| center NUTARIMAS/center 
|colspan=2| center RESOLUCIÓ/center 
|-
| style=background:gold| 2 
|colspan=2| Lietuvos Taryba savo posėdyje vasario 16 d. 1918 m. vienu balsu nu- 
|colspan=2| El Consell de Lituània en la sessió del 16 febrer 1918 va decidir per unanimitat
|-
| style=background:gold| 3 
|colspan=2| tarė kreiptis: į Rusijos, Vokietijos ir kitų valstybių vyriausybės šiuo 
|colspan=2| adreçar-se als governs de Rússia, Alemanya i altres estats amb la següent
|-
| style=background:gold| 4 
|colspan=2| pareiškimu: 
|colspan=2| declaració:
|-
| style=background:goldenrod| 5 
|colspan=2| Lietuvos Taryba, kaipo vienintelė lietuvių tautos atstovybė, remdamos 
|colspan=2| El Consell de Lituània, com a únic representant de la nació lituana, basat en
|-
| style=background:goldenrod| 6 
|colspan=2| pripažintaja tautų apsisprendimo teise ir lietuvių Vilniaus konferencijos 
|colspan=2| el [[Autodeterminació|dret reconegut dels pobles a la lliure determinació]], i en la resolució de la Conferència de Vílnius
|-
| style=background:goldenrod| 7 
|colspan=2| nutarimu rugsėjo mėn. 18–23 d. 1917 metais, skelbia atstatanti nepriklau- 
|colspan=2| del 18 al 23 de setembre de 1917, proclama la restauració de l'estat independent 
|-
| style=background:goldenrod| 8 
|colspan=2| somą demokratiniais pamatais sutvarkytą Lietuvos valstybę su sostine 
|colspan=2| de Lituània, fonamentat en principis democràtics, i amb [[Vílnius]] com la seva capital,
|-
| style=background:goldenrod| 9 
|colspan=2| Vilniuje ir tą valstybę atskirianti nuo visų valstybinių ryšių, kurie 
|colspan=2| i declara la terminació de tots els llaços estatals que anteriorment
|-
| style=background:goldenrod| 10 
|colspan=2| yra buvę su kitomis tautomis. 
|colspan=2| han vinculat aquest Estat amb altres nacions.
|-
| style=background:orange| 11 
|colspan=2| Drauge Lietuvos Taryba pareiškia, kad Lietuvos valstybės pama- 
|colspan=2| El Consell de Lituània declara que la fundació de l'Estat de Lituània i
|-
| style=background:orange| 12 
|colspan=2| tus ir jos santykius su kitomis valstybėmis privalo galutinai nustatyti 
|colspan=2| les seves relacions amb altres països serà finalment determinat per
|-
| style=background:orange| 13 
|colspan=2| kiek galima graičiau sušauktas steigiamasis seimas, demokratiniu budu 
|colspan=2| l'[[Assemblea Constituent de Lituània|Assemblea Constituent]], que serà convocada i al més aviat possible elegida democràticament 
|-
| style=background:orange| 14 
|colspan=2| visų jos gyventojų išrinktas.
|colspan=2| per tots els seus ciutadans.
|-
| style=background:lightsalmon| 15 
|colspan=2| Lietuvos Taryba pranešdama apie tai..................... 
|colspan=2| El Consell de Lituània, havent informat al Govern de [.....................] a aquest efecte
|-
| style=background:lightsalmon| 16 
|colspan=2| vyriausybei, prašo pripažinti nepriklausomą Lietuvos valstybę.
|colspan=2| sol·licita el reconeixement de l'Estat independent de Lituània.
|-
| nbsp;
|-
| style=background:peru| 17 
|
| Dr. Jonas Basanavičius
|
| Dr. [[Jonas Basanavičius]]
|-
| style=background:peru| 18 
| 
| Saliamonas Banaitis
| 
| [[Saliamonas Banaitis]]
|-
| style=background:peru| 19 
| 
| Mykolas Biržiška
| 
| [[Mykolas Biržiška]]
|-
| style=background:peru| 20 
| Vilniuje, vasario 16 d. 1918 m.
| Kazys Bizauskas
| [[Vílnius]], a 16 de febrer de 1918
| [[Kazys Bizauskas]]
|-
| style=background:peru| 21
| 
| Pranas Dovydaitis
| 
| [[Pranas Dovydaitis]]
|-
| style=background:peru| 22 
| Jurgis Šaulys
| Steponas Kairys
| [[Jurgis Šaulys]]
| [[Steponas Kairys]]
|-
| style=background:peru| 23
| Jokūbas Šernas
| Petras Klimas
| [[Jokūbas Šernas]]
| [[Petras Klimas]]
|-
| style=background:peru| 24 
| Antanas Smetona
| Donatas Malinauskas
| [[Antanas Smetona]]
| [[Donatas Malinauskas]]
|-
| style=background:peru| 25 
| Jonas Smilgevičius
| Vladas Mironas
| [[Jonas Smilgevičius]]
| [[Vladas Mironas]]
|-
| style=background:peru| 26
| Justinas Staugaitis
| Stanislovas Narutavičius
| [[Justinas Staugaitis]]
| [[Stanislovas Narutavičius]]
|-
| style=background:peru| 27 
| Aleksandras Stulginskis
| Alfonsas Petrulis
| [[Aleksandras Stulginskis]]
| [[Alfonsas Petrulis]]
|-
| style=background:peru| 28 
| Jonas Vailokaitis
| Kazimieras Steponas Šaulys
| [[Jonas Vailokaitis]]
| [[Kazimieras Steponas Šaulys]]
|-
| style=background:peru| 29 
| Jonas Vileišis
| 
| [[Jonas Vileišis]]
|
|}

== El camí a la declaració: representació gràfica ==
{| width=100% style=text-align:center; vertical-align:middle; cellspacing=0 cellpadding=0 border=0
|-
| 1 width=27% |
| 1a width=3%| nbsp;
| 2 width=7% |
| 3 width=7% |
| 4 width=7%|
| 5 width=7% colspan=2 rowspan=2 style=border:1px solid #aaa; bgcolor=orange | Part I
| 7 width=7% style=border-width: 0px 0px 1px 0px; border-style: solid; border-color:black;| nbsp;
| 8 width=7% style=border-width: 0px 0px 1px 0px; border-style: solid; border-color:black;| nbsp;
| 9 width=7% |
| 10 width=7%|
| 11 width=7%| nbsp;
|-
| 1 rowspan=2 bgcolor=lemonchiffon| '''Resolució de la Conferència de Vílniusbr / 18-22 de setembre de 1917'''
| 1a|
| 2 |
| 3 |
| 4 |
| 7 |
| 8 style=border-width: 0px 1px 0px 0px; border-style: solid; border-color:black;| nbsp;
|-
| 1a|
| 2 |
| 3 |
| 4 |
| 5 colspan=2 rowspan=2 style=border:1px solid #aaa; bgcolor=lemonchiffon | Part II
| 7 |
| 8 style=border-width: 0px 1px 0px 0px; border-style: solid; border-color:black;| nbsp;
|-
| 1 |
| 1a|
| 2 |
| 3 |
| 4 |
| 7 |
| 8 style=border-width: 0px 1px 0px 0px; border-style: solid; border-color:black;| nbsp; 
|-
| 1 height=30 |
| 1a|
| 2 |
| 3 |
| 4 |
| 5 |
| 6 width=7% |
| 7 |
| 8 style=border-width: 0px 1px 0px 0px; border-style: solid; border-color:black;| nbsp;
|-
| 1 |
| 1a|
| 2 |
| 3 style=border-width: 0px 0px 1px 0px; border-style: solid; border-color:black;| nbsp;
| 4 style=border-width: 0px 0px 1px 0px; border-style: solid; border-color:black;| nbsp;
| 5 colspan=2 rowspan=2 style=border:1px solid #aaa; bgcolor=goldenrod | Part I
| 7 |
| 8 style=border-width: 0px 1px 0px 0px; border-style: solid; border-color:black;| nbsp;
|-
| 1 rowspan=2 bgcolor=lemonchiffon | '''Declaració de l'11 de desembre de 1917'''
| 1a|
| 2 |
| 3 style=border-width: 0px 0px 0px 1px; border-style: solid; border-color:black;| nbsp;
| 4 |
| 7 |
| 8 style=border-width: 0px 1px 0px 0px; border-style: solid; border-color:black;| nbsp;
|-
| 1a|
| 2 |
| 3 style=border-width: 0px 0px 0px 1px; border-style: solid; border-color:black;| nbsp;
| 4 | 
| 5 colspan=2 rowspan=2 style=border:1px solid #aaa; bgcolor=lemonchiffon | Part II
| 7 | 
| 8 style=border-width: 0px 1px 0px 0px; border-style: solid; border-color:black;| nbsp;
|-
| 1 |
| 1a|
| 2 |
| 3 style=border-width: 0px 0px 0px 1px; border-style: solid; border-color:black;| nbsp;
| 4 |
| 7 |
| 8 style=border-width: 0px 1px 0px 0px; border-style: solid; border-color:black;| nbsp;
|-
| 1 |
| 1a|
| 2 |
| 3 style=border-width: 0px 0px 0px 1px; border-style: solid; border-color:black;| nbsp;
| 4 |
| 5 |
| 6 |
| 7 |
| 8 style=border-width: 0px 1px 0px 0px; border-style: solid; border-color:black;| nbsp;
|- 
| 1 height=40px | 
| 1a|
| 2 colspan=3 style=border:1px solid #aaa; bgcolor=floralwhite | Editada en sessió
| 5 |
| 6 |
| 7 colspan=3 style=border:1px solid #aaa; bgcolor=floralwhite | Editada per Petras Klimas
|-
| 1 |
| 1a| 
| 2 |
| 3 style=border-width: 0px 0px 1px 1px; border-style: solid; border-color:black;| nbsp;
| 4 style=border-width: 0px 0px 1px 0px; border-style: solid; border-color:black;| nbsp;
| 5 |
| 6 |
| 7 style=border-width: 0px 0px 1px 0px; border-style: solid; border-color:black;| nbsp;
| 8 style=border-width: 0px 1px 1px 0px; border-style: solid; border-color:black;| nbsp;
|-
| 1 |
| 1a|
| 2 |
| 3 |
| 4 style=border-width: 0px 1px 0px 0px; border-style: solid; border-color:black;| nbsp;
| 5 | 
| 6 |
| 7 style=border-width: 0px 0px 0px 1px; border-style: solid; border-color:black;| nbsp;
|-
| 1 bgcolor=lemonchiffon | '''Declaració del 8 de gener de 1918'''
| 1a|
| 2 |
| 3 |
| 4 colspan=2 style=border:1px solid #aaa; bgcolor=goldenrod | Disposició
| 6 colspan=2 style=border:1px solid #aaa; bgcolor=orange | Clàusula
|-
| 1 |
| 1a|
| 2 |
| 3 |
| 4 style=border-width: 0px 1px 0px 0px; border-style: solid; border-color:black;| nbsp;
| 5 |
| 6 |
| 7 style=border-width: 0px 0px 0px 1px; border-style: solid; border-color:black;| nbsp;
|-
| 1 height=40px |
| 1a|
| 2 |
| 3 colspan=6 style=border:1px solid #aaa; bgcolor=floralwhite | Editada per Steponas Kairys, Stanislovas Narutavičius, Jonas Vileišis
|-
| 1 |
| 1a|
| 2 |
| 3 style=border-width: 0px 1px 1px 0px; border-style: solid; border-color:black;| nbsp;
| 4 style=border-width: 0px 1px 0px 0px; border-style: solid; border-color:black;| nbsp;
| 5 |
| 6 style=border-width: 0px 1px 0px 0px; border-style: solid; border-color:black;| nbsp;
| 7 style=border-width: 0px 1px 0px 0px; border-style: solid; border-color:black;| nbsp;
| 8 style=border-width: 0px 0px 1px 0px; border-style: solid; border-color:black;| nbsp;
|-
| 1 |
| 1a|
| 2 style=border-width: 0px 1px 0px 0px; border-style: solid; border-color:black;| nbsp;
| 3 |
| 4 style=border-width: 0px 1px 0px 0px; border-style: solid; border-color:black;| nbsp;
| 5 |
| 6 style=border-width: 0px 1px 0px 0px; border-style: solid; border-color:black;| nbsp;
| 7 |
| 8 style=border-width: 0px 1px 0px 0px; border-style: solid; border-color:black;| nbsp;
|-
| 1 bgcolor=lemonchiffon | '''Esborrany de l'1 de febrer de 1918'''
| 1a|
| 2 colspan=2 style=border:1px solid #aaa; bgcolor=gold | Promulgació
| 4 colspan=2 style=border:1px solid #aaa; bgcolor=goldenrod | Disposició
| 6 colspan=2 style=border:1px solid #aaa; bgcolor=orange | Clàusula
| 8 colspan=2 style=border:1px solid #aaa; bgcolor=lightsalmon | Notificació
|-
| 1 |
| 1a|
| 2 style=border-width: 0px 1px 0px 0px; border-style: solid; border-color:black;| nbsp;
| 3 |
| 4 style=border-width: 0px 1px 0px 0px; border-style: solid; border-color:black;| nbsp;
| 5 |
| 6 style=border-width: 0px 1px 0px 0px; border-style: solid; border-color:black;| nbsp;
| 7 |
| 8 style=border-width: 0px 1px 0px 0px; border-style: solid; border-color:black;| nbsp;
|-
| 1 |
| 1a| 
| 2 colspan=8 style=border:1px solid #aaa; bgcolor=floralwhite height=40px| Edita pel consell i els quatre membres dimissionaris
|-
| 1 |
| 1a|
| 2 style=border-width: 0px 1px 0px 0px; border-style: solid; border-color:black;| nbsp;
| 3 |
| 4 style=border-width: 0px 1px 0px 0px; border-style: solid; border-color:black;| nbsp;
| 5 |
| 6 style=border-width: 0px 1px 0px 0px; border-style: solid; border-color:black;| nbsp;
| 7 |
| 8 style=border-width: 0px 1px 0px 0px; border-style: solid; border-color:black;| nbsp;
|-
| 1 bgcolor=lemonchiffon | '''Esborrany del 15 de febrer de 1918'''
| 1a|
| 2 colspan=2 style=border:1px solid #aaa; bgcolor=gold | Promulgació
| 4 colspan=2 style=border:1px solid #aaa; bgcolor=goldenrod | Disposició
| 6 colspan=2 style=border:1px solid #aaa; bgcolor=orange | Clàusula
| 8 colspan=2 style=border:1px solid #aaa; bgcolor=lightsalmon | Notificació
|-
| 1 |
| 1a|
| 2 style=border-width: 0px 1px 0px 0px; border-style: solid; border-color:black;| nbsp;
| 3 |
| 4 style=border-width: 0px 1px 0px 0px; border-style: solid; border-color:black;| nbsp;
| 5 |
| 6 style=border-width: 0px 1px 0px 0px; border-style: solid; border-color:black;| nbsp;
| 7 |
| 8 style=border-width: 0px 1px 0px 0px; border-style: solid; border-color:black;| nbsp;
|-
| 1 |
| 1a|
| 2 rowspan=2 colspan=4 style=border:1px solid #aaa; bgcolor=floralwhite | Editat per Petras Klimas 
| 6 style=border-width: 0px 1px 1px 0px; border-style: solid; border-color:black;| nbsp;
| 7 style=border-width: 0px 0px 1px 0px; border-style: solid; border-color:black;| nbsp;
| 8 style=border-width: 0px 1px 1px 0px; border-style: solid; border-color:black;| nbsp;
| 9 style=border-width: 0px 0px 1px 0px; border-style: solid; border-color:black;| nbsp;
| 10 style=border-width: 0px 0px 1px 0px; border-style: solid; border-color:black;| nbsp;
|-
| 1 |
| 1a|
| 6 style=border-width: 0px 1px 0px 0px; border-style: solid; border-color:black;| nbsp;
| 7 |
| 8 style=border-width: 0px 1px 0px 0px; border-style: solid; border-color:black;| nbsp;
| 9 |
| 10 style=border-width: 0px 1px 0px 0px; border-style: solid; border-color:black;| nbsp;
|-
| 1 |
| 1a|
| 2 style=border-width: 0px 1px 0px 0px; border-style: solid; border-color:black;| nbsp;
| 3 |
| 4 style=border-width: 0px 1px 0px 0px; border-style: solid; border-color:black;| nbsp;
| 5 |
| 6 style=border-width: 0px 1px 0px 0px; border-style: solid; border-color:black;| nbsp;
| 7 |
| 8 style=border-width: 0px 1px 0px 0px; border-style: solid; border-color:black;| nbsp;
| 9 |
| 10 style=border-width: 0px 1px 0px 0px; border-style: solid; border-color:black;| nbsp;
|-
| 1 bgcolor=lemonchiffon | '''Declaració d'Independència de Lituàniabr / Declaració del 16 de febrer de 1918 '''
| 1a|
| 2 colspan=2 style=border:1px solid #aaa; bgcolor=gold | Promulgació
| 4 colspan=2 style=border:1px solid #aaa; bgcolor=goldenrod | Disposició
| 6 colspan=2 style=border:1px solid #aaa; bgcolor=orange | Clàusula
| 8 colspan=2 style=border:1px solid #aaa; bgcolor=lightsalmon | Notificació
| 10 colspan=2 style=border:1px solid #aaa; bgcolor=peru | Rúbrica
|-
| nbsp;
|-
|}

== Conseqüències ==
=== Lituània ===
[[Fitxer:Lietuvos aidas independence.jpg|thumb|220px||thumb|220px|Portada del ''Lietuvos aidas'' amb la declaració. Gairebé totes les còpies van ser confiscades per Alemanya, a excepció de les que tenia guardades [[Petras Klimas]].]]
Poc després de la signatura, la declaració va ser portada a Alemanya i lliurada als partits del [[Reichstag]]. El [[18 de febrer]] la declaració va ser publicada a la premsa alemanya, a ''[[Das Neue Litauen]]'',''[[Vossische Zeitung]]'',''[[Taegliche Rundschau]]'' i'' [[Kreuzzeitung]]'', entre d'altres.ref name=Council / A Lituània també es va preparar la seva publicació a nivell nacional, especialment a través del'' [[Lietuvos aidas]]'', el diari oficial del consell, creat per [[Antanas Smetona]], però les autoritats alemanyes ho van prohibir. Encara que la majoria de les còpies van ser confiscades, l'editor del diari, [[Petras Klimas]], va aconseguir amagar seixanta exemplars.ref Name=Skirius20003 / Aquesta censura va significar que la distribució i la disseminació de l'acta fos il·legal a Lituània. 

El [[3 de març]] de [[1918]], Alemanya i la [[RSFS de Rússia|Rússia bolxevic]] van signar el [[Tractat de Brest-Litovsk]], amb la qual cosa Alemanya s'assegurava que els [[països bàltics]] quedaven sota la seva influència i Rússia perdia els seus drets sobre ells. El [[23 de març]], Alemanya va reconèixer la independència de Lituània sobre la base de la declaració de l'11 de desembre.ref Name=Council / Tanmateix, això no va canviar res ni a Lituània ni en l'estatus del consell: tots els esforços de formar una administració van ser entorpits.ref name=Gerutis1984 / La situació va canviar quan va esclatar a Alemanya la [[Revolució Alemanya|Revolució de Novembre]] i el país va ser derrotat en la guerra durant la tardor de 1918. Alemanya ja no estava en condicions d'imposar termes. El Consell de Lituània va adoptar una primera constitució provisional el [[2 de novembre]]. El govern va recaure sobre un Presídium de tres membres i [[Augustinas Voldemaras]] va ser convidat a formar el primer [[Gabinet]] de Ministres de Lituània.ref Name=Eidintas2000 / El primer govern es va formar l'[[11 de novembre]] de 1918 (el mateix dia que Alemanya va signar l'[[Armistici de Compiegne de 1918|armistici a Compiègne]]). Tot seguit, el consell va començar a organitzar un exèrcit, un cos de policia, les divisions territorials de províncies i municipis, i altres institucions. D'aquesta manera, la independència proclamada va ser establerta.

=== La declaració ===
Es van signar dues còpies de la declaració: l'original i un duplicat. L'original li va ser lliurada a Jonas Basanavičius perquè la guardés i protegís. L'original mai no va ser publicada ni utilitzada en assumptes públics. La seva existència va ser esmentada per primera vegada per la premsa en [[1933]], i el seu parador actual es desconeix.ref name=Lietuvos [http://www.lnm.lt/index.php?option=com_contenttask=viewid=64Itemid=100 1918 m. vasario 16 d. Lietuvos nepriklausomybės akto pasirašymas]. Naujausių laikų Lietuvos valstybingumo istorija. National Museum of Lithuania./ref El duplicat va ser utilitzat de forma habitual, i va romandre en els arxius presidencials fins al [[15 de juny]] de [[1940]], quan Lituània va rebre l'[[ultimàtum soviètic a Lituània de 1940|ultimàtum per part de la Unió Soviètica]] i va perdre la seva independència.ref name=JonasRev /ref name=Lietuvos / Després d'això el document va desaparèixer. Ni el document original ni la còpia han estat trobats a hores d'ara. Historiadors i aventurers segueixen buscant activament. El 2006, un grup d'experts va arribar a buscar entre els murs de l'[[Palau Vileišis|antiga casa]] de [[Petras Vileišis]].ref [http://www.lrytas.lt/?id=11398300311138538447view=4. Viltis rasti Vasario 16-osios akto originalą vis labiau blėsta]. Lietuvos rytas. 13-2-2006./ref Es van realitzar dues còpies més del duplicat, una a [[1928]] i una altra en [[1933]]. La versió de [[1928]] és una reproducció més fidel de la declaració original, amb errors d'ortografia i amb un fons que és visualment sorollós, mentre que la de [[1933]] pretenia ser una versió millorada.ref name = Lietuvos / 

=== Els signataris ===
La majoria dels signants de la declaració van continuar immersos en la vida cultural i política de Lituània. [[Jonas Vileišis]] va aconseguir un lloc al [[Seimas]] i va ser [[alcalde]] de [[Kaunas]]; ;ref Simas Sužiedėlis, ed (1970–1978). Vileišis, Jonas. Encyclopedia Lituanica. VI. Boston, Massachusetts: Juozas Kapočius. pp. 124–125. LCC [http://catalog.loc.gov/cgi-bin/Pwebrecon.cgi?Search_Arg=74-114275Search_Code=CALL_CNT=5 74-114275]./ref [[Saliamonas Banaitis]] es va introduir al món de les finances i va posar en marxa diversos bancs.ref Simas Sužiedėlis, ed (1970–1978). Vileišis, Jonas. Encyclopedia Lituanica. VI. Boston, Massachusetts: Juozas Kapočius. pp. 282. LCC [http://catalog.loc.gov/cgi-bin/Pwebrecon.cgi?Search_Arg=74-114275Search_Code=CALL_CNT=5 74-114275]./ref Entre els signants es trobaven dos futurs presidents de Lituània: [[Antanas Smetona]]ref name=JonasRev / i [[Aleksandras Stulginskis]]. [[Jonas Basanavičius]], president del Consell de Lituània, va reprendre les seves investigacions sobre la cultura i [[folklore]] de Lituània.ref Simas Sužiedėlis, ed (1970–1978). Vileišis, Jonas. Encyclopedia Lituanica. VI. Boston, Massachusetts: Juozas Kapočius. pp. 307-310. LCC [http://catalog.loc.gov/cgi-bin/Pwebrecon.cgi?Search_Arg=74-114275Search_Code=CALL_CNT=5 74-114275]./ref Cinc signataris van morir abans que comencés la [[Segona Guerra Mundial]], i tres durant l'[[Ocupació de les Repúbliques Bàltiques|ocupació nazi]]. Els que no van emigrar a [[Occident]] es van convertir en [[Pres polític|presos polítics]] quan Lituània va ser ocupada pels soviètics.ref Jegelavičius, Sigitas (2005). [http://www.lrt.lt/sites/static.php?strid=215331 Vasario 16-osios Akto signatarai]. Lithuanian National Radio and Television./ref 

[[Aleksandras Stulginskis]] i [[Petras Klimas]] van ser enviats a presó a [[Sibèria]], tot i que van sobreviure i van tornar a Lituània;ref Simas Sužiedėlis, ed (1970–1978). Vileišis, Jonas. Encyclopedia Lituanica. VI. Boston, Massachusetts: Juozas Kapočius. pp. 142-143. LCC [http://catalog.loc.gov/cgi-bin/Pwebrecon.cgi?Search_Arg=74-114275Search_Code=CALL_CNT=5 74-114275]./ref [[Pranas Dovydaitis]] i [[Vladas Mironas]] també van ser enviats allà, on van morir.ref Simas Sužiedėlis, ed (1970–1978). Vileišis, Jonas. Encyclopedia Lituanica. VI. Boston, Massachusetts: Juozas Kapočius. pp. 101-103. LCC [http://catalog.loc.gov/cgi-bin/Pwebrecon.cgi?Search_Arg=74-114275Search_Code=CALL_CNT=5 74-114275]./refref Simas Sužiedėlis, ed (1970–1978). Vileišis, Jonas. Encyclopedia Lituanica. VI. Boston, Massachusetts: Juozas Kapočius. pp. 545-546. LCC [http://catalog.loc.gov/cgi-bin/Pwebrecon.cgi?Search_Arg=74-114275Search_Code=CALL_CNT=5 74-114275]./ref [[Kazys Bizauskas]] va desaparèixer l'estiu de [[1941]] mentre era traslladat a una presó a [[Minsk]]. Se suposa que fou afusellat al costat d'altres presoners.ref name=VileišisJonas Simas Sužiedėlis, ed (1970–1978). Vileišis, Jonas. Encyclopedia Lituanica. VI. Boston, Massachusetts: Juozas Kapočius. pp. 372-373. LCC [http://catalog.loc.gov/cgi-bin/Pwebrecon.cgi?Search_Arg=74-114275Search_Code=CALL_CNT=5 74-114275]./ref [[Donatas Malinauskas]] també va desaparèixer en el transcurs de les deportacions massives a Sibèria que van tenir lloc a Lituània el [[14 de juny]] de [[1941]]. Mai no s'ha pogut establir què li va passar després o on està enterrat.ref name=VileišisJonasl Simas Sužiedėlis, ed (1970–1978). Vileišis, Jonas. Encyclopedia Lituanica. VI. Boston, Massachusetts: Juozas Kapočius. pp. 459-460. LCC [http://catalog.loc.gov/cgi-bin/Pwebrecon.cgi?Search_Arg=74-114275Search_Code=CALL_CNT=5 74-114275]./ref 

Molts dels signants van marxar cap a l'exili, inclosos [[Jurgis Šaulys]] i [[Kazimieras Steponas Šaulys]], que van morir a Suïssa.ref Name=VileišisJonas /ref name=VileišisJonasl / [[Antanas Smetona]], [[Mykolas Biržiška]] i [[Steponas Kairys]] van viure fins al final de la seva vida als [[Estats Units]].ref Simas Sužiedėlis, ed (1970–1978). Vileišis, Jonas. Encyclopedia Lituanica. VI. Boston, Massachusetts: Juozas Kapočius. pp. 231-235. LCC [http://catalog.loc.gov/cgi-bin/Pwebrecon.cgi?Search_Arg=74-114275Search_Code=CALL_CNT=5 74-114275]./refref Simas Sužiedėlis, ed (1970–1978). Biržiška, Mykolas. Encyclopedia Lituanica. I. Boston, Massachusetts: Juozas Kapočius. LCC [http://catalog.loc.gov/cgi-bin/Pwebrecon.cgi?Search_Arg=74-114275Search_Code=CALL_CNT=5 74-114275]/refref Simas Sužiedėlis, ed (1970–1978). Steponas Kairys. Encyclopedia Lituanica. III. Boston, Massachusetts: Juozas Kapočius. LCC [http://catalog.loc.gov/cgi-bin/Pwebrecon.cgi?Search_Arg=74-114275Search_Code=CALL_CNT=5 74-114275]/ref Avui són considerats herois nacionals a Lituània.ref name=VileišisJonas / 

== Herència ==
[[Fitxer:House of Signatories.jpg|thumb|175px|Casa dels Signataris el [[16 de febrer]] de [[2007]], lloc on es va dur a terme la signatura de la declaració.]]
La Declaració del 16 de febrer va proclamar el restabliment (''atstatyti'') de l'Estat lituà, i el reconeixia com a successor de l'antic [[Gran Ducat de Lituània]].ref name=Narcismo Landsbergis, Vytautas (16-2-1998).[http://www.lrs.lt/sventes/980216/vas16mod.htm. Vasario 16-oji - modernios Lietuvos valstybės atkūrimo simbolis ir pamatas]. Seimas./ref En aquest aspecte el consell es va desviar de la resolució adoptada per la Conferència de Vílnius, que buscava l'establiment (''sudaryti'') d'un Estat lituà.ref Name=Maksimaitis / No obstant, estava clar que el nou país seria molt diferent de l'antic Ducat: el seu abast es limitaria al poble lituà i seria conduït mitjançant valors democràtics,ref name=Maksimaitis / en oposició a l'històric estat multiètnic i aristocràtic de l'edat mitjana i el Renaixement. La finalització dels acords que vinculaven Lituània amb altres nacions era un missatge a Alemanya, Rússia i Polònia, els tres països que tenien interessos a la zona.ref Name=Kulikauskiene /ref name=Narcismo / Si bé no ho deia explícitament, la declaració excloïa tota possibilitat de ressuscitar l'antiga unió [[República de les Dues Nacions|polonès-lituana]].

La declaració del 16 de febrer de 1918 és la base legal de l'existència de Lituània, tant en el [[període d'entreguerres]]ref name=Maksimaitis / com des de la seva Independència de la [[Unió Soviètica]] en [[1990]].ref name=Seimas /ref Ziemele, Ineta (2002). Baltic Yearbook of International Law. Martinus Nijhoff Publishers. pp. 9. ISBN 90-411-1736-9./ref La declaració es va convertir en un dels elements clau durant la recuperació de la independència. Un paràgraf de la [[Declaració de Restabliment de l'Estat de Lituània]] de l'[[11 de març]] de [[1990]] assegura:ref name=Seimas / 

{{Cita |'' La declaració d'independència del 16 de febrer de 1918 per part del Consell de Lituània i el decret de 15 de maig de 1920 de l'Assemblea Constituent sobre l'Estat democràtic restablert de Lituània mai no va perdre el seu valor legal i constitueix el fonament constitucional de l'Estat de Lituània''.ref name=Maksimaitis / }}

El paràgraf va remarcar la continuïtat de les dues declaracions. La declaració del 16 de febrer de 1918 i la seva successora, la declaració de l'11 de març de 1990, són reconegudes com a dos dels més importants èxits de la societat lituana del segle XX.ref Name=Maksimaitis / 

Actualment, el [[16 de febrer]] és festa nacional a [[Lituània]].ref [http://www3.lrs.lt/pls/inter3/dokpaieska.showdoc_l?p_id=134377 Lietuvos Respublikos švenčių dienų įstatymas], Žin., 1990, Nr. 31-757. Seimas (2001-05-24). Consultat el 8 de novembre del 2012./ref En aquest dia se succeeixen les celebracions al llarg de tot el país, entre les quals destaca la celebració que té lloc a la [[Casa dels Signataris]] de Vílnius, on es va signar la declaració original el 1918. En l'acte, s'hissa la [[bandera de Lituània]] i els polítics i activistes culturals es dirigeixen mitjançant discursos des dels balcons a la multitud congregada al carrer. També se celebren misses addicionals en les esglésies i catedrals del país. En honor a l'herència que va deixar la primera declaració, el [[President de Lituània]] rep aquest dia al palau presidencial els signants de la declaració de 1990.

El 1992 es va establir un premi en honor a Jonas Basanavičius. El Guardó Jonas Basanavičius premia aquells que s'han distingit pel seu estudi en assumptes ètnics i culturals durant els cinc anys anteriors.ref {{ref-web |url=http://whatson.delfi.lt/archive/article.php?id=8031858 |títol=J.Basanavičiaus premija šiemet skirta mokslo istorikui L.Klimkai| consulta=07-02-2007| editorial=Delfi.lt and BNS| data=21-11-2005}}/ref El premi es lliura a la Casa dels signataris, en homenatge a la seva història.

== Vegeu també ==
*[[Història de Lituània]]
*[[Revolució Cantant]]
*[[Gran Seimas de Vílnius]]

== Referències ==
{{Commonscat|Act of Independence of Lithuania}}

{{Referències}}


{{ORDENA:Declaracio D'Independencia De Lituania}}	!--ORDENA generat per bot-- 
[[Categoria:Història de Lituània]]

{{Enllaç AD|en}}
{{Enllaç AD|es}}
{{Enllaç AD|pt}}</text>
      <sha1>8wc57g0ywm3a2kndqr2uz4jn8jl37a3</sha1>
      <model>wikitext</model>
      <format>text/x-wiki</format>
    </revision>
  </page>