<page>
    <title>Herman Steiner</title>
    <ns>0</ns>
    <id>1041493</id>
    <revision>
      <id>13851641</id>
      <parentid>13106473</parentid>
      <timestamp>2014-07-17T02:18:14Z</timestamp>
      <contributor>
        <username>PereBot</username>
        <id>118448</id>
      </contributor>
      <minor></minor>
      <comment>Robot inserta {{Autoritat}}</comment>
      <text>{{Infotaula persona
| nom          = Herman Steiner
| imatge       = 
| peu          = 
| data_naix    = {{Data naixement|1905|4|15}}
| nom_naix     = 
| lloc_naix    = [[Dunajská Streda]], [[Dunaszerdahely]]
| data_mort    = {{Data defunció i edat|1955|11|25|1905|4|15}} 
| nacionalitat = {{USA}}
| lloc_mort    = 
| altres_noms  = 
| conegut_per  = 
| coneguda_per = 
| ocupació     = Jugador d’[[escacs]] i [[periodista]]
| títol        = [[Mestre Internacional]] (1950)br[[Campionat d'escacs dels Estats Units|Campió dels Estats Units]] (1948)
}}
'''Herman Steiner''' ([[15 d'abril]] de [[1905]] - [[25 de novembre]] de [[1955]]), fou un [[jugador d'escacs]] i [[periodista]] [[estatunidenc]], que va guanyar el [[Campionat d'escacs dels Estats Units]] el 1948ref name=USACh{{ref-web|url=http://graeme.50webs.com/chesschamps/us/index.htm|títol=Historial i quadres de classificació de les edicions del Campionat d'escacs dels Estats Units|editor=Graeme Cree's|consulta= 7 de novembre de 2012|llengua=anglès}}/ref i va esdevenir [[Mestre Internacional]] el 1950.ref name=CGbio{{ref-web|url= http://www.chessgames.com/perl/chessplayer?pid=21871 |títol=Nota biogràfica de {{PAGENAME}}|consulta= 7 de novembre de 2012 |obra= |editor= Chessgames.com |data= |llengua=anglès}}/ref  Encara més important que la seva carrera com a jugador van ser els seus esforços per promoure els escacs als EUA, especialment a la [[Costa Oest dels Estats Units|Costa Oest]]. Exemple de l'[[escola romàntica d'escacs]], Steiner va ser un successor de la tradició nord-americana d'escacs: [[Paul Morphy]], [[Harry Nelson Pillsbury]], i [[Frank James Marshall]].

== Biografia ==

Nascut a [[Dunaszerdahely]], [[Àustria-Hongria]] (actualment [[Dunajská Streda]], a [[Eslovàquia]]), Steiner va arribar a la ciutat de [[Nova York]] a una edat primerenca. Durant un temps, va ser [[boxejador]]. Als 16 anys va fer-se membre del Club d'Escacs hongarès i del Club d'Escacs de Stuyvesant. Amb l'experiència adquirida en l'activa escena d'escacs de Nova York, Steiner ràpidament va desenvolupar la seva habilitat en els escacs i ja el 1929 va empatar pel primer lloc (amb [[Jacob Bernstein]]) al campionat de l'estat a [[Buffalo]]. El mateix any va ser primer al torneig ''[[Torneig d'escacs de Hastings|Premier Reserves]]'' de [[Hastings]], Anglaterra.

Steiner va marxar de Nova York per anar cap a l'Oest, i s'establí a [[Los Angeles]] el 1932. Esdevingué comentarista d'escacs del diari [[Los Angeles Times]] aquell any, escrivint-hi una columna d'escacs fins a la seva mort. Va formar el Club d'Escacs Steiner, més tard anomenat el Grup d'Escacs de Hollywood, amb seu en un club al costat de la casa de Steiner. El Grup d'Escacs Hollywood va ser visitat per moltes estrelles de cinema com ara [[Humphrey Bogart]], [[Lauren Bacall]], [[Charles Boyer]] i [[José Ferrer]]. Steiner i el Grup d'Escacs Hollywood vam organitzar el Torneig Panamericà Internacional el 1945 i el Segon Congrés Panamericà d'Escacs el 1954.

Steiner va jugar tres matxs de desafiament contra [[Reuben Fine]], un dels millors jugadors del món. Fine va guanar-los els tres: per 5½–4½ a Nova York 1932, per 3½–½ a Washington, DC 1944, i per 5-1 a Los Angeles 1947.

Un dels seus triomfs internacionals més importants va ser el 1946 al torneig per invitació ''London Victoria'', el primer torneig important celebrat a Europa després del final de la [[Segona Guerra Mundial]]. Steiner va desafiar [[Arnold Denker]] el 1946 a un matx pel [[Campionat d'escacs dels Estats Units]] a Los Angeles, però va perdre'l per 6-4. El 1948 Steiner va guanyar el Campionat d'Escacs dels Estats Units a South Fallsburg, Nova York, per davant d'[[Isaac Kashdan]].ref name=USACh /ref{{ref-web| url= http://www.chessgames.com/perl/chesscollection?cid=1021452 |títol= Campionat dels Estats Units, South Fallsburg 1948| editor= chessgames.com|consulta= 18 d'abril de 2013| llengua= anglès}}/ref El [[1951]] empatà al segon lloc al torneig de Madrid, amb [[Herman Pilnik]] i [[Ossip Bernstein]] (el campió fou [[Lodewijk Prins]]).ref{{ref-web| url= http://www.365chess.com/tournaments/Madrid_1951 |títol= Madrid 1951: Classificació i partides |llengua= anglès| editor= 365chess.com| consulta= 5 de març de 2014}}/ref

El 1952 participà a l'[[Campionat_del_món_d%27escacs_de_1954#Torneig_Interzonal|Interzonal]] de [[Saltsjöbaden]], on hi fou 13è (el guanyador fou [[Aleksandr Kótov]]),ref{{ref-web| url= http://chessmetrics.com/cm/CM2/SingleEvent.asp?Params=199510SSSSS3S068293000000111100260600016610100 |títol= Dades estadístiques de l'Interzonal de Saltsjobaden| editor= [[Chessmetrics]] |consulta= 7 de març de 2014| llengua= anglès}}/refref{{ref-web| url= http://www.mark-weeks.com/chess/5254$iix.htm |títol= Interzonal d'Estocolm de 1952: Quadre de resultats| cognom= Weeks | nom= Mark | editor= mark-weeks.com| consulta= 7 de març de 2014| llengua= anglès}}/ref

Steiner va ser molt actiu com a jugador en torneigs de la Costa Oest, guanyant els dos únics torneigs oberts de Califòrnia en què va participar el 1954 i 1955, i va guanyar el campionat de l'estat de Califòrnia el 1953 i 1954. Defensava seu campionat de l'estat a Los Angeles el 1955, quan després d'acabar la seva partida de la cinquena ronda (unes [[taules (escacs)|taules]] en 62 moviments contra [[William Addison]]), es va sentir malament i la seva partida de la tarda es va posposar. Al voltant de 2 hores després de les 9:30 pm, Steiner va morir pràcticament de manera instantània d'una massiva oclusió coronària mentre era assistit per un metge. Per acord dels jugadors, el torneig va ser cancel·lat.

== Participació en competicions per equips ==
Steiner va ser membre dels equips de la Federació d'Escacs dels Estats Units que participaren en les [[Olimpíades d'escacs]] de [[Olimpíada d'escacs de 1928|la Haia 1928]], [[Olimpíada d'escacs de 1930|Hamburg 1930]], [[Olimpíada d'escacs de 1931|Praga 1931]] i [[Olimpíada d'escacs de 1950|Dubrovnik 1950]]. Com campió dels EUA va ser capità de l'equip de 1950.

En l'històric [[Matx d'escacs per ràdio Estats Units - URSS de 1945|matx per ràdio per equips entre els Estats Units i l'URSS de 1945]], Steiner va ser l'únic jugador dels EUA que va aconseguir un resultat positiu. Malgrat que l'equip americà amb [[Reuben Fine]], [[Samuel Reshevsky]], [[Arnold Denker]] i [[Isaac Kashdan]], va ser severament derrotat, Steiner va obtenir un parcial d'1½ - ½ contra [[Igor Bondarevsky]].ref{{ref-web| url= http://web.archive.org/web/20091028082845/http://www.geocities.com/SiliconValley/Lab/7378/radio.htm| títol= USA vs USSR radio match, 1945| llengua= anglès| consulta= 23 d'abril de 2013| cognom= Wall| nom= Bill}}/refref{{ref-web| url= http://www.webcitation.org/query?url=http://www.geocities.com/al2055perv/matches/1945/ursusa45.htmldate=2009-10-25+16:13:02| títol= Quadre d'emparellaments i resultats del Matx d'escacs per ràdio Estats Units - URSS de 1945| llengua= anglès| consulta= 23 d'abril de 2013}}/ref

== Resum de resultats en torneigs ==

{| class=sortable wikitable style=margin-left:2em
! Any !! Torneig !! Resultat !! Posició
|-
| 1929
| Campionat Estatal de Nova York
|
| 1r-2n (empatat amb [[Jacob Bernstein|J. Bernstein]])
|-
| 1929
| Hastings Premier Reserves
|
| 1r
|-
| 1930
| [[Győr]]ref{{ref-web| url= http://www.365chess.com/tournaments/Gyor_1930/28037 |títol= Torneig de Györ, 1930| llengua= anglès| editor= 365chess.com| consulta= 14 d'abril de 2013}}/ref
|
| 2n (rere [[Isaac Kashdan]]
|-
| 1931
| Berlín
|
| 1r (per davant de [[Friedrich Saemisch|Sämisch]] i [[Lajos Steiner|L. Steiner]])
|-
| 1931
| Brun
|
| 2n (per darrere de [[Salo Flohr|Flohr]])
|-
| 1932
| Torneig Internacional de Pasadena
| Align = center | 6-5
| 4t-6è (empatat amb [[Arthur Dake|Dake]] i [[Samuel Reshevsky|Reshevsky]], després d'[[Alexander Alekhine|Alekhine]] i [[Isaac Kashdan|Kashdan]])
|-
| 1935
| Ciutat de Mèxic
|
| 1r-3r (empatat amb [[Reuben Fine | Fine]] i [[Arthur Dake | Dake]])
|-
| 1942
| [[U.S. Open Chess Championship | U.S. Open]]
|
| 1r -2n (empatat amb [[Daniel Yanofsky | Yanofsky]])
|-
| 1945
| Campionat Estatal de Califòrnia
| Align = center | 8-1
| 1r -2n (empatat amb Adolf Jay Fink)
|-
| 1946
| [[Campionat Obert d'escacs dels Estats Units|U.S. Open]]
|
| 1r
|-
| 1946
| Londres
|
| 1r (per davant de [[Savielly Tartakower|Tartakower]] i [[Ossip Bernstein|Bernstein]])
|-
| 1948
| [[Campionat d'escacs dels Estats Units]]
|
| 1r
|-
| 1952
| Torneig Internacional de Hollywood
|
| 3r (per darrere de [[Svetozar Gligorić|Gligorić]] i [[Artur Pomar|Pomar]])
|-
| 1952
| {{WCh|1954}} - [[Interzonal]] de Saltsjöbaden
| Align = center | 10-10
| 11è -13è (empatat amb [[Herman Pilnik|Pilnik]] i [[Ludek Pachman|Pachman]])
|-
| 1953
| Campionat Estatal de Califòrnia
| Align = center | 7.5-1.5
| 1r
|-
| 1954
| Campionat Estatal de Califòrnia
| Align = center | 7.5-1.5
| 1r
|-
| 1954
| Obert de Califòrnia
|
| 1r
|-
| 1955
| Obert de Califòrnia
|
| 1r
|-
| 1955
| Campionat Estatal de Califòrnia
| Align = center | 4-1
| Torneig cancel·lat
|}

== Bibliografia ==
*{{citar ref|cognom1=Hooper |nom1=David | authorlink1=David Vincent Hooper 
 |cognom2=Whyld |nom2=Kenneth | authorlink2=Kenneth Whyld
 |any=1992 |títol=[[The Oxford Companion to Chess]] |edició=2a
 |editorial=Oxford University Press
 | isbn=0-19-280049-3 |pàgines=394–5
}}

== Notes i referències ==
{{referències|2}}

== Enllaços externs ==
* {{Chessgames jugador|id=21871}} [Consulta: 6 de novembre de 2012]  {{en}}
* {{ref-web|url= http://www.olimpbase.org/players/53pjx7ff.html |títol= Fitxa de {{PAGENAME}} a Olimpbase | editor= olimpbase.org |consulta= Consulta: 6 de novembre de 2012 | cognom= Bartelski| nom= Wojciech |autorenllaç= Wojciech Bartelski | llengua= anglès}}
* {{ref-web| títol=Herman Steiner | obra=THE CALIFORNIA CHESS REPORTER (Vol. 5 Núm. 4) desembre de 1955 | url=http://www.chessdryad.com/articles/ccr/art_04.htm | consulta=24 de maig de 2005| llengua= anglès}}


{{inicia taula}}
{{s-ach|awards}}
{{filera de successions |
  abans=[[Samuel Reshevsky]]|
  títol=[[Campionat d'escacs dels Estats Units|Campió dels Estats Units]] |
  anys=1948–1950 |
  després=[[Larry Evans]] 
}}
{{finalitza taula}}
{{Autoritat}}

{{ORDENA:Steiner, Herman}}

[[Categoria:Jugadors d'escacs hongaresos]]
[[Categoria:Jugadors d'escacs estatunidencs]]
[[Categoria:Jugadors d'escacs jueus]]
[[Categoria:Escriptors d'escacs estatunidencs]]
[[Categoria:Mestres Internacionals d'escacs]]
[[Categoria:Jugadors d'escacs austrohongaresos]]
[[Categoria:Jugadors d'escacs de la dècada del 1900]]
[[Categoria:Jugadors d'escacs de la dècada del 1910]]
[[Categoria:Jugadors d'escacs de la dècada del 1920]]
[[Categoria:Jugadors d'escacs de la dècada del 1930]]
[[Categoria:Jugadors d'escacs de la dècada del 1940]]
[[Categoria:Jugadors d'escacs de la dècada del 1950]]</text>
      <sha1>nztclg4b3t9co7sexwlwqonrog6l24v</sha1>
      <model>wikitext</model>
      <format>text/x-wiki</format>
    </revision>
  </page>