<page>
    <title>Ludwig Rellstab</title>
    <ns>0</ns>
    <id>1042521</id>
    <revision>
      <id>13817076</id>
      <parentid>12896630</parentid>
      <timestamp>2014-07-14T01:02:44Z</timestamp>
      <contributor>
        <username>PereBot</username>
        <id>118448</id>
      </contributor>
      <minor></minor>
      <comment>Robot inserta {{Autoritat}}</comment>
      <text>{{vegeu3|el jugador d'escacs|el poeta i crític musical|Heinrich Friedrich Ludwig Rellstab}}
{{Infotaula persona
| nom       = Ludwig Rellstab
| imatge     = Fotothek df roe-neg 0006543 022 Schachspieler Ludwig Rellstab.jpg
| mida_imatge   = 240px
| peu       = Ludwig Rellstab al Campionat d'Alemanya de 1953
| nom_naix    = Ludwig Adolf Friedrich Hans Rellstab
| data_naix    = {{Data naixement|1904|11|23}}
| lloc_naix    = [[Schöneberg]], [[Berlín]]
| data_mort    = {{Data defunció i edat|1983|2|14|1904|11|23}}
| lloc_mort    = [[Wedel]], [[Districte de Pinneberg]], [[Schleswig-Holstein]]
| causa_mort   = 
| lloc_enterrat  = 
| coordenades_lloc_enterrat = !-- {{coord|LAT|LONG|display=inline,title}} --
| residència   = 
| nacionalitat  = {{GER}}
| altres_noms   = 
| conegut_per   = 
| coneguda_per  = 
| educació    = 
| alma_mater   =
| ocupador    = 
| ocupació    = [[Jugador d'escacs]], [[periodista]]
| títol      = [[Mestre Internacional]] (1950)br[[Campionat d'escacs d'Alemanya|Campió d'Alemanya]] (1942)
| salari     = 
| valor_net    = 
| alçada     = 
| pes       = 
| term      = 
| predecessor   = 
| successor    = 
| partit     = 
| religió     = 
| pares      = 
| muller     = 
| marit      = 
| fills      = 
| senyal de crida = 
| parent     = 
| guardons    =
| signatura    = 
| lloc_web    = 
| notes      = 
}}
'''''Ludwig Adolf Friedrich Hans Rellstab''''' ([[Schöneberg]], [[23 de novembre]] de [[1904]] - [[Wedel]], [[14 de febrer]] de [[1983]]), fou un [[jugador d'escacs]] [[Alemanya|alemany]], que ostentà el títol de [[Mestre Internacional]] des de 1950.ref name=CGbio{{citar web |url= http://www.chessgames.com/perl/chessplayer?pid=13501 |títol=Nota biogràfica de {{PAGENAME}}|consulta= 11 de novembre de 2012 |obra= |editor= Chessgames.com |data= |llengua=anglès}}/ref 

== Biografia ==
Ludwig Rellstab era fill del físic Ludwig M. Rellstab i la seva esposa Anna Kuhlgatz. La seva germana gran fou la pianista Annekäthe Rellstab, i el crític musical [[Heinrich Friedrich Ludwig Rellstab]] fou el seu besavi patern.
Amb uns onze anys Rellstab aprengué a la família a jugar als escacs. Després de la seva graduació el 1924 es va iniciar en el mateix any a la [[Universitat de Berlín]] per estudiar Matemàtiques i Física. Més tard es va traslladar amb els mateixos estudis a la [[Universitat de Munic]]. Després d'un parell de semestres, va abandonar els seus estudis sense grau i es guanyà la vida a partir de llavors com a jugador i escriptor d'escacs. Des de 1932 a 1943 fou periodista personal al diari ''Scherl-Verlag'' a Berlín. Des d'abril de 1943 a setembre 1944, va liderar els editors de les revistes d'escacs alemanyes.refHarald Balló, a: [[Schach-Report]], Nr.nbsp;7/1996, S.nbsp;72/ref

El ''Club d'Escacs de Berlín'' el va acceptar aviat com a membre. Allí va conèixer a [[Emanuel Lasker]], [[Akiba Rubinstein]] i [[Richard Teichmann]]. A [[Duisburg]] el 1929 hi obtingué el títol de Mestre de la Federació Alemanya d'Escacs. En els anys següents va participar en molts torneigs, destacant el 1942 en guanyar el [[Campionat_d'escacs_d'Alemanya#Campionats_del_Tercer_Reich_1933-1943|Gran Torneig de la Federació Alemanya d'Escacs (9è Campionat del III Reich]]) a [[Bad Oeynhausen]].ref{{citar web |url= http://xoomer.alice.it/cserica/scacchi/storiascacchi/tornei/pagine/germania.htm|títol= Llista de guanyadors del Campionat d'Alemanya d'escacs (fins a 1994)|consulta= 11 de novembre de 2012 |obra= |editor= La grande storia degli scacchi|data= |llengua=italià }}/ref Al [[Campionat_d'Europa_d'escacs_individual|Campionat d'Europa (no oficial) de Munic]] del mateix any va derrotar el campió del món regnant, [[Alexander Alekhine]], tot i que fou finalment només 8è (de 12); el campió fou Alekhine.ref{{citar web|url= http://www.rogerpaige.me.uk/tables13.htm |títol= Taula del torneig de Munic 1942 | editor = lloc web de Roger Paige | llengua=anglès| consulta= 11 de novembre de 2012}}/refrefGillam, Anthony J.:Munich 1942, European Chess Championship. The Chess Player, Nottingham. ISBN 1-901034-46-1/ref

Al final de la [[Segona Guerra Mundial]] va fer de soldat a [[Àustria]] i [[Hongria]]. L'estiu de 1945 s'instal·là a Hamburg i va fundar un any després (juliol de 1946), juntament amb [[Carl Ahues]] i [[Hans Rodenburg]] el ''Club d'Escacs de la Societat d'Hamburg''. El 1950 va intervenir amb el club campió del Campionat Nacional d'equips d'escacs alemany. Durant anys, va intervenir com a columnista del diari ''Hamburger Abendblatt''.

Va ser tres vegades campió de la ciutat de Berlín i cinc vegades campió de la ciutat d'Hamburg. Altres triomfs foren a [[Sopot]] 1937, [[Bad Elster]] 1938, [[Stuttgart]] 1947, [[Cuxhaven]] 1950, [[Vyborg]] 1957, [[Hastings]] 1973, i [[Bagneux]] 1973. Va representar Alemanya en l'[[Olimpíada d'escacs de 1936]] a Munic, i posteriorment la [[RFA]] en tres [[Olimpíades d'escacs]] ([[Olimpíada d'escacs de 1950|1950]], [[Olimpíada d'escacs de 1952|1952]], [[Olimpíada d'escacs de 1954|1954]]).ref[http://www.olimpbase.org/players/9v1l9b9g.html OlimpBase Men's Chess Olympiads Ludwig Rellstab]/ref

També va donar classes d'escacs i va treballar en moltes revistes d'escacs. Va treballar per a la Federació Alemanya d'Escacs durant quinze anys com a secretari d'organització, director de torneigs i responsable de premsa. És a través d'aquest treball, però també a través dels seus amplis coneixements, com es va guanyar el sobrenom afectuós de Professor Escacs.

El 1950 va li va ser atorgat per la [[FIDE]] el títol de [[Mestre Internacional]]. Un any més tard es va convertir en àrbitre oficial de la FIDE. Així mateix va ser editor de l'Anuari ''Schach-Taschen-Jahrbuches''.

Va tenir un fill, Ludwig (* 1935), que era com el seu pare, un bon jugador d'escacs, però no s'acostà al nivell de destresa assolit per ell.
A l'edat de 78 anys va morir el 1983 a Wedel. El seu millor [[Chessmetrics|Elo històric]] va ser de 2609, aconseguit al juny de 1938.

== Publicacions ==

* ''Damengambit. Lehrbuch für Anfänger und Fortgeschrittene'' ([[Gambet de dama]]. Llibre de text per principiants i intermedis) (1949)
* ''Das Schachspiel. Ein Grundlehrgang mit planmäßiger Darstellung der Schacheröffnungen'' (El joc dels escacs. Un curso bàsic de presentació prèvia de les obertures dels escacs (1956)
* '' Weltgeschichte des Schachs - Dr. Emanuel Lasker'', Verlag Dr. Wildhagen, Hamburg (Història del Món dels Escacs) (1958)
* ''Streitfälle aus der Turnierpraxis''
* ''Turnier-Taschenbuch'' (conjuntament amb [[Alfred Brinckmann]])

== Bibliografia ==
* Helmut Wieteck: Rellstab Ludwig a Nova biografia alemaya (NDB). Volum 21, [[Cambridge University Press]], Londres, 2003, p 408 (digitalitzada).

== Notes i referències ==
{{referències|2}}

== Enllaços externs ==
{{commonscat|Ludwig Rellstab}}
* Posicions crítiques de les seves partides a {{citar web |url= http://www.wtharvey.com/rell.html |títol= wtharvey.com |consulta= Consulta: 11 de novembre de 2012 |obra= |editor= |data= |llengua=anglès}}
* {{Chessgames jugador|id=13501}} [Consulta: 11 de novembre de 2012] {{en}}
* Partides de {{PAGENAME}} a {{citar web |url= http://www.365chess.com/players/Ludwig_Sr_Rellstab |títol= 365chess.com |consulta= Consulta: 11 de novembre de 2012 |obra= |editor= |data= }} {{en}}
* Estimació Elo de {{PAGENAME}} a {{citar web |url= http://www.chessmetrics.com/cm/CM2/PlayerProfile.asp?Params=199510SSSSS3S107794000000111000000000025710100 |títol= chessmetrics.com |consulta= Consulta: 11 de novembre de 2012}} {{en}}
* {{citar web |url= http://www.olimpbase.org/players/9v1l9b9g.html |títol= Fitxa de {{PAGENAME}} a Olimpbase | editor= olimpbase.org |consulta= Consulta: 11 de novembre de 2012 | cognom= Bartelski| nom= Wojciech |autorenllaç= Wojciech Bartelski | llengua= anglès}}
* {{DNB-Portal|128472243|NAME=Ludwig Rellstab}} {{de}}
* {{citar web| url= http://www.berlinerschachverband.de/archiv/chronik/spieler/r/rellstab_ludwig.html |títol= Informació de Rellstab al lloc web de Berliner Schachverbandes| llengua=alemany}}
{{Autoritat}}
{{ORDENA:Rellstab, Ludwig}}

[[Categoria:Jugadors d'escacs alemanys]]
[[Categoria:Esportistes berlinesos]]
[[Categoria:Mestres Internacionals d'escacs]]
[[Categoria:Jugadors d'escacs de la dècada del 1920]]
[[Categoria:Jugadors d'escacs de la dècada del 1930]]
[[Categoria:Jugadors d'escacs de la dècada del 1940]]
[[Categoria:Jugadors d'escacs de la dècada del 1950]]
[[Categoria:Jugadors d'escacs de la dècada del 1960]]
[[Categoria:Jugadors d'escacs de la dècada del 1970]]</text>
      <sha1>che5pmbbh9zod55xhtt52tv94tylgpu</sha1>
      <model>wikitext</model>
      <format>text/x-wiki</format>
    </revision>
  </page>