<page>
    <title>Signataris de la Declaració d'Independència de Lituània</title>
    <ns>0</ns>
    <id>1042459</id>
    <revision>
      <id>13777522</id>
      <parentid>13684448</parentid>
      <timestamp>2014-07-10T07:19:56Z</timestamp>
      <contributor>
        <username>Langtoolbot</username>
        <id>128552</id>
      </contributor>
      <minor></minor>
      <comment>Corregit: al Estats</comment>
      <text>Els '''signataris de la Declaració d'Independència de Lituània''' foren els vint [[Lituània|lituans]] que van signar la [[Declaració d'Independència de Lituània]] el [[16 de febrer]] de [[1918]]. Els signataris van ser triats pel [[Consell de Lituània]] a la [[Conferència de Vílnius]] al setembre de [[1917]] i als quals se'ls va encomanar la tasca d'establir un [[Lituània|estat lituà independent]] .ref Eidintas, Alfonsas, Vytautas Žalys, Alfred Erich Senn (setembre 1999). Chapter 1: Restoration of the State, Ed Edvardas Tuskenis: Lithuania in European Politics: The Years of the First Republic, 1918-1940, Paperback, New York: St Martin s Press, 24-31. /ref La independència proclamada va ser establerta a finals de 1918, després que [[Alemanya]] es trobés debilitada després de la [[Primera Guerra Mundial]] i després que les seves tropes abandonessin el [[Lituània|territori lituà]]. El que va seguir va ser un llarg procés de construcció de l'estat, es van determinar les seves fronteres, i es va aconseguir el reconeixement diplomàtic internacional. Els signataris van tenir èxit en la seva tasca i la Lituània independent existir fins que la [[Unió Soviètica]] va ocupar l'estat el [[15 de juny]] de [[1940]]. Després de la Declaració d'Independència de Lituània, els signataris van continuar involucrats en la vida pública de Lituània, dos d'ells, [[Antanas Smetona]] i [[Aleksandras Stulginskis]], van ser més tard [[President de Lituània|President electes de Lituània]], i [[Jonas Vileišis]] es va convertir en alcalde de [[Kaunas]], la [[Història de Lituània|capital temporal de Lituània]]. Després que Lituània perdés la seva independència durant la [[Segona Guerra Mundial]], sis dels signataris supervivents van ser enviats a presó i executats pel govern soviètic, i sis van marxar al exili.

== Signataris ==
{|class=wikitable style=font-size: smaller; text-align: center; width: 100%; style=clear: both;
|-

! Imatge
! Nom
! Partit políticref name=AS1999/
! Professió/educació
! Lloc i data de naixementref name=bane{{lt}} {{ref-llibre| nom=Algirdas |cognom=Banevičius |títol=111 Lietuvos valstybės 1918-1940 politikos veikėjų | any=1991 |editorial=Knyga |lloc=Vilnius |isbn=5-89942-585-7 |pàgines=39–153}}/ref
! Lloc i data de defuncióref name=bane/
|-
| [[Fitxer:Saliamonas Banaitis.jpg|100px|Saliamonas Banaitis]]
| [[Saliamonas Banaitis]]
| [[Democristians Lituans]]
| [[Editor]], cursos de comerç i comptabilitat a [[Sant Petersburg]] i estudis incomplets a la [[Universitat Vytautas el Gran]].
| [[15 de juny]] de [[1866]] al poble de Vaitiekupiai, en el districte de [[Šakiai (Lituània|Šakiai]]
| [[4 de maig]] de [[1933]] a [[Kaunas]], Lituània
|-
| [[Fitxer:Jonas Basanavicius (1851-1927).jpg|100px|Jonas Basanavičius]]
| [[Jonas Basanavičius]]
| [[Independent (política)|Candidat independent]]
| [[Físic]], [[Universitat Estatal de Moscou|Universitat de Moscou]]
| [[23 d'octubre]] de [[1851]] al poble d'Ožkabaliai, en el districte de Naumiestis
| [[16 de febrer]] de [[1927]] a [[Vílnius]], Lituània
|-
| [[Fitxer:Mykolas Biržiška.jpg|100px|Mykolas Biržiška]]
| [[Mykolas Biržiška]]
| [[Partit Socialdemòcrata de Lituània]]
| [[Advocat]], Universitat de Moscou
| [[24 d'agost]] de [[1882]] a [[Viekšniai]]
| [[24 d'agost]] de [[1962]] a [[Los Angeles]], [[Estats Units]]
|-
| [[Fitxer:Kazimieras Bizauskas.jpg|100px|Kazimieras Bizauskas]]
| [[Kazys Bizauskas]]
| Democristians Lituans
| Advocat, Universitat de Moscou
| [[15 de febrer]] de [[1883]] a Pavilosta, [[Letònia]] 
| [[26 de juny]] de [[1941]] a [[Minsk]], [[Bielorússia]]
|-
| [[Fitxer:Pranas Dovydaitis.jpg|100px|Pranas Dovydaitis]]
| [[Pranas Dovydaitis]]
| Democristians Lituans
| Advocat, Universitat de Moscou
| [[2 de desembre]] de [[1896]] a Runkiai, en el districte de [[Marijampolė]]
| [[4 d'octubre]] de 1942 al camp de presoners d'[[Iekaterinburg|Sverdlovsk]], [[Rússia]]
|-
| [[Fitxer:Steponas.JPG|100px|Steponas Kairys]]
| [[Steponas Kairys]]
| Partit Socialdemòcrata de Lituània
| [[Enginyeria|Enginyer]], Institut de Tecnologia de Sant Petersburg
| [[3 de gener]] de [[1879]] a Užnevėžis, en el districte d'[[Ukmergė]]
| [[16 de desembre]] de [[1964]] a [[Nova York]], Estats Units
|-
| [[Fitxer:Petras Klimas.jpg|100px|Petras Klimas]]
| [[Petras Klimas]]
| Candidat independent
| Advocat, Universitat de Moscou
| [[23 de febrer]] de [[1891]] a Kušliškiai, en el districte de [[Marijampolė]]
| [[16 de gener]] de [[1969]] a [[Kaunas]], Lituània
|-
| [[Fitxer:Donatas Malinauskas.jpg|100px|Donatas Malinauskas]]
| [[Donatas Malinauskas]]
| Candidat independent
| [[Agrònom]], Acadèmia Agrícola de Tábor
| [[7 de març]] de [[1869]] a [[Krāslava]], [[Letònia]]
| [[30 d'octubre]] de [[1941]] en un camp de deportats a Biysk, Rússiaref name=DM{{lt}} {{ref-llibre | títol=1918 m. vasario 16 d. Nepriklausomybės akto signatarai |url=http://www.kvb.lt/leidiniai/nepriklausomybes_signatarai/d_malinauskas.html |editorial=Kauno apskrities viešoji biblioteka | lloc=Kaunas |any=1998 | consulta=11-11-2012}}/ref
|-
| [[Fitxer:Vladas Mironas.jpg|100px|Vladas Mironas]]
| [[Vladas Mironas]]
| [[Unió Nacional Lituana]]
| [[Capellà]], Seminari Sacerdotal de Vílnius i Acadèmia Sacerdotal de Sant Petersburg
| [[22 de juny]] de [[1880]] a Kuodiškiai, en el districte de [[Rokiškis]]
| [[17 de febrer]] de [[1953]] en els camps de la mort de [[Vladímir]], [[Rússia]]ref[http://www3.lrs.lt/seimu_istorija/w3_viewer.ViewDoc-p_int_tekst_id=3084p_int_tv_id=598p_org=0.htm La vida de Vladimir Mironas]/ref
|-
| [[Fitxer:Stanislovas Narutavicius.jpg|100px|Stanislovas Narutavicius]]
| [[Stanislovas Narutavičius]]
| Candidat independent
| Advocat, [[Universitat Estatal de Sant Petersburg]]
| [[2 de setembre]] de [[1862]] al poble de Brevikai, en el districte de [[Telšiai]]
| [[31 de desembre]] de 1932 a [[Kaunas]], Lituània
|-
| [[Fitxer:Alfonsas Petrulis.jpg|100px|Alfonsas Petrulis]]
| [[Alfonsas Petrulis]]
| [[Partit del Progrés Nacional]]
| Sacerdot, Seminari Sacerdotal de Kaunas, Seminari Sacerdotal de Vílnius
| [[4 d'agost]] de [[1873]] a Kateliškiai, en el districte de [[Biržai]]
| [[28 de juny]] de [[1928]] a Musninkai, Lituània
|-
| [[Fitxer:Antanas Smetona 2.jpg|100px|Antanas Smetona]]
| [[Antanas Smetona]]
| [[Unió Nacional Lituana]]
| Advocat, Universitat de Sant Petersburg
| [[10 d'agost]] de [[1874]] a Užulėnis, en el districte de [[Ukmergė]]
| [[9 de gener]] de [[1944]] a [[Cleveland (Ohio)]], Estats Units
|-
| [[Fitxer:Jonas Smilgevicius.jpg|100px|Jonas Smilgevicius]]
| [[Jonas Smilgevičius]]
| Candidat independent
| [[Economista]], [[Universitat de Berlín]]
| [[12 de febrer]] de [[1870]] a Šoniai, en el districte de [[Telšiai]]
| [[27 de setembre]] de [[1942]] a [[Kaunas]], Lituània
|-
| [[Fitxer:Justinas Staugaitis.jpg|100px|Justinas Staugaitis]]
| [[Justinas Staugaitis]]
| Democristians de Lituània
| Sacerdot, Seminari Conciliar de Seiniai
| [[14 d'octubre]] de [[1866]] a Tupikai, en el districte de [[Šakiai]]
| [[8 de juliol]] de 1943 [[Telšiai]], Lituània
|-
| [[Fitxer:Aleksandras Stulginskis (1885-1969).jpg|100px|Aleksandras Stulginskis]]
| [[Aleksandras Stulginskis]]
| Democristians de Lituània
| Agrònom, Seminari Sacerdotal de Kaunas y Universitat de Halle
| [[26 de febrer]] de [[1885]] a Kutaliai, en el districte de [[Raseiniai]]
| [[22 de setembre]] de [[1969]] a [[Kaunas]], Lituània
|-
| [[Fitxer:Jurgis Saulys.jpg|100px|Jurgis Šaulys]]
| [[Jurgis Šaulys]]
| Candidat independient
| [[Financer]], [[Universitat de Berna]]
| [[5 de maig]] de [[1879]] a Balsėnai, en el districte de [[Tauragė]]
| [[18 d'octubre]] de [[1948]] a [[Lugano]], [[Suïssa]]
|-
| [[Fitxer:Kazimieras Steponas Saulys.jpg|100px|Kazimieras Steponas Šaulys]]
| [[Kazimieras Steponas Šaulys]]
| Democristians de Lituània
| Sacerdot, Seminari Sacerdotal de Vílnius i Acadèmia Sacerdotal de Sant Petersburg
| [[28 de gener]] de [[1872]] a Stempliai, en el districte de [[Tauragė]]
| [[9 de maig]] de [[1964]] a [[Lugano]], [[Suïssa]]
|-
| [[Fitxer:Jokubas Sernas.jpg|100px|Jokūbas Šernas]]
| [[Jokūbas Šernas]]
| Candidat independient
| Advocat, Universitat de Sant Petersburg
| [[14 de juny]] de [[1888]] a Jasiškiai, en el districte de [[Biržai]]
| [[31 de juliol]] de [[1926]] a [[Kaunas]], Lituània
|-
| [[Fitxer:Jonas Vailokaitis.jpg|100px|Jonas Vailokaitis]]
| [[Jonas Vailokaitis]]
| Democristians de Lituània
| Financer, Institut del Comerç i la Indústria de Sant Petersburg
| [[25 de juny]] de [[1886]] a Pikžirniai, en el districte de [[Šakiai]]
| [[16 de desembre]] de 1944 a Blankenburg, Alemanya
|-
| [[Fitxer:Jonas Vileišis.jpg|100px|Jonas Vileišis]]
| [[Jonas Vileišis]]
| [[Partit Democràtic Popular Socialista de Lituània]]
| Advocat, Universitat de Sant Petersburg
| [[3 de gener]] de [[1872]] a Mediniai, en el districte de [[Biržai]]
| [[1 de juny]] de [[1942]] a Kaunas, Lituània
|}

== Trajectòries personals i professionals ==
[[Fitxer:Nepriklausomybes aktas.gif|thumb|right|180px|Facsímil de la [[Declaració d'Independència de Lituània]]]]
Entre els signants hi havia una gran varietat d'orígens socials; dels vint signants quatre havien nascut a [[noblesa lituana|famílies nobles lituanes]]: Donatas Malinauskas, Narutowicz Stanisław, Smilgevičius Jonas, i Biržiška Mykolas, i els altres 16 foren fills de grangersref name=SJ{{lt}} {{cite web| url=http://www.vilnensis.vu.lt/nr-17/signatar.html |title=Vasario 16-osios Akto signatarai |publisher=Sigitas Jegelavičius| accessdate=11-11-2012 |archiveurl = http://web.archive.org/web/20070128041835/http://www.vilnensis.vu.lt/nr-17/signatar.html !-- Bot retrieved archive -- |archivedate = 2007-01-28}}/ref El més gran dels signants era Basanavičius Jonas, que tenia 67 anys en aquell, i el més jove Kazimieras Bizauskas, que tenia 25 anys. Dels restants, tres voltaven els cinquanta anys, sis es trobaven en els quaranta, vuit eren a la trentena, i un d'ells estava entre els vint i els trenta.ref name=SJ/ Amb l'excepció de Saliamonas Banaitis, tots tenien un títol d'educació superior. El 1926 es va matricular a la [[Universitat de Kaunas]], però els seus estudis van quedar sense acabar a causa de la seva mort el 1933.ref name=SJ/ Pel que fa a la formació acadèmica, el Consell va estar dominat per vuit advocats.ref name=AS1999{{lt}} {{cite journal| last=Šenavičius | first=Antanas| title=Lietuvos nepriklausomybės atkūrimo akto teisinė prigimtis ir konstitucinė reikšmė| journal=Istorija xl| volume=40| pages=23–26| issn=1392-0456| year=1999}}/ref El grup també va incloure quatre sacerdots, dos [[agrònom]]s, dos financers, un metge, un [[economista]] i un [[enginyeria|enginyer]].ref name=SJ/ La majoria dels signants havien rebut la seva educació superior fora de Lituània, ja que en aquell moment no hi havia universitats al país - la [[Universitat de Vílnius]] havia estat tancada després l'[[Aixecament de gener]] el 1863 -. Molts dels signants havien estudiat a la [[Universitat Estatal de Moscou]] i a la [[Universitat Estatal de Sant Petersburg]].

Pel que fa a la confessió religiosa, dinou dels signants eren [[catolicisme|catòlics romans]], si bé Jonas Basanavičius no era practicant; Jokūbas Šernas era l'únic que professava la [[Reforma Protestant]]ref name=SJ/ En el moment que s'aprova la Declaració d'Independència, sis dels signants eren oficialment [[Independent (política)|apartidistes]], set eren membres dels conservadors [[Democristians Lituans]], dos estaven afiliats a la [[Unió Nacional Lituana]] i al [[Partit Socialdemòcrata de Lituània|Partit Socialdemòcrata]], i Jonas Vileišis es va afiliar al [[Partit del Progrés Nacional]] i a l'esquerrà [[Partit Democràtic Popular Socialista de Lituània]]ref name=AS1999/

== Activitats abans de la Declaració d'Independència ==
Entre els signants havia estat actiu en el moviment d'independència de Lituània. Antanas Smetona, Donatas Malinauskas, i diversos altres havien participat en associacions secretes lituanes a finals del segles XIX i XX; aquests grups estaven involucrats en la promoció de la distribució il·legal de materials impresos en l'idioma del país, [[Knygnešiai|prohibit]] pel govern tsarista des de 1866 fins al 1904, així com la lluita contra altres intents de [[russificació]] per part de les autoritats. Antanas Smetona, Steponas Kairys, Alfonsas Petrulis, i Mykolas Biržiška van ser expulsats per aquestes activitats de les seves escoles secundàries.ref Name=SJ/Jonas Basanavičius, el futur president del Consell de Lituània, quan es va signar la declaració, va treballar com a metge durant molt de temps a [[Bulgària]]. Malgrat les exigències del seu treball mèdic a l'estranger, va contribuir contínuament als afers lituans. Ell va organitzar la publicació d'un diari clandestí important, l{{'}}''[[Aušra]]''; el seu primer número va aparèixer el 1883. Basanavičius estigué actiu en la vida política de [[Bulgària]] com a representant del seu Partit Demòcrata. Basanavičius ha estat descrit com un dels pioners de la [[salut pública]] a Bulgària.ref{{cite journal| last = Valančiūtė| first = Janina| title = Didi humanitaras ir didis daktaras, tarnavęs Eskulapui ir Lietuvai| journal = Medicina| volume = 38| pages = 103| id = |issn = 1010-660X| year=2002}}/ref Molts dels signants futures participaren en el [[Gran Seimas de Vílnius]], que el 1905 va donar forma al futur polític de l'estat de Lituània.

== Activitats després de la Declaració d'Independència ==
[[Fitxer:Aleksandras Stulginskis During exhibition.jpg|thumb|left|El signant [[Aleksandras Stulginskis]] (centre) com a [[President de Lituània]] en una exposició agrícola a [[Kaunas]], 1924]]
La majoria dels signants de la Declaració es van mantenir actius en la vida cultural i política de la Lituània independent. Jonas Vileišis formà part del [[Seimas|Parlament Lituà]] i exercí com a [[alcalde]] de Kaunas;ref{{cite encyclopedia | editor = Simas Sužiedėlis | encyclopedia = [[Encyclopedia Lituanica]] | title = Viliešis, Jonas | year = 1970–1978 | publisher = Juozas Kapočius | volume = VI | location = Boston, Massachusetts | id = {{LCCN|74|114|275}} | pages = 124–125}}/ref Saliamonas Banaitis participà en finances, i en l'obertura de diversos bancsref{{cite encyclopedia | editor = Simas Sužiedėlis | encyclopedia = [[Encyclopedia Lituanica]] | title = Banaitis, Saliamonas | year = 1970–1978 | publisher = Juozas Kapočius | volume = I | location = Boston, Massachusetts | id = {{LCCN|74|114|275}} | pages = 282}}/ref Entre els signants hi havia dos futurs presidents de Lituània, Antanas Smetona i Aleksandras Stulginskis. Jonas Basanavičius va tornar a la vida acadèmica, i prosseguí les seves investigacions sobre cultura i folklore lituans.ref{{cite encyclopedia | editor = Simas Sužiedėlis | encyclopedia = [[Encyclopedia Lituanica]] | title = Basanavičius, Jonas | year = 1970–1978 | publisher = Juozas Kapočius | volume = I | location = Boston, Massachusetts | id = {{LCCN|74|114|275}} | pages =307–310}}/ref Cinc dels signants van morir abans del començament de la [[Segona Guerra Mundial]], tres van morir durant l'ocupació nazi de Lituània. Els que no van emigrar als països occidentals van ser arrestats com a [[pres polític|presos polítics]] després que Lituània fos ocupada per la [[Unió Soviètica]] durant la Segona Guerra Mundial.ref Name=SJ/

Aleksandras Stulginskis i Petras Klimas van ser enviats a presó a [[Sibèria]] per les autoritats soviètiques, però van sobreviure i va tornar a Lituània.ref Name=SJ/Pranas Dovydaitis i Vladas Mironas també van ser enviats a Sibèria, però van morir allàref{{cite encyclopedia | editor=Simas Sužiedėlis | encyclopedia=[[Encyclopedia Lituanica]] | title=Dovydaitis, Pranas | year=1970–1978 | publisher = Juozas Kapočius | volume=II | location=Boston, Massachusetts | id={{LCCN|74|114|275}} | pages=101–103}}/refref{{cite encyclopedia | editor=Simas Sužiedėlis | encyclopedia=[[Encyclopedia Lituanica]] | title=Mironas, Vladas | year=1970–1978 | publisher=Juozas Kapočius | volume=III | location=Boston, Massachusetts | id={{LCCN|74|114|275}} | pages=545–546}}/ref Kazys Bizauskas va ser assassinat juntament amb altres presoners el 26 juny de 1941 mentre eren conduïts a una presó soviètica de [[Minsk]]ref{{lt}} {{cite web| url=http://www3.lrs.lt/home/w5_viewer/statiniai/seimu_istorija/w5_show-p_r=598p_d=32784p_k=1.html |title=Kazys Bizauskas |publisher=[[Seimas]] | date=2006-02-23 |accessdate=11-11-2012}}/ref Donatas Malinauskas, juntament amb molts altres civils, va ser deportat a Sibèria, on va morir el 30 de novembre de 1942; el seu cos va ser retornat des de Sibèria el 1993 i es tornà a enterrar a Lituàniaref name=DM/ Sis dels signataris supervivents van marxar a l'[[exili]]. Jurgis Šaulys i Kazimieras Steponas Šaulys va morir a [[Suïssa]]; Jonas Vailokaitis va morir a Alemanya, Antanas Smetona, Mykolas Biržiška i Steponas Kairys va morir als [[Estats Units]].ref name=bane/

== Referències ==
{{Referències}}


{{ORDENA:Signataris De La Declaracio D'Independencia De Lituania}}	!--ORDENA generat per bot--

[[Categoria:Història de Lituània]]

{{Link FL|en}}</text>
      <sha1>r11i7jmmhctz4uv6uakbrojc1tu6ob7</sha1>
      <model>wikitext</model>
      <format>text/x-wiki</format>
    </revision>
  </page>