<page>
    <title>Història de l'Iran</title>
    <ns>0</ns>
    <id>1042674</id>
    <revision>
      <id>13987687</id>
      <parentid>13837642</parentid>
      <timestamp>2014-08-30T20:29:13Z</timestamp>
      <contributor>
        <username>Vivaelcelta</username>
        <id>42487</id>
      </contributor>
      <text>[[Fitxer:Scythia-Parthia 100 BC.png|thumb|Extensió geogràfica de la influència iraniana en el segle I aC. L'[[Imperi Part]] (en la seva major part iranians occidentals) es mostra en vermell, altres zones, dominades per la [[regió d'Escítia]] (majoritàriament iranians orientals), en taronja.]]
La '''història de l'Iran''' i el '''Gran Iran''' (al qual es refereixen també com el '''Continent cultural iranià''' per l'Encyclopædia Iranica) abraça la zona que va des de l'[[Eufrates]] a l'oest fins al [[riu Indus]] i el [[Sirdarià]] a l'est i des del [[Caucas]], [[mar Caspi]] i [[mar d'Aral]] al nord al [[golf Pèrsic]] i el [[golf d'Oman]] al Sud. Inclou les modernes nacions de l'[[Iran]], [[Azerbaidjan]], [[Afganistan]], [[Turkmenistan]], [[Tadjikistan]], [[Uzbekistan]], les parts orientals de [[Turquia]] i l'[[Iraq]] i les parts del [[Pakistan]] que queden a l'oest de l'[[Indus]]. És una de les més antigues [[Civilització|civilitzacions]] del món, que abarca milers d'anys, des de l'antiga civilització de l'altiplà iranià, la civilització manaeana a l'[[Azerbaidjan]], [[Xahr-i Sokhta]] (ciutat cremada), a prop de Zabol, al [[Sistan]] i al [[Balutxistan]], i l'antiga Civilització de [[Jiroft]] a Kerman (més de 5000 a.C.) seguit pel [[Regne d'Elam]] (més de 3000 a.C.) i les dinasties medes, [[aquemènida]], [[arsàcides]], [[Imperi sassànida|sassànida]] i els següents imperis fins a la moderna [[República Islàmica de l'Iran]]. 

L'[[Iran]] va ser conegut a Occident com [[Pèrsia]] fins al [[1935]], derivat del nom grec, ''Persis'', que va ser usat en per referir-se a la nació iraniana, el seu poble i els seus imperis antics. Els iranians anomenen al seu país ''Iran'' / ''Iranshahr'' des del període sassànida. 

El nom «Pèrsia» prové de la regió del sud de l'Iran, anomenada Fars / Pars, derivat de ''Parshua'', lloc d'origen de l'[[Imperi persa]]. 

== Prehistòria == 
L'Iran presenta vestigis d'ocupació humana i restes culturals pertanyents a gairebé tota l'[[Edat de pedra]]. Al [[Balutxistan Occidental]] es van recol·lectar instruments de pedra pertanyents al complex tecnològic lític que s'estén des del Balutxistan pakistanès. Aquests objectes corresponen al [[Paleolític]] Inferior. A la regió es va trobar una quantitat de materials de pedra que estan entre els més antics descoberts fins ara a l'Iran, amb una edat estimada de 800.000 anys. Prop de [[Tabriz]] es van trobar les restes del que seria un campament de caçadors d'aquest període. 

L'escassetat de vestigis es deu a almenys dos factors: Les escasses excavacions arqueològiques realitzades a la regió i la reestructuració del terreny en el [[Plistocè superior]], juntament amb altres regions muntanyoses de l'[[Àsia Central]]. 

S'han trobat coves ocupades durant el Paleolític Mitjà, així com restes culturals [[mosterià|mosterianes]]. A la conca occidental del [[riu Helmand]] es va trobar evidència d'una ocupació [[mosterià|mosteriana]] i s'espera trobar més restes a la regió que s'estén fins a l'[[Afganistan]]. Aquestes restes formen part d'un continuu d'indústries [[mosterià|mosterianes]] i restes físiques [[neandertal]]oides que s'estén des de les [[Tian Shan]] a través d'Àsia Central i el [[Pròxim Orient]], sud de [[Rússia]], [[Europa]] oriental i occidental, així com el [[nord d'Àfrica]] fins a l'[[Oceà Atlàntic]]. 

Durant el Paleolític Superior s'evidencia una creixent complexitat social, desenvolupament de les arts i utilització de noves i més sofisticades tècniques de treball de la pedra, produint eines filoses i precises. 

Durant el [[Neolític]] es va desenvolupar un procés de [[Sedentarisme|sedentarització]], producció estable d'aliments, desenvolupament de l'agricultura i la ramaderia i establiment de rutes d'intercanvi de curta distància entre comunitats relativament properes entre si. La societat i les arts es desenvolupen en patrons cada vegada més complexos. L'evolució cap a una economia neolítica pot observar-se a l'Iran occidental i al nord de l'[[Iraq]]. 

A l'Iran nord-occidental la transició cap a una [[economia]] de producció va començar durant el [[Mesolític]] (X mil·lenni aC) i es creu que va existir un centre amb aquestes característiques a la regió del [[Mar Caspi]]. A Ghar-i Karmarband es van trobar restes que podrien haver estat utilitzades per a la fabricació de javelines. Es van trobar restes de gaseles perses, toros salvatges i rens. Es va trobar també un enterrament d'una nena el cos de la qual va ser pintat amb ocre vermell, així com pendents de pedra polida ossos i cons d'argila que podrien evidenciar els primers intents de treballar aquest material que donaria després origen a la terrisseria. Durant aquest període comencen els primers intents de domesticació de cabres i ovelles. Aquest procés, començat durant el Mesolític, s'hauria completat recentment en el Neolític. 

L'entrada en el Neolític es data a l'Iran entre el VII mil·lenni aC i el VI mil·lenni aC [[Turang Tappeh]] (també pot trobar-se com Turang Tepe). '''Tappeh''' és el nom en [[Idioma persa |persa]] de tell, que significa turó o monticle, que és una classe de jaciment arqueològic en forma d'un monticle de terra que és el resultat de l'acumulació i subsegüent erosió de material dipositat al llarg de segles d'ocuació humana. '''Tepe''' és la paraula equivalent [[Idioma turc|turca]], encara que també s'utilitza '''Höyük'''. Constitueixen evidència que en el VI mil·lenni la regió de la vall del [[Gorga (Comtat)|Gorga]] contenia assentaments agrícoles, habitatges de maó i dos tipus de residències: unes amb una llar elevat i parets cremades pel fum, i altres sense espai per foc, més petites, amb el sòl prolixament allisat. En algunes d'aquestes últimes es van trobar figuretes d'argila molt estilitzades. Es van trobar adorns d'os i fulles d'obsidiana. Aquestes cultures haurien tingut contacte amb les seves veïnes Yarim Tepe, Jeitun (sud del [[Turkmenistan]]) i Sialk II (centre de l'Iran), al llarg de la vall del Gorgan.

== Protohistòria == 
L'[[Edat del Coure]], caracteritzada per l'aparició d'elements de coure i ceràmica pintada a [[Susa]] (Sud-oest de l'[[Iran]]) i a [[Sialk]] (centre-oest), s'estén a l'Iran al llarg del IV mil·lenni aC, i s'han trobat restes arqueològiques, entre els quals hi ha la ceràmica amb formes animals o abstractes de gran qualitat, alguns dels quals tenien aparent ús ritual. Les rutes comercials guanyen en extensió i comencen a sorgir assentaments urbans, en un procés regional que es desenvolupa entre [[Anatòlia]], [[Mesopotàmia]], [[Bactriana]] i la [[Cultura de la vall de l'Indus]]. 

== Antiguitat == 
Al començament del III mil·lenni aC apareix a Susa una forma d'escriptura, possiblement derivada del sistema [[llengua sumèria|sumeri]] per representar la [[llengua elamita]], i l'[[Imperi elamita]] sorgeix com a nou poder al sud-oest de l'Iran, en competència amb els imperis veïns de [[Babilònia]] i [[Assíria]]. L'economia elamita es basava principalment en el comerç, i la seva llarga tradició administrativa està evidenciada per la quantitat de tauletes i registres conservats. 

A partir del 2000 aC els [[medes]] i els [[perses]], pobles [[Aris (poble)|aris]] o [[indoeuropeus]], van començar a desplaçar-se des de les planes del sud de [[Rússia]] i de l'[[Àsia Central]] cap a Europa i Àsia. Durant el II mil·lenni aC van envair l'altiplà de l'Iran, entre el [[mar Caspi]] i el [[golf Pèrsic]], establint-se en les escasses valls on es conreava el blat i els arbres fruiters. Aquests pobles parlaven una varietat de dialectes del persa antic, una de les llengües irànies pertanyent a la família de [[llengües indoeuropees]], emparentades amb l'[[avèstic]] (Irani Antic Oriental) i el [[sànscrit]] vèdic. 

A mitjan segle VII aC, grups de tribus irànies identificades com [[medes]], establerts al nord i al nord-oest de l'Iran, es lliuren del jou [[Assíria|assiri]], establint el seu poder sobre la regió. Gràcies a Ciàxares i Astiages s'acaba amb el poder assiri, prenent Nínive el 612 a C. i fundant el primer imperi irani. D'aquest mateix període són les fonts que esmenten a [[Cir I]], rei d'[[Anshan]]. 

=== Imperi Mede (700 aC-549 aC) ===
{{principal|Imperi Mede}}
[[Fitxer:Median-empire-600BCE.png|thumb|left|L'Imperi Mede en la seva màxima expansió]]
L'Imperi Mede va ser fundat vers l'any [[700 aC]] per [[Deioces de Mèdia]] i enderrocat per la dinastia aquemènida encapçalada pel nét del llavors rei [[Astíages de Mèdia]], [[Cir II el Gran]] l'any [[550 aC]].

Els dominis de l'imperi foren estenent-se fins a assolir els territoris de l'[[Orient Mitjà]] antic, agrupant els principals centres culturals de l'antiguitat. En l'època de màxima esplendor, vers l'any [[450 aC]], englobà [[Grècia]], [[Regió de Mesopotàmia|Mesopotàmia]], [[Canaan]], [[Àsia Menor]], [[Egipte]], [[Armènia]] i les ribes dels riu [[Indus]] i l'[[Amudarja|Oxus]] (hui Amudarja)

=== Imperi Persa (550 aC-330 aC) ===
{{principal|Imperi Persa|Imperi Aquemènida}}
[[Fitxer:Achaemenid-empire-500BCE.png|thumb|L'Imperi Aquemènida en temps de [[Darios I el Gran]]]]
La dinastia Aquemènida va ser la primera dinastia persa que governà l'imperi. Fou fundada suposadament per [[Aquemenes]] i els membres de la dinastia van ser els reis dels perses, primer sota l'Imperi Mede i després com a Imperi Persa. El seu fill (segons Heròdot) era [[Teispes d'Anshan|Teispes]] el qual tingué dos fills: [[Ariaramnes de Pèrsia|Ariaramnes]] i [[Cir I d'Anshan|Cir]]. A la seva mort, Ariaramnes va rebre el títol de rei de tots els perses i Cir el de rei d'[[Anshan]], fundant així dues línies dinàstiques diferents. El primer membre de la dinastia que assolí el tron va ser [[Cir II el Gran]] (de la línia de [[Cir I d'Anshan|Cir]]), el qual, després d'enderrocar l'Imperi Mede estengué els seus territoris per tot l'Iran i bona part de Mesopotàmia. Fou succeït ([[530 aC]]) pel seu fill [[Cambises II de Pèrsia]]. Cambises conquerí [[Egipte]] cap al [[525 aC]]. Els perses aconseguiren l'aliança amb els [[beduïns]] i aquests els hi donaren pas a les tropes. Segons Heròdot, un cop mort el faraó ([[Amasis II]]) els mercenaris grecs contractats pel difunt sobirà van trair-los i així els perses van aconseguir la victòria. Mentrestant el germà de Cambises, [[Smerdis]] accedeix al tron (és molt probable que en realitat no fos ell sinó un imitador (el mag [[Gaumata]]) ja que Cambises ordenà abans d'anar a Egipte que el matessin per por de què aquest li prengués el tron). Quan Cambises se n'assabentà, tornà a Pèrsia per expulsar l'usurpador, però veient que no podria acabar amb la revolta es va suïcidar. Gaumata va continuar governant en nom de Smerdis fins que l'any [[521 aC]] [[Darios I el Gran]] el va assassinar i es va proclamar rei, fent així que la línia de Cir fos substituïda en el govern per la d'Ariaramnes.

Darios I va ser, probablement el rei persa ([[521 aC|521]]-[[486]] aC) més important de la dinastia aquemènida. Quan va pujar al tron es van produir diverses rebel·lions per part dels nobles que volien arrabassar-li el títol de rei de Pèrsia, però van ser sufocades en poc més d'un any. Un cop refermada la seva posició, va emprendre una sèrie de reformes administratives, la més destacable és probablement l'organització de l'imperi en [[Satrapia|20 satrapies]] i la construcció d'una nova capital, [[Persèpolis]] substituint a [[Pasargada]], l'antiga capital. També va conquerir [[Tràcia Oriental]] ([[514 aC]]), assolint així la màxima expansió de l'imperi sota el govern aquemènida. Tot i això aquesta no va ser una conquesta completa, ja que no va aconseguir derrotar en la seva totalitat als [[escites]]. Després de la [[revolta jònica]] Darios I va decidir revenjar-se de les polis gregues i així l'any [[492 aC]] va enviar un exèrcit comandat per [[Mardoni]], iniciant-se així la primera de les [[Guerres Mèdiques|guerres mèdiques]] que acabaria amb una desastrosa derrota persa en mans dels hoplites grecs. 
Darios I va morir a l'edat de 54 anys, quan es preparava per encapçalar una expedició contra les ciutats gregues.

Va ser succeït per [[Xerxes I]]. Després de reprimir les revoltes que hi va haver a la mort de Darios, Xerxes va iniciar la segona guerra mèdica volent recuperar l'honor perdut a la primera. La segona guerra mèdica va acabar amb la derrota persa, primer a la [[Batalla de les Termòpiles (480 aC)|batalla de les Termòpiles]], després a la de [[Batalla de Salamina|Salamina]] i finalment, quan Xerxes tornà a Pèrsia i derrotà amb l'usurpador Samoserba a Babilònia va assabentar-se que l'exèrcit persa havia estat derrotat definitivament a la [[batalla de Platea]]. 

Xerxes va ser assassinat per un capità de la guàrdia l'any [[426 aC]] i vingué un període de la dinastia amb un govern força dèbil a l'Imperi, caracteritzat per la brevetat dels regnats o la poca activitat dels governants,refXerxes fou succeït per [[Artaxerxes I de Pèrsia]] ([[465 aC]] a [[424 aC]]) el qual va continuar les guerres amb Grècia, després vingué [[Xerxes II de Pèrsia]] ([[424 aC]] a [[423 aC]]) el qual va ser assassinat pel seu germà [[Sogdià de Pèrsia]], que es va proclamar rei./ref el qual es podria definir podria ser considerat com l'inici de la decadència aquemènida. Després se s Darios II ([[423 aC|423]]- †[[404 aC]]) de Pèrsia, durant el regnat del qual, es van produir diverses revoltes, algunes amb ajuda estrangera ([[Atenes]], principalment) i fins i tot dirigides pels seus familiars propers. Darios II va ser succeït per [[Artaxerxes II de Pèrsia]].

Tot i que només pujar al tron Egipte es va independitzar (i el rei no faria cap intent de recuperar-lo fins a l'any [[379 aC]], intent en el qual els perses foren rebutjats) Artaxerxes II va ser en general un governant fort que va saber administrar bé l'Imperi. Va reprimir les nombroses revoltes que es van produir i va vèncer una guerra contra els estats grecs apropiant-se així, a instigació d'[[Antàlcides]] d'algunes illes i ciutats gregues. Va fortificar [[Ecbatana]] i va fer diverses construccions arreu de l'Imperi, sobretot a la capital. Artaxerxes va nomenar hereu de la dinastia a [[Artaxerxes III Ocos]]. A partir d'aquest els governants que se succeïren foren mediocres i es limitaren a reprimir les successives revoltes de l'Imperi fins a arribar a [[Darios III de Pèrsia]], el qual fou derrotat per [[Alexandre el Gran]].

=== Imperi Selèucida (312 aC-64 aC) ===
{{principal|Imperi Selèucida}}
[[Fitxer:Seleucid-empire-323BCE.png|thumb|L'Imperi Selèucida l'any 323]]
A la mort d'Alexandre, el seu imperi es va disgregar i el territori ocupat per l'antic imperi aquemènida fou substituït per l'imperi selèucida, que era dirigit pels antics governants d'aquest territori, anomenats [[diàdocs]] (que van dirigir les diverses segregacions de l'imperi d'Alexandre quan es va desmembrar). Un d'ells era [[Seleuc I Nicàtor]], el fundador de l'imperi i de la dinastia d'on ve el nom.

Els governants de l'imperi eren grecs, culturalment parlant, i van tenir un paper molt important en l'hel·lenització dels territoris pertanyents a l'imperi i més enllà. L'imperi selèucida tingué dues ciutats principals [[Antioquia de l'Orontes|Antioquia]] i [[Selèucia del Tigris]] (la qual va ser fundada per Seleuc) des d'on es controlava la ruta de la seda. La història de l'imperi és una decadència continuada fins a [[Antíoc III el gran]], que va recuperar Mèdia, Armènia i va obtenir brillants victòries contra els grecs i els parts. Després del seu regnat l'imperi va tornar a recaure en una profunda decadència de la qual ja no en sortiria fins a la caiguda a mans de [[Gneu Pompeu Magne]] l'any [[64 aC]], quan cau l'últim reducte selèucida a [[Imperi Selèucida|Síria]] (les províncies perses passaren als parts). L'Imperi selèucida fou un imperi multicultural, cosa que provocà en bona part la seva caiguda. Per poder controlar-lo, doncs, van haver d'exercir el seu poder de forma molt semblant als seus antecessors aquemènides.

=== Imperi Part (249 aC - 231 dC) ===
{{principal|Imperi Part}}
[[Fitxer:LocationParthia.PNG|thumb|right|Màxima expansió de l'Imperi part]]
Els parts eren un poble originari del sud del [[Mar Caspi]] inicialment anomenats [[parnis]]. No va ser fins que no van envair als selèucides la regió persa de [[Imperi Part|Pàrtia]] que no van rebre el nom de [[parts]]. Aquí s'explicarà únicament la història des de la conquesta dels territoris perses de l'[[Imperi Selèucida]] (inclosa [[Imperi Part|Pàrtia]]) per part d'[[Arsaces I de Pàrtia|Arsaces I]] cap a l'any 249 aC, fundador de la [[dinastia arsàcida]] (la primera i l'única dinastia regnant de l'Imperi part), és a dir quan es podria considerar que l'imperi part fou pròpiament persa.

Teòricament [[Arsaces I de Pàrtia|Arsaces I]] hauria estat succeït pel seu germà [[Arsaces II de Pàrtia|Arsaces II]], però historiadors moderns dubten fins i tot la seva existència. En cas que realment existís, el seu successor seria [[Artaban I de Pàrtia|Artaban I]], el qual l'any [[209 aC]] l'emperador selèucida Antíoc III dugué a terme la invasió de Pàrtia, ocupant la capital [[Hekatompilos]], i obligant a Artaban a acceptar la rendició i fent que els territoris parts depenguessin altre cop del Selèucida, però s'independitzaren poc temps després, un cop mort Artaban sota el mandat del seu fill [[Fraapatios de Pàrtia|Fraapatios]] i comença així l'imperi part.

Fraapatios fou succeït pel seu germà [[Fraates I de Pàrtia|Fraates I]] ([[181 aC]] - [[173 aC]]), però el que fou realment important va ser el seu altre germà, [[Mitridates I de Pàrtia|Mitridates el Gran]]. Mitridates el Gran l'any [[164 aC]] envaí Atropatene, i Baccassis, el sàtrapa de la regió reconegué la seva autoritat. L'any [[162 aC]] imposà els dominis del sud d'Iran i l'any [[148 aC]] prengué tota [[Bactriana]] excloent l'[[Indus]] i [[Kabulistan]] fins a eixamplar la frontera a l'[[Eufrates]] i el [[Tigris]]. El fill de Mitridates, [[Fraates II de Pàrtia|Fraates II]], continuà les conquestes derrotant als selèucides, però morí lluitant contra una gran invasió dels escites ''[[saques]]''. [[Artaban II de Pàrtia|Artaban II]] i [[Mitridates II de Pàrtia|Mitridates II]] acabaren amb l'amenaça escita i Mitridates els obligà a fer-se'n vassalls alhora què es proclamà ''Sahanu Sahi'' (Rei de reis) títol del qual més tard en derivaria el ''Shahansha'' sassànida. Durant el seu regnat es produí una guerra civil entre ell i [[Gotarces I de Pàrtia]]. Mort Mitridates ([[87 aC]]), el seu tiet [[Maukisres de Pàrtia|Maukisres]] es proclamà rei de Pàrtia. Maukisres continuà la guerra civil, continuada des de l'any [[80 aC]] pel seu fill [[Orodes I de Pàrtia|Orodes I]]. La guerra continuà fins que [[Sanatrokes I de Pàrtia]], germà del difunt rei Fraates II s'alçà i derrotà tant a Orodes com a Maukisres, governant associat amb el seu fill ([[Fraates III de Pàrtia]]) fins a la seva mort ([[69 aC]]), quan Fraates governà ell sol. A la caiguda de la [[Imperi Selèucida|Síria]] selèucida per part de [[Gneu Pompeu Magne]], l'imperi part es convertí en el més gran enemic de [[Imperi Romà|Roma]] a la zona, disputant-se sobretot [[Armènia]], la qual cosa produí nombroses guerres frontereres. 

Llavors vingué un període força inestable fins al regnat d'[[Orodes II de Pàrtia]] ([[52 aC]]- [[37 aC]]). N'és destacable la gran victòria sobre l'exèrcit romà a la [[batalla de Carrhae]] ([[53 aC]]), que establí la frontera entre l'Imperi part i el Romà a l'Eufrates, aconseguida en gran mesura per la superioritat de la cavalleria parta (vegeu [[Imperi Persa#Exèrcit|més avall]]). Orodes abdicà en favor del seu fill Fraates IV de Pàrtia després d'haver estat derrotat diverses vegades per les forces romanes. Fraates IV intentà ocupar Armènia elevant al tron com a rei pretendent a un membre de la dinastia arsàcida, sense èxit, ja que fou assassinat poc després. Durant al seu regnat, gràcies a la mediació d'[[Marc Vipsani Agripa|Agripa]], foren retornades a Roma les àguiles i els presoners de la batalla de Carrhae. Fraates fou assassinat pel seu fill [[Fraates V de Pàrtia|Fraates]] i començà un seguit de reis efímers: [[Fraates V de Pàrtia]] ([[2 aC]]- [[5]]), [[Orodes III de Pàrtia]] ([[5]]-[[7]]), [[Vonones I de Pàrtia]] ([[8]]-[[10]] de l'any [[13]] al [[18]] fou també rei d'Armènia) fins a arribar a [[Artaban III de Pàrtia]] ([[10]]-[[42]]) que expulsà a Vonones del tron durant una breu guerra civil i amb el suport de la noblesa fou elevat al tron. Artaban fou succeït pel seu fill [[Vardanes I de Pàrtia|Vardanes]], però el seu germà adoptiu [[Gotarces II de Pàrtia|Gotarces]] entrà en guerra civil amb ell fins a l'assassinat l'any [[46]] de Vardanes, quan es proclamà ''Rei de reis''. L'any [[49]], es presentà com a [[pretendent al tron]] [[Meherdates de Pàrtia]], però fou enganyat i derrotat. Gotarces continuà al tron fins a l'any [[51]], quan morírefLes circumstàncies de la seva mort són obscures. Segons Tàcit, morí de malaltia, mentre que Flavi Josep afirma que fou emmetzinat pels nobles de la seva cort, en desacord amb la seva política/ref sense descendents. Els nobles proclamaren a [[Vonones II]], que era rei de la [[Mèdia Atropatene]], rei de reis, però morí al cap de dos mesos i fou succeït per [[Vologès I]] ([[51]]-[[77]]), el seu fill. Vologès mantingué durant gairebé tot el seu regnat ([[51]]-[[65]]) un conflicte amb [[Sanabares de Pàrtia]], pretendent al tron.ref
Es té molt poca coneixença d'aquest conflicte. Només se sap que durant el període en què se suposa que Vologès s'enfrontà amb Sanabares es feren monedes amb l'efígie del pretendent del tron/ref Sanabares dominà la zona nord-oriental de Pàrtia enfront a Vologès fins a l'any 65, any en què finí. Durant el regnat de Vologès, es reclamà de nou el regne d'Armènia per als parts i després de diverses incursions, Vologès instaurà al seu germà, [[Tiridates I d'Armènia|Tiridates]] al tron, tot i que després de la campanya del general [[Corbuló]] es veié obligat a fer-se vassall de [[Imperi Romà|Roma]]. [[Osroes I de Pàrtia]] ([[105]]-[[129]]) succeí al seu germà, alhora germà de Vologès I, [[Pacoros I de Pàrtia]], quan aquest morí. Heretà del seu predecessor una guerra civil amb l'altre pretendent al tron, [[Vologès III de Pàrtia]], amb el suport de bona part de l'aristocràcia, governà les regions orientals de l'imperi. Però llavors, amb l'imperi Part en la què seria una llarga guerra civil, Roma entrà en guerra amb Pàrtia. La raó fou el fet que Osroes deposà el rei d'Armènia Axidares i elevà al tron a [[Partamasiris]]. Roma considerà que això era un trencament a la pau firmada entre ambdós imperis a la campanya de Corbuló i no va trigar a declarar la guerra a l'imperi Part. L'imperi, totalment afeblit no va poder oposar resistència a les poderoses i ben organitzades legions romanes. Així Roma, sota el mandat de Trajà, s'annexà Armènia com a província romana. L'imperi romà continuà el seu avenç i penetrà profundament en territori part, baixant pel riu [[Tigris]], ocupant [[Hit]], [[Babilim|Babel]] i altres ciutats fins a arribar al golf pèrsic. Totes aquestes regions van esdevenir província romana ([[Mesopotàmia (província romana)|Mesopotàmia]]). Mentrestant, [[Mitridates IV de Pàrtia|Mitridates IV]], germà d'Osroes, es proclamava rei juntament amb el seu fill [[Sanatroikes II de Pàrtia|Sanatroikes II]], però no pogueren resistir als romans. [[Trajà]] va entrar a [[Selèucia del Tigris]] i a [[Ctesifont]] el [[116]], quan el rei Osroes I ja havia fugit. Els romans proclamaren rei a [[Partamaspades de Pàrtia|Partamaspades]], volent [[Trajà]] convertir l'imperi Part en un estat titella i acabar finalment amb l'enemic principal de Roma a l'Orient. [[Trajà]], però, morí l'any [[117]] i Partamaspades, sol i sense cap mena de suport ni dins del país que governava ni des de l'estrangerrefEl successor de [[Trajà]], [[Adrià]], retirà les tropes de Pàrtia signant un tractat amb Osroes en què els romans desocuparien el país si els era concedida com a propietat la província d'[[Osroene]]/ref mort el seu principal valedor hagué de fugir a [[Imperi Romà|Roma]], on li fou concedida la governació de la província d'[[Osroene]]. Mort Osroes ([[129]]) la noblesa parta s'inclinà pel reconeixement de Vologès III que dominava la part oriental de l'imperi. No obstant això, Mitridates IV s'alçà en armes i durant 20 anys va dominar algunes regions occidentals, però fou mort l'any [[140]] durant un atac a la província romana de [[Commagena]]. Llavors la noblesa dóna el seu suport a [[Vologès III de Pàrtia|Vologès III]] per ser rei de la Pàrtia unificada un cop acabada la guerra civil. [[Vologès IV de Pàrtia|Vologès IV]] ([[147]]-[[191]]) successor de [[Vologès III de Pàrtia|Vologès III]] envaí Armènia l'any [[161]] i deposà al seu rei, [[Sohemo]], favorable a Roma i instaurà al tron armeni a Pacoros. L'any [[163]] [[Marc Aureli]] envià al general [[Estaci Prisc]], que ocupà [[Artaxata]] i féu fugir a Pacoros restaurant al poder altre cop a Sohemo. En els següents anys, els romans ocuparen Osroene entraren a Mesopotàmia creuant l'Eufrates i després el Tigris i arribaren a Susa. [[Selèucia del Tigris]] i [[Ctesifont]] foren ocupades. En acabar la guerra Armènia, Osroene i Adiabene quedaren sota propietat romana. El successor de Vologès IV, el seu fill [[Vologès V de Pàrtia|Vologès V]] ([[191]]-[[208]]) va intentar recuperar el territori i el prestigi perdut en l'anterior guerra i així els exèrcits parts penetraren a [[Mesopotàmia (província romana)|Mesopotàmia]] ([[193]]) i la van arrabassar als romans que només conservaren la part occidental de la província, [[Osroene]]. Dos anys més tard [[Septimi Sever]] recuperà Mesopotàmia de les mans dels parts. L'any [[197]] els romans conqueriren [[Ctesifont]] i [[Selèucia del Tigris]] altra vegada. La guerra amb els parts continuà fins al 202 i va acabar amb Mesopotàmia sota control romà, augmentant la província romana homònima.

L'últim rei de Pàrtia fou [[Artaban V de Pàrtia]] el qual, després d'haver vençut als romans en una guerra guanyant cinquanta milions de [[dracmes]] fou enderrocat per [[Ardashir I de Pèrsia]] de la dinastia sassànida, el qual refundà l'imperi persa i les seves tradicions.

=== L'Imperi Sassànida (226-651): Apogeu i fi de l'imperi ===
{{principal|Imperi Sassànida}}
[[Fitxer:Sassanid_Empire_620.png|thumb|La màxima expansió de l'Imperi Sassànida vers l'any [[610]]]]
La dinastia sassànida fou la segona dinastia pròpiament persa que governà l'imperi. Recuperaren moltes tradicions i costums del període aquemènida i igualment intentaren (amb èxit) aconseguir l'esplendor d'aquest període. La dinastia fou fundada per Sassan, sacerdot dels temple d'Anahita. [[Ardashir I]], membre de la dinastia, i de bon principi aliat del rei part, [[Artaban V de Pàrtia]], s'alçà en armes en contra d'ell i l'enderrocà, elevant-se ell al poder, proclamant-se ''Shahansha'' i instaurant així l'[[Imperi Sassànida]]. Ardashir inicià una expansió cap a l'est i també a Armènia i les províncies veïnes, però no fou fins que pujà al tron el seu fill [[Sapor I]] que no començà la veritable expansió de l'imperi, produint-se així les primeres guerres contra l'[[imperi Romà]] amb grans victòries dels perses per sobre dels romans culminant en la [[batalla d'Edessa]], el desastre més gran de la història militar romana. Sapor fou un governant tolerant amb totes les religions de l'imperi, a diferència dels seus successors. Els emperadors que seguiren a Sapor en la direcció de l'imperi foren dèbils i perderen territoris (com ara [[Armènia]]) en favor de [[Imperi Romà|Roma]]. 
La història del període sassànida se sol dividir en tres parts: la primera edat d'or, l'era intermèdia, i la segona edat d'or. La primera edat d'or comença i acaba amb el regnat de [[Sapor II]]. Sapor derrotà als àrabs de les zones més meridionals de l'imperi i començà a expandir-se per l'imperi romà. Aquestes incursions, però, quedaren frenades pels atacs nòmades a l'oest de l'imperi i, com que el seu exèrcit era massa petit per mantenir tant de territori, es veié obligat a firmar un tractat de pau amb [[Flavi Claudi Constantí|Constantí II]] on ambdós pactaven no atacar-se l'un a l'altre durant un determinat període de temps. Un cop derrotats els nòmades, part d'[[Àsia Central]] passà a ser província sassànida i així, amb forces renovades tornà a atacar a Roma, arrabassant-li cinc províncies en la guerra (entre elles [[Armènia]], sempre en constant disputa entre perses i romans). Quan morí Sapor II finalitzà la primera edat d'or, havent deixat l'Imperi més poderós que mai ho havia estat amb un sistema administratiu i polític eficaç, un exèrcit fort i potent i un gran prestigi entre els altres països. Quan finalitzà la primera edat d'or començà, amb el regnat del seu germanastre Ardashir II, començant així l'anomenada era intermèdia, un període de certa estabilitat que durà des de la mort de Sapor ([[379]]) fins a la segona coronació de [[Kavadh I]] ([[498]]). L'era intermèdia es caracteritza per ser un període de continuïtat de les obres de Sapor, amb bons governants, però poc destacables pels seus fets.

=== L'antiga religió persa: el zoroastrisme ===
{{AP|Zoroastrisme}}
[[Fitxer:Faravahar.png|thumb|[[Faravahar]] (o Ferohar), un dels símbols principals del [[Zoroastrisme]], es creu que és la imatge d'un ''Fravashi'' (un esperit guardià).]]
El '''zoroastrisme''', '''mazdaisme''' o '''mazdeisme''' (culte d'[[Ahura Mazda]]) era la [[religió]] dels [[Imperi Persa|antics perses]] abans l'arribada de l'[[islam]], basada en la doctrina predicada per [[Zoroastre]] a l'[[Iran]]. Actualment la segueixen encara els anomenats [[parsis]].

El zoroastrisme va substituir el [[politeisme]] [[pobles indoeuropeus|indoeuropeu]] per un culte [[monoteisme|monoteista]], fonamentat en la saviesa moral: l'entitat creadora suprema (Ahura Mazda o Ormazd) engendra l'esperit del bé o ''principi de la Veritat'' ([[Spenta Mainyu]]) i l'esperit del Mal o ''principi de la Mentida'' ([[Angra Mainyu]] o Ahriman). Tots dos tenen els seus corresponents seguidors, sovint divinitats anteriors lleugerament transformades. Lluiten eternament pel domini del món i sobretot per a convèncer l'ésser humà, l'únic amb [[llibertat]] per triar, perquè segueixi un camí o l'altre. Aquest combat s'acabarà a la fi dels temps amb el triomf del bé i una purificació general pel foc.

El terme 'zoroastrisme' és una construcció moderna que, segons el diccionari ''Oxford'', va aparèixer en primer lloc el [[1874]] a ''Principis de filologia comparada'' d'Archibald Sayce. A Occident, la primera referència a Zoroastre és atribuïda a [[Thomas Browne]], que breument es refereix a ell en el seu llibre ''Religio Medici''. El terme 'mazdeisme' probablement derivi de ''mazdayasna'', una expressió composta de l'[[avèstic]] que combina l'últim element del nom ''Ahura Mazda'' i la paraula ''yasna'', que vol dir devoció.

El zoroastrisme mantingué restes de l'antiga [[religió]] iraniana, com per exemple el paper central del foc i la llum (que esdevenen símbols del bé). Posteriorment, però, va esdevenir una religió ritualista on es van afegir elements [[judaisme|judaics]] i [[budisme|budistes]], i la seva essència monoteista es va anar diluint fins a convertir-se en una concepció quasi absolutament [[dualisme|dualista]]. 

L'''[[Avesta]]'' és el conjunt de llibres sagrats d'aquesta religió, si bé només se'n conserva una part molt fragmentària.

==== Desenvolupament històric ====
El rei [[Darios I]] (cap al [[500 aC]]) fou probablement el primer a adoptar l'ensenyament de Zoroastre com a religió oficial. Sota els seus descendents, però, el zoroastrisme es barrejà amb les antigues creences politeistes, com ho reflecteixen els texts sagrats inclosos en aquella època anomenats ''[[Yasht]]''. Aquest texts són lloances dirigides a deïtats menors.

Durant el regne d'[[Artaxerxes II]] (vers el [[400 aC]]) es van construir els primers temples on es veneraven Ahura Mazda, [[Mitra (mitologia)|Mitra]] i [[Anahita]].

Sota els imperis d'origen [[Antiga grècia|grec]] i [[Parts|part]] (els [[selèucides]] i els [[arsàcides]]), el zoroastrisme es va mantenir al costat de nous cultes estrangers. Durant aquest període es van fer malbé una bona part dels texts que componien l'''Avesta'', perdent-se per sempre més.

Amb l'[[imperi sassànida]] ([[226]]-[[651]]), el zoroastrisme esdevingué de nou la religió oficial de l'Estat. Durant aquesta època es va codificar el que restava de l'''Avesta'' i l'ensenyament original va rebre certs canvis fonamentals. El principal va ser la transformació d'Ahura Mazda, que va passar de ser un principi creador abstracte i universal a la divinitat benèfica contraposada a Ahriman, la força malèfica.

El sacerdoci es va estructurar, amb un ''mobadhan mobadh'' (cap suprem) al capdavant, els ''mobadh'' (caps de districte) com a caps territorials i els ''moghan'' (mags) com a baix clergue. El ''mobadha mobadh'' era el principal dirigent espiritual i la segona personalitat de l'imperi després del rei, al que tenia el dret de coronar. L'''Avesta'' era la seva guia escrita i [[Ardashir I]] en va escriure una edició completa per substituir a la reduïda que havia fet el rei [[Vologès I de Pàrtia]] (51-77). [[Sapor I]] va reunir vers el [[325]] un concili per fixar els cànons. Molta informació sobre l'organització de la religió es troba a la carta de Tansar al rei de [[Tabaristan]], que està datada vers el [[560]] amb [[Cosroes I]]. Un dels màxims exponents de la filosofia zoroàstrica fou [[Adurbad]]ref[http://www.experiencefestival.com/a/Zoroastrianism/id/221116 Zoroastrianism: The Zoroastrian Way Of Seeking Solace] {{en}}/ref

Amb l'arribada de l'[[islam]], el zoroastrisme va desaparèixer gairebé del tot. Alguns dels seus practicants, anomenats avui dia parsis, van fugir cap al [[subcontinent indi]], enduent-se els fragments restants dels texts sagrats. Vers el [[2006]], els practicants del zoroastrisme eren uns 155.000.

=== Societat ===
Entre la noblesa de l'època [[Imperi Sassànida|sassànida]] s'hi podien trobar les grans famílies senyorials, conegudes com a '''Vuzurgan''' (els grans). Els seus caps rebien el nom de '''Vaspuhran'''.

==== La política persa de tolerància, i la seva benvinguda com alliberadors ==== 
A mesura que els perses anaven incorporant al seu imperi noves zones, mostraven polítiques molt tolerants. Els governs locals comptaven amb membres de les elits locals, els impostos generalment eren menors, els perses tenien una gran tolerància religiosa, i fins i tot van alliberar molts pobles sotmesos, com ara els [[hebreus]] que es trobaven deportats a [[Babilònia]]. En moltes zones on abans regnava l'anarquia dels perses també van ser benvinguts com els restauradors de les lleis. Les zones que es van caracteritzar pel suport als perses van ser sobretot [[Palestina]], ja que els hebreus estaven feliços de tenir un govern que respectés i recolzés la seva religió, i també la zona de [[Síria]], especialment les ciutats fenícies, que a més de ser respectades pels perses, aquests els van proporcionar nous mercats per terra i van recolzar el seu desenvolupament naval. També les zones d'[[Àsia Central]] es van mostrar addictes al govern persa, ja que quan l'imperi es va enfonsar aquestes zones van continuar la resistència contra [[Alexandre el Gran]] durant diversos anys. 

==== Característiques de l'administració persa ==== 
El sistema de govern era una monarquia absoluta hereditària on el rei era considerat la forma antropomòrfica de déu a la terra. El rei havia de ser el millor guerrer, com també el millor caçador. Disposava d'un exèrcit personal: els [[Immortals]]. 

Els governs perses es van caracteritzar pel seu '''despotisme militar'''; l'autoritat de l'emperador era absoluta, estava defensat i sostingut pels Immortals. 

El govern persa va portar moltes novetats en matèria política i econòmica per a l'època, entre els quals: 

* Tolerància religiosa i dels costums locals. 
* Manteniment d'estructures administratives locals. 
* Divisió del territori en satrapies que eren auditades cada any sent castigat el [[Sàtrapa]] si la població no estava contenta amb la seva gestió. 
* Desgravament impositiu del comerç i baixa general de tots els impostos. 
* Facilitament del comerç mitjançant la construcció de camins i de canals navegables a més de la unificació territorial que feia menys perillosos els viatges. 
* Creació de reserves de moneda en diferents punts de l'imperi, i difusió del crèdit. 
* Creació de guarnicions repartides per l'imperi que responien només a l'autoritat reial. 
* Creació d'un sistema unificat de pesos i mesures. 
* L'administració local es focalitzava en la manutenció dels camins i obres públiques, el combat a la delinqüència i la productivitat de l'agricultura. 

Totes aquestes mesures van produir un auge en el comerç al llarg de l'imperi incentivant de gran manera el desenvolupament econòmic el que va aconseguir posar del costat persa algunes zones que originalment els rebutjaven i eren revoltoses com les ciutats jònies per exemple. 

Pel que fa al sistema d'administració de les províncies, anomenades [[sàtrapa|satrapies]], aquestes es componien de tres funcionaris: un general, un secretari i el cap de província. 

Cadascun exercia un paper perquè no hi hagués corrupció en les seves colònies. A més un inspector Reial solia passar cada determinat període de temps per verificar que tot estigués en ordre dins de la província, i després informava al rei sobre l'assumpte. 

=== Exèrcit persa === 
L'exèrcit persa es caracteritzava per dues coses: destresa i punteria. L'exèrcit personal es componia de soldats entrenats per a la batalla anomenats els Immortals. Era un exèrcit de 10.000 homes; se'ls deia així perquè cada vegada que queia un era recanviat per un altre de la reserva, i els arquers a cavall, eren una especialitat dels perses que requeria una coordinació i habilitat excepcional, que combinava l'arqueria amb la cavalleria. 

{{Cita | En l'educació dels fills, que dura des dels cinc fins als vint anys, només els ensenyen tres coses: muntar a cavall, disparar l'arc i dir la veritat. | [[Heròdot]], CXXXVI.ref {{cita llibre | títol = Història 1 | autor = A. S. González, A. P. Jáuregui i I. M. Rodríguez | editorial = Santillana | lloc = Buenos Aires | any = 1998 | isbn = 950-46-0086-7}} /ref}} 

L'organització de les províncies permetia el ràpid i eficaç reclutament de tropes. 

=== Zones hostils als perses ===
Les zones que més van rebutjar als perses van ser [[Jònia]], [[Egipte]], [[Mesopotàmia]] i [[Mèdia]]. Els jonis tenien una idiosincràsia diferent, basats en el model de ciutat estat grec ([[Polis]]), en els primers anys es van revoltar constantment contra els perses però després amb l'auge econòmic es van transformar en súbdits lleials de l'imperi. A [[Mèdia]] també els perses van patir revoltes, davant el recel mede d'haver-se convertit d'amos a serfs, però la política persa de tolerància va rendir els seus fruits, quedant apaivagats els ànims. A [[Babilònia]] la població recordava els vells temps de glòria i per això la ciutat es va revoltar. Aquesta ciutat era el nucli agrícola i industrial de l'imperi i davant la revolta la repressió va ser tan brutal que mai més [[Babilònia]] es va alçar. A [[Egipte]] les causes de l'aixecament són similars, a més de comptar amb el suport dels [[grecs]]. [[Egipte]] es va revoltar en reiterades oportunitats sent en totes després d'un temps reconquerit pels [[perses]]. 

=== La debilitat de l'Imperi Persa === 
El principal punt feble de l'imperi persa era la seva organització militar. Tot i comptar amb un exèrcit i una marina incomparable en nombre, la seva organització i tàctiques deixaven molt a desitjar. L'exèrcit estava compost per un nucli d'elit que era la guàrdia personal de l'emperador, també anomenats els [[Immortals]], i després a aquests se sumaven elements de tots els pobles dominats, no existien unitats estàndard sinó que era un exèrcit molt heterogeni. Aquest exèrcit gairebé no tenia tàctiques per combatre en formacions. Això contrastava amb els exèrcits grecs que eren en molts casos molt disciplinats i experimentats i a més tenien tàctiques de combat i equips molt superiors als perses. D'aquesta manera un petit nombre de grecs podia mantenir a ratlla a un contingent persa molt superior com va quedar demostrat a la [[Batalla de les Termòpiles (480 aC)|Batalla de les Termòpiles]] on set mil [[grecs]], 300 d'ells [[espartans]], els millors soldats grecs comandats pel seu rei [[Leònides]] van mantenir a ratlla a un exèrcit de dos-cents mil [[perses]] (segons [[Heròdot]]) durant les [[Guerres Mèdiques]].

== Edat mitjana (652-1501) == 
L'edat mitjana a [[Pèrsia]] va veure succeir el domini de diferents pobles. Van ser els [[àrabs]], recentment [[islam]]itzats, que van conquerir l'[[imperi sassànida]] a mitjan [[segle VII]]. L'any 634 van conquerir la capital sassànida ([[Ctesifont]], a l'actual [[Iraq]]) i per a l'any 655 ja havien conquerit [[Kabul]] i [[Kandahar]] (el que avui és l'[[Afganistan]]). Tanmateix, encara que el territori persa va quedar així immers en el nou imperi àrab, el cert és que els califes de Damasc no van forçar una política de conversions, sinó que van tolerar dins de les seves fronteres les antigues religions. Així, a Pèrsia van perdurar la creences [[zoroastrisme|zoroastrianes]], [[Monofisisme|monofisites]] i [[Nestorianisme|nestorianes]]. Tanmateix, els no islàmics tenien l'obligació de pagar més impostos i tenien una altra sèrie de restriccions. El país es va anar islamitzant a poc a poc, però mantenint trets particulars. Així, Pèrsia es va convertir en el lloc on trobaven empara tendències diverses dins de l'Islam que s'enfrontaven als califes de Damasc. Així, els descendents d'[[Alí ibn Abi-Tàlib]], anomenats [[alides]], que s'oposaven als califes omeies. O els jarijites, la posició es va veure reforçada després de la mort de [[Husayn ibn Ali|Husain]] l'any 680. O, finalment, i amb caràcter destacat, els [[Xiïta|xiïtes]], que eren fidels als descendents directes de Mahoma. 

En aquesta època, el desenvolupament del gran comerç, en particular marítim, es va deixar notar en les ciutats meridionals com [[Siraf]] o [[Harmuza]], en la qual recalaven navilis que després arribaven fins a l'[[Índia]] o la [[Xina]], actuant així com actius centres comercials. 

L'enfrontament entre els perses i els califes de Damasc va cristal·litzar en una sèrie de revoltes. Les regions de [[Merv]] i [[Khorasan (província del Califat)]] es van convertir en refugi d'alides i xiïtes. Encapçalats per [[Abu Muslim]], es van alçar el 747 contra els [[omeies]], a qui van derrotar tres anys després a la batalla del Gran Zab o batalla del Zab. Tanmateix, qui va aconseguir prendre el poder van ser els [[abbàssides]], descendents d'[[Abbàs]], oncle de [[Mahoma]]. El primer califa abbàssida va ser [[Abul-Abbas]] (750 - 754), qui depenia en gran mesura dels seus aliats perses. Van traslladar el califat des de [[Damasc]] ([[Síria]]) fins a [[Bagdad]] (l'actual [[Iraq]]), ciutat nova fundada el 30 de juliol del [[762]] pel califa [[Al-Mansur (abbàssida)|Al-Mansur]]. La influència persa es va deixar sentir en la transformació de la monarquia, ja que els califes van passar a ser reis a l'[[Imperi sassànida|estil sassànida]]: no eren caps dels àrabs, sinó de tots els creients; vivien tancats en el seu palau, lluny dels seus súbdits, només apareixien públicament en cerimònies de gran pompa. 

Els califes de Bagdad van dependre cada vegada més dels seus caps militars, [[perses]] primer i [[turcs]] després. A poc a poc els exèrcits es van transformar en forces privades d'un o altre general, el que va contribuir a la tendència disgregadora del califat. Àmplies zones de Pèrsia van escapar del seu control, constituint-se en regnes independents. Les revoltes contra el poder central van ser especialment intenses en el Khorasan, el primer regne independent va ser establert per Tahir, príncep de [[Nishapur]], de Khorasan i de [[Kerman]] (822). Però sembla que va ser més una qüestió de guany polític i territorial, de fet, Tahir havia ajudat al califa a sotmetre a altres moviments nacionalistes en altres parts de Pèrsia com el moviment de Maziar al [[Tabaristan]]. 

La primera dinastia de Khorasan, després de la introducció de l'[[islam]], va ser la dinastia safàvida (861 - 1003). Té el seu origen en la més remota regió de l'orient iranià, Sistan, on van ser particularment intenses les prèdiques dels jarigites. Saffar, un calderer, va ser proclamat [[califa]], i va emprendre la conquesta de les províncies veïnes: [[Sind]] i [[Khorasan (província del Califat)]]. Va instal·lar la seva capital, [[Nishapur]], en aquesta última regió, i fins i tot va llançar una ofensiva contra Bagdad, que va ser rebutjada (879). 

Els samànides (875 - 999), també oriünds del Khorasan, van governar extensos territoris, des del [[mar d'Aral]] a l'[[oceà Índic]] i el [[golf Pèrsic]]. Va destacar pel seu comerç internacional i els seus èxits artístics. Els bujís (932 - 1055) són una dinastia fundada per un príncep persa de sang reial proper als xiïtes, van regnar a la Pèrsia occidental, arribant després a Bagdad, fins a [[Fars]] i [[Kerman]]. Governador de Khorasan era l'un turc que es va revoltar contra el califa el 961 i va fundar a Ghazna ([[Afganistan]]) un imperi que es va estendre cap al [[Khorasan]] iranià. 

Els bugies de Pèrsia es van veure conquerits pels turcs seljúcides que cap a l'any 1000 van envair el Khorasan i l'[[Iraq]]. Per a l'any 1040 ja estaven instal·lats a [[Nishapur]]. Precisament en aquesta ciutat va començar la seva carrera el teòleg [[Al-Ghazali]] (1058-1111), oriünd del Khorasan i que amb els seus ensenyaments va contribuir a la reconquesta del poble pla iranià. El 1092, a la mort del sultà, Pèrsia es va convertir en regne independent governat per un dels fills del sultà. Les seves fronteres es van veure atacades per les tribus asiàtiques, i va perdre la [[Transoxiana]], a favor del regne de [[Karakitai]]. 

Un segle després (1190), els jorezmites van fundar un imperi iranià sobre la Pèrsia oriental fins a l'Afganistan. Els jorezmites, com la resta de Pèrsia, van ser conquerits pels [[mongols]] de [[Genguis Khan]] (1220). El khanat de Pèrsia o Ilkhanat, vassall del gran khan de [[Pequín]], va tenir la seva capital a Meragha, prop del [[llac Urmia]]. El 1295 [[Ghazan]] va abandonar el [[budisme]] i es va convertir a l'[[islam]]. La seva capital, [[Tabriz]], es va convertir en centre difusor de la religió musulmana xiïta. En aquesta època es van enfortir les relacions entre Pèrsia i l'[[Extrem Orient]]. En l'art es va deixar notar certa influència xinesa, en particular en les miniatures. Els exèrcit [[mongols]] de [[Tamerlà]] van assolar [[Pèrsia]] el 1380 - 1385. Els [[timúrides]] van governar entre 1370-1506.

== Edat moderna == 
El [[segle XVI]] va ser el de la independència amb la dinastia safàvida o sefèvida. Té el seu origen en els ordes religiosos [[sufís]] ([[místics]] [[xiïtes]]) de les muntanyes de l'[[Azerbaidjan]]. Van organitzar el seu estat entorn del santuari d'[[Ardabil]], prop del [[mar Caspi]]. [[Ismail I|Ismail]], el seu cap, es va proclamar [[xa]] l'any 1501. El regne sefèvida va consolidar definitivament la diferència entre els perses i la resta dels [[musulmans]], en consagrar la preeminència del [[xiisme]] dins de l'[[Iran]]. D'aquesta dinastia, cal destacar el regnat d'[[Abbas I el Gran]] (1587 - 1629). 

== Edat contemporània == 
L'any 1794 els [[Dinastia Zand|Zand]] van ser apartats del poder per Agha-Mohamed-Khan, qui va inaugurar el període [[Dinastia qajar|qajar]] de [[Pèrsia]]. Els qajars van governar a Pèrsia des del 1786 fins al 1925. Al llarg del [[segle XIX]], Pèrsia es va veure sotmesa a les influències de [[Rússia]] i de l'[[Imperi Britànic]], que lluitaven entre si per ser la potència hegemònica alhora que modernitzaven el país. El [[1907]] es va arribar a un acord anglo-rus per diferenciar entre zones d'influència de tots dos. 

=== Dinastia Pahlavi === 
[[Fitxer: Mohammad Pahlavi Coronation.jpg | thumb | Coronació del [[xa]] de l'Iran el 1967.]] 
L'any [[1925]] va pujar al poder Arissa Pahlavi, cap militar d'ideologia nacionalista. El [[1941]] Arrissa Pahlavi, germanòfil, va abdicar en el seu fill Mohammad Resa Pahlevi. Els exèrcits [[Unió Soviètica|soviètic]] i anglès van envair l'Iran durant la [[Segona Guerra Mundial]], a [[Teheran]] es va celebrar la conferència de Teheran. L'ocupació estrangera va acabar el [[1946]], i durant la [[postguerra]] es va intensificar el moviment nacionalista, contrari a les ingerències estrangeres.

El [[1953]] el primer ministre Mohammad Mosaddeq va ser expulsat del poder en intentar nacionalitzar els recursos petrolífers, en una operació orquestrada per britànics i nord-americans. La intel·ligència britànica va aconseguir convèncer el govern dels [[Estats Units]] que Mosaddeq era [[Comunisme|comunista]], i el 1953 la [[CIA]] va executar l'Operació Ajax i va treure del poder a Mosaddeq, imposant un governant favorable als Estats Units, l'any 2000 els Estats Units es van disculpar per aquests fets. Aquesta operació va causar moviments violents, la majoria finançats per la CIA per deposar el president, i va acabar amb 300 morts. L'operació va tenir èxit, Mosaddeq es va rendir i va ser arrestat el 19 d'agost. Va ser jutjat i acusat de traïció, se li va donar una sentència de tres anys. 

El [[1955]] es va signar el pacte de Bagdad. El [[xa]], amb el suport dels Estats Units i el Regne Unit va començar la modernització de la indústria del país, i alhora va eliminar tota oposició al seu règim amb l'ajuda de l'agència d'Intel·ligència Savak. El seu principal opositor va ser l'[[aiatol·là]] [[Ruhollah Khomeini]], molt popular entre els cercles religiosos del país, que va ser arrestat i empresonat durant 18 mesos. En ser alliberat l'any [[1964]] va criticar als Estats Units pel suport donat al règim autocràtic del xa, es va exiliar a [[Turquia]] i més tard va acabar a [[París]], des d'on va prosseguir la seva critica al règim dels Pahlavites. L'any 1967 es va produir la solemne coronació com emperadors de Resa Pahlevi i la seva esposa Farah Diba. 

El xa va intentar consolidar la [[burgesia]] i va desenvolupar la [[indústria]], però la corrupció i les desigualtats socials van augmentar, el que va provocar una crisi que va començar l'agost de l'any [[1977]]. 

==== Revolució islàmica ==== 
[[Fitxer:Imam Khomeini in Mehrabad.jpg | thumb | Arribada de Khomeini procedent de França l'1 de febrer del 1979.]] 
La revolució va començar el gener del [[1978]] amb manifestacions en contra del xa. La revolta s'havia generalitzat ja per al setembre del 1978, promoguda per Jomeini des de l'exili. El xa Mohammad Resa Pahlevi va incrementar els seus poders dictatorials amb el suport dels [[Estats Units]], que el considerava el seu major aliat a la zona. El xa va fugir de l'Iran el gener del [[1979]]. L'1 de febrer següent l'[[aiatol·là]] va tornar a l'Iran des del seu exili a París, l'exèrcit es va declarar neutral després que les guerrilles i els rebels sobrepassessin al nombre de tropes lleials al xa i l'Iran es va convertir en República Islàmica l'1 d'abril d'aquest mateix any, quan el poble aprova el referèndum amb una elevada majoria. 

Les relacions amb els [[Estats Units]] es van tornar antagòniques quan estudiants de l'Iran van entrar i van capturar el personal de l'ambaixada d'aquest país i els van catalogar com [[Espionatge|espies]] i lligats amb la [[CIA]] per enderrocar l'aiatol·là com van fer amb Mossadegh el 1953. Així, després de la Revolució Iraniana, el govern nord-americà va permetre un Cop d'Estat a l'[[Iraq]], establint-se la dictadura de [[Saddam Hussein]] per fer contrapès al règim de l'Iran. El 23 de setembre del [[1980]] va esclatar la [[Guerra Iran-Iraq | guerra entre Iran i Iraq]], després que aquest últim país denunciés el tractat fronterer del [[1975]], finalitzaria el [[1988]].

== Actualitat == 
Després de la mort de Khomeini l'any [[1989]] va ser succeït per [[Ali Khamenei]] com a cap d'estat, quedant la prefectura del govern oberta a unes eleccions cada quatre anys en què s'ha assistit a una pugna entre un sector reformista liderat per [[Muhammad Khatami]] i un altre sector conservador. 

Entrat el [[segle XXI]], [[Estats Units]] va actuar contra els dos països que flanquegen geogràficament a l'Iran: l'[[Afganistan]] a l'est i l'[[Iraq]] a l'oest. El [[2001]], després dels atemptats de l'11-S, l'Iran va col·laborar amb els Estats Units. En el seu discurs de l'Estat de la Unió del 29 de gener del [[2002]], el president dels [[Estats Units]] [[George W. Bush]] va incloure l'Iran en l'anomenat eix del mal, en entendre que el seu règim va a favor d'aquestes armes de destrucció massiva i exporta terror, mentre que uns pocs que no han estat elegits reprimeixen el desig de llibertat del poble iranià. És per això que es posen internacionalment traves al programa nuclear iranià, desenvolupat en contra de les recomanacions de l'Organisme Internacional d'Energia Atòmica.

== Vegeu també ==
* [[Cronologia de la història de l'Iran]]

== Referències ==
{{Referències}}

== Bibliografia ==
* ''History of Civilizations of Central Asia'' (I). Editors: A. H. Dani, V. M. Mason. Unesco Publishing, 1992. Pp. 29-126. ISBN 92-3-102719-0
* ''L'Iran per dins. L'altra història''. Alfred G. Kavanagh. Olañeta/Indica Books, 2010. 805 pp. Vegeu [http://librosyviajes.blogspot.com/2010/09/iran-por-dentro-la-otra-historia.html l'enllaç]
* Abrahamian, Ervand (2008). A History of Modern Iran. Cambridge University Press. ISBN 0-521-82139-8. 
* Cambridge University Press (1968–1991). Cambridge History of Iran. (8 vols.). Cambridge: Cambridge University Press. ISBN 0-521-45148-5. 
* Daniel, Elton L. (2000). The History of Iran. Westport, Connecticut: Greenwood. ISBN 0-313-36100-2. 
* Del Guidice, Marguerite (August 2008). Persia – Ancient soul of Iran. National Geographic Magazine. 
* Olmstead, Albert T. E. (1948). The History of the Persian Empire: Achaemenid Period. Chicago: University of Chicago Press. 
* Van Gorde, A. Christian. Christianity in Persia and the Status of Non-Muslims in Iran (Lexington Books; 2010) 329 pages. Traces the role of Persians in Persia and later Iran since ancient times, with additional discussion of other non-Muslim groups. 
* Benjamin Walker, Persian Pageant: A Cultural History of Iran, Arya Press, Calcutta, 1950. 
* Nasr, Hossein (1972). Sufi Essays. Suny press. ISBN 978-0-87395-389-4.

== Enllaços externs ==
{{commonscat|History of Iran}}
*[http://www.persiansarenotarabs.com/persian-history Persian History] Història de Pèrsia
*[http://www.ancientopedia.com/Persia/ Persia at the Ancient History Encyclopedia] with timeline, articles, illustrations, and book references
*[http://www.iranicaonline.org/articles/iran Iran] un article d'Encyclopædia Iranica
*[http://p2.www.britannica.com/oscar/print?articleId=106324fullArticle=truetocId=9106324 Iran] un article d'Encyclopædia Britannica online by Janet Afary
*[http://www.britannica.com/eb/article-9106325/ancient-Iran Ancient Iran] un article d'Encyclopædia Britannica online by Adrian David Hugh Bivar and Mark J. Dresden
*[http://www.parstimes.com/history/ Iran History]
*[http://www.iranchamber.com/history/historic_periods.php Iran chamber]
*[http://www.Anobanini.ir/index/fa A reference about Iran] A Persian reference about history, culture and nature on Iran by each city and province.
*[http://www.parstimes.com/history/VL/middle_east/iran.html WWW-VL History Index: Iran]
*[http://www.jrank.org/history/pages/6414/Persia.html Història de Pèrsia]
*[http://www.heritageinstitute.com/zoroastrianism/index.htm History of Zoroastrianism]

{{destacat|fr}}

{{ORDENA:Historia De L'Iran}}
[[Categoria:Història de l'Iran| ]]

[[nn:Iransk historie]]</text>
      <sha1>jbnhmyns47dtzr8gaqry76u6pvjk3uu</sha1>
      <model>wikitext</model>
      <format>text/x-wiki</format>
    </revision>
  </page>