<page>
    <title>Regió de Hlučín</title>
    <ns>0</ns>
    <id>1043308</id>
    <revision>
      <id>13849938</id>
      <parentid>13556735</parentid>
      <timestamp>2014-07-16T21:56:14Z</timestamp>
      <contributor>
        <username>PereBot</username>
        <id>118448</id>
      </contributor>
      <minor></minor>
      <comment>Robot inserta {{Autoritat}}</comment>
      <text>{{Traducció|en|Hlučín Region}}
[[Imatge:Kraik hulczyński.PNG|thumb|360px|Mapa de la Regió de Hlučín]]

L{{'}}'''Àrea de Hlučín''' ([[txec]]: Hlučínsko (familiarment ''Prajzsko''), [[idioma alemany|alemany]] Hultschiner Ländchen, [[idioma polonès|polonès]]: Kraik hulczyński és una part de la [[Silèsia txeca]] a la [[Regió de Moràvia i Silèsia]] de la [[República Txeca]]. El nom prové de la ciutat més gran, [[Hlučín]]. La seva superfície és de 316,9 km2 i l'any 2001 estava habitat per 73.914 habitants.ref. {{ref-web|url=http://www.czso.cz/csu/2004edicniplan.nsf/t/9200404384/$File/13n106cd1.pdf |títol=Historický lexikon obcí ČR 1869 - 2005 - 1. díl |editor=Český statistický úřad|pàgines= 728 to 735|format=PDF|consulta=1 de setembre 2010|llengua= Czech}} /ref per tant la densitat de població era de 233 habitants per km².

== Història ==
Els descobriments arqueològics suggereixen que l'àrea estava habitada des de 4500 - 2500 AC. 

Els bisbats medievals d'[[arxidiòcesi catòlica de Olomouc|Olomouc]] i [[Arquidiòcesi Catòlica Romana de Wrocław|Wrocław]] ambdós es va tractar de controlar. Al final Olomouc va guanyar la disputa i l'àrea es va convertir en part del [[Marcgravi de Moràvia]]. El 1269 Hlučín pertanyia a les terres que van ser escindides a Moràvia pel rei [[Ottokar II de Bohèmia]] com el [[Ducat d'Opava]], governat pel seu fill il·legítim [[Nicolau I, duc de Troppau|Nicolau I]]. Les diferències en la cultura, les tradicions i el desenvolupament econòmic de la resta de Moràvia va créixer durant el temps, principalment causada per [[germanització]] en el curs de la [[Ostsiedlung]]. Des de 1526 d'ara endavant, el Ducat de Troppau juntament amb les [[Terres de la Corona de Bohèmia]] varen ser part de la [[monarquia dels Habsburg]].

La història de Hlučínsko com a entitat començava amb el [[Tractat de Breslau]] signat 11 de juny de 1742 entre el Rei [[Frederic el Gran|Frederic II de Prússia]] i l'emperadriu [[Maria Teresa I d'Àustria|Maria Teresa d'Àustria]]. El 1740 [[Regne de Prússia|Prússia]] havia començat la [[Guerres de Silèsia#1a Guerra de Silèsia.281740-1742.29|Primera Guerra de Silèsia]] i va conquerir la major part de [[Silèsia]]. Segons els termes del tractat, el Ducat de Troppau es dividia: mentre que el sud de les terres del riu d'[[Opava]] va romandre en mans de la [[Silèsia austríaca]], la part del nord al voltant de Hlučín queia a Prússia i s'incorporava a la [[Província de Silèsia]] el 1815.

Amb part de Prússia de l'[[Imperi Alemany]] des de 1871 en endavant, l'àrea després de la derrota alemanya en la [[Primera Guerra Mundial]] es va convertir en el lloc d'una disputa internacional, ja que va ser habitada per una majoria de persones que parlaven txec. El 4 febrer 1920 Hlučínsko va ser lliurat sense un referèndum a [[Txecoslovàquia]], d'acord amb l'art. 83 de la [[Tractat de Versalles]], encara que les enquestes suggerien que la seva gent se sentia més com [[Alta Silèsia|Alta silesians]] i, sobretot, haurien preferit unir-se a la [[República de Weimar]]. Correccions Amb part de Prússia de l'[[Imperi Alemany]] de 1871 en endavant, l'àrea després de la derrota alemanya en la [[Primera Guerra Mundial]] es va convertir en el lloc d'una disputa internacional, ja que va ser habitada per una majoria de persones que parlen txec. El 4 febrer 1920 Hlučínsko va ser lliurat sense un referèndum per [[Txecoslovàquia]], d'acord amb l'art. 83 de la [[Tractat de Versalles]], encara que les enquestes suggereixen que la seva gent se sentia més com [[Alta Silèsia]] ns i, sobretot, hauria preferit unir-se a la [[República de Weimar]]. Amb correccions menors fronterers en els propers anys.

L'1 d'octubre de 1938 Hlučínsko va ser ocupada per l'[[Tercer Reich|Alemanya Nazi]] com a part de les àrees perdudes per Txecoslovàquia d'acord amb l'[[Acord de Munic]]. Tanmateix, a diferència d'altres dominis perduts txecoslovacs, no es va adjuntar a la ''Reichsgau'' [[Sudetenland]] però una vegada més a la província prussiana de Silèsia ([[província de l'Alta Silèsia|Alta Silèsia]] des de 1941).
Després de la [[Segona Guerra Mundial]] Hlučínsko com la resta de Sudetenland va ser retornada a Txecoslovàquia. En la [[Dissolució de Txecoslovàquia|dissolució]], el 1993 es va convertir en part de la República Txeca.

== Municipis ==
Les ciutats es mostren en '''negreta'''.

[[Bělá (Opava District)|Bělá]] (Bielau) - [[Bohuslavice (Opava District)|Bohuslavice]] (Buslawitz) - [[Bolatice]] (Bolatitz) - [[Darkovice]] (Groß Darkowitz) - '''[[Dolní Benešov]]''' (Beneschau) - [[Hať]] (Haatsch) - '''[[Hlučín]]''' (Hultschin) - [[Hněvošice]] (Schreibersdorf) - [[Chlebičov]] (Klebsch) - [[Chuchelná (Opava District)|Chuchelná]] (Kuchelna) - [[Kobeřice]] (Köberwitz) - [[Kozmice (Opava District)|Kozmice]] (Kosmütz) - '''[[Kravaře]]''' (Deutsch Krawarn) - [[Ludgeřovice]] (Ludgierzowitz) - [[Markvartovice]] (Markersdorf) - [[Oldřišov]] (Odersch) - [[Píšť (Opava District)|Píšť]] (Pyschcz / Sandau) - [[Rohov (Opava District)|Rohov]] (Rohow) - [[Služovice]] - [[Strahovice]] (Strandorf) - [[Sudice (Opava District)|Sudice]] (Zauditz) - [[Šilheřovice]] (Schillersdorf) - [[Štěpánkovice]] (Schepankowitz) - [[Třebom]] (Thröm) - [[Velké Hoštice]] (Groß Hoschütz) - [[Vřesina (Opava District)|Vřesina]] (Wreschin) - [[Závada, Opava District|Závada]] (Zawada bei Beneschau)

Aquests municipis cooperen en la microregió ''Sdružení obcí Hlučínska'' des de 1992.

A la regió va pertànyer també antics municipis de Malé Hoštice (Klein Hoschütz), ara districte d'[[Opava]], i Hosálkovice (Hoschialkowitz), Lhotka (Ellguth), Petkovice (Petershofen), Koblov (Koblau) i Antosovice (Antoschowitz), ara districtes o parts d'[[Ostrava]].

== Atraccions ==
Hlučínsko és entre el [[Beskids]] (a l'est) i [[Hrubý Jeseník]] (cap a l'oest). El [[Riu d'Opava]] flueix a través de Hlučínsko. La zona atrau els turistes, sobretot per les seves rutes amb bicicleta. Hi ha molts edificis històrics, una arquitectura única i costums populars.

Les atraccions principals són:
* reserva natural Dařanec a prop de Vřesina

* castells a Hlučín, Kravaře, Šilheřovice, Dolní Benešov, Velké Hoštice, Chuchelná i Oldřišov

* museus a l'aire lliure a Bolatice i Kobeřice

* museu de fortifications a Hlučín

* edificis d'església a in Ludgeřovice, Hněvošice, lloc de pelegrinatge a Píšť

* Llac Hlučín i uns altres llocs per nedar

== Regions associades ==
* {{flagicon|Poland}} [[Powiat de Głubczyce]] [[Local Action Group|LAG]], Polònia

== Vegeu també ==
* [[Museu de les fortificacions a Hlučín]]
* [[Silèsia Txeca]]

== Referències ==
{{Referències}}


== Literatura ==
* [[Ludmila Hořká]]: ''Národopisné paběrky z Hlučínska'', (1948)


== Enllaços externs ==
{{Commonscat}}

* [http://www.hlucinsko.info/ Lloc web oficial] {{cz}}


{{coord|49|52|48|N|18|11|35|E|source:kolossus-nowiki|display=title}}
{{Autoritat}}

{{ORDENA:Hlucin Region}}



[[Categoria:Moràvia]]
[[Categoria:Regions de la República Txeca]]</text>
      <sha1>toybqgyaqmgc6zofhiobust56fi33w3</sha1>
      <model>wikitext</model>
      <format>text/x-wiki</format>
    </revision>
  </page>