<page>
    <title>Museu de les atrocitats de guerra americanes</title>
    <ns>0</ns>
    <id>1043305</id>
    <revision>
      <id>13882128</id>
      <parentid>13850336</parentid>
      <timestamp>2014-07-23T18:02:29Z</timestamp>
      <contributor>
        <username>CommonsDelinker</username>
        <id>3845</id>
      </contributor>
      <minor></minor>
      <comment>Es retira la imatge Painting_of_the_Massacre_at_the_Soktang_Bridge.jpg perquè l'administrador [[commons:User:Natuur12|Natuur12]] l'ha esborrada de Commons pel següent motiu: Per [[commons:Commons:Deletion requests/Files uploaded by Zaruka]].</comment>
      <text>
El '''Museu de les atrocitats de guerra americanes''' és a la vila de [[Sinchon]], a [[Corea del Nord]]. Està consagrat a la conservació i a la preservació de la [[memòria històrica]] de les víctimes de la matança de Sinchon, que va ser comesa contra els civils nord-coreans quan l'[[Exèrcit estatunidenc]] va ocupar la regió durant la [[guerra de Corea]], entre el 17 d'octubre i el 7 de desembre de 1950. Va causar la mort de 35.000 persones, un quart de la població de la regió.ref name=kcna/ 

== El Museu ==
El Museu va ser fundat el 26 de març de 1958.ref name=kcna/ És un centre d'educació antiimperialistaref name=nouv/ destinat a informar als nord-coreans de les atrocitats i bestialisme comesos per els soldats americans durant la guerraref name=kcna/ i es basa en el testimoni dels supervivents de la massacre. Està constituït d'uns edificis, d'un refugi antiaeri i d'un cementiri. Hi ha fotos, quadres, pintures i objectes que són exposats a les 16 sales del primer edifici i a les tres sales del segon edifici. que havia estat abans la seu local del partit. És en aquest indret que 900 persones varen ser tancades a dins d'un búnquer i cremades. 

Mostra també altres incidents. A la seu de la milícia, 520 persones varen ser aplegades a dins un refugi antiaeri, després varen ser tancades i mortes amb explosius. Sobre el pont de [[Soktang]], 2.000 persones varen ser assassinades aleshores quan tractaven de travessar el pont. Els cossos van ser llançats al riu. Al poble de [[Wonam]], 400 dones i 102 infants van ser tancats a dins de un magatzem i cremats. El cementiri dedicat a les 400 dones i infants és al costat del museu. 

El museu mostra igualment la sort de 100 dones llançades des de la presa de Sowon, i de 120 persones que van ser tancades a dins una cova i cremades. Documenta també la destrucció sistemàtica de la regió: 5484 cases cremades, 618 tallers, edificis públics i sistemes d'irrigació destruïts així com el robatori de 962 caps de bestiar.ref name=work/ 

Les agressions americanes cap al poble coreà constitueixen el segon tema presentat per aquest museu. Mostra també les activitats dels missioners cristians, l'ocupació de Corea després de la Segona Guerra Mundial, la guerra de Corea i la resistència actual contra l'ocupació de la península. Es va donar el cas de l'estudiant sud-coreà Rim Su-kyong qui va donar un discurs davant el museu l'any 1989 per fer avançar la reunificació i que va ser condemnat a 10 anys de presó a la seva tornada a [[Corea del Sud]]ref name=work/ref name=ami/ 

{| class = centre
|-
| [[File:Sinchonmuseum.jpg|thumb|center|La façana del museu]]
|width=15%|
| [[File:Sinchonshelter.jpg|thumb|center|upright=0.5625|El bunker]]
|width=15%|
| [[File:NKmuseum.jpg|thumb|center|L' interior del museu]]
|}

== La matança ==
El desenvolupament de la massacre ha estat resumit en un documental retransmès per el canal de televisió sud-coreà Munhwa Broadcasting Corporation, MBC.ref name=mbc/ Aquestos esdeveniments varen començar amb l'arribada de les tropes americanes des del paral·lel 38, 
a l'octubre de 1950, després de la retirada de l'Exèrcit popular de Corea. Els soldats Americans, ben armats, van aleshores fer matar a totes les persones sospitoses de ser comunistes, al mestre i als alumnes, així com llurs famílies. El 17 d'octubre, Els americans arriben; el tercer batalló del 19és regiment va ocupar Sinchon. Aquest batalló i els seus membres consideraven que tots els Nord-Coreans eren perillosos comunistes. Anaven acompanyats per una unitat de la policia secreta sud-coreana. Ben aviat es va organitzar la caça i l'extermini de la població sospitosa. Més endavant, les matances augmentaren en intensitat. Els supervivents que van fugir de la regió van ser bombardejats per l'aviació nord-americana. Després de la conquesta de Sinchon, els sospitosos de haver estat comunistes van patir represàlies.

==Referències==
{{Referències|refs= 
ref name=kcna[http://www.kcna.co.jp/item/2008/200803/news03/28.htm#8 50th Anniversary of Sinchon Museum Observed], KCNA, 27 de març del 2008/ref
ref name=nouvKim Se Chan,  «[http://www.naenara.com.kp/fr/periodic/times/index.php?contents+12353+2010-07-30+477+18 Mise en accusation des crimes des Américains et des Japonais] », Notícies de Pyongyang, 30 de juliol de 2010./ref
ref name=workSharon Ayling, «[http://www.workers.org/ww/2000/korea0323.php Survivors recall massacre by U.S. troops at Sinchon] », Workers World. /ref
ref name=amiAsociació d'amistat franco-coreana, «http://www.amitiefrancecoree.org/article-la-fleur-et-le-mur-39445748.html La flor i el mur », 18 de novembre del 2009/ref
ref name=mbcEl capitol següent es un resum del documental «[http://www.korean-war.com/Archives/2002/04/msg00177.html The Truth About the Sinchun Massacre] », text basat en l'emissió de MBC del 21 d'abril del 2002. /ref
}}

== Enllaços externs ==
{{Commonscat}}
* [http://www.flickr.com/photos/zaruka/sets/72157622514076596/ Galerie de photos]

{{coord|38|21|16.8224|N|125|29|15.1066|E|source:enwiki|display=title}}

{{ORDENA:Museu De Les Atrocitats De Guerra Americanes}}	!--ORDENA generat per bot--
[[Categoria:Corea del Nord]]
[[Categoria:Museus d'història|Atrocitats De Guerra Americanes]]</text>
      <sha1>mnkdkjyj1b2n330elxftxo8vhm6a2xc</sha1>
      <model>wikitext</model>
      <format>text/x-wiki</format>
    </revision>
  </page>