<page>
    <title>Revolució hongaresa de 1956</title>
    <ns>0</ns>
    <id>104315</id>
    <revision>
      <id>13839880</id>
      <parentid>13757731</parentid>
      <timestamp>2014-07-16T03:14:51Z</timestamp>
      <contributor>
        <username>PereBot</username>
        <id>118448</id>
      </contributor>
      <minor></minor>
      <comment>Robot inserta {{Autoritat}}</comment>
      <text>{{VPHISMILCAT Infotaula conflicte militar
|nom= Revolució hongaresa de 1956
|nom_de_la_batalla= Revolució hongaresa de 1956
|operació= 
|campanya= Revolució a [[Hongria]]
|front=
|conflicte= [[Guerra Freda]]
|data= 
|dates= del [[23 d'octubre]] al [[10 de novembre]] de [[1956]]
|localitat=
|territori=
|escenari= [[República Popular d'Hongria]]
|resultat= Revolució avortada
|estatus=
|mapa= 
|bàndol1= [[Fitxer:Flag of the Soviet Union.svg|20px|Bandera de la Unió Soviètica]] [[Unió Soviètica]] br/ [[Fitxer:Flag of Hungary 1949-1956.svg|20px|Bandera d'Hongria (1949-1956)]] [[Államvédelmi Hatóság]]
|bàndol2= [[Fitxer:Flag of the Hungarian Revolution (1956).svg|20px|Revolució hongaresa]] [[milícies]]
|bàndol3=
|general1=
|general2=
|general3=
|comandant1= [[Fitxer:Red Army flag.svg|20px|Exèrcit Roig]] [[Ivan Kóniev]]
|comandant2= [[Fitxer:Flag of the Hungarian Revolution (1956).svg|20px|Revolució hongaresa]] diversos líders independents
|comandant3=
|oficial1=
|oficial2=
|oficial3=
|cavaller1=
|cavaller2=
|cavaller3=
|força_numèrica1=31.550 tropes,br / 1.130 tancsrefSources vary widely on numbers of Soviet forces involved in the intervention. The UN General Assembly ''Special Committee on the Problem of Hungary'' (1957) estimated 75,000-200,000 troops and 1,600-4,000 tanks[http://mek.oszk.hu/01200/01274/01274.pdf] (p. 56, para. 183), but recently released Soviet archives (available in [[Lib.ru]], Maksim Moshkow's Library) list the troop strength of the Soviet forces as 31,550, with 1,130 tanks and [[self-propelled artillery]] pieces.[http://fan.lib.ru/c/chekmarew_w_a/text_0200.shtml] {{ru icon}}/ref
|força_numèrica2= nombre desconegut
|força_numèrica3=
|força1=
|força2=
|força3=
|baixes1=(Només baixes soviètiques)br /722 mortsbr /1.251 feritsref{{ref-llibre| cognom=Györkei| nom=Jenõ | coautors=Kirov, Alexandr; Horvath, Miklos | títol=Soviet Military Intervention in Hungary, 1956 | editorial=Central European University Press | any=1999 | lloc=New York | pàgines=350 | isbn=9639116351}}/ref
|baixes2=2.500 morts {{mida|1=(est.)}}br /13.000 ferits{{mida|1=(est.)}}ref name=UNchVnote8UN General Assembly ''Special Committee on the Problem of Hungary'' (1957) {{PDF|[http://mek.oszk.hu/01200/01274/01274.pdf Chapter V footnote 8]|1.47nbsp;[[Mebibyte|MiB]]!-- application/pdf, 1548737 bytes --}}/ref
|baixes3=
|batalla_anterior=
|batalla_anterior=
|notes=
|}}La '''Insurrecció''' o '''Revolució hongaresa''', va ser una sèrie d'esdeveniments ocorreguts l'octubre de [[1956]], mitjançant els quals el poble magiar va intentar deslliurar-se de l'opressió soviètica. L'aixecament es coneix avui en [[Hongria]] com la [[Revolució]] ''(forradalom)''.

Els comunistes que ostentaven llavors el poder el van anomenar ''Contrarevolució'' ''(ellenforradalom)''. 
Va començar el [[23 d'octubre]] de [[1956]] amb una gran manifestació en [[Budapest]] i va finalitzar el [[4 de novembre]] de [[1956]] amb l'entrada de l'[[exèrcit Roig]]. Però la resistència va durar fins al [[10 de novembre]].

==Preludi==
Durant la [[segona guerra mundial]], Hongria formà part de les [[Potències de l'Eix]] oposades als [[Aliats de la Segona Guerra Mundial|aliats]]. El 1941, l'exèrcit hongarès va participar en l'[[invasió de Iugoslàvia|ocupació de Iugoslàvia]] i la [[Operació Barbarroja|invasió de la Unió Soviètica]]. El 1944, els exèrcits soviètics van avançar cap a Hongria, i el govern va iniciar unes negociacions d'armistici amb els aliats, les quals van acabar amb l'[[Operació Margarethe|ocupació d'Alemanya]] i el canvi de règim. El 1945 les forces hongareses i alemanyes a Hongria van ser derrotades pels exèrcits invasors soviètics.

Després de la segona guerra mundial, els [[militars soviètics]] ocuparen Hongria i a poc a poc van anant substituint a la coalició de govern electa encapçalada p[[els Petits Productors Independents, els Treballadors Agraris i el Partit Cívic]] amb un [[Partit Comunista Hongarès]] dominant el govern.ref name=UNPara47El 1948, els líders dels partits no comunistes havien estat silenciats, havien fugit a l'estranger o havien estat detinguts, i, el 1949, Hongria s'havia convertit oficialment en la Democràcia del Poble. El poder real estava en mans de [[Mátyás Rákosi]], un comunista format a Moscou. Sota el seu règim, Hongria va ser modelada més i més de forma similar al model soviètic. La llibertat d'expressió i la llibertat individual va deixar d'existir.. L'empresonament arbitrari es va convertir en comú i es van dur a terme purgues, tant dins com fora de les files del Partit. En el juny de [[1949]], el Ministre de Relacions Exteriors, [[László Rajk]], va ser detingut; va ser acusat d'intentar enderrocar l'ordre democràtic i va ser penjat. Moltes altres persones van ser víctimes d'accions similars.(1) Això ho féu més fàcil o senzill per l'aparell de la policia de seguretat de l'Estat o ÁVH, usant mètodes de terror en mans del règim, cosa que es va identificar o associar amb el règim de Rákosi en les ments de la gent. UN General Assembly ''Special Committee on the Problem of Hungary'' (1957) {{PDF|[http://mek.oszk.hu/01200/01274/01274.pdf Chapter II. A (Developments before 22 October 1956), paràgraf 47 (p. 18)]|1.47nbsp;MB}}/ref La radical [[nacionalització]] de l'economia basada en el model soviètic va produir l'estancament econòmic, la reducció del nivell de vida i un profund malestar.ref name=LibCongressHungaryEconomyLibrary of Congress: Country Studies: Hungary, capítol 3 [http://lcweb2.loc.gov/frd/cs/hutoc.html#hu0138 Economic Policy and Performance, 1945–85]. Consultat el [[27 d'agost]] del [[2006]]./ref Els escriptors i periodistes foren els primers a expressar crítiques obertes, publicant d'articles crítics en [[1955]].refUN General Assembly ''Special Committee on the Problem of Hungary'' (1957) {{PDF|[http://mek.oszk.hu/01200/01274/01274.pdf Chapter II. A (Developments before [[22 d'octubre]] de [[1956]]), paràgrafs 49 (p. 18), 379–380 (p. 122) and 382–385 (p. 123)]|1.47nbsp;MB}}/ref Per el [[22 d'octubre]] de [[1956]], estudiants de la Universitat Tècnica havieb ressuscitat la prohibida [[Consell estudiantil|unió d'estudiants]] MEFESZ ,ref name=Crampton295Crampton, R. J. (2003). ''Eastern Europe in the Twentieth Century–and After'', p. 295. Routledge: London. ISBN 0-415-16422-2./ref i van realitzar una manifestació el [[23 d'octubre]], que va desencadenar una cadena d'esdeveniments que van conduir directament a la revolució.ref{{Cite web|url=http://www.mefesz.hu/mefesz.php?oldal=emleknev=szolcsanyi_janos |title=Szegedi szikra gyújtotta fel az ’56-os forradalmi lángot |first=János |last=Szolcsányi |publisher= |location= |page=6 |pages= |language= Hungarian|trans_title= |month= 11|year= [[2005]]|accessdate=[[30 d'octubre]] del [[2009]] |quote=A forradalom szikrája Szegedről pattant ki, mivel október 16–21. között nem csupán reformgondolatokat, hanem pontokba foglalt politikai követeléseket először itt fogalmaztak meg, és ezek megvalósításához a párttól (MDP, DISZ) független szervezetet alapítottak, országos szintű aktív cselekvési programmal. A küldöttek késedelem nélküli szétrajzása vezetett országos szintű forradalmi megmozdulásokhoz és azok betetőzéséhez, nevezetesen olyan közismert eseményekhez, melyek Budapesten október 23-tól a forradalom és szabadságharc kitöréséhez vezettek. (János Szolcsányi (Budapest - 1938.02.24-) Member of the [[Hungarian Academy of Sciences]], University teacher)}}/ref

== Desenvolupament ==
El [[23 d'octubre]], es permet als estudiants de la Universitat Tècnica de Budapest manifestar-se en solidaritat amb l'aixecament obrer de [[Poznań]], [[Polònia]]. Tanmateix, volen aconseguir molt més amb aquesta manifestació i expressar els seus propis interessos. La resposta dels hongaresos no tarda i són milers els que s'apunten a la marxa. Aquesta acaba a la plaça Josef-Bem a la vora de Buda, on es dóna lectura a les reivindicacions dels estudiants. Encara que no s'utilitza cap reclam, cada vegada són més les persones que acudeixen en massa a l'acte.

[[Fitxer:Hole in flag - Budapest 1956.jpg |thumb|Bandera hongaresa sense l'escut comunista en la revolució de 1956]] 

Mentre una part dels manifestants es dirigeix al parlament, la majoria marxa cap a les emissores de la vora de Pest. Allà volen que s'emetin les seves reivindicacions per la cadena estatal. Tanmateix, des de l'emissora s'obre foc contra els manifestants. Aquests aconsegueixen les armes per mitjà dels soldats hongaresos i així poden defensar-se i prendre per assalt l'edifici.

A la tarda es van reunir prop de 300.000 persones davant del [[Parlament]] i van exigir [[llibertat d'expressió]] i [[llibertat de premsa]], eleccions lliures, més independència de la [[Unió Soviètica]] així com el nomenament del comunista reformista [[Imre Nagy]] com a cap de l'Estat. Nagy, que va demanar als manifestants que se n'anessin a les seves cases, va ser nomenat pel Comitè Central del Partit Obrer Hongarès sorprenentment aquella mateixa nit president del Govern.
En el transcurs de la tarda els manifestants van tombar el monument a [[Ióssif Stalin]].

Mentrestant, la Unió Soviètica havia iniciat la invasió d'[[Hongria]] amb 150.000 homes i 6.000 tancs, ordenada per [[Gueorgui Júkov]] ministre de defensa soviètic, fins i tot abans que el cap del partit [[Ernő Gerő]] li ho hagués sol·licitat. 
[[Fitxer:1956 HungarianRevolution.gif|thumb|350px|Imatges de la revolució hongaresa]]
Com a resultat de la intervenció, els militars es van enfrontar als manifestants produint 3.000 morts durant la revolució i 20.000 durant la repressió posterior. Nagy va ser capturat a l'ambaixada romanesa i executat després d'un judici secret el [[1958]].

== Referències ==
{{referències}}

== Vegeu també ==
* [[Primavera de Praga]] 
* [[Revolució de Vellut]] 

== Enllaços externs ==
{{Commonscat|Hungarian Revolution of 1956}}

* [http://www.hungary1956.com/index.htm The American Hungarian Federation] {{en}}
* [http://www.1956andhungary.hu/ Lloc de la conferència internacional per commemorar el 50 aniversari de la Revolució Hongaresa de 1956] {{en}}
* [http://www.youtube.com/watch?v=8sEVgCZHhcM Vídeo musical amb imatges de la Revolució Hongaresa de 1956 amb música del grup [[East]]] {{hu}}

{{Guerra freda}}
{{Autoritat}}

{{ORDENA:Hongaresa 1956, Revolucio}}
{{Enllaç AB|sv}}
{{Enllaç AB|uk}}
{{Enllaç AD|en}}
{{Enllaç AD|hu}}

[[Categoria:Història d'Hongria]]
[[Categoria:Revoltes del segle XX]]
[[Categoria:Bloc de l'Est]]
[[Categoria:1956]]
[[Categoria:Revolucions del segle XX]]</text>
      <sha1>graxty8gco5052rcg10h7tgyi90mbf0</sha1>
      <model>wikitext</model>
      <format>text/x-wiki</format>
    </revision>
  </page>