<page>
    <title>Història d'Israel</title>
    <ns>0</ns>
    <id>1044199</id>
    <revision>
      <id>13964910</id>
      <parentid>13943183</parentid>
      <timestamp>2014-08-23T07:02:56Z</timestamp>
      <contributor>
        <username>RotlinkBot</username>
        <id>151337</id>
      </contributor>
      <minor></minor>
      <comment>Bot: enllaç no actiu</comment>
      <text>{{vegeu3|la història de l'estat d'[[Israel]] des de la seva fundació el 1948|la història anterior de 1948|història d'Israel i Palestina}}
La '''història d'Israel''' s'inicia amb la [[Declaració d'Independència d'Israel]] el 1948. Aquesta fita històrica es va aconseguir després de més de seixanta anys d'esforços polítics i diplomàtics per part del moviment [[sionista]] dels [[jueus]] per establir una nació jueva sobirana a la terra que consideraven la seva pàtria, l'antiga terra d'[[Israel]], també coneguda com a [[Palestina]] o [[Judea]] des dels temps [[romans]].
[[Fitxer:BritishMandatePalestine1920.png|thumb|El Mandat Britànic de Palestina, el 1920]]
[[Fitxer:Flag of Palestine - long triangle.svg|thumb|Palestina]]
[[File:Jerusalem from mt olives.jpg|thumb|Dome in Jerusalem The Capital City Of Palestine]]
[[Fitxer:1 Palestine Pound 1939 Obverse.jpg|thumb|Lliura palestina de 1939]]
[[Fitxer:عملة فلسطينية معدنية.jpg|thumb|Moneda del Mandat Britànic de Palestina]]
[[Fitxer:British Mandate Palestinian passport.jpg|thumb|Passaport del Mandat Britànic de Palestina]]
[[Fitxer:Palestine recognition only.svg|thumb|Països que reconeixen l'estat de Palestina]]
[[File:1759 map Holy Land and 12 Tribes.jpg|thumb|PALESTINE 1759]]
[[File:Modern Palestine, Illustrated atlas, and modern history of the World, 1851.jpg|thumb|PALESTINE 1851]]
[[File:1864 Johnson Map of Israel, Palestine, or the Holy Land - Geographicus - Palestine-j-64.jpg|thumb|PALESTINE 1864]]
[[File:Map of Palestine in Russian, a. 1900.jpg|thumb|PALESTINE 1900]]
[[File:Palestine according to Eusbius and Jerome - Smith 1915.jpg|thumb|PALESTINE 1915]]
[[File:BritishMandatePalestine1920.png|thumb|Palestine 1920]]
[[File:Palestine south 1924.jpg|thumb|PALESTINE 1924]]
[[File:Palestina 1946.jpg|thumb|PALESTINE 1946]]
[[File:UN Partition Plan Palestine.png|thumb|PALESTINE 1947]]
[[File:Satellite image of Israel.jpg|thumb|PALESTINE 2003]]

== Abans de la fundació de l'estat d'Israel ==
[[Fitxer:Israel-2013-Aerial 21-Masada.jpg|thumb|[[Massada]]]]
Segons el punt de vista tradicional, al voltant del segle XI aC, el primer d'una sèrie de regnes i estats israelites s'establiren al territori actual d'Israel, els quals governaren la regió, intermitentment, per mil anys.ref{{harvnb|Friedland|Hecht|2000|p=8}}. For a thousand years Jerusalem was the seat of Jewish sovereignty, the household site of kings, the location of its legislative councils and courts./ref Entre els temps dels regnes israelites i les conquestes musulmanes del segle VII, el territori fou conquerit pels [[assiris]], els [[babilonis]], els [[Antiga Grècia|grecs]], els [[Imperi Romà|romans]], els [[Imperi Sassànida|sassànides]] i els [[Imperi Bizantí|bizantins]].ref{{ref-enciclopèdia|url=http://encarta.msn.com/encyclopedia_701844154_2/Palestine_Ancient.html |editorial=Microsoft |enciclopèdia=Encarta |any=2007 |consulta=2007-09-30 |títol=Ancient Palestine}}/ref La presència jueva al territori disminuí després del fracàs de la [[revolta de Bar Kokhebà]] contra l'[[Imperi Romà]] el 132 dC i la subsegüent expulsió dels jueus a gran escala. Entre el 629 i el 629, l'emperador bizantí [[Heracli]] dirigí una massacre i expulsió dels jueus, després de la qual la població jueva arribà al seu punt més baix. Tot i que la major part de la població jueva es concentrà a la regió de [[Galilea]] en comptes de [[Judea]],ref{{ref-web|url=http://www.usd.edu/~clehmann/erp/Palestine/palestin.htm|editor=The University of South Dakota |títol=Palestine: History |consulta= |data=2007-02-22 |obra=The Online Encyclopedia of the Roman Provinces}}/ref la [[Mixnà]] i una part del [[Talmud]], alguns dels texts religiosos més importants del judaisme, foren escrits durant aquest període.ref{{harvnb|Morçöl|2006|p=304}}/ref El territori fou remogut de l'Imperi Bizantí prop del 636 dC durant les primeres conquestes musulmanes, amb les victòries àrabs a Ajnadain el 634 i a Yarmuk el 636. El 638, el califa Omar, construí una mesquita sobre les ruïnes del temple jueu, que havia estat destruït pels romans, i el 691, el novè califa, Abd al-Malik, construí la [[Cúpula de la Roca]] i la [[mesquita d'Al-Aqsa]] en el seu lloc. Després de la conquesta àrab, la majoria de la població fou arabitzada en cultura i llengua, i la majoria es convertí a l'islam.ref name=palestine[http://encarta.msn.com/encyclopedia_701844116/Palestine_Modern.html Palestine, Modern]. MSN Encarta. [Consulta: 16 de juliol de 2009]/ref La regió fou controlada pels [[omeia (llinatge)|omeies]], els [[abbàssida|abbàssides]] i els [[croades|croats]] durant els sis segles següents, abans de passar les mans del soldanat de [[Mameluc]] el 1260. El 1516, el territori esdevingué part de l'[[Imperi Otomà]], el qual governà la regió fins al segle XX.ref{{ref-enciclopèdia|url=http://www.britannica.com/eb/article-45064/Palestine |enciclopèdia=Encyclopedia Britannica |títol=Palestine: The Crusades |consulta=2007-09-19 |any=2007}}/ref

== Palestina moderna i la migració jueva ==
[[Fitxer:Herzl-balcony.jpg|thumb|[[Theodor Herzl]]]]
[[Ibrahim Paixà d'Egipte]], fill del virrei Muhammad Ali, qui, poc abans havia aconseguit l'autonomia d'Egipte dins la sobirania de l'Imperi Otomà, introduí a Palestina, el 1832, les escoles seculars i els drets civils per als cristians, jueus i musulmans a Palestina,ref name=palestine/ però el poble es revoltà a causa dels impostos elevats i el servei militar obligatori.ref name=palestine/ L'autoritat otomana tornà a imposar-se amb la intervenció de les forces europees que forçaren Ibrahim a retirar-se.ref name=palestine/ El govern otomà havia estat forçat a atorgar a les potències europees alguns privilegis, per tal d'evitar la fallida econòmica; aquests privilegis incloïen l'entrada de cònsols no només a Jerusalem, sinó també a les costes de Gaza, Haifa i Jaffa, on promovien els béns europeus mitjançant els mercaders àrabs cristians.ref name=palestine/ A més a més, també se'ls atorgà més control dels Llocs Sagrats de Jerusalem i es permeteren més assentaments europeus i l'adquisició de terres a Palestina. Tot i que pocs cristians s'hi establiren, a partir de la dècada de 1880, hi arribà un gran nombre de jueus.ref name=palestine/

La primera gran onada migratòria jueva moderna, coneguda com la Primera ''[[Aliyyà]]'' (Hebrew: עלייה), començà el 1881, amb la fugida massiva dels jueus dels [[pogrom]]s de l'Europa oriental.ref name=aliyot{{ref-web|url=http://www.jewishvirtuallibrary.org/jsource/Immigration/immigtoc.html |editor=The American-Israeli Cooperative Enterprise |obra=Jewish Virtual Library |consulta=2007-07-12 |títol=Immigration}}/ref Tot i que teòricament ja existia el moviment sionista, [[Theodor Herzl]] és considerat el fundador del [[sionisme]] polític,ref{{harvnb|Kornberg|1993}} How did Theodor Herzl, an assimilated German nationalist in the 1880s, suddenly in the 1890s become the founder of Zionism?/ref un moviment que volia establir un Estat jueu al territori històric de Palestina, i posant la [[Qüestió Jueva]] dins el pla internacional.ref{{harvnb|Herzl|1946|p=11}}/ref El 1896, publicà ''[[Der Judenstaat]]'' (L'Estat Jueu), oferint la seva visió d'un estat futur, i l'any següent presidí el primer [[Congrés Sionista Mundial]].ref{{ref-web|url=http://www.jewishagency.org/JewishAgency/English/Jewish+Education/Compelling+Content/Eye+on+Israel/120/Chapter+One+The+Heralders+of+Zionism.htm |editor=Jewish Agency for Israel |títol=Chapter One: The Heralders of Zionism |consulta=2007-07-12}}/ref

La Segona ''Aliyyà'' (1904-1914), començà després del [[pogrom de Kixiniov]] (Ara [[Chişinău]]). Prop de 40.000 jueus s'establiren a Palestina.ref name=aliyot / La primera i la segona onada migratòria estava integrada principalment per [[judaisme ortodox|jueus ortodoxos]],ref{{harvnb|Stein|2003|p=88}}. As with the First Aliyah, most Second Aliyah migrants were non-Zionist orthodox Jews.../ref però la segona ''aliyyà'' també inclogué pioners socialistes que establiren el moviment dels [[quibuts]].ref{{harvnb|Romano|2003|p=30}}/ref Durant la [[Primera Guerra Mundial]], el secretari britànic d'afers exteriors [[Arthur Balfour]] publicà la [[Declaració Balfour de 1917]] la qual veia favorablement l'establiment a Palestina d'una llar nacional per al poble jueu. A petició d'[[Edwin Smauel Montagu]] i el [[Lord Curzon]], s'afegí una línia establint que s'entén clarament que res no es farà que perjudiqui els drets civils i religiosos de les comunitats no jueves de Palestina, o els drets i l'estatus polític dels jueus en cap altre país.ref name=macintyre{{ref-notícia|cognom= Macintyre
|nom= Donald
|títol= The birth of modern Israel: A scrap of paper that changed history
|obra= The Independent
|consulta= 2009-01-07
|data= 2005-05-26
| url = http://www.independent.co.uk/news/world/middle-east/the-birth-of-modern-israel-a-scrap-of-paper-that-changed-history-492084.html
}}/ref

== El nacionalisme àrab, la migració jueva i la Primera Guerra Mundial ==
Els àrabs palestins començaren a desenvolupar idees nacionalistes relacionades amb el corrent de l'arabisme que establia que els àrabs eren un poble distint amb una història i relació els uns amb els altres basat en la seva llengua comuna, l'àrab.ref name=palestine/ La [[Revolució dels Turcs Joves]] el 1908 i l'expulsió del sultà Abdul-Hamid el 1909 incrementaren el nacionalisme dels turcs i els àrabs, sovint en conflicte.ref name=palestine/ El Congrés Àrab demanà un govern descentralitzat per a les províncies àrabs i el reconeixement de l'àrab com a llengua oficial.ref name=palestine/ Els turcs, després de la [[Primera Guerra Mundial]] reaccionaren amb violència en contra de les manifestacions del nacionalisme àrab.

L'Imperi Otomà entrà a la Primera Guerra Mundial al costat d'Alemanya i [[Àustria-Hongria]] el 1914, la qual cosa provocà l'aproprament entre Regne Unit i els àrabs i els sionistes, ja que en encoratjar el nacionalisme antiotomà debilitava el seu enemic.ref name=palestine/ Per una banda, els àrabs palestins argumentaven que en la carta entre [[Sir Herny McMachon]], l'alt commisionat britànic a Egipte i [[Hussen ibn Ali]], l'emir de Mecca, els britànics havien promès la independència de Palestina.ref name=palestinebrit[http://www.britannica.com/EBchecked/topic/439645/Palestine Palestine]. Encyclopedia Britannica. [Consulta: 17 de juliol de 2009]/ref Per altra banda, [[Arthur Balfour]], el secretari britànic d'afers exteriors, en una altra carta dirigida al Lord [[Lionel Walter Rothschild]] expressà el seu desig per l'establiment d'una llar nacional per al poble jueu a Palestina, en allò que es coneix com la [[Declaració Balfour de 1917]]. Tanmateix, el Regne Unit, França i Rússia havien planejat, en els [[Acords Sykes-Picot]], el futur del territori.ref name=palestinebrit/ El 20 de març de 1920, els delegats palestins rebutjaren la Declaració de Balfour el Congrés general siri, però l'abril del 1920, en una conferència de pau a [[San Remo]], [[Itàlia]], els aliats dividiren els territoris: [[Síria]] i el [[Líban]] serien administrats per França i Palestina pel Regne Unit.ref name=palestine/ 

El 1922, la [[Lliga de Nacions]] atorgà al [[Regne Unit]] el [[mandat britànic de Palestina|mandat sobre Palestina]] sota els termes similars als de la Declaració de Balfour.ref{{ref-web|url=http://www.fordham.edu/halsall/mod/1922mandate.html |editor=Fordham University |títol=League of Nations: The Mandate for Palestine, July 24, 1922 |obra=Modern History Sourcebook |data=1922-07-24 |consulta=2007-08-27}}/ref La població del territori era predominantment àrab musulmana, mentre que l'àrea urbana més gran de la regió, Jerusalem, era predominantment jueva.refJ. V. W. Shaw, A Survey of Palestine, Vol 1: Prepared in December 1945 and January 1946 for the Information of the Anglo-American Committee of Inquiry, Reprinted 1991 by The Institute for Palestine Studies, Washington, D.C., pages 148/ref La tercera i la quarta ''aliyyà'' (1924-1929) portaren 100.000 jueus a Palestina,ref name=aliyot / però des de 1921, els britànics imposaren límits a la immigració jueva.ref{{harvnb|Liebreich|2005|p=34}}/ref 

El sorgiment del [[nazisme]] la dècada de 1930, produí la quinta ''[[aliyyà]]'', amb un influx d'un quart de milió de jueus i provocà la revolta àrab de 1936-1939 i els britànics posaren un límit a la immigració en el [[Paper Blanc de 1939]]. Ja que molts països del món rebutjaren l'entrada de refugiats de l'[[Holocaust]], s'organitzà un moviment clandestí conegut com el [[Aliyyà Bet]] per portar jueus a Palestina.ref name=aliyot / Després de la Segona Guerra Mundial els jueus representaven el 33% de la població palestina—el 1922 només eren l'11%.ref{{ref-web|url=http://www.mideastweb.org/palpop.htm |títol=The Population of Palestine Prior to 1948 |consulta=2007-07-12 |editor=MidEastWeb}}/refref{{ref-web|url=http://www.israelipalestinianprocon.org/populationpalestine.html |editor=Israelinbsp;— Palestinian ProCon.org |consulta=2007-07-12 |títol=Population Statistics}}{{dead link|data=novembre de 2013|date= octubre 2008}}/ref

==Segona Guerra Mundial i independència d'Israel ==

Durant la [[Segona Guerra Mundial]], els jueus foren perseguits i assassinats en un pla sistemàtic dels [[nazi]]s.ref name=encartahist[http://encarta.msn.com/encyclopedia_761575008_9/Israel.html#s33 Israel]. History. MSN Encarta. [Consulta: 17 de juliol de 2009]/ref Als territoris ocupats pels nazis, els jueus eren transferits a [[gueto]]s i eventualment als [[camp de concentració|camps de concentració]], on moriren entre 5,6 i 5,9 milions de jueus en la [[holocaust|xoà]].ref name=encartahist/ Una conferència sionista a [[Nova York]] el maig de 1942, establí el [[Programa de Biltmore]], el qual rebutjava les restriccions britàniques a la immigració jueva i demanava el compliment de la Declaració de Balfour.ref name=encartahist/ Tot i així, les restriccions britàniques continuaren i s'intensificaren els anys posteriors a la fi de la guerra, per la qual cosa, la comunitat jueva instituí una xarxa d'immigració il·legal.ref name=encartahist/

Després de la guerra, el govern britànic provà de negociar una solució, però, el 1947, declarà que no podia aconseguir cap solució acceptable per tant per als àrabs com per als jueus, i renuncià al [[mandat de Palestina]].ref{{citar ref |url=http://domino.un.org/UNISPAL.NSF/0a2a053971ccb56885256cef0073c6d4/2248af9a92b498718525694b007239c6!OpenDocument |editor=United Nations |data=1949-04-20 |títol=Background Paper No. 47 (ST/DPI/SER.A/47)}}/ref La nova [[Organització de les Nacions Unides]] aprovà amb una majoria de dos-terços el [[Pla de les Nacions Unides per a la partició de Palestina|Pla de Partició de l'ONU]], en la Resolució 181 de l'[[Assemblea General de les Nacions Unides|Assemblea General]], el 29 de novembre de 1947, dividint el territori en dos estats: un d'àrab i un de jueu. Jerusalem seria designada com a ciutat internacional — un ''[[corpus separatum]]'' — administrat per l'ONU per prevenir els conflictes sobre el seu estatus.ref{{harvnb|Best|2003|pp=118–9}}/ref La comunitat jueva acceptà el pla,ref{{ref-web|url=http://www.mfa.gov.il/MFA/Facts+About+Israel/History/HISTORY-+Foreign+Domination.htm |editor=Israel Ministry of Foreign Affairs |títol=History: Foreign Domination |data=2006-10-01 |consulta=2007-07-06}}/ref però la [[Lliga Àrab]] l'[[Alt Comitè Àrab]] el rebutjaren.ref{{harvnb|Bregman|2002|p=40–1}}/ref L'1 de desembre de 1947, l'Alt Comitè Àrab proclamà una vaga de tres dies i la violència esclatà al territori.

El 14 de maig de 1948, el dia anterior a la fi del Mandat Britànic, l'[[Agència Jueva]] proclamà la independència i anomenà el país Israel, segons el pla de partició de l'ONU. El dia següent, els exèrcits de cinc països àrabs—Egipte, Síria, Jordània, el Líban i l'Iraq—[[Guerra araboisraeliana de 1948|envaïren Israel]],ref name=npr{{ref-web|url=http://www.npr.org/news/specials/mideast/history/history3.html |editor=National Public Radio |títol=Part 3: Partition, War and Independence |obra=The Mideast: A Century of Conflict |consulta= |data=2002-10-02}}/ref segons el pla del comand militar àrab d'abril.ref name=palestine/ Tanmateix, atesa la divisió entre els governants àrabs mateixos, que sospitaven que el rei [[Abd Allah ibn Husayn]] de Transjordània volia dominar Palestina, les forces israelianes pogueren repel·lir els exèrcits invasors i aconseguiren guanys territorials que expandien llurs fronteres més enllà dels límits del pla de partició original.ref name=palestine/ Des del començament del conflicte, els atacs sionistes havien produït un èxode de la població palestina; en total, per a l'armistici de 1949, i com a conseqüència de la guerra, més de 700.000 palestins havien fugit a les àrees àrabs de Palestina o als altres estats àrabs,ref name=palestine/ref name=un{{citar ref |url=http://domino.un.org/unispal.nsf/9a798adbf322aff38525617b006d88d7/93037e3b939746de8525610200567883 |títol=General Progress Report and Supplementary Report of the United Nations Conciliation Commission for Palestine, Covering the Period from December 11, 1949 to October 23, 1950 |editor=The United Nations Conciliation Commission |data=1950-10-23}} (U.N. General Assembly Official Records, Fifth Session, Supplement No. 18, Document A/1367/Rev. 1)/ref 
i des d'aleshores la xifra de refugiats palestins ha arribat als 4.255.120, repartits entre els camps de refugiats de [[Judea]] i [[Samària]] (687.542), Gaza (961.645), el Líban (400.582), Síria (424.650), Jordània (953,012) i altres països, segons dades de l'ONU.ref name = ONU_refugiats [http://web.archive.org/web/20050328143541/http://www.un.org/unrwa/publications/pdf/rr_countryandarea.pdf Total registered refugees per country and area (PDF). 2005] [[ONU]], 20 de novembre de 2007/ref Al final de la guerra, la Legió Àrab de Transjordània prengué el control del centre de Palestina, segons un pla que havien negociat el rei de Transjordània i els líders israelians. Els acords d'armistici entre tots cinc països—Israel, Transjordània, Egipte, el Líban i Síria—foren negociats sota els auspicis de l'ONU el 1949. Transjordània annexà [[Jerusalem Est]] (la ciutat vella) i Palestina central—el territori de Cisjordània—i Egipte mantingué el control de la [[Franja de Gaza]]. Israel, per altra banda, a més del 56% de Palestina que l'havia estat donada segons el pla de partició de l'ONU, mantingué el control de les àrees addicionals de Galilea i altres regions del nord, centre i sud del país, així com la Nova Ciutat de Jerusalem.ref name=palestine/ Israel fou admès com a membre de les Nacions Unides l'11 de maig de 1949.ref{{citar ref |url=http://domino.un.org/UNISPAL.NSF/1ce874ab1832a53e852570bb006dfaf6/0b3ab8d2a7c0273d8525694b00726d1b |editor =The United Nations |títol =Two Hundred and Seventh Plenary Meeting |data =1949-05-11 |llengua= anglès }}/ref El futur dels refugiats palestins encara és tema contenciós en el [[conflicte araboisraelià]].ref{{ref-web|url=http://web.mit.edu/cis/pdf/VanEvera_flashpointsinwar.pdf |format={{PDF}} |editor=Massachusetts Institute of Technology |cognom=Van Evera |nom=Stephen |consulta= |títol=Nature of the Flashpoint |obra=Center for International Studies}}/refref{{harvnb|Reveron|Murer|2006}}/ref

Durant els primers anys de l'estat, el moviment sionista laboral, encapçalat del primer ministre [[David Ben-Gurion]] dominà la política israeliana.ref{{harvnb|Lustick|1988|pp=37–9}}/refref{{ref-web|url=http://lcweb2.loc.gov/frd/cs/iltoc.html |editor=Library of Congress |títol=Israel (Labor Zionism) |obra=Country Studies}}/ref Aquests anys foren marcats per la immigració massiva dels sobrevivents jueus de l'Holocaust i dels que fugien de la repressió dels països àrabs. La població d'Israel cresqué de 800.000 el 1948 a 2 milions el 1958.ref{{ref-web|url=http://www1.cbs.gov.il/reader/shnaton/templ_shnaton_e.html?num_tab=st02_01CYear=2006 |editor=Israel Central Bureau of Statistics |consulta=2007-08-07 |any=2006 |títol=Population, by Religion and Population Group}}/ref La majoria arribaren com a refugiats sense possessions i foren albergats en camps temporals coneguts com a ''[[mabarot]]''. Per al 1952, més de 200.000 immigrants vivien en aquestes ciutats de tendes. La necessitat de resoldre la crisis forçà Ben-Gurion a signar un [[Acord de Reparacions entre Israel i Alemanya Occidental|Acord de Reparacions amb Alemanya]] que provocà protestes massives de jueus molests per la idea de fer negocis amb Alemanya.ref{{harvnb|Shindler|2002|pp=49–50}}/ref

El 1956, Israel s'uní a una [[Protocol de Sèvres|aliança secreta]] amb el Regne Unit i França amb la intenció de recuperar el [[canal de Suez]] que els egipcis havien nacionalitzat. Tot i capturar la [[península del Sinaí]], Israel fou forçat a retirar-se atesa la pressió dels Estats Units i la [[Unió Soviètica]] a canvi de drets de navegació al [[mar Roig]] i el Canal.ref{{ref-web|url=http://history.sandiego.edu/GEN/20th/suez.html |editor=University of San Diego |títol=The Suez Crisis |consulta=2007-07-15 |data=2005-12-05}}/ref

== Des de la Guerra dels Sis Dies ==
[[Fitxer:Golda Meir 03265u.jpg|thumb|Primer ministre [[Golda Meir]]]]
Els [[nacionalisme àrab|nacionalistes àrabs]], encapçalats per [[Gamal Abdel Nasser]] refusaren reconèixer Israel o el seu dret a existir, demanant la seva destrucció.ref{{ref-enciclopèdia|url=http://encarta.msn.com/encnet/refpages/RefArticle.aspx?refid=761570433 |títol=Encarta - Six-Day War |editorial=Encarta.msn.com |data=1967-06-05 |consulta=2009-03-13}}/ref El 1967, Egipte, Síria i Jordània reuniren tropes a prop de les fronteres israelianes, expulsaren les forces d'emergència de les Nacions Unides i bloquejaren l'accés d'Israel al mar Roig. Israel considerà aquestes accions com a ''[[casus belli]]'' per a un atac preventiu que donaria inici a la [[Guerra dels Sis Dies]], en la qual, Israel aconseguí una victòria decisiva capturant els territoris de Cisjordània, la Banda de Gaza, la [[península del Sinaí]] i els [[Alts de Golan]].ref{{harvnb|Smith|2006|p=126}}. Nasser, the Egyptian president, decided to mass troops in the Sinai...casus belli by Israel./ref La [[Línia Verda (Israel)|Línia Verda]] es convertí en la frontera administrativa entre Israel i els [[territoris ocupats per Israel|territoris ocupats]]. Les fronteres de Jerusalem foren canviades incorporant-hi Jerusalem Est. La [[Llei de Jerusalem]], aprovada el 1980, reafirmà aquesta decisió, causa de conflicte internacional sobre l'estatus de Jerusalem.

Després de la guerra de 1967 sorgiren sectors no governamentals àrabs en el conflicte, entre els quals, l'[[Organització per a l'Alliberament de Palestina]] compromès a la lluita armada com l'única manera d'alliberar la pàtria.ref[http://www.nytimes.com/2005/03/13/magazine/13PALESTINIANS.html?pagewanted=2 NYTimes - The Interregnum]/refref{{ref-web|url=http://www.mfa.gov.il/MFA/Foreign+Relations/Israels+Foreign+Relations+since+1947/1947-1974/33+The+Palestinian+National+Covenant-+July+1968.htm |títol=Israel Ministry of Foreign Affairs - The Palestinian National Covenant- July 1968 |editor=Mfa.gov.il |data= |consulta=2009-03-13}}/ref A finals de la dècada de 1960 i els principis de la dècada de 1970, grups palestins iniciaren una onada d'atacs,ref{{ref-web|autor=Palestine Facts Editors |url=http://www.palestinefacts.org/pf_1967to1991_terrorism_1970s.php |títol=Ma'alot, Kiryat Shmona, and Other Terrorist Targets in the 1970s |editor=Palestinefacts.org |data= |consulta=2009-03-13}}/ref contra blans israelians per tot el món,refAndrews, Edmund L. and John Kifner.[http://www.nytimes.com/2008/01/27/world/middleeast/27habash.html?pagewanted=2ei=5088en=9767c2c5b87668e6ex=1359090000partner=rssnytemc=rss George Habash, Palestinian Terrorism Tactician, Dies at 82.] ''[[The New York Times]]''. January 27, 2008. May 12, 2008./ref incloent-hi la [[massacre de Munic]] en els [[Jocs Olímpics]] d'estiu de 1972. Israel respongué amb l'[[Operació Ira de Déu]], en què els responsables per la Massacre de Munic foren rastrejats i assassinats.ref{{harvnb|Crowdy|2006|p=333}}/ref De 1969 a 1970, Israel i Egipte lluitaren en la [[Guerra de Desgast]].ref{{ref-enciclopèdia|títol= The war of attrition 
|enciclopèdia= Britannica Online Encyclopedia
|consulta= 2009-01-29
| url = http://www.britannica.com/EBchecked/topic/296740/Israel/219430/The-war-of-attrition}}/ref 

El 6 d'octubre de 1973, per ''[[Yom Kippur]]'', el dia més sant del calendari jueu, els exèrcits egipci i siri [[Guerra del Yom Kippur|llençaren un atac sorpresa]] contra Israel. La guerra acabà el 26 d'octubre amb la victòria d'Israel, però amb grans pèrdues.ref{{ref-notícia|url=http://news.bbc.co.uk/onthisday/hi/dates/stories/october/6/newsid_2514000/2514317.stm |editorial=The BBC |títol=1973: Arab states attack Israeli forces |obra=On This Day |consulta=2007-07-15}}/ref Una [[Comissió Agranat|investigació interna]] exonerà el govern de la responsabilitat de la guerra, però el primer ministre [[Golda Meir]] renuncià.

Les [[Eleccions legislatives d'Israel de 1977|eleccions legislatives de 1977]] foren un punt significatiu en la història política d'Israel quan el ''[[Likkud]]'' prengué el control del [[Partit Laborista Israelià|Partit Laboral]].ref{{harvnb|Bregman|2002|pp=169–70}} In hindsight we can say that 1977 was a turning point.../ref Més tard el mateix any, el president egipci [[Anwar El Sadat]] viatjà a Israel i pronuncià un discurs davant la [[Kenésset]] en allò que és considerat el primer reconeixement d'Israel per part d'un [[cap d'estat]] àrab.ref{{harvnb|Bregman|2002|pp=171–4}}/ref Israel es retirà de la península del Sinaí, retornant-la a Egipte, i acordà entrar en negociacions per atorgar autonomia als palestins a l'altre costat de la Línia Verda, un pla que mai no s'implementà. El govern de [[Menachem Begin]] encoratjà els israelians a assentar-se a Cisjordània, la qual cosa provocà fricció amb els palestins d'aquelles àrees.
[[Fitxer:Bill_Clinton,_Yitzhak_Rabin,_Yasser_Arafat_at_the_White_House_1993-09-13.jpg|thumb|left|[[Isaac Rabin]], [[Yasser Arafat]] i [[Bill Clinton]] en la signatura dels Acords d'Oslo, el 13 de setembre de 1993]]
El 7 de juny de 1981, Israel bombardejà el reactor nuclear Osirak a Iraq, en l'[[Operació Opera]], deshabilitant-la. La intel·ligència israeliana sospitava que Iraq planejava utilitzar-la per desenvolupar armes nuclears. El 1982, Israel intervingué en la [[Guerra Civil Libanesa]] per destruir les bases que feia ús l'Organització per l'Alliberament Palestí per a llençar atacs i míssils al nord d'Israel, donant inici a la [[Primera Guerra del Líban]].ref{{harvnb|Bregman|2002|p=199}}/ref Israel es retirà de la major part del Líban el 1986, però mantingué una zona de seguretat fins al 2000. La [[Primera Intifada]], un aixecament palestí contra el govern israelià,ref{{ref-enciclopèdia|enciclopèdia=Encarta |editorial=Microsoft |url=http://encarta.msn.com/encyclopedia_761579974/Intifada.html |títol=Intifada |consulta=2007-09-16 |any=2007}}/ref esclatà el 1987. Durant els següents sis anys, més de mil persones foren mortes per la violència tant entre els palestins com entre els palestins i israelians. Durant la [[Guerra del Golf]] de 1991, Iraq llençà míssils contra Israel.ref{{ref-notícia|url=http://query.nytimes.com/gst/fullpage.html?res=9D0CE7DB173EF93AA35751C1A967958260|títol=After 4 Years, Intifada Still Smolders |editorial=The New York Times |data=1991-12-09 |consulta=2008-03-28 |cognom=Haberman |nom=Clyde}}/refref{{harvnb|Mowlana|Gerbner|Schiller|1992|p=111}}/ref

El 1992, [[Isaac Rabin]] es convertí en el primer ministre d'Israel, en una campanya en què el partit promogué un compromís amb els veïns d'Israel.ref{{harvnb|Bregman|2002|p=236}}/refref{{ref-web|url=http://www.bc.edu/research/cjl/meta-elements/texts/cjrelations/resources/education/Israel_Palestine/cold_war_ends.htm |editor=Boston College |títol=From the End of the Cold War to 2001 |consulta=2007-07-16}}/ref L'any següent, [[Shimon Peres]] i [[Mahmud Abbas]], representants d'Israel i l'OAP respectivament, signaren els [[Acords d'Oslo]], que donaven a l'[[Autoritat Nacional Palestina]] el dret d'autonomia d'algunes regions de Cisjordània i la Banda de Gaza.ref{{ref-web|url=http://www.state.gov/p/nea/rls/22602.htm |editor=U.S. Department of State |títol=Declaration of Principles on Interim Self-Government Arrangements |data=1993-09-13 |consulta=2007-07-16|arxiuurl=http://web.archive.org/web/20030823194850/http://www.state.gov/p/nea/rls/22602.htm|arxiudata=2003-08-23}}/ref El 1994, el [[Tracatat de pau entre Israel i Jordània]] se signà, fent de Jordània el segon país àrab a normalitzar relacions amb Israel.ref{{harvnb|Harkavy|Neuman|2001|p=270}}. Even though Jordan in 1994 became the second country, after Egypt to sign a peace treaty with Israel.../ref

El suport àrab als acords disminuí després de la [[Massacre de la Cova dels Patriarques]] i la continuació dels assentaments israelians i els punts de control, així com el deteriorament de les condicions econòmiques. El suport públic israelià als acords també disminuí després dels atacs suïcides palestins. El novembre de 1995, Isaac Rabin fou assassinat per un jueu d'extrema dreta que s'oposava als acords. A finals de la dècada de 1990, Israel, sota el llideratge de [[Benjamin Netanyahu]] es retirà d'[[Hebron]],ref{{harvnb|Bregman|2002|p=257}}/ref i signà el [[Memoràndum del Riu Wye]] que donava major control a l'Autoritat Nacional Palestina.ref{{ref-web|url=http://www.state.gov/p/nea/rls/22694.htm |editor=U.S. Department of State |títol=The Wye River Memorandum |data=1998-10-23 |consulta=2007-07-16|arxiuurl=http://web.archive.org/web/20030823205715/http://www.state.gov/p/nea/rls/22694.htm|arxiudata=2003-08-23}}/ref [[Ehud Barak]] fou electe primer ministre el 1999. Ordenà la retirada de les forces del sud del Líban i emprengué negociacions amb el líder de l'OAP, [[Yasser Arafat]] i el president nord-americà [[Bill clinton]] en la [[Cimera de Camp David de juliol del 2000]]. Durant la cimera, Barak oferí un pla per l'establiment d'un [[Estat palestí]], però Yasser Arafat el rebutjà.ref{{harvnb|Gelvin|2005|p=240}}/ref Després del col·lapse de les negociacions, la [[Segona Intifiada]] començà.

== Segle XXI ==
[[Fitxer:Ariel Sharon.jpg|thumb|Primer ministre [[Ariel Sharon]]]]
[[Ariel Sharon]] fou electe primer ministre en les eleccions especials del 2001. Durant el seu govern, Sharon complí el seu pla de retirada unilateral de la franja de Gaza, però també començà la construcció de la [[barrera isralieana a Cisjordània]].ref{{ref-notícia|títol=West Bank barrier route disputed, Israeli missile kills 2 |url=http://www.usatoday.com/news/world/2004-07-29-west-bank_x.htm |editorial=The Associated Press (via USA Today) |data=2004-07-29 |consulta=2007-07-16}}/ref Aquest mur ha estat condemnat per l'ONU i la major part de la comunitat internacional. La Cort Internacional de Justícia de La Haia assenyalà que ''La construcció del mur per part d'Israel... en el territori palestí ocupat, inclòs el del voltant de Jerusalem Est... és contrària la la llei internacional. Israel té l'obligació de desmantellar aquesta infraestructura... i fer reparació del dany causat...'' en una resolució el 9 de juliol de 2004.ref name=INTcourt8jul04[http://domino.un.org/UNISPAl.NSF/2ee9468747556b2d85256cf60060d2a6/3740e39487a5428a85256ecc005e157a!OpenDocument Resolució sobre les conseqüències legals de la construcció del Mur en el territori palestí] [[ICJ]]/ref El gener del 2006, després què Sharon sofrís un [[accident vascular cerebral]] sever, els poders del govern foren transferits a [[Ehud Olmert]]. El juliol del 2006, un atac d'[[Hesbol·là]] a una unitat militar israeliana que havia entrat a territori libanès passant la frontera nord d'Israel, que acabà amb la captura de dos soldats israelians en territori del Líbanref[http://domino.un.org/unispal.NSF/fd807e46661e3689852570d00069e918/87e2508779d8ec83852571b6004c761f Informe del Consell de Seguretat de les Nacions Unides: '''Report of the Secretary-General on the United Nations Interim Force in Lebanon, (21 January 2006 to 18 July 2006)''' ]/ref produí la [[Segona Guerra del Líban]].ref name=UN1701[http://www.un.org/News/Press/docs/2006/sc8808.doc.htm 'Permanent Ceasefire to Be Based on Creation Of Buffer Zone Free of Armed Personnel Other than UN, Lebanese Forces'] [[Consell de Seguretat de l'ONU]], August 11, 2006br /- escalation of hostilities in Lebanon and in Israel since Hizbollah’s attack on Israel on July 12, 2006/refref name=HRTZ_Harel{{ref-web| url=http://www.haaretz.com/hasen/pages/ShArt.jhtml?itemNo=737825
|títol=Hezbollah kills 8 soldiers, kidnaps two in offensive on northern border
|consulta=2006-08-13
|cognom=Harel
|nom=Amos
|data= 13 juliol 2006
|editor=[[Haaretz]]}}
/ref Israel bombardejà el Líban, provocant la mort de 1191 libanesos, la majoria civilsref[http://hrw.org/reports/2006/lebanon0806/ Human Rights Watch: '''Israel's Indiscriminate Attacks Against Civilians in Lebanon''']/ref i la destrucció de bona part la infraestructura civil i econòmica libanesa, amb el pretext de destruir l'estructura militar de la milicia xiita, que malgrat l'atac seguí llançant projectils de resposta contra ciutats israelianes i conservà les seves forces. Per part israeliana moriren 121 soldats i 43 civils.ref[http://www.mfa.gov.il/MFA/Terrorism-+Obstacle+to+Peace/Terrorism+from+Lebanon-+Hizbullah/Israel-Hizbullah+conflict-+Victims+of+rocket+attacks+and+IDF+casualties+July-Aug+2006.htm Dades del Ministeri d'Afers Exteriors israelià]/ref L'Exèrcit Israelià entrà per terra al Líban, on es dugueren a terme soldats entre les forces invasores i guerrillers libanesos, majoritàriament d'[[Hesbol·là]], i també d'altres forces libaneses com el moviment [[Amal]] o el [[Partit Comunista del Líban]]. En els combats moriren 121 soldats de l'exèrcit israelià i una quantitat indeterminada de milicians libanesos. La guerra acabà amb la retirada de les forces israelianes sense haver assolit cap dels seus objectius, com reconegué el seu cap de l'estat major [[Dan Halutz]] o el general Udi Shani,ref[http://www.haaretz.com/hasen/spages/950410.html Haartez, 2/2/2008: '''Ex-IDF General Udi Shani: IDF failed in Second Lebanon War''' ]/ref en un revés que costaria diverses dimissions entre els màxims comandaments l'exèrcit hebreu. Acabà formalment el 8 de setembre de 2006 després que s'hagués declarat un alto el foc el 14 d'agost. 

El 27 de novembre de 2007, el primer ministre Olmert i el president palestí [[Mahmud Abbas]], acordaren reprendre les negociacions i lluitar per assolir un acord per a finals del 2008. L'abril de 2008, el president siri [[Baixar al-Àssad]] declarà que Síria i Israel havien negociat un tractat de pau amb Israel per un any, amb el suport de [[Turquia]]; Israel confirmà les declaracions el maig del 2008.ref{{ref-notícia|nom= Peter|cognom= Walker|coautors= News Agencies|títol= Olmert confirms peace talks with Syria| url =http://www.guardian.co.uk/world/2008/may/21/israelandthepalestinians.syria|editorial= The Guardian|data= 2008-05-21|consulta= |citació= Israel and Syria are holding indirect peace talks, with Turkey acting as a mediator...}}/ref 

El desembre de 2008 es trencà l'alto el foc entre l'exèrcit d'Israel i les forces palestines de Hamas.,ref{{ref-web|url=http://news.bbc.co.uk/1/hi/world/middle_east/7818022.stm|títol=QA: Gaza conflict|editor=BBC|consulta=2009-03-13}}/ref després de mesos de bloqueig de la Franja de Gaza, seu del govern palestí d'[[Ismail Haniye]], en no reconèixer Israel els resultats de les eleccions democràtiques legislatives palestines de 2006, que donaren la majoria a aquesta formació. Israel atacà llençant l'[[Operació Plom Fos]] amb una sèrie d'atacs aeris.ref{{ref-notícia|autor= Associated Free Press |títol= Israeli jets pound Hamas|url = http://www.smh.com.au/news/world/israeli-jets-pound-hamas/2008/12/29/1230399085970.html?page=fullpage#contentSwap1|editorial= The Sydney Morning Herald|data= 2008-12-29|consulta= 2008-12-29 }}/ref El 3 de gener de 2009, les tropes israelianes entraren a Gaza en una ofensiva terrestre.ref{{ref-notícia|nom= Jason|cognom= Koutsoukis|títol= Battleground Gaza: Israeli ground forces invade the strip|url = http://www.smh.com.au/news/world/battleground-gaza/2009/01/04/1231003847085.html|editorial= smh.com.au|data= 5/1/9|consulta= 5/1/9 }}/ref El 17 de gener, Israel anuncià un alto el foc unilateral, amb la condició del cessament del llençament de coets des de Gaza, i es retirà els dies següents.ref name=ravid{{ref-notícia|cognom= Ravid
|nom= Barak
|títol= IDF begins Gaza troop withdrawal, hours after ending 3-week offensive
|obra= Haaretz
|consulta= 2009-01-29
|data= 2009-01-19
| url = http://www.haaretz.com/hasen/spages/1056246.html
}}/ref Hamas anuncià després l'alto el foc, amb les seves condicions pròpies que incloïen la retirada completa de les tropes israelianes i l'obertura de les fronteres. L'ofensiva Israelianà provocà més de 1.400 morts palestins, la majoria (926) civils, i i prop de 5000 ferits, morint-hi 13 soldats atacants israelians. L'ofensiva, en la qual es denuncià l'ús d'armes incendiàriesref[http://www.haaretz.com/hasen/spages/1056839.html Haaretz, 19/1/2009 Amnesty accuses Israel of war crimes over use of white phosphorus in Gaza ]/ref i [[urani empobrit]]ref[http://www.presstv.ir/detail.aspx?id=80443sectionid=351020202 PressTV 4/1/2009 ''Depleted uranium found in Gaza victims'']/ref i el bombardeig d'infraestructures civils com universitats, escoles i hospitals, de forma voluntària,ref[http://www.haaretz.com/hasen/spages/1088912.html Haaretz, 29/5/2009 ''Amnesty: Israel repeatedly breached rules of war in Gaza'']/ref fou condemnada arreu del món, aixecant una àmplica onada de mobilitzacions.ref
[http://www.vilaweb.cat/www/noticia?p_idcmp=3327882 Vilaweb 10/1/2009 ''Multitudinària manifestació a Barcelona en solidaritat amb Palestina'']/refref[http://www.manchesterstopwar.org/reports-activities/289-world-wide-protests-against-gaza-massacre-150000-on-london-demo.html 10/1/2009 ''World-Wide Protests Against Gaza Massacre. 150,000 on London Demo'' ]/refref[http://www.vilaweb.cat/www/noticia?p_idcmp=3338787 Vilaweb: 11/1/2009: ''Mobilització europea en solidaritat amb Palestina'']/ref Nombroses organitzacions de drets humans.ref[http://www.nationalia.cat/ca/noticies/526 Nationàlia, 2,07/2009: ''Amnistia Internacional denuncia que Israel va cometre crims de guerra durant l'ofensiva a Gaza'']/ref com Amnistia Internacional acusaren l'Estat hebreu de destruir 'gratuïtament' la franja de Gaza i d'utilitzar civils palestins com a escuts humans.ref[http://english.aljazeera.net/news/middleeast/2009/07/20097234237545473.html Al Jazeera, 2/7/2009: ''Israel 'wantonly destroyed Gaza''' ]/ref Representants de la mateixa ONU, condemnaren l'atac i denunciaren el caràcter indiscriminat i il·legal de l'atac, qualificant-lo de crim de guerra i d'acte inhumà.ref[http://uk.reuters.com/article/idUKTRE50851M20090109 Reuters, 9/1/2009 U.N. rights chief calls for Gaza war crimes probe]/refref[http://english.aljazeera.net/news/middleeast/2009/03/200932035423101519.html Al Jazeera, 21/03/2009 ''UN: Gaza assault was 'inhumane''' ]/ref l'ONU també denuncià les traves posades per Israel a la investigació dels crims de guerra.ref[http://www.ynetnews.com/articles/0,7340,L-3728466,00.html YnetNews, 9/6/2009 ''UN's Gaza war crimes investigation faces obstacles'' ]/ref

== Vegeu també ==
* [[Història dels jueus]]
* [[Història dels Territoris Palestins]]

== Referències ==
{{referències|2}}

== Bibliografia ==
* Rubinstein, Alvin Z. (editor) The Arab–Israeli Conflict: Perspectives, New York: Praeger, 1984 ISBN 0-03-068778-0. 
* Lord Russell of Liverpool, If I Forget Thee; the Story of a Nation's Rebirth, London, Cassell 1960. 
* Sachar, Howard M. A History of Israel, New York: Knopf, 1976 ISBN 0-394-48564-5. 
* Samuel, Rinna A History of Israel: the Birth, Growth and Development of Today's Jewish S
Berger, Earl The Covenant and the Sword: Arab–Israeli Relations, 1948–56, London, Routledge K. Paul, 1965. 
* Bregman, Ahron A History of Israel, Houndmills, Basingstoke, Hampshire; New York: Palgrave Macmillan, 2002 ISBN 0-333-67632-7. 
* Bright, John (2000). A History of Israel. Westminster John Knox Press. ISBN 9780664220686. http://books.google.com/?id=0VG67yLs-LACprintsec=frontcoverdq=Bright+History+of+Israel#v=onepageqf=false. 
* Butler, L.J. Britain and Empire: Adjusting to a Post-Imperial World I.B. Tauris 2002 ISBN 1-86064-449-X 
* Coogan, Michael D., ed. (1998). The Oxford History of the Biblical World. Oxford University Press. ISBN 9780195139372. http://books.google.com/?id=zFhvECwNQD0Cdq=The+Oxford+History+of+the+Biblical+Worldprintsec=frontcover#v=onepageqf=false. Stager, Lawrence E. Forging an Identity: The Emergence of Ancient Israel.

== Enllaços externs ==
{{commonscat|History of Israel}}
*[http://www.mfa.gov.il/MFA/Facts+About+Israel/History/Facts+about+Israel-+History.htm Facts About Israel: History] at the Israel Ministry of Foreign Affairs
*[http://news.bbc.co.uk/2/hi/middle_east/7385661.stm History of Israel: Key events] at the BBC News Online
*[http://www.archives.gov.il/ArchiveGov_eng Official website] of the Israel State Archives


{{ORDENA:Historia D'Israel}}	!--ORDENA generat per bot--
[[Categoria:Història d'Israel| ]]</text>
      <sha1>g6l8eqtlo0qdw1rodaa4u8lsla3xhbm</sha1>
      <model>wikitext</model>
      <format>text/x-wiki</format>
    </revision>
  </page>