<page>
    <title>Snow Falling on Cedars</title>
    <ns>0</ns>
    <id>1045986</id>
    <revision>
      <id>13675358</id>
      <parentid>13427696</parentid>
      <timestamp>2014-06-24T11:59:35Z</timestamp>
      <contributor>
        <username>Langtoolbot</username>
        <id>128552</id>
      </contributor>
      <minor></minor>
      <comment>Correcció tipogràfica: espais sobrants</comment>
      <text>{{infotaula  pel·lícula
| títol= 
| títol original=Snow Falling on Cedars
| direcció     = Scott Hicks
| guió = [[Ron Bass]] i [[Scott Hicks]] adaptació de [[David Guterson]].
| fotografia =  [[Robert Richardson]]
| muntatge = Hank Corwin
| direcció artística = Jeannine Oppewall
| música = [[James Newton Howard]]
| repartiment=  Ethan Hawkebr / [[Youki Kudoh]] br / [[Rick Yune]]br / Max von Sydowbr / Sam Shepard
| productora= [[Universal Pictures]]br /[[The Kennedy/Marshall Company]]
| país= Estats Units
| gènere= 
| duració=127 minuts
| estrena= 1999
| rati filmaffinity=6.0
| rati imdb=6.7
| imdb = 0120834
}}
'''''Snow Falling on Cedars''''' és una pel·lícula del director [[Austràlia|australià]] [[Scott Hicks]] estrenada el 1999.ref{{citar ref | títol = Snow Falling on Cedars | editor =filmaffinity | obra = | data = | url = http://m.filmaffinity.com/es/movie.php?id=554811| llengua = |cognom= |nom= | consulta = }}/ref

== Argument == 
Illa de San Piedro, en el Pacífic Nord, el 1950. Els americans de socarel toleren els japonesos que hi viuen, però el record de Pearl Harbor és encara viu. La mort misteriosa del pescador Carl Heine enverina les relacions entre els dos comunitats, ja que Kazuo Miyamoto és el culpable escollit. El jove periodista Ishmael Chambers cobrirà el procés. L'assumpte hi té una significació molt personal, ja que la dona de Miyamoto, Hatsue, va ser el seu primer amor, abans que conegui la deportació al camp de Manzanar.ref{{citar ref | títol = Snow Falling on Cedars | editor = amg | obra = | data = | url = http://www.allmovie.com/movie/snow-falling-on-cedars-v181150| llengua =anglès |cognom= |nom= | consulta = }}/ref

== Repartiment ==
* [[Ethan Hawke]]: Ishmael Chambers
* [[Youki Kudoh]]: Hatsue
* [[Rick Yune]]: Kazuo
* [[Max von Sydow]]: Nels Gudmunson
* [[Sam Shepard]]: Arthur Chambers
* [[Anne Suzuki]]

==Al voltant de la pel·lícula==
===Context del film===
La novel·la de [[David Guterson]] va tenir un ressò tant de públic com de crítica als Estats Units, donant particular eco a l'internament dels japonesos-estatunidencs durant la [[Segona Guerra mundial]]. Poc abans de l'èxit de la seva pel·lícula ''[[Shine]]'', el realitzador Scott Hicks tenia previst adaptar-lo per al cinema, però [[Universal Pictures Group|Universal]] posseïa llavors els drets. Amb una nominació als Oscars, a Hicks li van  finalment proposar la realització de la pel·lícula. Va retocar el guió original escrit per Ron Bass, treien en particular una veu en off en la narració.ref{{citar ref | títol = Snow Falling on Cedars | editor = | obra = | data = | url = http://www.cinetudes.com/CINEMA,-TEMPS-ET-HISTOIRE-2e-partie-Chronique-d-un-echec-critique-et-commercial_a148.html | llengua =anglès |cognom= |nom= | consulta = }}/ref El pressupost va ser de 35 milions de dòlars.

===Rebuda del film=== 
En la seva estrena als Estats Units, '' Snow Falling on Cedars'' només va recaptar 14,42 milions de dòlars (en un Max de 1150 pantalles), un fracàs que va fer que la pel·lícula no aconseguís ser rendible malgrat les seves recaptacions en altres territoris (8,6 milions de dòlars.ref{{citar ref | títol = Snow Falling on Cedars | editor = | obra = | data = | url = http://www.boxofficemojo.com/movies/?id=snowfallingoncedars.htm | llengua =anglès |cognom= |nom= | consulta = }}/ref La crítica es va mostrar molt fluixa en el seu conjunt,ref{{citar ref | títol = Snow Falling on Cedars | editor = | obra = | data = | url = http://uk.rottentomatoes.com/m/snow_falling_on_cedars/ | llengua =anglès |cognom= |nom= | consulta = }}/ref fins i tot un crític influent com [[Roger Ebert]] la va defensar com una de les rares pel·lícules que mantenen en el seu estil cinematogràfic la complexitat de la novel·la.refTold this way, the story seems like crime and romance, but Snow Falling on Cedars reveals itself with the complexity of a novel, holding its themes up to the light so that first one and then another aspect can be seen. The style is crucial to the subject. Roger Ebert, ''Snow falling on cedars'', Chicago Sun times, 1999/ref [[Jeff Reichert]], jutja la indiferència suscitada per la pel·lícula particularment injustaref{{citar ref | títol = Forget Me Not '', Reverse shot  for president, 2004 | editor = | obra = | data = | url = http://www.reverseshot.com/article/snow_falling_on_cedars | llengua =anglès |cognom= Reichert |nom= Jeff | consulta = }}/ref

En els Oscars, [[Robert Richardson]] va obtenir una nominació per a la seva fotografia.

=== Anècdotes ===
* Un gran nombre de figurants en l'escena de l'evacuació de l'illa han viscut veritablement l'internament nipo-americà.
* És la segona pel·lícula de Hollywood a tractar aquest tema històric després '' [[Benvinguts al Paradís]]'' d'[[Alan Parker]].
* Alguns plans amb [[Max von Sydow]] reten homenatge a la pel·lícula '' [[El setè segell]] '' d'[[Ingmar Bergman]].
* El tros ''Tarawa '' procedent de la Banda original de la pel·lícula composta per [[James Newton Howard]] ha estat reutilitzat pels anuncis de ''[[Cold Mountain]]'' i ''[[Matrix Revolution]]''.

== Premis i nominacions ==
=== Nominacions ===
* 2000. [[Oscar a la millor fotografia]] per Robert Richardson

== Referències ==
{{referències|1}}

== Enllaços externs ==
{{portal|cinema}}
* {{oficial|http://www.universalstudiosentertainment.com/snow-falling-on-cedars/|en}}
* {{imdb títol| id=0120834}}
* {{tcmdb títol| id=334850}}
* {{Allmovie títol|181150}}
* {{filmaffinity| id=554811}}
* [http://www.cinetudes.com/CINEMA,-TEMPS-ET-HISTOIRE-Introduction_a138.html Dossier Cinéma et Histoire Al voltant de la pel·lícula] - Per Guillaume Bryon, a Cinetudes. {{fr}}

{{ORDENA:Snow Falling On Cedars}}
[[Categoria:Pel·lícules dels Estats Units del 1999]]
[[Categoria:Pel·lícules basades en novel·les]]
[[Categoria:Pel·lícules de drama romàntic]]
[[Categoria:Pel·lícules sobre la Segona Guerra Mundial]]
[[Categoria:Pel·lícules històriques]]</text>
      <sha1>n8l20dk42msvua33l0casdzeugdn2bs</sha1>
      <model>wikitext</model>
      <format>text/x-wiki</format>
    </revision>
  </page>