<page>
    <title>Operació Força Aliada</title>
    <ns>0</ns>
    <id>104657</id>
    <revision>
      <id>13555629</id>
      <parentid>13546402</parentid>
      <timestamp>2014-06-09T06:10:46Z</timestamp>
      <contributor>
        <username>Langtoolbot</username>
        <id>128552</id>
      </contributor>
      <minor></minor>
      <comment>Corregit: Units al 1997  Units el 1997</comment>
      <text>{{Infotaula conflicte militar
| nom = Operació Força Aliada
| nom_de_la_batalla = Operació Força Aliada
| operació = 
| campanya = 
| front = 
| conflicte = [[Guerra de Kosovo]]br[[Guerra dels Balcans]]
| imatge = [[Fitxer:Ostruznica Highway Bridge.jpg|300px|Autopista d'Ostruznica bombardejada durant l'Operació Força Aliada]]
| peu_de_foto = Autopista d'Ostruznica bombardejada durant l'Operació Força Aliada
| data = 
| dates = 24 de maig - 10 de juny del 1999
| localitat = 
| territori = Actual [[República de Sèrbia]]
| escenari = 
| casus = 
| resultat = Retirada de les tropes sèrbies de Kosovo i desplegament de la [[KFOR]]
| estatus = 
| mapa = 
| coordenades = !-- {{coord||||N||||O|type:event|display=inline,title}} --
| bàndol1 = {{Banderes|OTAN}} [[Organització del Tractat de l'Atlàntic Nord|OTAN]]
| bàndol2 = {{Banderes|RFS Iugoslàvia}} [[Iugoslàvia]]
| bàndol3 = 
| general1 = {{Banderes|OTAN}} [[Wesley Clark]]
| general2 = {{Banderes|RFS Iugoslàvia}} [[Slobodan Milošević]]
| general3 = 
| comandant1 = 
| comandant2 = 
| comandant3 = 
| oficial1 = 
| oficial2 = 
| oficial3 = 
| cavaller1 = 
| cavaller2 = 
| cavaller3 = 
| força_numèrica1 = 
| força_numèrica2 = 
| força_numèrica3 = 
| força1 = 
| força2 = 
| força3 = 
| baixes1 = 
| baixes2 = 
| baixes3 = 
| batalla_anterior = 
| batalla_posterior = 
| notes = 
}}
L''''Operació Força Aliada''' també coneguda com a '''Guerra de l'OTAN a Kosovo''' va ser una operació militar de l'[[OTAN]] contra la [[República Federal de Iugoslàvia]] que durà del [[24 de març]] a [[11 de juny]] de [[1999]] i és considerada la part principal de la [[guerra de Kosovo]]. Va ser la segona operació de combat en la història de l'OTAN, després del setembre [[1995]] [[Operació Força Deliberada]] en [[Bòsnia i Hercegovina]].

== Objectius ==
L'objectiu proclamat de l'OTAN era protegir els [[Albània|albanesos]] de Kosovo de l'agressió per part dels militars de la [[República Federal de Iugoslàvia]], de les forces paramilitars [[Sèrbia|sèrbies]] i de les milícies irregulars aliades al govern serbi. El Govern Iugoslau afirmava que estava protegint la població de minoria sèrbia de Kosovo contra els atacs dels que havia classificat com a organització terrorista: l'[[Exèrcit d'Alliberació de Kosovo]]. Els Estats Units el 1997 classificaven el KLA/NLA com a organització terrorista.ref{{Ref-llibre |cognom=Allen |nom=Alan |títol=American Civilian Counter-Terrorist Manual |url=http://books.google.es/books?id=VbFEaef6YKQCpg=PA207dq=2001+KLA+terroristhl=casa=Xei=z6XEUda7H-qS7AanzYGoDwved=0CEAQ6AEwAg#v=onepageq=2001%20KLA%20terroristf=false |llengua=anglès |editorial=Trafford Publishing |data=2008 |pàgines=207 |isbn=1466981822}}/ref

== Estratègia ==
L'Operació Força Aliada depenia gairebé exclusivament de l'ús d'una campanya aèria a gran escala per a destruir objectius iugoslaus des d'altituds elevades. No es varen fer servir unitats de terra, encara que es va amenaçar amb el seu ús prop del final del conflicte. Aquesta enfocament s'adoptava per minimitzar el risc per les forces de l'OTAN i va acaparar crítiques pública a causa de la seva ineficàcia relativa contra objectius mòbils de terra com tancs i formacions de tropa. Els objectius estratègics com ponts i fàbriques també es bombardejaven, especialment en darreres etapes del conflicte. A llarg termini els míssils de creuer s'utilitzaven per colpir un cert nombre d'objectius fortament defensats com instal·lacions estratègiques dins [[Belgrad]] i [[Pristina]]. Les instal·lacions civils com plantes d'energia, depuradores d'aigua i l'emissora estatal eren també objectius. 

[[Fitxer:Bombing of Zastava factory.jpg|thumb|right|Danys posteriors al bombardeig. Foto de la planta de Zastava]]

Al començament de [[Maig]], una aeronau de l'OTAN atacava un comboi de refugiats albanès, creient que era un comboi militar serbi, matant més de 50 persones. L'OTAN admetia la seva equivocació 5 dies més tard, però el serbis acusava l'OTAN d'atacar deliberadament els refugiats. El 7 de maig, les bombes de l'OTAN colpeixen l'Ambaixada Xinesa a Belgrad, matant tres periodistes xinesos i indignant l'opinió pública xinesa. L'OTAN afirmava que s'estava apuntant a posicions iugoslaves. Els Estats Units i l'OTAN més tard es disculpaven pel bombardeig, dient que ocorria a causa d'un mapa antiquat proporcionat per la CIA. Això era rebutjat per una publicació conjunta dels diaris [[The Observer]] ([[UK]]) i [[Politiken]] ([[Dinamarca]]) que afirmaven que l'OTAN havia bombardejat intencionadament l'ambaixada perquè s'estava utilitzant com a estació repetidora per a senyals de ràdio de l'exèrcit iugoslau. El bombardeig tensava les relacions entre [[Xina]] i els països de l'OTAN i provocava manifestacions irades a les ambaixades Occidentals a [[Pequín]]. Segons una agència de notícies, les fonts [[anònimes]] d'alta graduació de l'OTAN, confirmaven el 2005 que l'atac havia estat deliberat: Les fonts de l'OTAN informaven que l'atac es basava en una informació d'intel·ligència segons la qual, el líder serbi [[Slobodan Milosevic]] devia d'estar en l'Ambaixada en el moment de l'atac. L'atac, llavors, es planejava deliberadament com un atac de decapitació, pensat per matar el President Iugoslau Slobodan Milosevic. Les teories de conspiració abunden sobre si això pot haver estat també intencionat. Hi ha indicacions que l'Ambaixada Xinesa utilitzava un radar per distingir avions americans i convertir-los en un objectiu militar.

== Forces emprades per l'OTAN ==
=== Aviació ===
L'element principal de l'operació eren les forces aèries de l'OTAN, principalment protagonitzada per la [[Força Aèria dels Estats Units]] i la [[Royal Air Force|RAF]] així com forces aèries turques i holandeses. La British Royal Air Force operava amb avions d'atac [[Harrier GR7]] i [[Tornado]]s així com una varietat d'aeronaus de suport. [[Turquia]] i [[Països Baixos|Holanda]] operaven amb [[F-16]]s. La [[Força Aèria Canadenca]] desplegà CF-18s que varen ser responsable d'un 10% de totes les bombes llençades. Els caces estaven armats amb míssils dirigits, incloent-hi la sèrie Paveway, i també estaven armats amb bombes 'mudes'. Apareixia per primera vegada que la [[Luftwaffe]] alemanya participant activament en operacions de combat des de la [[Segona Guerra Mundial]] i els bombarders americans [[B-2 Spirit]] també veien el seu primer combat. Els avions d'atac espanyols F-18 també s'utilitzaven per primera vegada en un bombardeig.

=== Naval ===
Les forces navals de l'OTAN operaven en el [[mar Adriàtic]]. L'[[Armada Reial Britànica]] va enviar un destacament substancial incloent-hi el portaavions HMS ''Invencible'', operant [[Sea Harrier FA2]]. També desplegà un nombre de [[destructor]]s i [[Fragata (vaixell)|fragates]] i la flota auxiliar proporcionant vaixells de suport, incloent-hi el RFA ''Argus''. Era la primera vegada que l'armada britànica utilitzava [[míssils de creuer]] en combat, operats des del submarí nuclear HMS ''Splendid''.

L'[[Armada dels Estats Units]] proporcionà un destacament naval especial que incloïa el portaavions USS ''Theodore Roosevelt'' i el vaixell d'assalt amfibi USS ''Kearsarge''. L'[[Armada Francesa]] proporcionà el portaavions FS ''Foch'' i un cert nombre d'escortes.

=== Exèrcit ===
Les [[Exèrcit dels Estats Units d'Amèrica|forces de terra dels Estats Units]], incloïen un batalló de la 82a Divisió Aerotransportada, 505è Regiment d'Infanteria de Paracaigudistes. La unitat es desplegà el març de 1999 a Albània en suport de la campanya de bombardeig on el batalló assegurava l'aeròdrom d'Albània a [[Tirana]]; assegurat el reaprovisionament dels helicòpter d'atac Apatxe; establia una base avançada per preparar els atacs amb MLRS (Sistema de Coet de Llançament Múltiple) i les operacions ofensives per terra; i un petit grup es desplegava amb un sistema de radar Q-36 a la frontera d'Albània/Kosovo on identificaven objectius per als atacs aeris de l'OTAN. Immediatament després de la campanya de bombardeig el batalló era replegat a l'aeròdrom de [[Tirana]] i emetien ordres per moure's dins de [[Kosovo]] com a força d'entrada inicial.

=== Conseqüències Militars ===
Les víctimes militars de l'OTAN varen ser extraordinàriament reduïdes; segons informes oficials l'aliança no patia baixes com a resultat d'operacions de combat. No obstant això, el 5 de maig, un helicòpter americà [[Apatxe AH-64]] va explotar i va caure durant una missió nocturna als afores de [[Tirana]]. Els iugoslaus s'atribuïen la destrucció. L'OTAN afirmava que s'estavellà a causa d'un mal funcionament tècnic. L'aparell s'estavellà a la vora de frontera albano/kosovar.ref{{ref-web|url=http://www.irandefence.net/showthread.php?t=1403|títol= NATO amp; America losses in Serbia 1999. - Iran Defense Forum!--Títol generat per bot--}}/ref Els dos pilots americans de l'Exèrcit d'helicòpters David Gibbs i Kevin Reichert morien en l'accident. Hi havia unes altres víctimes després de la guerra, principalment degut a les [[Mina (arma)|mines terrestres]]. Després de la guerra, l'aliança comunicà la pèrdua de tres helicòpters, 32 vehicles aeris no pilotats i cinc aeronaus; tots ells americans, incloent-hi el primer avió d'observació (un [[Lockheed F-117 Nighthawk]]) abatut per foc enemic.ref{{Ref-llibre |cognom=Petrescu |nom=Florian Ion |cognom2=Petrescu |nom2=Relly Victoria |títol=The Aviation History |url=http://books.google.es/books?id=yqSq6ve-ficCpg=PA108dq=Lockheed+F-117+Nighthawk+down+kosovohl=casa=Xei=0efCUcXGIc29PYX2gdgOved=0CDEQ6AEwAA#v=onepageq=Lockheed%20F-117%20Nighthawk%20down%20kosovof=false |llengua=anglès |editorial=BoD – Books on Demand |data=2012 |pàgines=108 |isbn=3848230771}}/ref Les forces armades iugoslaves afirmen que han destruït set helicòpters, 30 vehicles aeris no pilotats, 61 avions i 238 míssils de creuer. No obstant això, aquestes xifres no s'han verificat independentment. L'OTAN mai no confirmava o negava les seves víctimes. Com que les víctimes civils varen desaparèixer, els càlculs oscil·len entre 2500-5000 persones, inclosos civils serbis i albanesos morts per bombes de l'OTAN.

== Resultat ==
La guerra començava el [[24 de març]] i durava fins a l'[[11 de juny]], quan l'OTAN acceptà que [[Kosovo]] seria supervisat políticament per [[Nacions Unides]], que no hi haurà cap referèndum d'independència en tres anys (l'objectiu principal de l'OTAN era tenir un vot sobre la independència) i a través d'importants iniciatives diplomàtiques des de Rússia, el govern iugoslau acceptava retirar les seves forces de Kosovo i el bombardeig se suspenia sobre el [[10 de juny]]. La guerra es declarava acabada l'[[11 de juny]]. El mateix 11 de juny, els paracaigudistes russos agafaven l'aeroport Slatina per convertir-se en una primera força de guarda de pau en la zona de guerra.ref{{ref-web|url=http://www.caller2.com/1999/june/27/today/national/2493.html|títol=Corpus Christi Caller Times Caller.com - First planes land at Pristina airport!--Títol generat per bot--}}/ref L'arribada russa va convertir el delicat plan per ocupar Kosovo en un caos.

Com les tropes britàniques encara es concentraven a la frontera de Macedònia, planejant ingressar a Kosovo a les 5 a.m. aquell dia, els Serbis estaven aclamant l'arribada russa com prova que això era una operació de les Nacions Unides i no de l'OTAN.

El [[12 de juny]] l'elit de l'Exèrcit dels EUA, 82è aerotransportat, 2-505è Regiment d'Infanteria de Paracaigudistes varen entrar a Kosovo com a part de l''''operació conjunta de protecció'''.

L'Operació de Força Aliada infligia menys danys als militars iugoslaus del que originalment es pensava, a causa de l'ús de tècniques de camuflament i enginyoses tècniques per dissimular objectius militars. Mentre que l'OTAN creia que havia destruït aproximadament 200 tancs serbis durant el conflicte, només 12 se'n confirmaven posteriorment. Va ser només a les darreres etapes de la campanya que els objectius estratègics com ponts i edificis s'atacaven de manera sistemàtica, provocant danys econòmics significatiu i d'interrupció de l'activitat. Aquesta etapa de la campanya portà a un cert nombre d'incidents controvertits, com el bombardeig de l'ambaixada de la [[República Popular de la Xina]] a [[Belgrad]] on tres periodistes xinesos varen morir i ferien vint més, l'OTAN afirmava que utilitzaven mapes antics de Belgrad. També va haver un atac contra les estacions de TV principals de Sèrbia i el bombardeig de fàbriques químiques que ocasionaven incidents de contaminació ambiental i pèrdua de feines.

El president iugoslau [[Slobodan Milošević]] sobrevivia al conflicte i declarava el resultat com una victòria essencial per a Iugoslàvia i Sèrbia. Se'l processava, tanmateix, per [[crim de guerra|crims de guerra]] pel [[Tribunal Penal Internacional per a l'antiga Iugoslàvia]] junt amb un cert nombre de comandaments serbis i figures polítiques i militars iugoslaves. Això conduïa globalment a Iugoslàvia a estar tractada com a culpable per molta de la comunitat internacional, i Milosevic estava subjecte a arrest si marxava de Iugoslàvia. L'economia del país va estar afectada pel conflicte i un any més tard, la desil·lusió popular amb el règim de Milosevic conduïa al seu enderrocament l'octubre de 2000.

La campanya fallava en el seu objectiu proclamat, ja que milers es mataven durant el conflicte i centenars de milers més fugien des de la província de Kosovo fins a unes altres parts del país i fins als països circumdants. La majoria dels refugiats albanesos retornarien a casa en unes quantes setmanes o mesos. Tanmateix, gran part de la població no albanesa una altra vegada fugia a unes altres parts de Sèrbia o a enclavaments protegits dins de Kosovo. L'activitat de la guerrilla albanesa s'estenia a unes altres parts de Sèrbia i a la veïna [[República de Macedònia|Macedònia]], però s'apaivagava el 2001. La població no albanesa ha disminuït des de llavors ençà després de nous brots de conflicte intercomunal i persecució, i veterans de l'oficialment dissolt [[KLA]] estan amenaçant amb violència renovada si la seva demanda de secessió no es compleix.


== Situació actual ==
Va restar una força de manteniment de la pau ([[KFOR]]) portada per l'OTAN, sota mandat de les [[Nacions Unides|NU]] que manté una pau precària a Kosovo. Encara que un altre conflicte a gran escala entre serbis i els albano-kosovars és improbable en un futur immediat, la regió continua patint els efectes de pobresa, tensions ètniques i delinqüència organitzada. Desafortunadament no s'ha derrotat l'odi ètnic i roman arrelat a Kosovo.

==Referències==
{{Referències}}

== Enllaços externs ==
* [http://www.aeronautics.ru/official/losthelicopters.htm Informe oficial d'helicopter de l'OTAN perduts] 
* [http://select.nytimes.com/gst/abstract.html?res=FA0A1FFB3C5C0C728DDDAF0894D1494D81n=Top%2fReference%2fTimes%20Topics%2fPeople%2fS%2fSolana%2c%20Javier Otan declara el fi de la guerra] 
* [http://www.globalresearch.ca/index.php?context=viewArticlecode=20051229articleId=1665 L'atac a l'Ambaixada xinesa va ser deliberat, 29 desembre, 2005] 
* [http://www.balkan-archive.org.yu/kosovo_crisis/nato/ Pèrdues de l'OTAN a la guerra de Kosovo ] 
* [http://www.guardian.co.uk/macedonia/story/0,,543257,00.html 10 soldats brtànics morts en Kosovo] 
* [http://www.telegraph.co.uk/htmlContent.jhtml?html=/archive/1999/06/12/wkos12.html Rússia guanya la cursa cap a Pristina] 

{{Commons|Category:Kosovo War}}

{{Enllaç AB|pl}}

{{ORDENA:Operacio Forca Aliada}}
[[Categoria:Kosovo]]
[[Categoria:Guerra de Iugoslàvia]]
[[Categoria:Història de Sèrbia]]
[[Categoria:OTAN]]
[[Categoria:1999]]</text>
      <sha1>6so65xe4rk286vagfmerffie8xip2pl</sha1>
      <model>wikitext</model>
      <format>text/x-wiki</format>
    </revision>
  </page>