<page>
    <title>Kurt Richter</title>
    <ns>0</ns>
    <id>1047678</id>
    <revision>
      <id>13674934</id>
      <parentid>13620095</parentid>
      <timestamp>2014-06-24T11:42:37Z</timestamp>
      <contributor>
        <username>PereBot</username>
        <id>118448</id>
      </contributor>
      <minor></minor>
      <comment>Robot inserta {{Autoritat}}</comment>
      <text>{{Infotaula persona
| nom             = Kurt Richter
| imatge          = 
| mida_imatge     = 
| peu             = 
| nom_naix        = 
| data_naix       = {{Data naixement|1900|11|24}}
| lloc_naix       = [[Berlín]] 
| data_mort       = {{Data defunció i edat|1969|12|29|1900|11|24}}
| lloc_mort       = Berlín
| causa_mort      = 
| lloc_enterrat   = 
| coordenades_lloc_enterrat = !-- {{coord|LAT|LONG|display=inline,title}} --
| residència      =  
| nacionalitat    = {{GER}}
| altres_noms     = 
| conegut_per     = 
| coneguda_per    =  
| educació        = 
| alma_mater      =
| ocupador        = 
| ocupació        = Jugador i escriptor d'[[escacs]]
| títol           = [[Mestre Internacional]] (1950)br[[Campionat_d%27escacs_d%27Alemanya#Campionats_del_Tercer_Reich_1933-1943|Campió del III Reich]] (1935)
| salari          = 
| valor_net       = 
| alçada          = 
| pes             = 
| term            = 
| predecessor     = 
| successor       = 
| partit          = 
| religió         = 
| pares           = 
| muller          = 
| marit           = 
| fills           = 
| senyal de crida = 
| parent          = 
| guardons        =
| signatura       = 
| lloc_web        = 
| notes           = 
}}
'''Kurt Paul Joseph Otto Richter''' ([[Berlín]], [[24 de novembre]] de [[1900]] - [[29 de desembre]] de [[1969]]), fou un jugador i escriptor d'[[escacs]] [[Alemanya|alemany]], que ostentà el títol de [[Mestre Internacional]] des de 1950.ref name=CGbio{{citar web |url= http://www.chessgames.com/perl/chessplayer?pid=82276 |títol=Nota biogràfica de {{PAGENAME}}|consulta= 28 de novembre de 2012 |obra= |editor= Chessgames.com |data= |llengua=anglès}}/ref
{{notació algebraica|pos=tocleft}}

== Resultats destacats en competició ==

El 1922, Richter va aconseguir el seu primer triomf rellevant al [[Campionat d'escacs de Berlín]], títol que repetiria el 1923, i més tard el 1929 en el mateix Campionat, empatat amb [[Carl Ahues]].ref[http://archiv.berlinerschachverband.de/archiv/events/bsv/bem/1900.html Relació de vencedors del Campionat a BSV]/ref Aquell mateix any, va guanyar el Torneig de [[Wiesbaden]].

El 1930, va ser 4t-5è al Torneig de [[Swinemünde]], i va quedar 3r-5è a [[Praga]]. El 1931, va perdre un matx contra [[Gösta Stoltz]] (½:1½) a Berlín, i va ser 2n, per darrere de [[Ludwig Rellstab]], al Campionat de Berlín.

El 1932, va guanyar a Hamburg. El mateix any, va ser 1r-2n a [[Kiel]], i va quedar 3r a Berlín. A més, va quedar 4t a Swinemünde. El 1932/33, fou 1r-2n a Berlín. El 1933, va ser 2n, per darrere d'[[Efim Bogoljubov]], a [[Aquisgrà|Bad Aachen]]. Aquell mateix any, va ser 5è-6è a Swinemünde. A més, va ser 4t-5è a [[Bad Salzbrunn]].

El 1934, va quedar 2n, per darrere de [[Gideon Ståhlberg]], a [[Bad Niendorf]]. El 1935, va ser 1r-2n a Berlín. El mateix any, va quedar 2n a Swinemünde. Així mateix, el juliol de 1935, va guanyar a Bad Aachen ([[Campionat_d%27escacs_d%27Alemanya#Campionats_del_Tercer_Reich_1933-1943|3r Campionat del Tercer Reich]]).ref{{citar web |url= http://www.schachbund.de/chronik/meister/dem/index.html|títol= Llista de guanyadors del Campionat d'Alemanya d'escacs |consulta= 2 de desembre de 2012 |obra= |editor= schachbund.de|data= |llengua= alemany}}/ref Al setembre de 1935, va jugar a [[Sopot]] (matx entre Alemanya i [[Suècia]]). El 1936, va guanyar el Campionat d'escacs de Berlín. El 1936, va quedar 2n a Swinemünde. El mateix any, va ser 8è-9è a [[Poděbrady]] (amb triomf de [[Salo Flohr]]).

El 1937, va ser 2n-3r a Berlín. El mateix any, va quedar 4t a [[Bad Elster]]. Aquell mateix any, va ser 1r-2n a [[Bad Saarow]]. El juliol de 1937, va quedar 2n, per darrere de [[Georg Kieninger]], a [[Bad Oeynhausen]] (4t Campionat Nacional d'Alemanya). Així mateix, va ser 3r a Berlín (amb victòria de [[Friedrich Sämisch]]).

El 1938, va quedar 9è a [[Bad Harzburg]] (triomf de [[Vasja Pirc]]). El mateix any, va guanyar el Campionat d'escacs de Berlín. Així mateix, va ser 4t-5è a Berlín. El juliol de 1938, va quedar 5è-7è a Bad Oeynhausen (5è Campionat Nacional d'Alemanya), amb triomf d'[[Erich Eliskases]]. Al maig de 1939, va quedar 2n, per darrere de Bogoljubov, a [[Stuttgart]] (1r Europa Turnier).

Durant la [[Segona Guerra Mundial]], Richter va participar en diversos torneigs importants. El juny de 1940, va guanyar a Berlín (BSG), i va quedar 2n, per darrere de Bogoljubov, a Berlín. L'agost de 1940, va ser 3r-4t a Bad Oeynhausen (7è Campionat Nacional d'Alemanya). El novembre de 1940, va quedar 3r a [[Cracòvia]]/[[Krynica]]/[[Varsòvia]] (1r Campionat del Govern General). El 1941, va ser 3r-4t a Berlín. L'agost de 1941, va quedar 3r, per darrere de [[Paul Felix Schmidt]] i [[Klaus Junge]], a Bad Oeynhausen (8è Campionat Nacional d'Alemanya).

Al setembre de 1941, va ser 5è-6è al [[Torneig d'escacs de Munic 1941|Torneig de Munic (2n ''Europaturnier'')]],ref{{citar web | url=http://www.rogerpaige.webspace.virginmedia.com/tables12.htm | títol= Quadre del torneig de Munic 1941| cognom=Paige | nom=Roger | consulta=3 de desembre de 2011 | llengua=anglès}}/ref amb triomf per Stoltz. Al setembre de 1942, va quedar 3r-5è a Munic (1r Campionat d'Europa, ''Europameisterschaft'', precursor de l'actual [[Campionat d'Europa individual d'escacs|Campionat d'Europa individual]]), amb victòria d'[[Alexander Alekhine]].ref{{citar web| url= http://chessmetrics.com/cm/CM2/SingleEvent.asp?Params=194201S01SS3S000000000000111100214200000010100 |títol=Quadre complet del 1r Campionat d'Europa, Munic 1942|editor=Chessmetrics|llengua=anglès|consulta=2 de desembre de 2012}}/ref

Després de la Segona Guerra Mundial, va deixar gradualment de participar en torneigs per dedicar-se a escriure en l'àmbit dels escacs. Tot i això, va participar en diferents Campionats de Berlín. Va ser 1r-2n el 1948, va quedar 3r-4t el 1949, 2n-3r el 1950, 2n el 1951, i 3r el 1952.

Va rebre de la [[FIDE]] el títol de [[Mestre Internacional]] el 1950.

=== Participació en competicions per equips ===
Richter va representar Alemanya en dues [[Olimpíades d'escacs|Olimpíades]] oficials i en una de no oficial: al quart tauler (+6 -3 =3)ref name=mtxLa notació nowiki(+x -y =z)/nowiki vol dir que el primer jugador va guanyar '''x''' partides, en va perdre '''y''', i va fer [[Taules (escacs)|taules]] en '''z'''./ref a [[Olimpíada d'escacs de 1930|Hamburg el 1930]], al quart tauler (+7 -1 =7) a [[Olimpíada d'escacs de 1931|Praga el 1931]], i al [[Glossari de termes d'escacs#Prime tauler|primer tauler]] (8 -2 =8) a [[Olimpíada d'escacs de 1936|Munic el 1936]]. Va guanyar dues medalles de bronze per equips (1930, 1936) i una medalla de bronze individual (1931).

== Contribucions a la teoria dels escacs ==
{{Escacs petit|=
| tleft
| 
|=
 |rd|__|bd|qd|kd|bd|__|rd|=
 |pd|pd|__|__|pd|pd|pd|pd|=
 |__|__|nd|pd|__|nd|__|__|=
 |__|__|__|__|__|__|bl|__|=
 |__|__|__|nl|pl|__|__|__|=
 |__|__|nl|__|__|__|__|__|=
 |pl|pl|pl|__|__|pl|pl|pl|=
 |rl|__|__|ql|kl|bl|__|rl|=
| Variant Richter-Rauzer
}}

{{Escacs petit|=
| tright
| 
|=
 |rd|nd|bd|qd|kd|bd|  |rd|=
 |pd|pd|pd|  |pd|pd|pd|pd|=
 |  |  |  |  |  |nd|  |  |=
 |  |  |  |pd|  |  |bl|  |=
 |  |  |  |pl|  |  |  |  |=
 |  |  |nl|  |  |  |  |  |=
 |pl|pl|pl|  |pl|pl|pl|pl|=
 |rl|  |  |ql|kl|bl|nl|rl|=
|[[Variant Richter-Veresov]]
}}





* El diagrama de l'esquerra mostra la posició inicial de la variant ''Richter-Rauzer'' de la [[defensa siciliana]] (també coneguda com a Atac Richter-Rauzer), que es produeix després de code1.e4 c5 2.Cf3 d6 3.d4 cxd4 4.Cxd4 Cf6 5.Cc3 Cc6 6.Ag5./code La Variant Richter-Rauzer rep aquest nom per Kurt Richter i [[Vsèvolod Ràuzer]].


* El diagrama de la dreta mostra la posició inicial de l'[[Atac Richter-Veresov]] (també conegut com a obertura Veresov), que deu el seu nom a Kurt Richter i [[Gavriil Veresov]]. Es produeix amb freqüència després de la seqüència code1.d4 d5 2.Cc3 Cf6 3.Ag5./code

{{-}}
== Publicacions ==
Richter va ser editor de les revistes d'escacs ''Deutsche Schachblätter'' i ''Deutsche Schachzeitung'', així com escriptor de diferents llibres.

* Kurt Richter: ''Schach-Olympia München 1936 (I.  II.Teil - Bücherei d. Großdt. Schachbundes Band 6  7)'' Reprint, Olms Verlag, Zürich, 1997
* Kurt Richter: ''Kombinationen'', 2. Auflage. Walter de Gruyter  Co, Berlin, 1940 (Erstauflage 1936)
* Kurt Richter: ''Die ersten Schritte.'' Walter de Gruyter  Co, Berlin, 1940
* Kurt Richter: ''Der Weg zum Matt.'' Walter de Gruyter  Co, Berlin, 1941
* Kurt Richter: ''Das Matt - Eine Plauderei über den Mattangriff im Schach (Sonderdruck für das Oberkommando der Wehrmacht Abteilung Inland)'' Berlin, 1942
* Kurt Richter / [[Jerzy Konikowski]]: ''Mein erstes Schachbuch,'' 12. Auflage 2003. Joachim Beyer Verlag, Hollfeld, ISBN 978-3-88805-245-3 (Erstauflage 1946)
* Kurt Richter: ''Der Schachpraktiker.'' (1946)
* Kurt Richter: ''Kurzgeschichten um Schachfiguren,'' 4. überarbeitete Auflage. Joachim Beyer Verlag, Hollfeld, 2010 ISBN 978-3-88805-495-2 (Erstauflage 1947)
* Kurt Richter: ''Die moderne Schachpartie - Theorie und Praxis der Eröffnungen'' Horizont Verlag, Berlin, 1948 (Der Vorläufer des kleinen Bilguer)
* Kurt Richter: ''Schachmatt.'' (1950)
* Kurt Richter: ''Hohe Schule der Schachtaktik.'' (1952)
* Kurt Richter / [[Rudolf Teschner]]: ''Schacheröffnungen - Der Kleine Bilguer'' Walter de Gruyter  Co, Berlin, 1953
* Kurt Richter: ''Schach-Delikatessen.'' Walter de Gruyter  Co, Berlin, 1961
* Kurt Richter / [[Hans-Hilmar Staudte]]: ''Richtig und falsch - Praktische Endspielkunde'' 2.Auflage, Walter de Gruyter  Co, Berlin / New York, 1978
* Kurt Richter: ''Einfälle und Reinfälle'' 1. Auflage 2010. Joachim Beyer Verlag, Hollfeld, ISBN 978-3-88805-496-9
* Kurt Richter / Rudolf Teschner: ''Dr. Max Euwe - Eine Auswahl seiner besten Partien'' 2.Auflage Walter de Gruyter  Co, Berlin / New York, 1986
* Kurt Richter: ''666 Kurzpartien''

== Bibliografia ==

* [[Alfred Brinckmann]]: ''Kurt Richters beste Partien''. 2. Auflage. De Gruyter, Berlín 1961
* [[Werner Golz]] / [[Paul Keres]]: ''Schönheit der Kombination.'' Sportverlag Berlin, 1972 (Buch über Kurt Richters Schachecke in der Zeitschrift ''Schach'')

== Notes i referències ==
{{referències|2}}

== Enllaços externs ==
* [https://portal.dnb.de/opac.htm?query=Woe%3D124146570method=simpleSearch Obres de Kurt Richter a la Biblioteca Nacional d'Alemanya, DNB]
* [https://portal.dnb.de/opac.htm?query=Woe%3D124146570method=simpleSearch Composicions de Kurt Richter a Schwalbe]
* [http://www.ajedrezdeataque.com/04%20Articulos/36%20Varios2/Richter/Richter.htm Kurt Richter a Ajedrez de ataque, amb tots els torneigs en què participà detallats]
* [http://www.chessgames.com/perl/chessplayer?pid=82276 Kurt Richter a Chessgames]
* [http://www.365chess.com/players/Kurt_Richter Kurt Richter a 365 Chess]
* [http://chesstempo.com/gamedb/player/244952 Kurt Richter a Chess Tempo]
* [http://bsbndb.bsb.lrz-muenchen.de/sfz105648.html Vida de Kurt Richter a NDB]


{{Autoritat}}
{{ORDENA:Richter, Kurt}}

[[Categoria:Mestres Internacionals d'escacs]]
[[Categoria:Jugadors d'escacs berlinesos]]
[[Categoria:Jugadors d'escacs de la dècada del 1910]]
[[Categoria:Jugadors d'escacs de la dècada del 1920]]
[[Categoria:Jugadors d'escacs de la dècada del 1930]]
[[Categoria:Jugadors d'escacs de la dècada del 1940]]
[[Categoria:Jugadors d'escacs de la dècada del 1950]]</text>
      <sha1>cg2uhdwvyca6ffmtuvq7gpuxmrgfc8d</sha1>
      <model>wikitext</model>
      <format>text/x-wiki</format>
    </revision>
  </page>