<page>
    <title>Gerard K. O'Neill</title>
    <ns>0</ns>
    <id>1050131</id>
    <revision>
      <id>14007601</id>
      <parentid>13850888</parentid>
      <timestamp>2014-09-04T11:58:48Z</timestamp>
      <contributor>
        <username>Langtoolbot</username>
        <id>128552</id>
      </contributor>
      <minor></minor>
      <comment>Corregit: evaquar</comment>
      <text>{{Infobox scientist
|name        = Gerard K. O'Neill
|image       = Gerard Kitchen ONeill.GIF
|caption     = Gerard K. O'Neill en el 1977
|birth_date  = {{birth date|mf=yes|1927|2|6}}
|birth_place = [[Brooklyn]], Nova York, EUA
|death_date  = {{death date and age|mf=yes|1992|4|27|1927|2|6}}
|death_place = [[Redwood City, Califòrnia]], EUA
|alma_mater = [[Universitat de Cornell]]
|nationality = Americana
|field       =  [[Físic]]
|known_for   = [[Física de partícules]]br /[[Space Studies Institute]]br /[[Cilindre O'Neill]]}}
'''Gerard Kitchen O'Neill''' (6 de febrer de 1927 – 27 d'abril de 1992) va ser un [[físic]] [[Estats Units|americà]] i activista espacial. Com a membre de la facultat de la [[Universitat de Princeton]], ell va inventar un dispositiu anomenat [[anell d'emmagatzematge|anell d'emmagatzematge de partícules]] per experiments de física d'alta energia.ref name=physrev-sr / Més tard, va inventar un llançador magnètic anomenat [[catapulta electromagnètica]].ref{{harvnb|Dyson|1993|pp=97–98}}/ref En la dècada de 1970, va desenvolupar un pla de construcció d'assentaments humans en l'espai exterior, incloent un disseny d'[[hàbitat espacial]] conegut com a [[cilindre O'Neill]]. Va fundar la [[Space Studies Institute]], una organització dedicada al finançament de la investigació en [[indústria espacial|indústria]] i [[colonització espacial]].

O'Neill va començar a investigar en [[física de partícules]] d'alta energia a [[Universitat de Princeton|Princeton]] en el 1954 després de rebre el seu doctorat de la [[Universitat de Cornell]]. Dos anys més tard, va publicar la seva teoria d'un anell d'emmagatzematge de partícules. Aquesta invenció permet els [[experiment de física de partícules|experiments de física de partícules]] a energies molt més grans que havien estat prèviament possible. En el 1965, a la [[Universitat de Stanford]], va realitzar el primer experiment de feix de col·lisions.ref name=Dyson93p98/

Mentre ensenyava física a Princeton, O'Neill es va interessar en la possibilitat que els éssers humans podrien sobreviure i viure en l'espai exterior. Ell va investigar i va proposar una idea futurista per l'assentament humà en l'espai, el cilindre O'Neill, en la The Colonization of Space, el seu primer article sobre el tema. Ell va fer una conferència sobre la [[indústria espacial]] a Princeton en el 1975. Molts dels activistes post-[[programa Apollo|Apollo]] van assistir-hi. O'Neill va muntar el seu primer [[Mass Driver 1|prototip de catapulta magnètica]] amb el professor [[Henry Kolm]] en el 1976. Segons la seva opinió, les catapultes magnètiques són elements bàsics per a l'extracció de recursos minerals de la [[Lluna]] i [[asteroide]]s. El seu llibre premiat ''[[The High Frontier: Human Colonies in Space]]'' va inspirar una generació de defensors d'exploració espacial. Va morir de [[leucèmia]] en el 1992.

==Naixement, l'educació i la vida familiar==
O'Neill va néixer a [[Brooklyn|Brooklyn, Nova York]] en el 6 de febrer de 1927 per Edward Gerard O'Neill, un advocat, i Dorothy Lewis O'Neill (cuinera de solteres).ref name=GaleBio[[#GaleBio|Gerard K. O'Neill ''Notable Scientists: From 1900 to the Present'']]/refref name=GaleAuth[[#GaleAuth|Gerard K(itchen) O'Neill ''Contemporary Authors Online'']]/refref name=Rein77{{harvnb|Rein|1977}}/ref No tenia germans. La seva família es va traslladar a [[Speculator, Nova York]] quan el seu pare es va retirar temporalment per motius de salut.ref name=Rein77/ Per a l'escola secundària, O'Neill va assistir a la [[Newburgh Free Academy]] a Newburgh, Nova York. Mentre que era un estudiant va editar el diari de l'escola i va començar a treballar com a locutor de notícies en una estació de ràdio local.ref name=GaleBio/ Es va graduar en el 1944, durant la [[IIa Guerra Mundial]], i es va allistar a la [[Marina dels Estats Units]] en el seu 17è aniversari.ref name=GaleBio/ref name=Daniels92{{harvnb|Daniels|1992}}/ref La Marina el va formar com a tècnic de radar, que va despertar el seu interès per la ciència.ref name=GaleBio/

Després de ser donat de baixa honorablement en el 1946, O'Neill va estudiar una llicenciatura en física i matemàtiques al [[Swarthmore College]].ref name=Daniels92/ref name=Dyson93p97{{harvnb|Dyson|1993|p=97}}/ref Com que de nen havia discutit les possibilitats dels éssers humans en l'espai amb els seus pares, a la universitat li agradava treballar en les equacions de coets. No obstant això, no veia la ciència espacial com una opció per a una carrera en la física, triant en el seu lloc de perseguir la física d'alta energia.ref name=Henson77p8{{harvnb|Henson|1977|p=8}}/ref En el 1950 es va graduar amb honors [[Phi Beta Kappa]]. O'Neill va realitzar els seus estudis de postgrau a la [[Universitat de Cornell]] amb l'ajuda d'una companyonia de la [[Comissió de l'Energia Atòmica dels Estats Units|Comissió de l'Energia Atòmica]], i va ser guardonat amb un doctorat en física en el 1954.ref name=Daniels92/

O'Neill es va casar amb Sylvia Turlington, també graduada a Swarthmore, el juny de 1950.ref name=GaleBio/ref name=Turlington50[[#Turlington50|Sylvia Turlington Wed at Her Home ''New York Times'']]/ref Van tenir un fill, Roger, i dues filles, Janet i Eleanor, abans del seu matrimoni va acabar en divorci en el 1966.ref name=GaleBio/ref name=Rein77/

Una de les activitats preferides de O'Neill's era volar. Ell va dur a terme certificacions d'instruments, tant en vol propulsat com en [[planador]] i va assolir el [[FAI Gliding Commission|FAI]] Diamond Badge, un premi de vol sense motor.ref name=Rein77/ref[[#ONeill77|O'Neill ''The High Frontier'' 1977]], back matter/ref Durant el seu primer vol de planador entre països a l'abril de 1973, que va comptar amb l'assistència en terra per Renate Tasha Steffen. Havia conegut Tasha, que era 21 anys més jove que ell, prèviament a través de la [[YMCA]] International Club. Es van casar el dia després del seu vol.ref name=GaleAuth/ref name=Rein77/ Van tenir un fill, Edward O'Neill.ref[http://www.towntopics.com/may2808/obits.html ''Town Topics'', Princeton local newspaper]/ref

==Recerca en física d'alta energia==
Després de graduar-se en Cornell, O'Neill va acceptar un lloc com a professor en la [[Universitat de Princeton]].ref name=Daniels92/ Allà va començar la seva investigació sobre [[física de partícules]] d'alta energia. En el 1956, el seu segon any d'ensenyament, va publicar un article de dues pàgines en què la teoria que les partícules produïdes per un [[accelerador de partícules]] podrien emmagatzemar-se durant uns pocs segons en un [[anell d'emmagatzematge]].ref name=physrev-sr{{cite doi|data=març de 2013|10.1103/PhysRev.102.1418}}/ref Les partícules emmagatzemades llavors podrien ser dirigides per col·lidir-se amb un altre feix de partícules. Això augmentaria l'energia de la col·lisió de partícules sobre el mètode anterior, que dirigeix el feix a un blanc fix.ref name=Dyson93p98{{harvnb|Dyson|1993|p=98}}/ref Les seves idees no van ser acceptades immediatament per la comunitat de físics.ref name=GaleBio/

O'Neill es va convertir en un professor assistent a Princeton en el 1956, i va ser promogut a professor associat en el 1959.ref name=GaleBio/ref name=GaleAuth/ Va visitar la Universitat de Stanford en el 1957 per conèixer el professor [[Wolfgang K. H. Panofsky]].ref{{harvnb|Hoddeson|1997|p=265}} {{citació|O'Neill visited HEPL in 1957 to discuss colliding beams with Wolfgang K. H. Panofsky, then the director of that laboratory, and to seek collaborators.}}/ref Això va resultar en una col·laboració entre Princeton i Stanford per construir el Colliding Beam Experiment (CBX).ref{{harvnb|Richter|2002}} {{citació|This facility, first proposed by Gerard K. O’Neill of Princeton, and built at the High-Energy Physics Lab by a Princeton-Stanford collaboration, is the grandfather of all electron colliding-beam machines.}}/ref Amb una subvenció de 800.000 dòlars dels EUA per l'[[Office of Naval Research]], la construcció dels primers anells d'emmagatzematge de partícules va començar en el 1958 al the Stanford High-Energy Physics Laboratory.ref{{harvnb|Hoddeson|1997|p=267}}{{citació|The Office of Naval Research, a very imaginative organization that was then the principal supporter of fundamental research in physics, funded the project to the tune of $800,000, thanks to the persuasive powers of Panofsky.}}/refref{{harvnb|Richter|2002}} {{citació|The construction of the first serious colliding-beam system began there in 1958 ...}}/ref Ell va descobrir com capturar les partícules i, bombant l'aire per produir un [[buit]], i emmagatzemar-les el temps suficient per experimentar-hi.ref{{harvnb|Dyson|1993|pp=97–98}} {{citació|He solved the tough technical problems of injecting a beam from an accelerator into the ring and keeping the betatron oscillations of the particles in the ring small, so that a substantial fraction of the injected particles were stably captured.}}/refref[[#GaleBio|Gerard K. O'Neill ''Notable Scientists: From 1900 to the Present'']] {{citació|Finally obtaining financial support in 1959 from the Office of Naval Research and the Atomic Energy Commission, O'Neill and his colleagues built two particle storage rings at Stanford University that used his high-vacuum technique and successfully demonstrated his colliding-beam theory.}}/ref El CBX va emmagatzemar el seu primer feix en el 28 de març de 1962. O'Neill es va convertir en catedràtic de física en el 1965.ref name=Dyson93p98/

[[Fitxer:SLAC long view.jpg|thumb|El túnel [[Stanford Linear Accelerator]] de dos quilòmetres de llarg]]

En col·laboració amb el [[Burton Richter]], O'Neill va realitzar el primer experiment de col·lisió en feix de física en el 1965. En aquest experiment, els feixos de partícules del [[Stanford Linear Accelerator]] es van recollir en els seus anells d'emmagatzematge i llavors es van dirigir per xocar a una energia de 600 [[Electró-volt|MeV]]. Al mateix temps, aquesta era la més alta energia involucrada en una col·lisió de partícules. Els resultats van demostrar que la càrrega d'un electró està continguda en un volum de menys de 100 [[Metre|atòmetres]] a través. O'Neill va considerar el dispositiu per a ser capaç amb pocs segons d'emmagatzematge, però, mitjançant la creació d'un buit encara més fort, altres van ser capaços d'augmentar aquesta xifra a hores.ref name=Dyson93p98/ En el 1979, ell, amb el físic David C. Cheng, va escriure el llibre de text a nivell de postgrau anomenat ''Elementary Particle Physics: An Introduction''.ref name=GaleAuth/ Es va retirar de l'ensenyament en el 1985, però es va mantenir associat amb Princeton com a ''professor emeritus'' fins a la seva mort.ref name=Dyson93p98/

==Colonització espacial==
===Origen de la idea (1969)===
[[Fitxer:S88 33646.jpg|thumb|La [[NASA]] preveu una exploració científica ambiciosa a la [[Lluna]].]]
O'Neill va veure un gran potencial en el programa espacial dels Estats Units, especialment en les [[programa Apollo|missions Apollo]]. Es va implicar en el Astronaut Corps després que la NASA el va obrir a científics civils en el 1966. Més tard, quan se li va preguntar per què volia anar a les missions a la Lluna, va contestar, d'estar viu ara i no prendre-hi part semblaria terriblement miop.ref name=Rein77/ Va ser sotmès a rigorosos exàmens mentals i físics de la NASA. Durant aquest temps va conèixer a [[Brian O'Leary]], també un científic candidat a astronauta, que es va convertir en el seu amic.ref name=ONeill77p243[[#ONeill77|O'Neill ''The High Frontier'' 1977]], p. 243/ref O'Leary va ser seleccionat pel [[Astronaut Group 6]] però O'Neill no.ref[[#JSCBio|Astronaut Biographies: Former Astronauts]]/ref

O'Neill es va interessar en la idea de la colonització de l'espai en el 1969 mentre ensenyava física de primer any a la Universitat de Princeton.ref name=Dyson93p98/ref name=CoEvInt{{harvnb|Brand|1977}}/ref Els seus estudiants augmentaven la cínica sobre els beneficis de la ciència a la humanitat a causa de la controvèrsia que envolta la [[Guerra del Vietnam]].ref name=ONeill77p233[[#ONeill77|O'Neill ''The High Frontier'' 1977]], p. 233/refref name=Overend77{{harvnb|Overend|1977}}/ref Per donar-los alguna cosa rellevant per a l'estudi, va començar a partir d'exemples del programa Apollo com les aplicacions de la física elemental.ref name=Dyson93p98/ref name=Rein77/ O'Neill va plantejar la qüestió durant un seminari extra que li va donar a alguns dels seus alumnes: És la superfície d'un planeta realment el lloc adequat per a una civilització en expansió tecnològica?ref name=CoEvInt/ Les seves investigacions dels alumnes van convèncer que la resposta era no.ref name=CoEvInt/

[[Fitxer:Bernal Sphere 3.jpeg|thumb|left|[[Esfera de Bernal]], un planeta de dins cap a fora]]

O'Neill es va inspirar en els treballs escrits pels seus alumnes. Va començar a treballar en els detalls d'un programa de construcció d'hàbitats espacials autosuficients en l'espai lliure.ref name=Dyson93p98/ref name=Daniels92/ Entre els detalls era la manera de proporcionar als habitants d'una colònia espacial amb un ambient semblant a la Terra. Els seus estudiants van dissenyar gegantines estructures pressuritzades, que giren a la gravetat terrestre aproximada per la [[força centrípeda]]. Amb la població de la colònia vivint a la superfície del interior d'una esfera o cilindre, aquestes estructures s'assemblaven a planetes de dins cap a fora. Es va trobar que la contra-rotació dels cilindres eliminaria la necessitat de girar amb l'ús de coets.ref name=CoEvInt/ Aquesta configuració ha estat coneguda com el ''[[cilindre O'Neill]]''.

===Primera publicació (1970–1974)===
Buscant una sortida per les seves idees, O'Neill va escriure un article titulat The Colonization of Space, i durant quatre anys va tractar de publicar-horef{{harvnb|Brand|1977}} {{citació|O'Neill: So then it went through a period of-let's see, that was 1970, and it was not until four more years that I was able to get an article published.}}/ref Es va presentar a diversos diaris i revistes, fins i tot la ''Scientific American'' i el ''Science'', només perquè es va rebutjar pels revisors. Durant aquest temps O'Neill va donar conferències sobre la colonització de l'espai al [[Hampshire College]], Princeton, i altres escoles. Molts dels estudiants i el personal que assistien a les conferències es van entusiasmar amb la possibilitat de viure a l'espai.ref name=CoEvInt/ Una altra sortida per O'Neill per explorar les seves idees va ser amb els seus fills; en caminades al bosc va especular sobre la vida en una colònia espacial.ref{{harvnb|Brand|1977}} {{citació|O'Neill: ... I used to talk about it to my children. I'd take them on walks in the woods, and speculate about what life in a space colony would be like....}}/ref El seu article va aparèixer finalment en l'edició de setembre de 1974 de ''[[Physics Today]]''. Va argumentar que les colònies de construcció de l'espai resoldrien diversos problemes importants:
{{citació|És important tenir en compte l'enorme poder de la tècnica de la colonització espacial. Si comencem a usar-ho aviat, i si l'utilitzen sàviament, almenys cinc dels problemes més greus que enfronta ara el món es pot resoldre sense recórrer a la repressió: portar a cada ésser humà a un nivell de vida que ara gaudeixen només per als més afortunats, la protecció de la biosfera dels danys causats pel transport i la contaminació industrial, la recerca espacial d'alta qualitat de vida per a una població mundial que s'està duplicant cada 35 anys, la recerca de fonts d'energia netes i pràctiques, evitant la sobrecàrrega del balanç tèrmic de la Terra.|Gerard K. O'Neill|The Colonization of Spaceref name=ONeill74[[#ONeill74|O'Neill 1974]]/ref}}

[[Fitxer:Lagrange 2 mass.gif|thumb|right|Diagrama dels punts de Lagrange en el sistema Terra-Lluna]]

Fins i tot es van explorar les possibilitats de volar amb planadors dins d'una colònia espacial, trobant que l'enorme volum podria comportar a tèrmiques atmosfèriques.ref[[#ONeill74|O'Neill 1974]] {{citació|As an enthusiastic glider pilot, I have checked the question of thermal scales: the soaring pilots of the colonial age should find sufficient atmospheric instability to provide them with lift.}}/ref Va calcular que la humanitat podria ampliar aquesta frontera artificial en 20.000 vegades la seva població.ref[[#ONeill74|O'Neill 1974]] {{citació|the ultimate size limit for the human race on the newly available frontier is at least 20,000 times its present value.}}/ref Les colònies inicials es construiria en els sistemes Terra-Lluna L4 i L5 dels [[punt de Lagrange|punts de Lagrange]].ref[[#ONeill74|O'Neill 1974]] {{citació|For the first colony it is probably best to choose a particular point on that sphere, within easy range of both Earth and Moon, not so close as to be eclipsed often, and preferably stable against displacements in all three coordinates. The L4 and L5 Lagrange libration points satisfy all these conditions.}}/ref Els L4 i L5 són punts estables al [[sistema solar]] on una nau pot mantenir la seva posició sense gastar energia. El document va ser ben rebut, però molts dels que hi començarien a treballar en el projecte ja havien presentat les seves idees abans que fos publicat.ref name=CoEvInt/ El document va rebre algunes respostes crítiques. Alguns van qüestionar la viabilitat d'aixecar desenes de milers de persones en òrbita i les seves estimacions per a la sortida de producció de colònies inicials.ref name=ONeill77p253[[#ONeill77|O'Neill ''The High Frontier'' 1977]], p. 253/ref

Mentre esperava que el seu article fos publicat, O'Neill va organitzar una petita conferència de dos dies el maig de 1974 a Princeton per discutir la possibilitat de colonitzar l'espai exterior.ref name=CoEvInt/ La conferència, titolada ''First Conference on Space Colonization'', wva ser finançada per [[Point Foundation (environment)|Point Foundation]] de [[Steward Brand]] i la Universitat de Princeton.ref name=ONeill77p249[[#ONeill77|O'Neill ''The High Frontier'' 1977]], p. 249/ref Entre els assistents estaven [[Eric Drexler]] (en el moment del seu primer any en el [[Massachusetts Institute of Technology|MIT]]), el científic-astronauta [[Joseph P. Allen|Joe Allen]] (del Astronaut Group 6), [[Freeman Dyson]], i el periodista científic [[Walter S. Sullivan|Walter Sullivan]].ref name=CoEvInt/ Representants de la NASA també van assistir i van portar les estimacions dels costos de llançament estimats sobre el projecte del [[programa del transbordador espacial|Transbordador Espacial]].ref name=CoEvInt/ O'Neill va creure que els assistents eren una banda de radicals atrevits.ref name=Henson77p10{{harvnb|Henson|1977|p=10}}/ref L'article de Sullivan de la conferència es va publicar a la primera pàgina de ''[[The New York Times]]'' el 13 de maig de 1974.ref{{harvnb|Sullivan|1974}}/ref 
Com que va créixer el coneixement en els mitjans de comunicació, O'Neill va ser inundat amb cartes de persones que estaven emocionades per viure a l'espai.ref[[#ONeill77|O'Neill ''The High Frontier'' 1977]], pp. 250–252/ref Per mantenir-se en contacte amb ells, O'Neill va començar a portar una llista de correu i va començar a enviar actualitzacions sobre el seu progrés.ref name=CoEvInt/ref name=ONeill77p252[[#ONeill77|O'Neill ''The High Frontier'' 1977]], p. 252/ref Uns mesos més tard, va sentir [[Peter Glaser]] parlar sobre els [[energia solar espacial|satèl·lits solars]] del [[Goddard Space Flight Center]] de la NASA. O'Neill es va adonar que, mitjançant el muntatge d'aquests satèl·lits, els seves colònies espacials ràpidament podrien recuperar el cost de la seva construcció.ref name=ONeill77p255[[#ONeill77|O'Neill ''The High Frontier'' 1977]], p. 255/ref Segons O'Neill, la profunda diferència entre aquest fet i tota la resta en l'espai és el potencial de generar grans quantitats de noves riqueses.ref name=Rein77/

===Estudis de la NASA (1975–1977)===
O'Neill va celebrar tot seguit una conferència molt més gran per maig amb el títol de ''Princeton University Conference on Space Manufacturing''.ref name=ONeill77p256[[#ONeill77|O'Neill ''The High Frontier'' 1977]], p. 256/ref En aquesta conferència, més de dues dotzenes d'oradors van presentar documents, fins i tot [[Keith Henson|Keith]] i [[Carolyn Meinel|Carolyn Henson]] de [[Tucson, Arizona]].ref name=Erichsen94{{harvnb|Erichsen|1994}}/refref name=AIAA75[[#AIAA75|''Space Manufacturing Facilities'' 1977]]/ref

Després de la conferència Carolyn Henson va organitzar una reunió entre O'Neill membre del Congrés d'Arizona [[Mo Udall|Morris Udall]]. Udall va escriure una carta de suport, que demanava als Hensons per donar-se a conèixer, pel treball de O'Neill.ref name=Erichsen94/ Els Hensons va incloure la seva carta al primer número del full informatiu de la [[L5 Society|L-5 Society]], enviat a tot el món en la llista de correu de O'Neill i els que s'havien inscrit a la conferència.ref name=Erichsen94/ref{{harvnb|Udall|1975}}/ref

[[Fitxer:ONeillSenate1976.gif|thumb|left|O'Neill va testificar davant el Subcomitè del Senat el 19 de gener de 1976]]

Al juny de 1975, O'Neill va dirigir un estudi de deu setmanes sobre els hàbitats espacials permanents per a la NASA Ames. Durant l'estudi que va ser cridat a declarar en el 23 de juliol al Subcomitè de la [[Cambra de Representants dels Estats Units|Cambra]] en el Space Science and Applications.ref name=ONeill77p282[[#ONeill77|O'Neill ''The High Frontier'' 1977]], p. 282/ref El 19 de gener de 1976, també es va presentar davant el Subcomitè del [[Senat dels Estats Units|Senat]] en el Aerospace Technology and National Needs. En una presentació titulada ''Solar Power from Satellites'', va presentar el seu cas per a un programa en estil Apollo per a la construcció de plantes d'energia a l'espai.ref name=ONeill77p264[[#ONeill77|O'Neill ''The High Frontier'' 1977]], p. 264/ref Va tornar a Ames el juny de 1976 i 1977 per conduir estudis sobre la indústria espacial.ref name=SSIHistory[[#SSIHistory|''SSI History'']]/ref En aquests estudis, la NASA va desenvolupar plans detallats per establir bases a la Lluna on els treballadors espacials explorarien els recursos minerals per construir colònies a l'espai i satèl·lits solars.ref name=ONeillAmes77[[#ONeillAmes77|O'Neill ''Summer Study Notes'' 1977]]/ref

===Finançament privat (1977–1978)===
Encara que la NASA estava recolzant el seu treball amb subvencions de fins a $500,000 per any, O'Neill es va sentir frustrat per la burocràcia i la política inherent a la investigació finançada pel govern.ref name=GaleBio/ref name=Overend77/ Va pensar que els petits grups finançats amb fons privats podrien desenvolupar la tecnologia espacial més ràpidament que les agències del govern.ref name=Dyson93p98/ En el 1977, O'Neill i la seva dona Tasha va fundar la [[Space Studies Institute]], una organització sense ànim de lucre, a la Universitat de Princeton.ref name=Daniels92/ref[[#GaleBio|Gerard K. O'Neill ''Notable Scientists: From 1900 to the Present'']] {{citació|Therefore, in 1977, he sought and obtained private support for a new, non-profit corporation called the Space Studies Institute. Located at Princeton University, the Space Studies Institute supports technical research on the science and engineering of living and working in space with grants made possible by members' contributions.}}/ref El SSI va rebre un fons inicial de gairebé $100,000 de donants privats, i a principis de 1978 va començar a donar suport a la investigació bàsica en les tecnologies necessàries per a la indústria de l'espai i l'assentament.ref[[#SSIHistory|''SSI History'']] {{citació|At the end of the year and with legal matters attended to, SSI was given a strong head-start by two gifts from private donors, totaling nearly $100,000.}}/ref

[[Fitxer:ONEILLMASS.GIF|thumb|right|[[Henry Kolm|Kolm]] (esquerra) i '''O'Neill''' (centre) amb la [[catapulta magnètica]]]]
Una de les primers beques del [[Space Studies Institute|SSI]] va finançar el desenvolupament de la [[catapulta magnètica]], el primer dispositiu proposat per O'Neill en el 1974.ref name=AboutSSI[[#AboutSSI|''About SSI'']]/refref{{harvnb|Kolm|1992|p=123}} {{citació|An offshoot of this maglev research resulted in the concept of the mass driver by Professor Gerard K. O'Neill of Princeton University in 1974.}}/ref Les catapultes magnètiques es basen en el disseny del [[canó de Gauss]], adaptat per accelerar un objecte no magnètic.ref{{harvnb|Meinel|2007}} {{citació|Someone in NASA apparently agreed, because in 1976 the space agency awarded a $50 000 contract to O'Neill and MIT professor Henry Kolm, part of which they used to build a coilgun. Called the Mass Driver I, the 8-meter-long device had its public debut at Princeton, in the lobby of Chadwin Hall, where a conference on space colonies was taking place.}}/ref Una aplicació O'Neill proposat per als conductors de masses era llançar trossos de mineral de la mida de pilotes de beisbol extrets de la superfície de la Lluna cap a l'espai.ref name=Weintraub84p304{{harvnb|Weintraub|1984|p=304}}/refref name=COMPUTE/ Un cop a l'espai, 
el mineral podria ser utilitzat com a matèria primera per a la creació de colònies espacials i els satèl·lits d'energia solar. Ell va prendre un any sabàtic de Princeton per treballar en les catapultes magnètiques en el MIT. Allà es va exercir com a [[Jerome C. Hunsaker Visiting Professor of Aerospace Systems|Hunsaker Visiting Professor of Aerospace]] durant l'academic year de 1976–77.ref{{harvnb|Kolm|1992|p=123}}/ref Al MIT, ell, [[Henry Kolm|Henry H. Kolm]], i un grup d'estudiants voluntaris van construir el seu [[Mass Driver 1|primer prototip de catapulta magnètica]].ref name=Henson77p10/ref name=SSIHistory/ref name=AboutSSI/ Aquest prototip de 2,5nbsp;m de llarg podia exercir una força de 33nbsp;''[[força g|g]]'' (320nbsp;m/ssup2/sup) d'acceleració d'un objecte inserit.ref name=Henson77p10/ref name=SSIHistory/ref name=Weintraub84p304/ Amb l'ajuda financera del SSI, posteriors prototips van millorar-ho en 1.800nbsp;''g'' (18,000nbsp;m/ssup2/sup), acceleració suficient que una catapulta magnètica de només de 160nbsp;m podria llançar material de la superfície de la Lluna.ref name=SSIHistory/

===Oposició (1977–1985)===
En el 1977, O'Neill va veure el pic d'interès en la colonització de l'espai, juntament amb la publicació del seu primer llibre, ''[[The High Frontier: Human Colonies in Space|The High Frontier]]''.ref name=Erichsen94/ Ell i la seva dona estaven volant entre les reunions, entrevistes i audiències.ref name=Rein77/ El 9 d'octubre, el programa de la [[CBS]], ''[[60 Minutes]]'', va publicar una sèrie de sessions sobre les colònies espacials. Més tard, va sortir en directe a partir de les respostes dels espectadors, que incloïa una del Senador [[William Proxmire]], el president responsable del Subcomitè del Senat del pressupost de la NASA. La seva resposta va ser, que és el millor argument per tallar el finançament NASA fins a l'os .... Jo no dono ni un cèntim més per aquesta fantasia altre cop.ref{{harvnb|Lovell|1977}} {{citació|It's the best argument yet for chopping NASA's funding to the bone. As Chairman of the Senate Subcommittee responsible for NASA's appropriations, I say not a penny for this nutty fantasy...}}/ref Ell va aconseguir eliminar la despesa en investigació de la colonització espacial del pressupost.ref{{harvnb|Proxmire|1978}}/ref En el 1978, [[Paul Werbos]] va escriure un full informatiu del L-5, ningú espera que el Congrés es comprometin al concepte de O'Neill d'hàbitats espacials a gran escala; els integrants de la NASA són gairebé paranoics sobre les relacions públiques de la idea.ref{{harvnb|Werbos|1978|p=15}}/ref 
Quan es va fer evident que un esforç finançat pel govern colonització era políticament impossible, suport popular de les idees de O'Neill va començar a evaporar-se.ref name=Erichsen94/

Altres pressions sobre el pla de colonització de O'Neill eren l'alt cost d'accés a l'òrbita de la Terra i el menor cost d'energia. La construcció de centrals solars a l'espai era econòmicament atractiva quan els preus de l'energia es van disparar durant la [[crisi energètica de 1979|crisi del petroli de 1979]]. Quan els preus van caure a principis de la dècada de 1980, el fons per a la investigació d'energia solar espacial va decaure.ref{{harvnb|Davis|2006}}/ref El seu pla havia estat també la base de les estimacions de la NASA per a rati de vols i cost de llançament del Transbordador Espacial, amb xifres que van resultar haver estat massa optimistes. El seu llibre de 1977, va citar el cost de llançament del transbordador espacial en $10 milions, però en el 1981 el preu subsidiat donat als clients comercials es va iniciar en $38 milions.ref name=ONeill77p134[[#ONeill77|O'Neill ''The High Frontier'' 1977]], p. 134/refref{{harvnb|Hanushek|1985|p=2}}/ref L'eventual comptabilitat del cost total d'un llançament en el 1985 va augmentar fins als $180 milions per vol.ref{{harvnb|Hanushek|1985|p=6}} (en dòlars del 1982)/ref

O'Neill va ser nomenat pel President dels Estats Units [[Ronald Reagan]] a la Comissió Nacional de l'Espai el 1985.ref name=Daniels92/ La commissió, va permetre a l'antic administrador de la NASA, [[Thomas O. Paine|Thomas Paine]], va proposar que el govern es comprometés a construir assentaments humans en el sistema Solar interior d'aquí a 50 anys.ref name=Paine86{{harvnb|Paine|1986}}/ref El seu informe es va publicar al maig de 1986, quatre mesos després que el [[Transbordador Espacial Challenger]] es va destruir en l'ascens.ref name=Paine86/

==Carrera d'escriptor==
[[Fitxer:Spacecolony1.jpg|thumb|right|Els cilindres de O'Neill com és il·lustrat en el [[The High Frontier: Human Colonies in Space|''The High Frontier'']]]]

El llibre de ciència popular de O'Neill, ''[[The High Frontier: Human Colonies in Space]]'' (1977) combinar relats de ficció d'assentaments espacials amb una explicació del seu pla de construir colònies espacials. La seva publicació el va establir com el portaveu del moviment de la colonització espacial.ref name=Dyson93p98/ Va guanyar el [[Phi Beta Kappa Award in Science]] aquell mateix any, i es va demanar al Swarthmore College a concedir-li un [[doctorat honorari]].ref name=GaleAuth/ref name=PBKAwards[[#PBKAwards|''Phi Beta Kappa Award in Science Winners'']]/ref ''The High Frontier'' ha estat traduït a cinc idiomes i es va mantenir en la impressió fins al 2008.ref name=SSIHistory/

El seu llibre de 1981, ''[[2081: A Hopeful View of the Human Future]]'' va ser un exercici de [[estudis futurs|futurologia]]. O'Neill ho va narrar com a visitant a la Terra des d'una colònia espacial més enllà de Plutó.ref{{harvnb|Ferris|1981}}/ref El llibre explora els efectes de les tecnologies que va anomenar impulsors del canvi en el pròxim segle. Algunes de les tecnologies que descrivia eren colònies espacials, satèl·lits d'energia solar, drogues de [[prolongació de la vida]], [[vehicle d'hidrogen|cotxes propulsats amb hidrogen]], control climàtic, i [[tren Maglev|trens magnètics]] subterranis. Es formaria l'estructura social a la dècada dels 80, suposant que la humanitat es mantindria sense canvis encara s'expandiria en el sistema solar. Les anàlisis de ''2081'' són diverses. L'analista del ''New York Times'', John Noble Wilford, va trobar que el llibre era una font d'imaginació possible, però [[Charles Nicol]] pensava que les tecnologies descrites eren inacceptablement desgavellades.ref name=GaleAuth/

En el seu llibre de ''The Technology Edge'', va publicar en el 1983, O'Neill va escriure sobre la competència econòmica amb Japó.ref name=Weil84{{harvnb|Weil|1984}}/ref Va sostenir que els Estats Units van haver de desenvolupar sis indústries per competir: [[Microindústria|microenginyeria]], robòtica, enginyeria genètica, [[levitació magnètica|vol magnètic]], [[cotxe volador (ficció)|aeronaus domèstiques]], i ciència espacial.ref name=COMPUTE{{harvnb|Bateman|1984}}/ref També pensava que el desenvolupament industrial estava patint de miopia executiva, amb interessos propis, els alts impostos, i la mala educació dels nord-americans. Segons opina Henry Weil, les explicacions detallades de O'Neill de les tecnologies emergents diferenciava el llibre dels altres sobre el tema.ref name=Weil84/

==Iniciatives empresarials==
[[Fitxer:RDSS Diagram.png|thumb|Disseny per al sistema de determinació de posició per satèl·lit]]

O'Neill va crear Geostar Corporation per desenvolupar un sistema de determinació de la posició per satèl·lit per la qual es va concedir una patent en el 1982.ref[[#GaleBio|Gerard K. O'Neill ''Notable Scientists: From 1900 to the Present'']] {{citació|In 1983, he founded the Geostar Corporation which, based on O'Neill's own patent, developed the first private satellite navigational system to guide travel on earth.}}/ref El sistema, pensat principalment per al seguiment d'aeronaus, va ser anomenat Radio Determination Satellite Service (RDSS).ref name=COMPUTE/ A l'abril de 1983, Geostar es va afegir a la FCC una llicència per transmetre des de tres satèl·lits, que abastaria tots els Estats Units. Geostar va llançar el GSTAR-2 en [[òrbita geosíncrona]] en el 1986. El seu component de [[transmissor]] va fallar permanentment dos mesos després, per tant Geostar va començar les proves de RDSS mitjançant la transmissió d'altres satèl·lits.ref{{harvnb|Martin|2000|pp=263–264}} {{citació|In 1987 ... the Geostar Corporation began providing limited one-way position determination service (Geostar System 1.0) from mobile subscribers, primarily in the long-distance trucking industry, using the French Argos transponders on U.S. meteorological satellites.}} {{citació|The second was on GStar 2, launched in 1986; the subsystem operated properly in initial testing but failed less than two months after launch.}}/ref Amb seu delicat estat de salut, O'Neill es va implicar menys amb l'empresa, a la vegada que va començar a tenir problemes.ref name=SmitGeo[[#SmitGeo|''Geostar Corporation Records 1983–1991'']]/ref En el febrer de 1991 Geostar es va declarar en fallida i les seves llicències van ser venudes a [[Motorola]] per al programa de [[constel·lació de satèl·lits Iridium]].ref[[#Sat91|''Satellite News'' 1991]] {{citació|Satellite News has learned that Iridium Inc., a Motorola affiliate, and Comsat Corp. have purchased the assets of ill-fated, Washington, D.C.-based Geostar Corp. at a bankruptcy auction proceeding late last week.}}/ref Encara que el sistema va ser reemplaçat pel [[Global Positioning System|GPS]], O'Neill va fer avenços significatius en el camp del posicionament per satèl·lit.ref name=SmitGeo/

O'Neill va crear O'Neill Communications a Princeton en el 1986. Ell va introduir la seva Local Area Wireless Networking, o LAWN, sistema al PC Expo a Nova York en el 1989.ref name=PCExLAWN{{harvnb|Sexton|1989}}/ref El sistema LAWN va permetre dos ordinadors per intercanviar missatges a través d'un rang d'un parell de centenars de metres, a un cost del voltant de $500 per node.ref name=PerCompLAWN{{harvnb|Honan|1990}}/ref O'Neill Communications va sortir del negoci en el 1993; la tecnologia LAWN va ser venut a Omnispread Communications. Fins al 2008, Omnispread va continuar venent una variant del sistema LAWN de O'Neill.ref name=Keystone06p4[[#Keystone06|Keystone press release 2006]], p. 4/ref  

El 18 de novembre de 1991, O'Neill va presentar una sol·licitud de patent per a un sistema de [[tren d'alta velocitat]]. Va anomenar la companyia que ell volia formar com a ''VSE International'', per velocitat, silenci i eficiència.ref name=Dyson93p98/  No obstant això, el mateix concepte que ell anomena ''[[vol magnètic]]''.  Els vehicles, en lloc d'avançar sobre un parell de rails, seria elevat utililtzant la força electromagnètica per un sol rail dins d'un tub (imants permanents al rail, amb imants variables sobre el vehicle), i impulsat per forces electromagnètiques a través de túnels. Va estimar que els trens podien aconseguir velocitats de fins a 4.000nbsp;km/h — prop de cinc vegades més ràpid que un avió amb jet — si l'aire s'evacués a partir dels túnels.ref name=Daniels92/ Per obtenir aquests velocitats, el vehicle s'acceleraria per a la primera meitat del viatge, i després desaccelerar en el segon tram del viatge. L'acceleració va ser planejada per ser un màxim de prop de la meitat de la força de gravetat. O'Neill planejava construir una xarxa d'estacions connectades per aquests túnels, però va morir dos anys abans que la seva primera patent fos concedida.ref name=Dyson93p98/

==Mort i llegat==
[[Fitxer:Pegasus Air Launch.jpg|thumb|Les cendres de O'Neill es van transportar en l'etapa superior d'un [[Pegasus (coet)|Pegasus d'Orbital Sciences]]]]

O'Neill se li va diagnosticar [[leucèmia]] en el 1985.ref name=SmitGeo/ Va morir el 27 d'abril de 1992,per complicacions de la malaltia en el [[Sequoia Hospital]] a [[Redwood City, Califòrnia]].!-- Aquí està de tornada a Redwood City, al costat de Stanford, però, va romandre afiliat a Princeton ... confús si ell es va traslladar a Stanford durant seva carrera ?  --ref name=Daniels92/ref name=Dyson93p97/ Va deixar la seva dona Tasha, la seva exdona Sylvia, i els seus quatre fills.ref name=Daniels92/ref[[#Roger08|O'Neill, Dr. Roger A. 2008]]/ref Una mostra de les seves restes incinerades va ser [[enterrament espacial|enviat a l'espai]].ref name=Simons97{{harvnb|Simons|1997}}/ref El vial que contenia les seves cendres va ser unida a un coet [[coet Pegasus|Pegasus XL]] i llançat a l'òrbita terrestre el 21 d'abril de 1997.ref name=Simons97/ref[[#FAA1997|''Quarterly Launch Report'' 3Q 1997]]/ref Va tornar a entrar a l'atmosfera el maig de 2002.ref[[#Debris02|Pegasus HAPS Rocket Body Reentry Prediction 2002]]/ref

O'Neill va dirigir el seu Space Studies Institute a continuar els seus esforços fins que les persones visquin i treballin a l'espai.ref[[#SSIHistory|''SSI History'']] {{citació|At the last board meeting that he attended, one month before he succumbed to a seven-year bout with leukemia, Dr. Gerard O'Neill firmly stated, Our mission is not complete until people are living and working in space.}}/ref Després de la seva mort, la gestió del SSI va passar al seu fill Roger i al seu company Freeman Dyson.ref name=SSIHistory/ El SSI va seguir celebrant conferències cada dos anys per reunir els científics que estudien la colonització de l'espai fins al 2001.ref{{harvnb|Hoyt|2006|p=20}} {{citació|The conference was held again at Princeton the following year in cooperation with the American Institute of Aeronautics and Astronautics, and took place every other year from 1975 to 2001.}}/ref

[[Henry Kolm]] va passar a començar en la Tecnologia Magplane en la dècada de 1990 per desenvolupar la tecnologia de transport magnètic que O'Neill havia escrit. En el 2007, el Magplane va demostrar un sistema de treball magnètic per canonades per al transport de mineral de fosfat a Florida. El sistema va funcionar a una velocitat de 65nbsp;km/h, molt més lent que els trens d'alta velocitat que O'Neill havia imaginat.ref{{harvnb|Dickson|2007}} {{citació|The Magplane Pipeline Technology was demonstrated in Florida at IMC Global Inc., which has merged with Cargill Crop Nutrition to form The Mosaic Company [NOS-NY]—the world's leading producer of potash and phosphate crop nutrients. In the demonstration, phosphate ore was successfully transported at speeds up to 65 kilometers/hour using the pipeline system that utilized rare earth (neodymium-iron-boron) permanent magnets on the capsules over a 275-metre long pipeline containing a linear synchronous motor winding.}}/refref[[#MTIPrincipals|''MTI Principals'']]/ref

Els tres fundadors de la [[Space Frontier Foundation]], una organització dedicada a l'obertura de la frontera de l'espai per a l'assentament humà, eren partidaris de les idees d'O'Neill i havien treballat amb ell en diverses capacitats en la Space Studies Institute.ref{{harvnb|Tumlinson|2006}}/ref  Una d'elles, [[Rick Tumlinson]], descriu tres homes com a models per a la defensa de l'espai: [[Wernher von Braun]], Gerard K. O'Neill, i [[Carl Sagan]]. Von Braun va pressionar perquè els projectes que la gent comuna pugui sentir orgullosa, però sense participar-hi.ref name=Grierson04{{harvnb|Grierson|2004}}/ref Sagan volia explorar l'univers a partir d'una distància. O'Neill, amb el seu gran pla per a l'assentament del sistema solar, ha posat èmfasi en el trasllat de persones ordinàries en massa fora de la Terra.ref name=Grierson04/

La [[National Space Society]] (NSS) va guardonar Gerard K. O'Neill amb el Memorial Award for Space Settlement Advocacy a les persones assenyalades per les seves contribucions en l'àrea d'assentament espacial. La seva contribució pot ser científica, legislativa i educativa. El premi és un trofeu en la forma d'una [[esfera de Bernal]]. El primer premi NSS va ser atorgat en el 2007 a l'emprenador lunar i antic former astronauta [[Harrison Schmitt]]. En el 2008, se li va donar el físic [[John Marburger]].ref name=NSSAward[[#NSSAward|NSS Gerard K. O'Neill Memorial Award]]/ref

En la ficció, el protagonista de ''Manifold:Time'' de Stephen Baxter nomena a la seva nau espacial ''Gerald K. O'Neill.''

==Publicacions==
===Llibres===
* {{ref-llibre|autor=O'Neill, Gerard K.|any=1977|títol=[[The High Frontier: Human Colonies in Space]]|editorial=William Morrow  Company|lloc=New York|isbn=0-9622379-0-6}}
* {{ref-llibre|autor=O'Neill, Gerard K. (ed.)|coautors=O'Leary, Brian|any=1977|títol=Space-Based Manufacturing from Nonterrestrial Materials|editorial=American Institute of Aeronautics|lloc=New York|isbn=0-915928-21-3}}
* {{ref-llibre|autor=Cheng, David C.|coautors=O'Neill, Gerard K.|any=1979|títol=Elementary Particle Physics: An Introduction|editorial=Addison-Wesley|lloc=Reading, Massachusetts|isbn=0-201-05463-9}}
* {{ref-llibre|autor=O'Neill, Gerard K.|any=1981|títol=[[2081: A Hopeful View of the Human Future]]|editorial=Simon and Schuster|lloc=New York|isbn=0-671-44751-3}}
* {{ref-llibre|autor=O'Neill, Gerard K.|any=1983|títol=The Technology Edge: Opportunities for America in world competition|editorial=Simon and Schuster|lloc=New York|isbn=0-671-44766-1}}

===Articles===
* {{cite journal| last=O'Neill|first=Gerard K.|title=Time-of-Flight Measurements on the Inelastic Scattering of 14.8-Mev Neutrons|journal=Physical Review|year=1954|volume=95|issue=5|pages=1235–1245|doi=10.1103/PhysRev.95.1235|bibcode = 1954PhRv...95.1235O }}
* {{cite journal|last=O'Neill|first=Gerard K.|title=Storage-Ring Synchrotron: Device for High-Energy Physics Research|journal=Physical Review|volume=102|issue=5|year=1956|month=April|pages=1418|doi=10.1103/PhysRev.102.1418|bibcode = 1956PhRv..102.1418O }}
* {{cite journal|last=O'Neill|first=Gerard K.|title=Storage Rings|journal=Science|month=August|year=1963|volume=141|issue=3582|pages=679–686|doi=10.1126/science.141.3582.679|pmid=17752920|bibcode = 1963Sci...141..679O }}
* {{cite journal|last=O'Neill|first=Gerard K.|title=A High-Resolution Orbiting Telescope: New techniques would lead to orbiting an optical telescope 25 times the diameter of Palomar's|journal=Science|month=May|year=1968|volume=160|issue=3830|pages=843–847|doi=10.1126/science.160.3830.843|pmid=17774392|bibcode = 1968Sci...160..843O }}
* {{cite journal|last=O'Neill|first=Gerard K.|title=The Colonization of Space|journal=Physics Today|volume=27|issue=9|pages=32–40|year=1974|month=September |bibcode=1974PhT....27i..32O|doi = 10.1063/1.3128863 }}
* {{cite journal|last=O'Neill|first=Gerard K.|title=The High Frontier|journal=CoEvolution Quarterly|issue=7|pages=6–9|date=Fall 1975 |url=http://www.nas.nasa.gov/About/Education/SpaceSettlement/CoEvolutionBook/HIGHF.html|accessdate=2008-08-18}}
* {{cite journal|last=O'Neill|first=Gerard K.|title=Space Colonies and Energy Supply to the Earth|journal=Science|date=December 5, 1975|volume=190|pages=943–947|bibcode=1975Sci...190..943O|doi = 10.1126/science.190.4218.943|issue=4218}}
* {{cite journal|last=O'Neill|first=Gerard K.|title=Engineering a Space Manufacturing Center|journal=Astronautics and Aeronautics|pages=20–28, 36|volume=14|year=1976|month=October }}
* {{cite journal|last=O'Neill|first=Gerard K.|title=The Low (Profile) Road to Space Manufacturing|journal= Astronautics and Aeronautics |volume=16|issue=3|pages=18–32|month=March|year=1978 }}
* {{cite journal|author=O'Neill, Gerard K.; Driggers, Gerald; O'Leary, Brian|month=October|year=1980|title=New Routes to Manufacturing in Space|journal=Astronautics and Aeronautics|volume=18|issue=10|pages=46–51 }}
* {{cite journal|last=O'Neill|first=Gerard K.|coauthor=Kolm, Henry H.|title=High acceleration mass drivers|journal=Acta Astronautica|month=November|year=1980|volume=7|issue=11|pages=1229–1238|doi=10.1016/0094-5765(80)90002-8}}
* {{cite journal| last=O'Neill|first=Gerard K.|title=Where is everybody? Some new answers|journal=Nature|year=1981|volume=294|issue=25|doi=10.1038/294025a0| pages=25|bibcode = 1981Natur.294...25O }}
* {{cite journal|last=O'Neill|first=Gerard K.|title=Satellite Air Traffic Control|journal=Astronautics and Aeronautics|volume=19|issue=3|pages=27–31|month=March|year=1981 }}
* {{cite journal|last=O'Neill|first=Gerard K.|title=Recent developments in mass drivers|journal=Space manufacturing|volume=4|year=1981|pages=97–104|oclc=8112602}}
!--not the first author * {{cite journal|author=Snow, William R.; Dunbar, R. Scott; Kubby, Joel A.  O'Neill, Gerard K.|title=Mass Driver Two: A Status Report|journal=IEEE Transactions on Magnetics|volume=18|issue=1|month=January|year=1982|pages=127–134|doi=10.1109/TMAG.1982.1061777|bibcode = 1982ITM....18..127S }}--
* {{cite journal|last=O'Neill|first=Gerard K.|title=Satellites Instead|journal=AOPA Pilot|volume=25|issue=1|pages=51–54, 59–63|month=July|year=1982 }}
* {{cite journal|last=O'Neill|first=Gerard K.|title=Geostar|journal=AOPA Pilot|volume=26|issue=9|pages=53–57|month=September|year=1983 }}
* {{cite journal|last=O'Neill|first=Gerard K.|coauthor=Maryniak, G. E.|title=Radiation Shielding to Solar Power Satellites: Results of the January 1988 SSI/Princeton Lunar Systems Study|journal=Lunar Bases|volume=2|year=1988|pages=185|bibcode=1988LPICo.652..185O}}

==Patents==
A O'Neill se li va concedir sis patents en total (dues a títol pòstum) en les àrees de posicionament global i levitació magnètica.
* {{Cite patent|US|4359733}} Sistema de posicionament de vehicles basat en satèl·lits, atorgat el 16 de novembre de 1982
* {{Cite patent|US|4744083}} Sistema de posicionament de basat en satèl·lits i sistema de transmissió de missatges amb control de qualitat d'enllaç, atorgat el 10 de maig de 1988
* {{Cite patent|US|4839656}} Sistema de posicionament de basat en satèl·lits i sistema de transmissió de missatges i emmagatzematge de mapes terrestres, atorgat el 13 de juny de 1989
* {{Cite patent|US|4965586}} Sistema de posicionament de basat en satèl·lits i sistema de transmissió de missatges i emmagatzematge de mapes terrestres, atorgat el 23 d'octubre de 1990
* {{Cite patent|US|5282424}} Sistema de transport d'alta velocitat, atorgat l'1 de febrer de 1994
* {{Cite patent|US|5433155}} Sistema de transport d'alta velocitat, atorgat el 18 de juliol de 1995

==Per a més informació==
* McCray, W. Patrick. ''The Visioneers: How a Group of Elite Scientists Pursued Space Colonies, Nanotechnologies, and a Limitless Future '' (Princeton University Press; 2012) 328 pages; Focuses on O'Neill and the MIT-trained engineer Eric Drexler in a study of exploratory science.
==Vegeu també==
*[[Konstantin Eduardovich Tsiolkovskii|Konstantin Tsiolkovskii]] (1857–1935) va escriure que els éssers humans viurien en l'espai el 1920
*[[John Desmond Bernal|J. D. Bernal]] (1901–1971) inventor de l'esfera de Bernal, un disseny d'hàbitat espacial
*[[Rolf Wideröe]] (1902–1996) va sol·licitar una patent sobre un disseny de partícules de l'anell d'emmagatzematge durant la Segona Guerra Mundialref name=ONeill77p239[[#ONeill77|O'Neill ''The High Frontier'' 1977]], p. 239/ref
*[[Krafft Arnold Ehricke|Krafft Ehricke]] (1917–1984) enginyer de coets i defensor de la colonització de l'espai
*[[John S. Lewis]], va escriure sobre els recursos del sistema solar en [[Mining the Sky: Untold Riches from the Asteroids, Comets, and Planets|Mining the Sky]]
*[[Marshall Savage]], autor de [[The Millennial Project: Colonizing the Galaxy in Eight Easy Steps]]
*[[Spome]]
*[[Arquitectura espacial]]
*[[Energia solar espacial]]

==Notes==
{{referències|2}}

==Referències==
'''Llibres'''
*{{ref-llibre|cognom=Brand|nom=Stewart|títol=Space Colonies: A CoEvolution Book|capítol=Interviewing Gerard O'Neill|citació=Is the surface of a planet really the right place for an expanding technological civilization?|any=1977|editorial=Whole Earth Catalog|urlcapítol=http://www.nas.nasa.gov/About/Education/SpaceSettlement/CoEvolutionBook/Interview.HTML|isbn=0-14-004805-7|ref=CITEREFBrand1977}}
*{{ref-llibre|autor=Gray, Jerry (ed.)|títol=Space Manufacturing Facilities: Proceedings of the Princeton/American Institute of Aeronautics and Astronautics/National Aeronautics and Space Administration conference, May 7–9, 1975|any=1977|editorial=American Institute of Aeronautics and Astronautics|lloc=New York|oclc=3146607|ref=AIAA75}}
*{{ref-llibre|cognom=Hoddeson|nom=Lillian|títol=The Rise of the Standard Model|capítol=The Rise of Colliding Beams|editorial=Cambridge University Press|any=1997|isbn=0-521-57816-7|ref=CITEREFHoddeson1997}}
*{{ref-llibre|cognom=Kolm|nom=Henry H.|coautors=Snow, William R.|títol=Space Resources|capítol=Electromagnetic Launch of Lunar Material|editorial=United States Government Printing Office|lloc=Washington DC|volum=2|pàgines=117–135|any=1992|urlcapítol=http://ntrs.nasa.gov/archive/nasa/casi.ntrs.nasa.gov/19930007725_1993007725.pdf|isbn=0-16-038062-6|id=NASA SP-509|ref=CITEREFKolm1992}}
*{{ref-llibre|cognom=Martin|nom=Donald H.|títol=Communication Satellites|capítol=North American Satellites|editorial=American Institute of Aeronautics and Astronautics|any=2000|lloc=El Segundo CA|isbn=1-884989-09-8|ref=CITEREFMartin2000}}
*{{ref-llibre|autor=O'Neill, Gerard K.|any=1977|títol=The High Frontier: Human Colonies in Space|editorial=William Morrow  Company|lloc=New York|isbn=0-9622379-0-6|ref=ONeill77}}
*{{ref-llibre|cognom=Weintraub|nom=Pamela|capítol=Cosmic Colonies|títol=The OMNI Interviews|editorial=Ticknor  Fields|lloc=New York|any=1984|pàgines=296–314|urlcapítol=http://www.astralgia.com/pdf/oneill.pdf|isbn=0-89919-215-7|ref=CITEREFWeintraub1984}}
*{{ref-llibre|capítol=Gerard K. O'Neill|títol=Notable Scientists: From 1900 to the Present|editorial=Gale|data=January 1, 2001|url=http://galenet.galegroup.com/servlet/BioRC|ref=GaleBio}}
*{{ref-llibre|capítol=Gerard K(itchen) O'Neill|títol=Contemporary Authors Online|editorial=Gale|data=August 22, 2003|url=http://galenet.galegroup.com/servlet/BioRC|ref=GaleAuth}}
*{{ref-llibre|autor=United States National Commission on Space|any=1986|mes=May|títol=Pioneering the Space Frontier|editorial= Bantam Books|lloc=New York|url=http://history.nasa.gov/painerep/begin.html|isbn=0-553-34314-9|ref=CITEREFPaine1986|consulta=2009-04-17}}

'''Articles'''
*cite id=CITEREFBateman1984{{cite journal|last=Bateman|first=Selby|title=Interview: Gerard K. O'Neill|journal=Compute!|issue=51|page=42|year=1984|month=August|url=http://www.atarimagazines.com/compute/issue51/184_1_The_COMPUTE!_Interview.php|accessdate=2008-08-07}}/cite
*cite id=CITEREFDaniels1992{{cite news|last=Daniels|first=Lee A.|title=Gerard K. O'Neill, Professor, 69; Led Studies on Physics and Space|work=The New York Times|date=April 29, 1992|url=http://query.nytimes.com/gst/fullpage.html?res=9E0CEEDF1E3DF93AA15757C0A964958260}}/cite
*cite id=CITEREFDavis2006{{cite journal|last=Davis|first=Don|title=Space Settlement: The Call of the High Frontier|journal=Ad Astra|year=2006|month=March|publisher=National Space Society|location=Washington DC|url=http://www.space.com/adastra/adastra_dondavis_060320.html|accessdate=2008-08-28 }}/cite
*cite id=CITEREFDickson2007{{cite journal|last=Dickson|first=Ellsworth|title=Magplane Technology developing unique mineral transportation system|journal=Resource World Magazine|year=2007|month=October|pages=80–81|url=http://www.magplane.com/downloads/ResourceWorld_Magplane1.pdf|accessdate=2008-10-27}}/cite
*cite id=CITEREFDyson1993{{cite journal|last=Dyson|first=Freeman J.|title=Gerard Kitchen O'Neill|journal=Physics Today|volume=46|issue=2|pages=97–98|year=1993|month=February |url=http://ptonline.aip.org/getpdf/servlet/GetPDFServlet?filetype=pdfid=PHTOAD000046000002000097000002|accessdate=2008-08-07|doi=10.1063/1.2808821}}/cite
*cite id=CITEREFErichsen1994{{Cite journal|last=Brandt-Erichsen|first=David|title=The L5 Society|journal=Ad Astra|year=1994|month=November–December|publisher=National Space Society|location=Washington DC|url=http://www.nss.org/settlement/L5news/L5history.htm|accessdate=2008-08-24 }}/cite
*cite id=CITEREFFerris1981{{cite news|last=Ferris|first=Timothy|title=Nonfiction in Brief|work=The New York Times|date=May 3, 1981|url=http://query.nytimes.com/gst/fullpage.html?res=9D0DE1D61638F930A35756C0A967948260}}/cite
*cite id=CITEREFGrierson2004{{cite journal|first=Bruce|last=Grierson|title=Beyond NASA: Dawn of the Next Space Age|url=http://www.popsci.com/military-aviation-space/article/2004-04/beyond-nasa-dawn-next-space-age|journal=Popular Science|year=2004|month=April|location=New York|accessdate=2008-09-04 }}/cite
*cite id=CITEREFHenson1977{{cite journal|last=Henson|first=H. Keith|coauthors=Henson, Carolyn|title=An Interview with Gerard K. O'Neill|journal=L-5 News|volume=2|issue=3|year=1977|month=March|pages=8–10|url=http://www.nss.org/settlement/L5news/L5news/L5news7703.pdf|accessdate=2008-08-23}}/cite
*cite id=CITEREFHonan1990{{cite journal|last=Honan|first=Patrick|title=LAWN: For a Simple, Wireless LAN|journal=Personal Computing|volume=14|issue=5|pages=174|date=May 25, 1990 }}/cite
*cite id=CITEREFLovell1977{{cite journal|last=Lovell|first=Robert|title=Letters to L-5|journal=L-5 News|volume=2|issue=11|year=1977|month=November|pages=1|url=http://www.nss.org/settlement/L5news/L5news/L5news7711.pdf|accessdate=2008-08-26}}/cite
*cite id=CITEREFMeinel2007{{cite journal|first=Carolyn|last=Meinel|title=For Love of a Gun|journal=IEEE Spectrum|volume=44|issue=7|year=2007|month=July|pages=40–46|url=http://www.spectrum.ieee.org/jul07/5296|accessdate=2008-12-03|doi=10.1109/MSPEC.2007.376607}}/cite
*cite id=ONeill74{{cite journal|last=O'Neill|first=Gerard K.|title=The Colonization of Space|journal=Physics Today|volume=27|issue=9|pages=32–40|year=1974|month=September }}/cite
*cite id=ONeillAmes77{{cite journal|last=O'Neill|first=Gerard K.|title=O'Neill Summer Study Notes|journal=L-5 News|volume=2|issue=9|year=1977|month=September|pages=9|url=http://www.nss.org/settlement/L5news/L5news/L5news7709.pdf|accessdate=2008-08-26}}/cite
*cite id=CITEREFOverend1977{{cite news|last=Overend|first=William|title=Colonizing Outer Space for Earthlings|work=Los Angeles Times|date=July 11, 1977|page=F1}}/cite
*cite id=CITEREFProxmire1978{{cite journal|last=Proxmire|first=William|title=Letters to L-5|journal=L-5 News|volume=3|issue=3|year=1978|month=March|pages=5|url=http://www.nss.org/settlement/L5news/L5news/L5news7803.pdf|accessdate=2008-08-28}}/cite
*cite id=CITEREFRein1977{{cite journal|last=Rein|first=Richard K.|title=Maybe We Are Alone—Physicist Gerry O'Neill Says that's a Reason for Sending People into the Safety of Space|journal=People Magazine|volume=8|issue=24|date=December 12, 1977 |url=http://www.people.com/people/archive/article/0,,20069754,00.html|accessdate=2008-08-17}}/cite
*cite id=CITEREFRidpath1977{{cite journal|last=Ridpath|first=Ian|title=Living out there|journal=New Scientist|date=June 23, 1977|url=http://books.google.co.uk/books?id=tQ1w8GelbBsCpg=PA718|accessdate=2010-12-06}}/cite
*cite id=CITEREFSexton1989{{cite journal|last=Sexton|first=Tara|title=PC Expo Spotlights Local Area Network Efficiency, Networking DOS|journal=PC Week|volume=6|issue=25|pages=41–42|date=June 26, 1989 }}/cite
*cite id=CITEREFSimons1997{{cite news|first=Marlise|last=Simons|title=A Final Turn-on Lifts Timothy Leary Off|url=http://query.nytimes.com/gst/fullpage.html?res=9D03E4DA153EF931A15757C0A961958260|work=The New York Times|date=April 22, 1997|accessdate=2008-09-03}}/cite
*cite id=CITEREFSullivan1974{{cite news|last=Sullivan|first=Walter|title=Proposal for Human Colonies in Space Is Hailed by Scientists as Feasible Now|work=The New York Times|date=May 13, 1974|page=1|url=http://select.nytimes.com/gst/abstract.html?res=F40C14F7385B1A7493C1A8178ED85F408785F9|accessdate=2008-08-22}}/cite
*cite id=CITEREFUdall1975{{cite journal|title=Morris K. Udall Gives Support to O'Neill|journal=L-5 News|volume=1|issue=1|year=1975|month=September|pages=1|url=http://www.nss.org/settlement/L5news/L5news/L5news7509.pdf|accessdate=2008-08-24}}/cite
*cite id=CITEREFWeil1984{{cite news|last=Weil|first=Henry|title=In Short: The Technology Edge|work=The New York Times|date=April 29, 1984|url=http://query.nytimes.com/gst/fullpage.html?res=9B01E2D91538F93AA15757C0A962948260|accessdate=2008-10-04}}/cite
*cite id=CITEREFWerbos1978{{cite journal|last=Werbos|first=Paul J.|title=Congress Views Space|journal=L-5 News|volume=3|issue=12|year=1978|month=December|pages=15–17|url=http://www.nss.org/settlement/L5news/L5news/L5news7812.pdf|accessdate=2008-08-28}}/cite
*cite id=Turlington50{{cite news|title=Sylvia Turlington Wed at Her Home|work=The New York Times|date=June 18, 1950|page=73|url=http://select.nytimes.com/gst/abstract.html?res=FA0D1EF7385C10728DDDA10994DE405B8089F1D3|accessdate=2008-08-23}}/cite
*cite id=Roger08{{cite news|title=O'Neill, Dr. Roger A.|work=San Francisco Chronicle|date=May 23, 2008|page=Z-99|url=http://www.sfchroniclemarketplace.com/cgi-bin/article.cgi?f=/c/a/2008/05/23/MNONEILLRO9.DTL|accessdate=2008-11-22}}/cite
*cite id=Sat91{{cite news|title=Comsat, Motorola score coup; purchase Geostar Corp. assets|work=Satellite News|date=December 9, 1991|url=http://www.accessmylibrary.com/coms2/summary_0286-5476634_ITM|accessdate=2008-12-03}} {{dead link|data=novembre de 2013|date=April 2012|bot=H3llBot}}/cite

'''Videos'''

[http://blip.tv/erik-down-under/the-vision-of-gerard-k-o-neill-4115006 The Vision of Gerard K. O'Neil] - Video de 30 minuts sobre el que la gent comuna pot fer a l'espai

[http://www.youtube.com/watch?v=EgrdAUFFMrA Nasa Ames présentation of his ideas] - Video de 5 minuts amb la presentació dels hàbitats espacials i satèl·lits d'energia solar

'''Altres referències'''
*cite id=CITEREFHanushek1985{{cite web|title=Testimony on Space Shuttle Pricing Policy|first=Eric|last=Hanushek|date=March 27, 1985|publisher=United States Senate, Washington DC|url=http://www.cbo.gov/ftpdocs/94xx/doc9433/85doc11.pdf|accessdate=August 28, 2008}}/cite
*cite id=CITEREFHoyt2006{{cite web|last=Hoyt|first=David|title=X PRIZE Foundation: Revolution Through Competition|publisher=Stanford Graduate School of Business|date=December 14, 2006|url=http://www.prizecapital.net/docs/prizes/XPRIZE-StanfordBusinessSchoolCase.pdf|accessdate=2008-10-19}}/cite
*cite id=CITEREFRichter2002{{cite web|last=Richter|first=Burton|title=SLAC and Accelerators: SLAC 40th Anniversary Celebration|publisher=Stanford University|date=October 2, 2002|url=http://www-conf.slac.stanford.edu/40years/s-richter.htm|accessdate=2008-12-07}}/cite
*cite id=CITEREFTumlinson2006{{cite web|title=Rick N. Tumlinson Biographical Information|publisher=Personal Website|date=March 1, 2006|url=http://www.ricktumlinson.com/Biography.html|accessdate=2008-08-07}} {{dead link|data=novembre de 2013|date=April 2012|bot=H3llBot}}/cite
*cite id=SSIHistory{{Cite web|title=Space Studies Institute History|publisher=Space Studies Institute|year=2008|url=http://ssi.org/?page_id=5|archiveurl=http://web.archive.org/web/20080113061809/http://ssi.org/?page_id=5|archivedate=2008-01-13|accessdate=2008-08-27}}/cite
*cite id=AboutSSI{{Cite web|title=About Space Studies Institute|publisher=Space Studies Institute|year=2008|url=http://ssi.org/?page_id=3|archiveurl=http://web.archive.org/web/20080113061737/http://ssi.org/?page_id=3|archivedate=2008-01-13|accessdate=2008-08-27}}/cite
*cite id=PBKAwards{{cite web|title=Phi Beta Kappa Award in Science Winners|publisher=Phi Beta Kappa Society|year=2007|url=http://www.pbk.org/infoview/PBK_Infoview.aspx?t=id=57|accessdate=2008-11-26}}/cite
*cite id=SmitGeo{{cite web|title=Geostar Corporation Records 1983–1991|publisher=National Air and Space Museum, Smithsonian Institution|year=2006|url=http://siris-archives.si.edu/ipac20/ipac.jsp?uri=full=3100001~!261239!0|accessdate=2008-08-30}}/cite
*cite id=Keystone06{{cite press release|title=Press Release|publisher=Keystone Semiconductor|date=September 13, 2006|url=http://www.keystonesemiconductor.com/documents/09_13_06_press_release.pdf|accessdate=2008-09-02}}/cite
*cite id=Debris02{{cite web|work=Center for Orbital and Reentry Debris Studies|title=Pegasus HAPS (Hydrazine Auxiliary Propulsion Subsystem) Rocket Body Reentry Prediction|publisher=The Aerospace Corporation|date=May 20, 2002|url=http://www.reentrynews.com/24780.html|accessdate=2008-08-07}}/cite
*cite id=MTIPrincipals{{cite web|publisher=Magneplane Technology Group|title=Magneplane Technology Incorporated Principals|url=http://www.magplane.com/aboutus_ourteam.asp|accessdate=2008-10-27}}/cite
*cite id=NSSAward{{cite web|publisher=National Space Society|title=National Space Society Gerard K. O'Neill Memorial Award|date=June 11, 2008|url=http://www.nss.org/awards/oneill_award.html|accessdate=2008-09-05}}/cite
*cite id=JSCBio{{cite web|last=Dismukes|first=Kim|publisher=National Aeronautics and Space Administration/Lyndon B. [[Johnson Space Center]]|title=Career Astronaut Biographies: Former Astronauts|date=December 1, 2008|url=http://www.jsc.nasa.gov/Bios/astrobio_former.html|accessdate=2008-12-03}}/cite
*cite id=FAA1997{{cite web|publisher=Federal Aviation Administration Office of Commercial Space Transportation|title=Quarterly Launch Report|date=3rd Quarter 1997|url=http://www.faa.gov/about/office_org/headquarters_offices/ast/media/quarter9703.pdf|accessdate=2008-12-03}}/cite

== Enllaços externs ==
{{Commonscat|Gerard K. O'Neill}}

* [http://ssi.org/the-life-of-gerard-k-oneill/ Vida de Gerard O'Neill al Space Studies Institute ]
{{DEFAULTSORT:Oneill, Gerard K.}}
[[Categoria:Físics estatunidencs]]

{{Colonització espacial}}
{{Autoritat}}
{{Enllaç AD|en}}</text>
      <sha1>l4b34xg1s1e8oi0mp66u04puh10xbl8</sha1>
      <model>wikitext</model>
      <format>text/x-wiki</format>
    </revision>
  </page>