<page>
    <title>Szolem Mandelbrojt</title>
    <ns>0</ns>
    <id>1050244</id>
    <revision>
      <id>14059599</id>
      <parentid>14059472</parentid>
      <timestamp>2014-09-20T21:00:30Z</timestamp>
      <contributor>
        <username>ArnauBot</username>
        <id>90823</id>
      </contributor>
      <comment>Robot estandarditza i catalanitza referències, catalanitza dates i fa altres canvis menors</comment>
      <text>{{Infotaula científic 
|nom = Szolem Mandelbrojt
|taula_amplada = 250px
|imatge = Szolem Mandelbrojt.jpeg
|imatge_amplada = 200px
|llegenda = 
|data_naixement = {{Data naixement|1899|1|20}}
|lloc_naixement = [[Varsòvia]], [[Imperi Rus]], avui [[Polònia]]
|data_mort = {{Data defunció i edat|1983|9|23|1899|1|20}}
|lloc_mort = [[París]], [[França]]
|residencia = [[França]] i [[Estats Units]]
|ciutadania = 
|nacionalitat = [[Francesa]]
|etnicitat = [[Jueu]]
|camp = [[Matemàtiques]]
|institucions_treb = [[Universitat de Rice]]br[[Collège de France]]brUniversitat de [[Clermont-Ferrand]]
|alma_mater= [[Collège de France]]
|assessor_doctor = [[Jacques Hadamard]]
|estudiants_doctor = John GergenbrHugh BrunkbrShmuel AgmonbrJean-Pierre Kahane
|conegut_per = 
|influencia = 
|influenciat_per = [[Sergei Bernstein]]br[[Paul Montel]]
|premis = 
|religio = 
|signatura = 
|notes_peu = 
}}

'''Szolem Mandelbrojt''' ([[Varsòvia]], [[20 de gener]] de [[1899]] - [[París]], [[23 de setembre]] de [[1983]]) va ser un [[matemàtic]] [[francès]] d’origen [[jueu]] [[polonès]].

== Vida ==
Nascut a [[Varsòvia]], quan encara formava part de l'[[Imperi rus]] de família jueva procedent de [[Lituània]], va estudiar a les Universitats de [[Varsòvia]] i de [[Jarkov]] (avui [[Ucraïna]]) on va conèixer Sergei Bernstein.

El 1920 es trasllada a París on continua els seus estudis amb [[Henri Lebesgue|Lebesgue]], [[Jacques Hadamard|Hadamard]] i [[Paul Montel|Montel]] al [[Collège de France]]. El 1923 obté el doctorat amb una tesi dirigida per Hadamard amb qui publica conjuntament ''La série de Taylor et son prolongement analytique'', una monografia sobre [[Anàlisi matemàtica|anàlisi clàssica]] que havia estudiat pel seu doctorat. En els anys següents farà algunes estances de recerca a Roma on coincidirà amb [[André Weil]].ref.{{Versaleta|Aczel}}, pàgina 28/ref

El 1926, després d’obtenir la ciutadania francesa i casar-se, se’n va com a professor a la [[Universitat de Rice]] ([[Texas]]), però torna l’any següent a la Universitat de [[Lille]].

El 1929 passa a la Universitat de [[Clermont-Ferrand]] on coneixerà [[René de Possel]] amb qui freqüentarà els seminaris Poincaré a Parìs dels que sorgirà el nucli fundador de [[N. Bourbaki]], del que formarà part com a membre de més edat.refEra l'únic membre que no procedia de l'[[ENS]]. {{Versaleta|Mashaal}}, pàgina 6./ref La seva permanència al grup serà curta per la seva marxa als [[Estats Units]].

El 1938 és nomenat professor al [[Collège de France]], però la caiguda de França en mans dels nazis, l’obliga a emigrar, ja que és jueu, tornant a la Universitat de Rice. En finalitzar la [[Segona Guerra Mundial]] torna a la seva càtedra del Collège de France, encara que continuarà la seva col·laboració amb la Universitat de Rice.

El 1972 es va jubilar del Collège de France. En els seus darrers anys es va dedicar a la publicació de les obres de Jacques Hadamard (1968) i un llibre sobre la seva vida i obra (1969).

És oncle del també conegut matemàtic [[Benoit Mandelbrot]], pare dels fractals.

== Principals Obres ==
* 1927. ''Modern researches on the singularities of functions defined by Taylor's series''
* 1935. ''Séries de Fourier et classes quasi-analytiques de fonctions''
* 1942. ''Analytic functions and classes of infinitely differentiable functions''
* 1952. ''Séries adhérentes, régularisation des suites, applications''
* 1958. ''Composition theorems''
* 1969. ''Séries de Dirichlet. Principes et méthodes''

== Referències ==
{{referències|1}}

== Bibliografia ==
* {{Versaleta|Aczel}}, Amir D. [http://books.google.cat/books?id=fRCH-at7wgYC ''The Artist and the Mathematician: The story of Nicolas Bourbaki, the genius mathematician who never existed'']. Avalon Publishing. New York, 2006. ISBN 978-1-56858-359-4. {{en}}
* {{Versaleta|Mashaal}}, Maurice. [http://books.google.cat/books?id=-CXn6y_1nJ8C ''Bourbaki A Secret Society of Mathematicians'']. American Mathematical Society, 2006. ISBN 0-8218-3967-5. {{en}}

== Enllaços externs ==
* [http://www.numdam.org/numdam-bin/item?id=CSHM_1985__6__1_0 ''Souvenirs à bâtons rompus de Szolem Mandelbrojt''] Texts autobiogràfics recollits pel seu nebot [[Benoit Mandelbrot]] i publicats el 1970. Cahiers du séminaire d'histoire des mathématiques. Volum 6 (1985). Pàgines 1-46. {{fr}}
* [http://www.numdam.org/numdam-bin/item?id=CSHM_1985__6__47_0 ''Pourquoi je fais des mathématiques''] de Szolem Mandelbrojt. Cahiers du séminaire d'histoire des mathématiques. Volum 6 (1985). Pàgines 47-54 {{fr}}
* {{ref-web|url=http://genealogy.math.ndsu.nodak.edu/html/id.phtml?id=22456|títol= The Mathematics Genealogy Project – Szolem Mandelbrojt |consulta=2012-12-07}} {{en}}
* {{MacTutor Biography|id= Mandelbrojt}} {{en}}

{{autoritat}}

{{ORDENA:Mandelbrojt Szolem}}

[[categoria:Matemàtics francesos]]</text>
      <sha1>7cmjry1syipdfvobrmef03unowx5trv</sha1>
      <model>wikitext</model>
      <format>text/x-wiki</format>
    </revision>
  </page>