<page>
    <title>Kiska</title>
    <ns>0</ns>
    <id>1051967</id>
    <revision>
      <id>13340050</id>
      <parentid>13101577</parentid>
      <timestamp>2014-05-06T17:50:21Z</timestamp>
      <contributor>
        <username>Langtoolbot</username>
        <id>128552</id>
      </contributor>
      <minor></minor>
      <comment>Correcció tipogràfica: espais sobrants</comment>
      <text>{{Polisèmia|Kiska (Estònia)}}
[[Fitxer:KiskaMap.jpg|thumb|Mapa topogràfic de Kiska]]
{{coord|51|57|51|N|177|27|36|E|scale:500000_region:US-AK_type:isle|display=title}}

[[File:Western Aleutians.png|thumb|250px|right|Mapa de l'oest de les [[Illes Aleutianes]]. Kiska és l'illa nº 7; [[Attu]] és la número 1.]]

'''Kiska''' (en aleutià: Qisxaref name=Bergsland{{ref-llibre | nom=K. | cognom=Bergsland | enllaçautor=Knut Bergsland | any=1994 | títol=Aleut Dictionary |editorial=Alaska Native Language Center |lloc=Fairbanks }}/ref) és unes de les illes del grup ''Rat Islands'' de les [[Illes Aleutianes]] d'[[Alaska]]. 

Aquesta illa i la d'[[Attu]] van ser els dos únics llocs conquerits pels japonesos als Estats units durant la [[Segona Guerra Mundial]].
[[File:Kiska Island volcano.jpg|thumb|Volcà (actiu) de Kiska]]

Ocupa una superfície de  107,22 km2, la seva vegetació és del tipus [[tundra]]. Actualment està deshabitada.

== Història ==
[[Vitus Bering]] la descobrí l'any 1741 junt amb altres illes de les Aleutianes.refGeorg Steller - Journal of a Voyage with Bering, 1741-1742 edited by O. Frost. Stanford University Press, 1993, p. 119, ISBN 0-8047-2181-5/ref/blockquote

No va atraure gaire l'interès dels comerciants russos un cop acabada l'explotació dels seus pinnípedes.ref name=Black{{ref-llibre|nom=Lydia|cognom=Black|enllaçautor=Lydia T. Black|any=2004|títol=Russians in Alaska |editorial=University of Alaska Press |lloc=Fairbanks|isbn=1-889963-05-4}}/ref    

Desde 1775, Kiska i altres llocs de les Aleutianes van ser un centre del comerçs de pells de la Companyia Russo-Americana dirigida per [[Grigory Shelekhov]].

[[File:Kiska Island 1943.svg|thumb|200px|left|Invasió al·liada de Kiska, 15 d'agost de 1943]]

Els japonesos desembarcaren a Kiska el 6 de juny de 1942 i van capturar les únics habitants de l'illa: un destacament de l'estació meteorològica de la [[U.S. Navy]] compost per 10 homes, including a lieutenant, along with their dog. (One member of the detachment escaped for 50 days. Starving, el dia següent els japonesos capturaren l'[[Illa Attu]].

La importància militar d'aquesta illa, remota i dificil d'abastir, era qüestionable, però els japonesos en valoraren l'impacte psicològic sobre els Estats Units de la pèrdua d'una part del territori nord-americà. Durant l'hivern de 1942–43, els japonesos reforçaren i fortificaren Kiska, amb vistes a evitar una operació armada contra les japoneses illes [[Kurils]]. 

El 15 d'agost de 1943, un exèrcit d'invasió al·liat de 34.426 homes, ja va trobar l'illa completament abandonada pels japonesos. Tanmateix els al·liats tingueren unes 200 baixes, sia pel [[foc amic]], trampes posades pels japonesos o per malalties relacionades amb la meteorologia. 

També els vaixells de guerra japonesos intentaren topedejar l'illa de Little Kiska.ref name=BertW{{ref-llibre|cognom= Webber|nom= Bert|enllaçautor=Ebber Webber|títol= Aleutian Headache|lloc= [[Medford (Oregon)]]|editorial= [[Webb Research Group]]|any= 1993|pàgines= 201–202|isbn= 0-936738-69-3}}/ref 

El lloc d'ocupació japonesa a Kiska es considera un [[National Historic Landmark]]. També l'illa és pat del  [[Alaska Maritime National Wildlife Refuge]] (AMNWR).ref name=kiskabirds{{cite web |url=http://www.mun.ca/serg/Kiska2002.html |title=Kiska2002 |last= Jones|first= Ian L|publisher= [[Memorial University of Newfoundland]]|date= 2008-05-04 |accessdate=2008-06-05}}/ref


== Referències ==
{{Referències}}

== Enllaços externs ==
{{Commonscat|Kiska Island}}

* [http://www.avo.alaska.edu/avo4/atlas/volc/kiska/text.htm Kiska Volcano]
* [http://www.pacificwrecks.com/provinces/alaska_kiska.html Shipwrecks around Kiska]
* [http://www.ak-prepared.com/vetaffairs/kiska.htm The Kiska Memorial]
* [http://www.ibiblio.org/hyperwar/USN/USN-CN-Aleutians.html The Aleutians Campaign]
* [http://memory.loc.gov/ammem/today/oct25.html Library of Congress link]
* [http://www.avo.alaska.edu/index.php Alaska Volcano Observatory]
* [http://www.robsmith.org/184th-inf/ Soldiers of the 184th Infantry, 7th ID in the Pacific, 1943-1945]
* [http://www.mun.ca/serg/Kiska2002.html Long-term study of the impact of introduced rats on the seabirds (Memorial University of Newfoundland)]
* [http://picasaweb.google.com/fammartinoa/GrunionCharterAugustSeptember2007 A picture gallery from the journey to locate the U.S. WWII submarine Grunion sunk near Kiska]
* [http://xpda.com/aleutians/kiska/ Photos from Kiska Island, July 2008]



[[Categoria:Illes Aleutianes]]</text>
      <sha1>jmmg9ynjmo77778clcp36m0ct7gwi75</sha1>
      <model>wikitext</model>
      <format>text/x-wiki</format>
    </revision>
  </page>