<page>
    <title>Història de Corea</title>
    <ns>0</ns>
    <id>1051617</id>
    <revision>
      <id>13653268</id>
      <parentid>13615283</parentid>
      <timestamp>2014-06-23T14:05:31Z</timestamp>
      <contributor>
        <username>Langtoolbot</username>
        <id>128552</id>
      </contributor>
      <minor></minor>
      <comment>Correcció tipogràfica: espais sobrants</comment>
      <text>center
div style=width: 90%; background: #f5f5f5; border:1px solid #aaa; margin: 0 auto; padding: 5px 10px 5px 10px; text-align: left;
[[Fitxer:Disambig-dark.svg||20px|]] ''Aquest article tracta sobre la història de [[Corea]] fins a la seva divisió el [[1948]]. Vegeu '''[[història de Corea del Sud]]''' i '''[[història de Corea del Nord]]''' per a la història a partir de 1948''./div/center
La '''història de Corea''' és molt rica i molt antiga. Les proves arqueològiques i lingüístiques suggereixen que els orígens dels [[coreans]] eren gent que parla [[Llengües altaiques|altaica]] de la [[Sibèria]] sud/central,ref''The Rise of Civilization in East Asia: the Archaeology of Korea'', pp. 165/ref
que poblava l'antiga Corea en successives onades des del [[neolític]] fins a l'[[edat del bronze]].ref''뿌리 깊은 한국사, 샘이 깊은 이야기: 고조선, 삼국'', pp. 44–45/ref L'adopció del sistema d'[[escriptura xinesa]] ([[Hanja]] en coreà) en el segle II aC, i [[budisme]] al segle IV, tingué profunds efectes sobre els [[Tres regnes de Corea]].

Corea fou unificada per l'emperador [[Taejo]] de la [[dinastia Goryeo]] en [[936]]. Goryeo era un estat altament desenvolupat i creà el [[Jikji]] el [[1377]], utilitzant la primera impremta de tipus movible del món.ref{{Ref-llibre |cognom= |nom= |títol=Traces of Jikji and Korean movable metal types: in commemoration of the 10th anniversary |url=http://books.google.es/books?id=MtFAAQAAIAAJq=Jikji+type+1377dq=Jikji+type+1377hl=casa=Xei=Kas0UsuvOvDT7AayxYDoBgved=0CFoQ6AEwBg |llengua= |editorial=Cheongju Early Printing Museum |data=2003 |pàgines=349 |isbn=}}/ref Les [[Invasió mongola de Corea|invasions mongoles]] al segle XIII, tanmateix, debilitaren la nació fou convertit en un estat tributari. Després de l'esfondrament de l'[[Imperi mongol]], la disputa política severa seguia i Goryeo fou reemplaçat per la [[dinastia Joseon]] el [[1388]].

Els primers 200 anys de Joseon foren marcats per la pau relativa i veieren la creació del [[hangul]] (alfabet coreà) creat pel rei [[Sejong el Gran]] al segle XIV i l'ascens de la influència de [[Confucianisme|confucianista]] al país. Tanmateix, a les darreries de la dinastia, la política aïllacionista de Corea li féu guanyar el renom occidental de regne ermità. Per finals del segle XIX, el país es convertia en l'objecte dels desitjos [[colonialisme|colonials]] del [[Japó]]. El 1910, Corea era annexionada pel Japó i romania així fins al final de la [[Segona Guerra Mundial]] l'agost de [[1945]].

El 1945, la [[Unió de Repúbliques Socialistes Soviètiques|Unió Soviètica]] i els [[Estats Units d'Amèrica|Estats Units]] acordaren la rendició de forces japoneses a Corea i les tropes soviètiques ocupaven el nord del paral·lel 38, mentre que les tropes dels EUA ocuparen la Corea al sud d'aquest paral·lel. Aquesta decisió dels exèrcits aliats aviat es convertiria en la base per la divisió de Corea per part de les [[superpotència|superpotències]], incrementats per la seva incapacitat d'arribar a un acord per a la independència coreana. Els dos rivals de la [[Guerra Freda]] establiren governs afins a les seves pròpies ideologies, conduint a la divisió actual de Corea en dues entitats polítiques: [[Corea del Nord]] i [[Corea del Sud]]. El subsegüent conflicte de la [[Guerra de Corea]] consolidà aquesta divisió.

Corea del Nord, oficialment el República Democràtica de Corea, és un estat [[sistema unipartidista|unipartidista]] d'[[economia planificada]]. Corea del Sud, oficialment la República de Corea, és un país de [[capitalisme|mercat lliure]], [[democràcia|democràtic]], i desenvolupat membre de l'[[Organització per a la Cooperació i el Desenvolupament Econòmic]] ([[OCDE]]) i el [[G20]].

== Prehistòria i Gojoseon ==
L'Acadèmia Coreana d'Amèrica del Nord descobrí fòssils humans antics d'uns 100.000 [[BP]] en la lava en un lloc de ciutat de pedra a Corea. Les anàlisis indiquen que els fòssils volcànics poden ser datats fins a 300.000 anys d'antiguitat.ref{{cite web |author=Author:nbsp; Li Jie |url=http://www.pureinsight.org/pi/index.php?news=1065 |title=Some Discoveries of Fossils and Relics of Prehistoric Civilizations From Around the World |publisher=Pureinsight |date=2002-08-21 |accessdate=2009-11-03}}/ref 
La millor ceràmica coreana conservada pertany al [[paleolític]] al voltant de 10.000 aC, i el període [[neolític]] comença al voltant del 6.000 aC.

La llegenda sobre la fundació de [[Gojoseon]] descriu a [[Dangun]], un descendent celeste, establint el regne en 2333 aC fins a la caiguda en [[108 aC]].ref{{cite web|url=http://www.asianinfo.org/asianinfo/korea/history.htm |title=Go-Choson |publisher=Asianinfo.org |date= |accessdate=2009-11-03}}/ref

La capital original podria haver estat a la frontera entre Corea i [[Manxúria]], però fou més tard moguda al que és avui [[Pyongyang]], [[Corea del Nord]]. El 108 aC, [[dinastia Han]] xinesa derrotava [[Wiman Joseon]] i instal·lava el [[quatre comandàncies dels Han]] en l'àrea de la regió de [[Liaonin]]. Als vols dels 75 aC, tres d'aquelles comandàncies havien caigut, però la [[Comandància Lelang]] romania com a centre d'intercanvi cultural i econòmic amb successives dinasties xineses fins al [[313]], quan es rendí a [[Goguryeo]].

== Període dels proto-regnes ==
El període dels proto-regnes a vegades anomenat el període dels múltiples estats !-- Several States Period --, és la part anterior de què s'anomena comunament el període dels [[Tres Regnes de Corea]], després de la caiguda de [[Gojoseon]] però abans de [[Goguryeo]], [[Baekje]], i [[Silla]] plenament desenvolupats com a regnes.

Aquesta període visqué el sorgiment de nombrosos estats dels anteriors territoris de Gojoseon. el [[Regne Buyeo]] sorgia al que és l'actual [[Corea del Nord]] el sud [[Manxúria]], d'al voltant del [[segle II aC]] fins al [[494]]. Els seus romanents foren absorbits per [[Goguryeo]] en 494, i tant Goguryeo com [[Baekje]], dos dels [[Tres Regnes de Corea]], es consideraven el seu successor. L'[[Okjeo]] i [[Dongye]] de Corea del nord s'absorbiren finalment al creixent [[Goguryeo]].

Situat en la part del sud de la [[península de Corea]], [[Samhan]] es refereix als tres confederacions de [[Mahan]], [[Jinhan]], i [[Byeonhan]]. Mahan era el més gran i constava de 54 estats. Byeonhan i Jinhan constaven els dos de dotze estats, portant un total de 78 estats dins del Samhan. Aquestes tres confederacions finalment es convertien en [[Baekje]], [[Silla]], i [[Gaya]].

== Tres Regnes ==
{{Principal|Tres regnes de Corea}}
[[Fitxer:Anapji Pond-Gyeongju-Korea-2006-09.jpg|thumb|222px|[[Anapji]] (llacuna d'Anap) en àrees històriques de Gyeongju ]]
Els [[tres regnes de Corea]] ([[Goguryeo]], [[Silla]], i [[Baekje)]] dominaven la península i parts de Manxúria durant les primeries [[era comuna]]. Competien l'un amb l'altre tant econòmicament com militarment.

[[Goguryeo]] uní el [[Regne Buyeo]], [[Okjeo]], [[Dongye]] i uns altres estats a l'anterior territori Gojoseon.ref{{cite web|url=http://www.asianinfo.org/asianinfo/korea/history.htm |title=Koguryo |publisher=Asianinfo.org |date= |accessdate=2009-11-03}}/ref
Goguryeo era el poder més dominant; arribava al seu zenit al segle V, quan regnat del [[Gwanggaeto]] el Gran i el seu fill, [[Jangsu]] expandí el territori a gairebé tota la Manxúria i part de la [[Mongòlia]] interior, i prenia la regió de [[Seül]] de Baekje. Gwanggaeto i Jangsu sotmeteren Baekje i Silla durant els seus regnats. Després del segle VII, Goguryeo fou constantment en guerra amb les dinasties [[dinastia Sui|Sui]] i [[Dinastia Tang|Tang]] de la Xina.

Fundat al voltant del que avui és [[Seül]], el regne de [[Baekje]] del sud-oest s'expandí més enllà de [[Pyongyang]] durant el pic dels seus poders al [[segle IV]]. Havia absorbit tots els estats [[Mahan]] i havia subjugat la majoria de la península coreana occidental (incloent-hi les províncies modernes de [[Gyeonggi]], [[Chungcheong]] i [[Jeolla]], així com part de [[Hwanghae]] i [[Gangwon]] a un govern centralitzat. Baekje adquirí cultura i tecnologia xinesa a través de contactes amb les [[dinasties del sud]]!-- Southern Dynasties -- durant l'expansió del seu territori. L'evidència històrica suggereix que la cultura, art, i llengua japonesa fou fortament influïdes pel regne de Baekje.ref[[Metropolitan Museum of Art]] {{citar web|url=http://www.metmuseum.org/toah/hd/yayo/hd_yayo.htm|títol=Yayoi Culture:!--Títol generat per bot--}} La metal·lúrgia també fou introduïda del continent asiàtic durant aquell temps. El bronze i ferro s'utilitzaven per fer armes, armadures, eines, i eines rituals com campanes (''dotaku'') 
''Metallurgy was also introduced from the Asian mainland during this time. Bronze and iron were used to make weapons, armor, tools, and ritual implements such as bells (dotaku)''
/refref[[Choson Sinbo]] Kitora Tomb Originates in Koguryo Murals By Chon Ho Chon {{citar web|url=http://www1.korea-np.co.jp/pk/035th_issue/98032502.htm|títol=Enllaç!--Títol generat per bot--}}/refrefhttp://www.mnsu.edu/emuseum/prehistory/japan/yayoi/yayoi.html/refrefhttp://www.japan-guide.com/e/e2131.html/refrefhttp://www.asiasocietymuseum.com//ref
ref{{cite web|title=Pottery - MSN Encarta |url=http://encarta.msn.com/encyclopedia_761568150_4/Pottery.html|work=|archiveurl=http://www.webcitation.org/query?id=1257012851343397|archivedate=2009-10-31|deadurl=yes}}/ref
refhttp://www.japan-guide.com/e/e2046.html/refrefhttp://books.google.cat/books?vid=ISBN4770029780id=hhOj8JrLQBMCpg=PA218lpg=PA218q=koreanvq=koreandq=japanese+pottery+suesig=qwA36UHFscvAvtia-F0_-RYycW8#PPA219,M1/refref name=www2.kenyon.eduhttp://www2.kenyon.edu/Depts/Religion/Fac/Adler/Reln275/Jap-Kor-art.htm/ref
ref name=www2.kenyon.edu/
refhttp://news.nationalgeographic.com/news/2008/04/080428-ancient-tomb.html/ref

Encara que registres posteriors afirmen que [[Silla]], en el sud-est, era el més antic dels tres regnes, es considera que fou l'últim regne per desenvolupar-se. Pel segle II, Silla existia com a [[latifundi]], ocupant i influint estats de ciutat pròxims. Silla començava a guanyar poder quan annexionà la confederació [[Gaya]] el [[562]]. Laa confederació Gaya estava situada entre Baekje i Silla. Els tres regnes de Corea sovint guerrejaven l'un amb l'altre i Silla sovint rebé la pressió de Baekje i Goguryeo però a diversos cops Silla també s'alià amb Baekje i Goguryeo per guanyar domini sobre la península.

En 660, el Rei [[Muyeol]] de Silla ordenà als seus exèrcits que ataquessin [[Baekje]]. El general [[Kim Yu-shin]] ([[Gim Yu-sin]]), ajudat per forces de la [[dinastia Tang]], conquerí Baekje. En [[661]], Silla i els Tang envaïren a [[Goguryeo]] però foren repel·lits. El Rei [[Munmu]], fill de Muyeol i nebot del general Kim Yu-shin liderà una altra campanya en [[667]] i Goguryeo caigué l'any següent.

== Període dels Estats Units Cap al Nord Sud ==
Entre els segles V i CI, el poder de Silla gradualment s'estengué a través de la península coreana. Silla primer annexionà la confederació [[Gaya]] adjacent. Als volts de la [[dècada del 660]], Silla formà una aliança amb la [[dinastia de Tang]] xinesa per conquerir Baekje i posteriorment Goguryeo. Després de repel·lir les forces xineses, Silla unificà parcialment la península, començant un període sovint anomenat Silla unificada.!-- Unified Silla --

Al nord, l'anterior general Goguryeo [[Dae Joyeong]] conduí un grup de refugiats Goguryeo a l'àrea de [[Jilin]] a Manxúria i fundà [[Balhae]] (698 - 926) com el successor de Goguryeo. A la seva alçada, el territori de Balhae s'estenia del nord de Manxúria fins a les províncies del nord de l'actual Corea. Balhae era destruït pels [[khitan]] el [[926]].

Silla unificada es desfé a finals del segle IX, cedint al tumultuós període tardà dels tres regnes (892-935).

== Goryeo ==
El país de [[Goryeo]] fou fundat el [[918]] i es reemplaçà a Silla com a dinastia governant de Corea. (Goryeo és una forma curta de Goguryeo i la font del nom Corea). La dinastia durà fins a [[1392]]. Durant aquest període es feren codis legals i s'introduí un sistema de servei civil. Florí el [[budisme]] que s'estengué per tota la península. La publicació de [[Tripitaka Koreana]] en 80.000 blocs de fusta i la invenció de la primera [[impremta]] de tipus mòbils metàl·lics del món al segle XIII certifiquen les consecucions culturals de Goryeo. La dinastia fou amenaçada per invasions mongoles (1230 - 1270), però la línia dinàstica continuà sobrevivint fins a 1392 des que negociaven un tractat amb el Mongols que es quedava el seu poder de sobirans. El [[1350]] el rei Gongmin era lliure per fi de reformar un govern Goryeo. Gongmin tenia diversos problemes que necessitaven ser donats amb, que incloïen la remoció dels aristòcrates i militars pro-mongols, la qüestió de la propietat de la terra, i que reprimia l'animositat creixent entre el budistes i [[confucianisme|confucianistes]].

== Dinastia Joseon ==
{{Principal|Dinastia Joseon}}
[[Fitxer:Gyeongbok-gung palace-05 (xndr).jpg|thumb|El Palau de [[Gyeongbokgung]] ]]
El 1392, el general [[Yi Seong-gye]] o [[Taejo]] establí la [[dinastia Joseon]] (1392-1910) amb un [[cop d'estat]] sense pràcticament vessament de sang. L'anomenava la [[dinastia Joseon]] en honor a l'anterior Joseon (Gojoseon és el primer Joseon. Go, significa vell, fou afegit per distingir-les).

El rei [[Taejo]] mogué la capital a [[Hanseong]] (anteriorment Hanyang; avui dia [[Seül]]) i construí el palau de [[Gyeongbokgung]]. El 1394 adoptà el [[confucianisme]] com a religió oficial del país, ocasionant molta pèrdua de poder i riquesa als budistes. La filosofia que prevalia era el [[neo-confucianisme]].

Joseon experimentà avenços en la ciència i cultura. El Rei [[Sejong]] el Gran (1418-1450) promulgà el [[hangul]], l'alfabet coreà. El període veié diversos altres avenços tecnològics i culturals així com la dominació de neo-confucianisme sobre la península sencera. es creu que els esclaus, ''nobi'', eren un terç de la població de la Corea Joseon.ref{{cite web| url=http://www.britannica.com/blackhistory/article-24156 |title=Encyclopædia Britannica — Slavery |publisher=Britannica.com |date= |accessdate=2009-11-03}}/ref

Les [[invasions japoneses de Corea (1592 - 1598)]] [[Toyotomi Hideyoshi]] ordenà a les forces intentar envair [[Àsia]] a través de Corea, però fou completament derrotat per un exèrcit, dirigit per l'Almirall [[Yi Sun-sin]] amb ajuda de la [[dinastia Ming]]. Aquesta guerra també veié l'ascens de l'Almirall [[Yi Sun-sin]] amb el [[vaixell Tortuga]]. Els anys 1620 i el 1630 Joseon pató invasions manxús.

Després de la segona invasió manxú, Joseon experimentà un període de gairebé dos segles de pau. Els reis [[Yeongjo]] i [[Jeongjo]] conduïren a un nou renaixement de la dinastia Joseon.

Tanmateix, durant els darrers anys de la dinastia Joseon, la política aïllacionista de Corea li valgué el nom de Regne ermità, principalment per protegir-se contra l'[[imperialisme]] occidental abans que es veiés forçat a obrir el comerç començant un domini colonial japonès.

== Imperi coreà ==
{{main|Imperi Coreà}}
[[Fitxer:Taegukgi.jpg|thumb|La primera descripció que sobreviu de la bandera coreana era impresa en un llibre de la [[Marina dels Estats Units d'Amèrica]] ''Flags of Maritime Nations'' el juliol de 1889. ]]
Començant durant la [[dècada del 1870]], el Japó començà a forçar a Corea fora de l'esfera d'influència tradicional de la [[dinastia Qing]]. Com a resultat de la [[Primera Guerra Sinojaponesa]] ([[1894]]-[[1895]]), la dinastia Qing havia de deixar tal posició segons l'Article 1 del [[Tractat de Shimonoseki]], que s'acordà entre la Xina i el Japó el 1895. Aquell mateix any, l'emperadriu [[Myeongseong]] fou assassinada per agents japonesos.ref name=autogenerated3[http://www.kimsoft.com/2002/jp-rape.htm Murder of Empress Myeongseong]/ref

El 1897, la dinastia Joseon proclamà l'[[Imperi Coreà]] (1897-1910), i el Rei [[Gojong]] es convertia en l'emperador Gojong. Aquest breu període veié la modernització parcialment reeixida de l'exèrcit, l'economia, drets sobre la propietat, el sistema educatiu, i diverses indústries, influïdes per la intrusió política a Corea de [[imperi rus|Rússia]], el [[Japó]], [[França]], i els [[Estats Units]].

El 1904, la [[Guerra russojaponesa]] expulsà els russos fora de la lluita per Corea. A [[Manxúria]] el [[26 d'octubre]] de [[1909]] [[An Jung-geun]] assassinà el que fou [[Resident general de Corea]] [[Ito Hirobumi]] pels seus esforços per l'ocupació de Corea.

== Ocupació japonesa ==
[[Fitxer:March 1st movement.jpg|thumb|Placa commemorativa del moviment del primer de març al parc Pagoda de Seül. ]]
El 1910, una Corea militarment ocupada fou forçada pel [[Tractat d'Annexió de Corea]] amb el Japó. El tractat fou signat per [[Lee Wan-Yong]], que actuava amb poders generals atorgats per l'Emperador. Tanmateix, l'Emperador es diu que no ratificà de fet el tractat segons Yi Tae-jin.ref서울대이태진교수의동경대생들에게들려준한국사 : 메이지일본의한국침략사, Yi Tae-jin (2005) ISBN 89-7626-999-3/ref Hi ha una disputa llarga si aquest tractat era legal o il·legal a causa de la seva signatura sota coacció, amenaça de força i suborns.

La resistència coreana a la brutal ocupació japonesaref[http://www.bartleby.com/67/2488.html 4. Korea, 1910–1945. 2001. The Encyclopedia of World History]/ref
ref{{cite web|title=Koreanbsp;— MSN Encarta |url=http://uk.encarta.msn.com/encyclopedia_761557519_2/Korea.html|work=|archiveurl=http://www.webcitation.org/5kwsOHE78|archivedate=2009-10-31|deadurl=yes}}/refref{{cite web|author=Mar 10, 2005 |url=http://www.atimes.com/atimes/Japan/GC10Dh01.html |title=Asia Times Online :: Japan News and Japanese Business and Economy |publisher=Atimes.com |date=2005-03-10 |accessdate=2009-11-03}}/ref
es manifestà en el moviment no violent de l'[[1 de març]] de [[1919]], quan 7.000 manifestants foren morts per policies i militars japonesos.ref{{cite web|url=http://www.britannica.com/eb/article-9050797?query=march%20first%20movementct= |title=March 1st Movement |publisher=Britannica.com |date=1919-03-01 |accessdate=2009-11-03}}/ref 
El [[Moviment d'alliberació coreà]] s'estengué a les veïnes [[Manxúria]] i [[Sibèria]].

Més de cinc milions de coreans foren reclutats per al treball a principis de 1939,ref{{cite web|url=http://www.hawaii.edu/powerkills/SOD.CHAP3.HTM |title=Statistics Of Japanese Genocide And Mass Murder |publisher=Hawaii.edu |date= |accessdate=2009-11-03}}/ref
i desenes de milers d'homes foren forçats a incorporar-se a l'[[exèrcit japonès]].ref山脇 啓造 Yamawaki, Keizo. 近代日本と外国人労働者―1890年代後半と1920年代前半における中国人・朝鮮人労働者問題 ''Modern Japan and Foreign Laborers: Chinese and Korean Labourers in the late 1890s and early 1920s'', 明石書店 Akashi-shoten, 1994, et al. ISBN 9784750305684/ref 
uns 400.000 obrers coreans perderen la vida a causa de la guerra.refWerner Gruhl, ''[http://books.google.cat/books?id=ow5Wlmu9MPQCpg=PA111dqhl=en#v=onepageq=f=false Imperial Japan's World War Two, 1931-1945]'' Transaction Publishers, 2007 ISBN 978-0-7658-0352-8/ref 
Aproximadament 200.000 noies i dones,refYoshimi Yoshiaki, ''Comfort Women. Sexual Slavery in the Japanese Military During World War II''. Translated by Suzanne O'Brien. Columbia University Press, 2001, ISBN 0-231-12032-X, originally published by 岩波書店, 1995. ISBN 978-4004303848/ref
principalment de la Xina i Corea, foren forçades a l'esclavitud sexual per als militars japonesos. El 1993, [[Yohei Kono]] admetia les injustícies terribles amb què s'encaraven aquestes eufemísticament anomenades dones de comfort .ref{{cite web|url=http://www.comfort-women.org/ |title=Comfort-Women.org |publisher=Comfort-Women.org |date= |accessdate=2009-11-03}}/refref{{cite web|url=http://www.mofa.go.jp/policy/women/fund/state9308.html |title=Statement by the Chief Cabinet Secretary Yohei Kono on the result of the study on the issue of comfort women |publisher=MOFA |date=1993-08-04 |accessdate=2009-11-03}}/ref

Durant el domini colonial japones, la llengua coreana se suprimia en un esforç per eradicar la identitat nacional coreana. Els coreans eren forçats a prendre cognoms japonesos, coneguts com a [[Sōshi-kaimei]].ref{{cite web|url=http://www.han.org/a/fukuoka96a.html |title=Koreans in Japan: Past and Present |publisher=HAN |date= |accessdate=2009-11-03}}/ref 
La cultura tradicional coreana patí fortes pèrdues, i es destruïren nombrosos artefactes culturalsref{{cite web|url=http://www.lifeinkorea.com/Travel2/66 |title=Gyeongbok Palace #124; Seoul City #124; South Korea |publisher=Lifeinkorea.com |date= |accessdate=2009-11-03}}/ref
o foren saquejats i enduts al Japó.ref name=Newsweek{{cite web|url=http://www.newsweek.com/id/48765/output/print |title=Korea: A tussle over treasuresnbsp;— Who rightfully owns Korean artifacts looted by Japan? |publisher=[[Newsweek]] |accessdate=2008-06-06 |author=Kay Itoi |coauthors=B. J. Lee |date=2007-10-17}}/ref Encara avui aquests valuosos artefactes coreans es poden trobar sovint en museus japonesos o en col·leccions privades.ref name=Newsweek{{cite web|url=http://www.newsweek.com/id/48765/output/print |title=Korea: A tussle over treasuresnbsp;— Who rightfully owns Korean artifacts looted by Japan? |publisher=[[Newsweek]] |accessdate=2008-06-06 |author=Kay Itoi |coauthors=B. J. Lee |date=2007-10-17}}/refrefNewsweek.com. [http://msnbc.msn.com/id/6919593/site/newsweek/ Who rightfully owns Korean artifacts looted by Japan?]/ref 
Una investigació del govern sud-coreà identificà 75.311 actius culturals expoliats de Corea, 34.369 el Japó i 17.803 als [[Estats Units d'Amèrica|Estats Units]]. Tanmateix, els experts calculen que més de 100.000 artefactes romanen de fet al Japó.ref name=Newsweek /ref name=naver[http://news.naver.com/news/read.php?mode=LSDoffice_id=001article_id=0001429084 Naver.com]/ref 
Oficials japonesos consideren tornar les propietats culturals coreanes, però fins avui això no ha ocorregut.ref name=Newsweek /ref name=naver / Corea i el Japó encara discuteixen la propietat de les [[Roques de Liancourt]], illots situats a l'est de la península coreana.ref{{cite web|url=http://www.vop.co.kr/A00000206601.html |title=日독도 영유권 교육강화 방침, 2005년에 이미 발표 :: 한국의 대표 진보언론 민중의소리 |publisher=Vop.co.kr |date= |accessdate=2009-11-03}}/ref
Hi hagué un nivell significatiu d'emigració als territoris d'ultramar de l'[[Imperi Japonès]] durant el període colonial japonès, incloent-hi '''Corea'''.ref{{cite web|url=http://www.columbia.edu/~hds2/BIB95/00korea_cohen.htm |title=Japanese Periodicals in Colonial Korea |publisher=Columbia.edu |date= |accessdate=2009-11-03}}/ref 
Al final de la [[Segona Guerra Mundial]], hi havia més de 850.000 pobladors japonesos a Corea.ref{{cite web|url=http://www.usc.edu/dept/LAS/CMTS/MonoPaper3-13.html |title=The Life Instability of Intermarried Japanese Women in Korea |publisher=Usc.edu |date= |accessdate=2009-11-03}}/ref
Després de la Guerra Mundial, la majoria d'aquests japonesos d'ultramar foren repatriats al Japó.

== Guerra coreana ==
{{Principal|Guerra de Corea}}
[[Fitxer:KoreanWar recover Seoul.jpg|thumb|Combat urbà a Seül, 1950, [[Marines]] lluita amb coreans del nord pel domini de la ciutat ]]
Amb la rendició del [[Japó]] el 1945 les [[Organització de les Nacions Unides|Nacions Unides]] desenvoluparen plans per una administració de fideïcomís, la [[Unió de Repúbliques Socialistes Soviètiques|Unió Soviètica]] que administraria el nord de la península [[paral·lel]] 38 i els [[Estats Units d'Amèrica|Estats Units]] que administrarien el sud. La política del [[Guerra Freda]] ocasionà l'establiment el [[1948]] de dos governs separats, [[Corea del Nord]] i [[Corea del Sud]].

El juny de 1950 Corea del Nord envaí el sud, utilitzant tancs i armament soviètics. Durant la [[Guerra de Corea]] (1950-1953) moriren milions de civils i els tres anys de lluita per tota la nació destruïren eficaçment la majoria de les ciutats.ref[http://www.britannica.com/EBchecked/topic/322419/Korean-War Korean War (1950–53)]. Britannica Online Encyclopedia./ref Al voltant de 125,000 Pows es captava i era aguantat pels americans i South Koreans en [[Geojedo]] (una illa al sud).ref(Cumings 1997: 298)/ref La guerra “acabà” ''[[de facto]]'' amb un acord d'[[armistici]] de Corea !-- Korean Armistice Agreement -- marcant una línia de delimitació militar (terra de ningú) al voltant de les fronteres terrestres i marítimes entre les dues Corees.

== Divisió de Corea ==
Les seqüeles de la segona guerra mundial deixaren Corea dividida al llarg del paral·lel 38, amb el nord sota ocupació soviètica i el sud sota l'ocupació d'altres països aliats. Consegüentment, [[Corea del Nord]], un règim socialista soviètic de caràcter [[estalinista]], s'establia en el cap al nord mentre la [[Corea del Sud]], una república d'estil [[capitalista]], s'establia al sud. La Guerra de Corea esclatà quan Corea del Nord amb el suport de l'URSS envaí Corea del Sud, encara que cap bàndol no guanyà gaire territori com a resultat. La [[península de Corea]] quedà partida en dos estats marcats per la zona desmilitaritzada coreana esdevenint ''de facto'' frontera entre les dues Corees.

Des de la dècada del 1960, l'economia de sud-coreana ha augmentat enormement i l'estructura econòmica s'ha transformat radicalment. El 1957 Corea del Sud tenia un [[Producte interior brut|PIB]] per capita més baix que el de [[Ghana]],ref[http://www.independent.co.uk/news/education/education-news/leading-article-africa-has-to-spend-carefully-407666.html Leading article: Africa has to spend carefully]. [[The Independent]]. 13 de juliol del 2006/ref
i el 2008 era disset cops més alt que aquest mateix país.refLes dades fan referència a l'any 2008. PIB/capita coreà $26.341, PIB/capita ghanès $1513. [http://imf.org/external/pubs/ft/weo/2008/02/weodata/weorept.aspx?sy=2008ey=2008ssd=1sort=countryds=.br=1pr1.x=29pr1.y=12c=512%2C446%2C914%2C666%2C612%2C668%2C614%2C672%2C311%2C946%2C213%2C137%2C911%2C962%2C193%2C674%2C122%2C676%2C912%2C548%2C313%2C556%2C419%2C678%2C513%2C181%2C316%2C682%2C913%2C684%2C124%2C273%2C339%2C921%2C638%2C948%2C514%2C943%2C218%2C686%2C963%2C688%2C616%2C518%2C223%2C728%2C516%2C558%2C918%2C138%2C748%2C196%2C618%2C278%2C522%2C692%2C622%2C694%2C156%2C142%2C624%2C449%2C626%2C564%2C628%2C283%2C228%2C853%2C924%2C288%2C233%2C293%2C632%2C566%2C636%2C964%2C634%2C182%2C238%2C453%2C662%2C968%2C960%2C922%2C423%2C714%2C935%2C862%2C128%2C716%2C611%2C456%2C321%2C722%2C243%2C942%2C248%2C718%2C469%2C724%2C253%2C576%2C642%2C936%2C643%2C961%2C939%2C813%2C644%2C199%2C819%2C184%2C172%2C524%2C132%2C361%2C646%2C362%2C648%2C364%2C915%2C732%2C134%2C366%2C652%2C734%2C174%2C144%2C328%2C146%2C258%2C463%2C656%2C528%2C654%2C923%2C336%2C738%2C263%2C578%2C268%2C537%2C532%2C742%2C944%2C866%2C176%2C369%2C534%2C744%2C536%2C186%2C429%2C925%2C178%2C746%2C436%2C926%2C136%2C466%2C343%2C112%2C158%2C111%2C439%2C298%2C916%2C927%2C664%2C846%2C826%2C299%2C542%2C582%2C443%2C474%2C917%2C754%2C544%2C698%2C941s=PPPPCgrp=0a= World Economic Outlook Database-October 2008], [[Fons Monetari Internacional]] /ref

En contrast Corea del Nord fou assolada per [[epidèmies]] de [[fam]] a partir de 1995 i culminà el 1997. Segons l'Agència d'Intel·ligència de Corea del Sud, un informe intern del Ministeri de Seguretat Pública de Corea del Nord estimava que perdia entre 2,5 i 3 milions d'habitants des de 1995 fins al març de 1998.ref{{Cite news
|title = North Korea 'loses 3 million to famine'
|newspaper = [[CNN]]
|date = February 17, 1999
|url = http://news.bbc.co.uk/2/hi/asia-pacific/281132.stm
 | work=BBC News | accessdate=2010-01-05
|ref = harv}}
/ref

== Vegeu també ==
* [[Coreans]]
* [[Història de Corea del Sud]]
* [[Història de Corea del Nord]]

== Referències ==
{{Referències}}

== Bibliografia ==
* Kenneth B. Lee (1997). Korea and East Asia: the story of a Phoenix. Santa Barbara: Greenwood Publishing Group. ISBN 0-275-95823-X, 9780275958237. 
* Shin Hyong Sik (2005). A Brief History of Korea. The Spirit of Korean Cultural Roots (2nd ed.). * Seoul: Ewha Womans University Press. ISBN 978-89-7300-619-9. 
* Miriam T. Stark (2005). Archaeology Of Asia. Boston: Blackwell Publishing. ISBN 1-4051-0212-8. 
* Andre Schmid (2002). Korea Between Empires, 1895–1919. New York: Columbia University Press. 10-ISBN 0231125380/13-ISBN 9780231125383; 10-ISBN 0231125399/13-ISBN 9780231125390; OCLC 48618117 
* Sarah M. Nelson (1993). The archaeology of Korea. Cambridge: Cambridge University Press. ISBN 0-521-40783-4, 9780521407830. 
* S.C.Yang (1999). The North and South Korean political systems: A comparative analysis. Seoul: Hollym. ISBN 1-56591-105-9. 
* Michael J. Seth (2006). A Concise History of Korea. Lanham: Rowman  Littlefield. ISBN 0-7425-4005-7, 9780742540057. 
* Andrew C. Nahm, James Hoare (2004). Historical dictionary of the Republic of Korea. Lanham: Scarecrow Press. ISBN 0-8108-4949-6, 9780810849495. 
* Ki-Baik Lee (1984). A new history of Korea. Cambridge: Harvard University Press. ISBN 0-674-61576-X, 9780674615762. 
* James Hoare, Susan Pares (1988). Korea: an introduction. New York: Routledge. ISBN 0-7103-0299-1, 9780710302991. 
* The Academy of Korean Studies (2005). Korea through the Ages Vol 1  Vol. 2. Seoul: The Editor Publishing Co.. ISBN 89-7105-544-8. 
* Lee Hyun-hee,Park Sung-soo,Yoon Nae-hyun (2005). New History of Korea. Paju: Jimoondang. 

== Enllaços externs ==
{{commons category|History of Korea}}
*[http://www.koreanhistory.or.kr/eng/index.jsp Korean History online], Korean History Information Center
*[http://www.koreaorbit.com/history-of-korea/history-of-korea-dynasties.html Timeline of Korean Dynasties]
*[http://www.asianinfo.org/asianinfo/korea/history.htm Korea's history], Asian Info Organization
*[http://www.memorykorea.go.kr:7779/english/ Archival Heritage of Korea]
*[http://kyujanggak.snu.ac.kr/kiks/index.do Kyujanggak Archive], pdf files of Korean classics in their original written classical Chinese
*[http://www.hawaii.edu/korea/biblio/BiblioOpen.html Korean History :Bibliography], Center for Korean Studies, University of Hawaii at Manoa
*[http://rki.kbs.co.kr/english/korea/korea_history_detail.htm History of Korea], KBS World
*[http://koreanhistory.info Korean History Time Line]


{{ORDENA:Historia De Corea}}	!--ORDENA generat per bot--
[[Categoria:Història de Corea]]

[[de:Korea#Geschichte]]</text>
      <sha1>0xmqekujzj3xvgdsyl1zh9lgjzb36mq</sha1>
      <model>wikitext</model>
      <format>text/x-wiki</format>
    </revision>
  </page>