<page>
    <title>Història de Kosovo</title>
    <ns>0</ns>
    <id>1052818</id>
    <revision>
      <id>13837688</id>
      <parentid>13653276</parentid>
      <timestamp>2014-07-15T22:15:24Z</timestamp>
      <contributor>
        <username>Langtoolbot</username>
        <id>128552</id>
      </contributor>
      <minor></minor>
      <comment>Corregit: I a.C. va  I aC va</comment>
      <text>[[Fitxer:Dardania kingdom.png|thumb|right|El Regne dels dàrdans comparat amb les fronteres actuals]]
[[Fitxer:Flag of SFR Yugoslav Albanian Minority.svg|thumb|150px|Bandera dels antics iugoslaus (després serbis) de llengua albanesa]]
La '''història de Kosovo''' fa al·lusió al context històric de [[Kosovo]], en els [[Balcans]]. Estudis arqueològics han establert que el seu territori va estar habitat a l'[[edat de pedra]]. Els més antics habitants van ser els [[il·liris]], [[tracis]] i [[grecs]] antics. Aquest territori va ser conegut a l'[[antiguitat]] com [[Dardània]] i, des del segle I aC va formar part de la [[província romana]] de [[Mèsia]] i, després, de l'[[Imperi Bizantí]]. Durant els segles VI i VIII de la nostra era els [[eslaus]] es van establir a la península i, llavors, Kosovo va esdevenir una província fronterera bizantina fins al [[segle XI]]. [[Stefan Nemanja]] el va incorporar oficialment a l'estat serbi a finals del [[segle XII]], encara que va ser part dels estats medievals serbis, principalment de [[Raška]] (en [[Idioma serbi|serbi]]: Рашка) des de l'any 700 fins al [[1455]], quan va ser conquerida per l'[[Imperi Otomà]].

En el període feudal, des del segle XII fins a la conquesta otomana, la [[mineria]], l'[[artesania]], la [[ramaderia]] i l'[[agricultura]] van ser desenvolupades. Les comunitats de Novo Brdo i Trepča van ser importants centres miners de producció de [[plom]], [[plata]] i [[or]]. Kosovo va ser l'escenari de moltes batalles entre els [[exèrcit]]s serbi i otomà. La més famosa d'elles és coneguda com la [[batalla de Kosovo]], el [[1389]] a Gazimestan, un camp proper a [[Pristina]]. Després de la derrota sèrbia, Kosovo va romandre sent part del domini del [[Despotat de Sèrbia]], un estat considerat vassall de l'[[Imperi Otomà]]. Després de la seva caiguda el 1459, els turcs van establir el seu comandament directe sobre la província, fundant una forma militar feudal de govern com a la resta de l'imperi. Cal subratllar que, fins a finals del segle XVI, els censos otomans de població a Kosovo (i, abans d'ells, dels censos serbis) no registren l'existència d'un sol habitant arnauta (nom pel qual, des del [[segle XVII]], es coneixia i encara es coneix als albanesos, en el que actualment són els territoris de [[Montenegro]] i [[Sèrbia]]). Sota el domini turc (1459-1912), Kosovo es va estancar en tots els aspectes. La guerra, les dificultats econòmiques i els canvis polítics van resultar en una emigració a gran escala de la seva població.ref Kadriu, Ibrahim. Facts about Kosovo. The Provincial Committee for information, Pristina 1983. Jugoslovenska revija, Belgrade. P. 12 /ref Des de l'inici de l'ocupació fins al final d'aquest període els habitants de la província van dur a terme moltes insurreccions que van ser reprimides manu militare.

La [[wilaya]] de Kosovo otomà data del [[1875]], sent les seves fronteres significativament diferents de les de l'actual província. El [[1912]], el territori va ser reincorporat a [[Sèrbia]] i, com a part de Sèrbia, es va convertir en part integrant de [[Iugoslàvia]] el [[1918]]. Kosovo va obtenir certa autonomia el [[1963]] sota el govern de [[Josip Broz Tito|Tito]] i el [[2006]], amb la dissolució de [[Sèrbia i Montenegro]] va romandre sent part de la [[República de Sèrbia]]. Així doncs, el [[Kosovo]] modern només ha existit com a entitat política o territorial des del [[1946]], en què va rebre l'estatus de província autònoma.

El [[17 de febrer]] del [[2008]], les [[Declaració d'independència de Kosovo|institucions provisionals d'autogestió kosovars van declarar la independència]] de manera unilateral, amb la qual cosa van pretendre escindir, de la resta de [[Sèrbia]], aquest territori habitat en la seva major part per la minoria albanesa. La creació d'un nou Estat anomenat [[República de Kosovo]] s'ha estat realitzant en perjudici de Sèrbia sota la supervisió dels [[Estats Units]] i diversos països membres de la [[Unió Europea]], encara que amb un parcial reconeixement internacional com a tal.

== Història antiga fins a la conquesta bizantina ==
{{AP|Dardània}}
[[Fitxer: Post Roman Balkans.jpg | thumb | 200px | Balcans clàssics.]]
L'àrea de Kosovo al [[Neolític]] es trobava a l'àrea de la cultura Vinča-Turdaş (Balcans occidentals, amb ceràmica negra i grisa). L'[[Edat del Bronze]] comença al voltant del segle XX a.C. i l'[[Edat del Ferro]] s'inicia aproximadament al segle XIII a.C. Les tombes de l'Edat del Bronze i del Ferro han estat trobades només a [[Metohija]] i no a Kosovo.ref Name=Jankovic Djordje Janković. [Http://www.rastko.org.yu/kosovo/istorija/malkolm/djankovic-facts.html L'edat mitjana en el llibre ''Kosovo. A Short History'' de Noel Malcolm i fets reals] /ref

El territori comprenia les parts orientals del regne d'[[Il·líria]] al segle IV a.C., sent fronterer amb [[Tràcia]]. Alhora, estava habitada per les tribus tracio-Il·líriques dels [[dardanis]] i la tribu [[tràcia]] dels [[tribalis]].

Il·líria va ser conquerida per [[Roma]] l'any anys 160 a.C. i es va convertir a la província d'[[Il·líria]] l'any [59 a.C. La regió de Kosovo va ser part de la [[Mèsia Superior]] l'any 87 d.C. (O alternativament va ser dividida entre [[Dalmàcia]] i [[Mèsia]], un punt de vista que és recolzat per algunes evidències arqueològiques. La Mèsia Superior va ser reorganitzada posteriorment per [[Dioclecià]] (després de l'any 284) en províncies més petites, sent més tard dividida en Dardània, Mèsia Prima, Dàcia Ripensis i Dàcia Mediterrània. La capital de Dardània era Naissus.ref Steven C. Bird [http://www.jogg.info/32/bird.htm Haplogroup E3b1a2 es a Possible Indicator of Settlement in Roman Britain by Soldiers of Balkan Origin] /ref La província romana de Dardània incloïa parts orientals del Kosovo modern, mentre que la part occidental pertanyia a la província romana de [[Praevalitana]], la capital era Doclea.ref [http://www.euratlas.com/history_europe/europe_map_0300 . html History Map of Europe, Year 300] /ref

[[Justinià I]], que va assumir el tron ​​de l'[[Imperi Bizantí]] l'any [[527]], va supervisar un període d'expansió bizantina als antics territoris romans, i va reincorporar l'àrea de Kosovo a l'Imperi. Sovint, és denominat entre els historiadors com l'últim emperador romà perquè el llatí va ser la seva llengua nadiua i perquè va ser l'últim emperador que va fer un intent seriós de reunificar l'Occident llatí amb l'Orient.ref Baker, George Philip:'' Justinian : The Last Roman Emperor'', Cooper Square Press, 2002, ISBN 0-8154-1217-7 /ref

Les migracions [[eslaus|eslaves]] van arribar als [[Balcans]] entre el segle VI i VII. L'àrea va ser reincorporada per l'[[Imperi Bizantí]] a mitjan segle IX.

== Kosovo a l'edat mitjana (850-1455) == 
[[Fitxer: Bulgaria Simeon I (893-927) es.svg | 200px | thumb | right | Kosovo a l'[[Imperi Búlgar]], segle X.]] 
=== Imperi Búlgar (850-1014) === 
{{AP|Imperi Búlgar}} 
La regió va ser incorporada a l'Imperi Búlgar durant el regnat del [[khan]] Presian (836-852). Diverses esglésies i monestirs van ser construïts després de la [[cristianització]] de [[Bulgària]] l'any [[864]]. Va romandre dins dels límits de l'Imperi Búlgar per 150 anys fins al 1018, quan el país va ser envaït pels bizantins després de mig segle d'intensa lluita. Segons l'''administrant imperi'', obra erudita de l'emperador bizantí del segle X [[Constantí VII]], les terres poblades per serbis quedaven al nord-oest de Kosovo i la regió era búlgara. 

Durant l'aixecament búlgar contra l'Imperi bizantí (1040-1041), Kosovo va ser alliberada per un curt període i, durant l'aixecament de Georgi Voiteh el 1072, Pere III va ser proclamat Emperador de Bulgària a [[Prizren]], des d'on l'exèrcit búlgar va marxar cap a [[Skopje]]. 

A inicis del segle XIII, Kosovo va ser reincorporada en l'imperi búlgar restaurat, però el control búlgar va decaure després de la mort de l'emperador Ivan Asen II (1218-1241). 

=== Imperi Bizantí (1014 al 1180) === 
El control bizantí va ser posteriorment reafirmat per l'emperador [[Basili II]]. En aquells dies, Sèrbia no era un imperi unificat: diversos regnes serbis petits s'estenien al nord i oest de Kosovo, dels quals [[Rascia]] (''Raška'', moderna [[Sèrbia central]]) i [[Doclea]] (''Duklja'', [[Montenegro]]) eren els més forts. A la dècada de 1180, el governant serbi [[Stefan Nemanja]] va prendre el control de Doclea i parts de Kosovo. El seu successor, [[Stefan Prvovenčani]] va prendre el control de la resta de Kosovo el [[1216]], creant un Estat i incorporant la major part de l'àrea que correspon actualment a [[Sèrbia]] i [[Montenegro]]. 

=== Sèrbia (1241-1455) === 
Kosovo va ser assimilada per [[Sèrbia]] al final del segle XII i va passar a formar part de l'Imperi Serbi des del 1346-1371. El 1389, a la coneguda [[Batalla de Kosovo]] l'exèrcit conduït pel príncep serbi [[Lazar de Sèrbia|Lazar Hrebljanovic]] va ser derrotat pels turcs otomans, que van prendre finalment el control del territori l'any [[1455]]. 
[[Fitxer: ShepherdByzempire1265.jpg | thumb | left | 300px | Regió de Kosovo a l'interior del Regne serbi, l'any 1265.]] 
[[Fitxer: Serbia Boundaries CIA.jpg | thumb | Righ | 230px | Mapa: ''Kosovo: Història d'un ''hot spot'' balcànic'', 1998.]] 
[[Fitxer: Realm of Brankovic.png | thumb | 230px | Regne de Vuk Branković al segle XIV.]] 
Durant el mandat de la [[Dinastia Nemanjić]], es van construir moltes [[Església Ortodoxa Sèrbia|esglésies i monestirs ortodoxos]] al llarg del territori serbi. Els governants Nemanjić van utilitzar alternativament [[Prizren]] i [[Priština]] com les seves capitals. Es van cedir grans propietats als monestirs a l'oest de Kosovo ([[Metohija]]). Les esglésies més prominents a Kosovo, el Patriarcat de Peć, l'església de Gracanica i el monestir de Visoki Dečani (proper a Decane), van ser construïdes durant aquest període. Kosovo era econòmicament important, mentre que [[Pristina]] era un centre comercial important a les rutes que portaven als ports del [[mar Adriàtic]]. Així mateix, la mineria era una indústria important a Novo Brdo i Janjevo que comptaven amb les seves pròpies comunitats de miners emigrats [[saxons]] i de comerciants de la [[República de Ragusa]]. 

La composició ètnica de la població kosovar durant aquest període incloïa serbis i [[valacs]], a més d'un nombre simbòlic de grecs, [[armenis]], [[saxons]] i búlgars, segons els estatuts dels monestirs serbis o ''chrysobulls''. La majoria dels noms en els estatuts són eslaus, no arnautes o albanesos, el que ha estat interpretat com una evidència de l'aclaparadora majoria sèrbia. Aquesta afirmació sembla estar recolzada pels [[Cens de població|censos]] [[Cadastre|cadastrals]] [[Imperi Otomà|turcs]] (''defter'') del 1455, els quals van prendre en compte la religió i la llengua i van trobar una majoria sèrbia. 

La identitat ètnica de l'[[edat mitjana]] era una mica fluida a través d'Europa i les persones no semblen haver-se definit a si mateixes rígidament per una única identitat ètnica. Aquells d'origen eslau, particularment d'antecedents serbis, semblen haver estat la població dominant culturalment i també van ser una majoria demogràfica. 

El [[1355]] l'Estat serbi es va fondre després de la mort del [[tsar]] Stefan Uroš IV Dušan Nemanjić i es va dissoldre en feus, amb disputes entre ells. El moment va ser necessari per a l'expansió otomana. L'[[Imperi Otomà]] va aprofitar l'oportunitat per explotar la debilitat sèrbia i envair-la.

=== Batalles de Kosovo === 
{{AP|Batalla de Kosovo}}
==== Primera Batalla de Kosovo ==== 
La [[Batalla de Kosovo|Primera Batalla de Kosovo]] va tenir lloc a Kosovo Polje el 28 de juny del [[1389]], quan el ''[[Knyaz]]'' (príncep) de Sèrbia, [[Lazar de Sèrbia|Lazar Hrebeljanović]] va reunir una coalició de soldats cristians serbobosnians, [[magiars]] i a una tropa de mercenaris saxons. El [[sultà]] [[Murad I]] també va reunir una coalició de soldats i voluntaris dels països veïns d'[[Anatòlia]] i [[Rumèlia]]. No hi ha fonts exactes que indiquin el nombre de contendents, però les fonts més fiables assenyalen que l'exèrcit cristià va ser superat en nombre pels otomans. El nombre combinat dels dos exèrcits va haver de ser menor de cent mil soldats. L'exèrcit serbi va ser vençut i Lazar va ser assassinat, encara que Murad I també va ser assassinat per [[Miloš Obilic]]. Si bé la batalla ha entrat a la llegenda com una gran derrota sèrbia, a l'època l'opinió estava dividida sobre si va ser una derrota sèrbia, un empat o fins i tot una victòria (quan la notícia es va saber a París, les campanes de la [[Catedral de Notre Dame]] van ser tirades a vol) pel fet que Sèrbia va mantenir la seva independència i el control esporàdic sobre Kosovo fins a la derrota final el [[1455]], després d'això Serbia va passar a formar part de l'[[Imperi Otomà]]. Aquest any, la fortalesa de Novo Brdo, important a l'època a causa de les seves riques mines de plata, va ser assetjada durant quaranta dies pels otomans, que van aconseguir la seva capitulació i la van ocupar l'1 de juny del 1455. 

==== Segona Batalla de Kosovo ==== 
La Segona Batalla de Kosovo va ser barallada durant el curs de dos dies a l'octubre del [[1448]], entre les forces hongareses comandades per [[Janos Hunyadi]] i un exèrcit otomà dirigit per [[Murat II]]. Significativament més gran que la primera batalla, amb tots dos exèrcits duplicant als de la primera batalla, el resultat va ser el mateix i l'exèrcit hongarès va ser derrotat en la batalla i expulsat del terreny. Si bé la pèrdua de la batalla va ser un revés per als que es resistien a la invasió otomana d'Europa, no va ser un cop aclaparador a la causa. Hunyadi va ser capaç de mantenir la resistència hongaresa contra els otomans durant tota la seva vida. 

==== Importància ==== 
Ambdues batalles van ser significatives en la resistència en conjunt contra l'avanç otomà a través dels Balcans. La Primera Batalla de Kosovo va segellar el destí de la resistència sèrbia i es va convertir en un símbol nacional de l'heroisme i l'admirable 'lluita contra totes les probabilitats'. 

Encara que va perdre la Segona Batalla de Kosovo, Hunyadi finalment va ser victoriós en la seva resistència i derrota dels otomans al [[Regne d'Hongria]]. Skanderbeg també va tenir èxit en la resistència a la seva pàtria albanesa, una causa que va ser perduda després de la seva mort el [[1468]]. Els dos líders van ser importants (com ho va ser el líder [[Valàquia|valac]] [[Vlad Draculea]]) mentre la seva resistència va concedir a [[Àustria]] i [[Itàlia]] més temps per preparar-se per l'avanç otomà.

== Imperi Otomà (1455-1912) == 
[[Fitxer: Kosovo02.png | thumb | 250px | [[Wilaya]] de Kosovo, 1875-1878.]] 
[[Fitxer: Kosovo03.png | thumb | 250px | [[Wilaya]] de Kosovo, 1881-1912.]] 
L'[[Imperi Otomà]] va portar l'[[Islam]] i posteriorment va crear la wilaya de Kosovo com una de les entitats territorials otomanes. El mandat otomà va durar al voltant de 500 anys, durant els quals els otomans van exercir el poder suprem a la regió. Molts eslaus van acceptar l'Islam i van servir sota el poder otomà. Kosovo va ser presa temporalment per les forces austríaques durant la guerra de [[1683]]-[[1699]] amb l'ajuda dels serbis, però van ser derrotats i es van haver de replegar poc temps després. 

El [[1690]] el [[patriarca]] serbi de Peć Arsenije III, qui havia prèviament escapat d'una mort segura, va guiar a trenta-set mil famílies de Kosovo a evadir la ira otomana atès que Kosovo havia estat recentment represa per els otomans. Les persones que el van seguir van ser en la seva majoria serbis. A causa de l'opressió otomana, van continuar les migracions d'ortodoxos de l'àrea de Kosovo al llarg del segle XVIII. Molts albanesos van adoptar l'[[Islam]], mentre només una petita minoria de serbis ho va fer. 

El 1766, els otomans van abolir el Patriarcat de Peć i la posició dels [[cristians]] a Kosovo es va veure reduïda en gran mesura. Van perdre tots els privilegis previs i la població cristiana també va patir el pes complet de les guerres extensives de l'Imperi i de ser culpada per les seves pèrdues. 

El territori de la província actual va ser per segles governat per l'Imperi Otomà. Durant aquest període, diversos districtes administratius (coneguts com a ''sanjaks'') que eren governats pel ''sancakbey'' (aproximadament equivalent a senyor de districte) havien inclòs parts del territori com a pròpies. Malgrat la imposició del domini [[musulmà]], grans quantitats de [[cristians]] hi van continuar vivint i, algunes vegades, van prosperar amb els otomans. Un procés d'[[islamització]] va començar poc després de l'inici del govern otomà, però va prendre una quantitat considerable del temps, almenys un segle, per tenir resultat, concentrant-se al principi en els pobles. Una gran motivació per a la conversió va ser probablement econòmica i social, ja que els musulmans tenien considerablement més drets i privilegis que els cristians, però, la vida religiosa cristiana va continuar, encara que les esglésies van ser abandonades en gran mesura pels otomans, ja que tant l'[[Església Ortodoxa Sèrbia]] com l'[[Església catòlica]] i les seves congregacions van haver d'afrontar nivells alts d'impostos. 

Al voltant del segle XVII, existeix evidència de l'existència i increment de la població albanesa que es va concentrar inicialment a [[Metohija]]. Se sosté que va ser resultat de migracions propiciades pels turcs des del sud-oest (i de l'[[Albània]] moderna) i que els migrants van portar l'Islam amb ells. Diversos historiadors creuen que hi ha la possibilitat d'una població preexistent d'albanesos catòlics a Metohija que, majoritàriament, es van convertir a l'Islam. 

El [[1689]] Kosovo va ser enormement desestabilitzada per la [[Gran Guerra Turca]] ([[1683]]-[[1699]]), en un dels esdeveniments crucials en la mitologia nacional sèrbia. L'octubre del 1689, una petita força [[Casa d'Habsburg|habsburga]] al comandament del [[margrave]] Ludwig de Baden va envair l'Imperi Otomà arribant tan lluny com a Kosovo, seguint a la seva anterior presa de [[Belgrad]]. Molts serbis van prometre lleialtat als austríacs i alguns es van unir a l'exèrcit de Baden. Aquesta no va ser una reacció universal; molts altres albanesos van lluitar juntament amb els otomans per resistir l'avanç austríac. El següent, un massiu contraatac otomà va obligar als austríacs a replegar-se a la seva fortalesa a [[Niš]], després a [[Belgrad]] i, finalment, a través del [[Danubi]] cap a [[Àustria]]. 

L'any [[1878]] una de les quatre wilayes amb habitants albanesos que van formar la [[Lliga de Prizren]] va ser la wilaya de Kosovo. L'objectiu de la Lliga era resistir tant contra el mandat otomà com contra les incursions de les noves nacions balcàniques emergents. 

L'any [[1910]] una insurrecció albanesa va esclatar a [[Priština]], la qual va ser possiblement ajudada subreptíciament pels Joves Turcs per pressionar la Sublim Porta. Poc després, es va propagar per tota la wilaya de Kosovo, durant tres mesos. El sultà va visitar Kosovo al juny del [[1911]] durant les converses de pau i va cobrir totes les àrees habitades per albanesos.

== Entitat política i territorial ==
Denominacions oficials de la regió
* Àrea autònoma de Kosovo-Metohija ([[1945]] - [[1963]])
* Província Autònoma de Kosovo i Metohija ([[1963]] - [[1968]])
* Província Socialista Autònoma de Kosovo ([[1968]] - [[1989]])
* Província Autònoma de Kosovo i Metohija ([[1989]] - [[1990]])

En resposta a la supressió de l'autonomia els kosovars van declarar la independència el [[2 de juliol]] de [[1990]], i el maig de 1992 [[Ibrahim Rugova]] fou elegit president; aquesta república paral·lela només fou reconeguda per Albània. El 1999 després de diversos incidents, la [[OTAN]] va exigir la retirada sèrbia i el territori fou ocupat i posat sota administració de les Nacions Unides. La República de Rugova fou dissolta el 2000 quan va entrar en vigor l'administració de la United Nations Interim Administration Mission in Kosovo ([[UNMIK]]).

El complex mapa ètnic de la regió ha inclòs llatins, [[turcs]], [[aromanesos]], [[romanesos]], [[goranis]] ([[Musulmà|musulmans eslaus]]), [[circasians]], [[jueus]] i [[gitanos]], a banda de serbis i albanesos.

== Guerra de Kosovo ==
{{principal|Guerra de Kosovo}}
La '''Guerra de Kosovo''' o 'conflicte de Kosovo' és freqüentment utilitzat per descriure dos conflictes que van tenir lloc un seguit de l'altre amb un cert solapament (una guerra civil seguida d'una guerra internacional), al sud de la província [[Sèrbia]] anomenada [[Kosovo]] (oficialment Kosovo i Metohija), part de l'antiga [[República Federal de Iugoslàvia|Iugoslàvia]]. Els dos conflictes van ser:

# '''1996-99''': Conflicte de guerrilla entre els separatistes albanesos i les forces de seguretat sèrbies i iugoslaves, on els albanesos s'autodenominaven moviment separatista mentre que les forces sèrbies els deien terroristes.
# '''1999''': Guerra entre Iugoslàvia i les forces de la [[OTAN]] entre el [[24 de març]] i el [[10 de juny]] de [[1999]], període durant el qual les forces de l'OTAN van realitzar bombardeigs continus contra objectius iugoslaus. Els combatents albanesos van continuar atacant les forces sèrbies i els civils serbis de Kosovo, mentre que les forces sèrbies i iugoslaves van continuar atacant els rebels i produint desplaçaments massius de població, en mires a millorar la seva situació a l'hora d'un cessament del foc.

== Independència de Kosovo ==
{{principal|Independència de Kosovo}}
El [[17 de febrer]] de [[2008]], els 109 diputats del parlament de Kosovo van aprovar la [[declaració unilateral d'independència]] respecte de [[Sèrbia]]. El procés va rebre el suport dels [[Estats Units]] i d'una majoria dels estats membres de la [[Unió Europea]], que no ha adoptat una posició comuna. Al [[Consell de Seguretat]] de l'[[ONU]], [[Rússia]] i [[Xina]] es mostren contràries al fet que la secessionista província sèrbia esdevinga l'estat número 193.

El juliol del [[2010]] el [[Cort Internacional de Justícia|Tribunal Internacional de la Haia]] va dictar sentència establint que la declaració unilateral i la independència d'un país no vulnera cap llei internacional.

El dia [[10 de setembre]] de [[2012]] el [[Grup Internacional de Supervisió de Kosovo]] (GIS) va donar oficialment per acabada la seva tasca al país.ref name=SobiraniaPlena{{Citar publicació |cognom=Bori |nom=Pau |enllaçautor= |article=Sobirania plena a Kosova |url=http://www.elpuntavui.cat/noticia/article/3-politica/17-politica/574980-sobirania-plena-a-kosova.html |format= |llengua= |consulta=[[12 de setembre]] de [[2012]] |publicació=[[El Punt Avui]] |data=[[11 de setembre]] de [[2012]] |pàgines=44 }}/ref A la pràctica, el parlament de [[Pristina]] ho va celebrar com la consecució de la plena sobirania.ref name=SobiraniaPlena/

== Bibliografia ==
* Kadriu, Ibrahim. Facts about Kosovo. The Provincial Committee for information, Pristina 1983. Jugoslovenska revija, Belgrade.
* Malcolm, Noel. ''Kosovo: A Short History''. Basingstoke: Macmillan, 1998. ISBN 0-333-66612-7.

== Referències ==
{{Referències}}

== Vegeu també ==
* [[Història de Sèrbia]]
* [[Història d'Albània]]

== Enllaços externs ==
{{Commonscat|History of Kosovo}}

* [http://www.kosovo.net/default3.html Història de Kosovo, articles, estudis]
* [http://unitedalbanian.com/content/category/3/66/212/ Història de Kosovo] des del final de la Segona Guerra Mundial fins a la Guerra de Kosovo, amb un punt de vista albanès
* [http://www.rastko.org.rs/kosovo/istorija/kosovo_chronicles/index.html Les cròniques de Kosovo], llibre de l'historiador serbi Dušan T. Batakovi


{{ORDENA:Historia De Kosovo}}	!--ORDENA generat per bot--
{{Enllaç AB|ja}}

[[Categoria:Kosovo]]
[[Categoria:Història d'Europa per estat]]</text>
      <sha1>15iun0mqa3fwt08obxr5g8zfolnfqcf</sha1>
      <model>wikitext</model>
      <format>text/x-wiki</format>
    </revision>
  </page>