<page>
    <title>Història de Laos</title>
    <ns>0</ns>
    <id>1053102</id>
    <revision>
      <id>13843417</id>
      <parentid>13653287</parentid>
      <timestamp>2014-07-16T09:41:37Z</timestamp>
      <contributor>
        <username>Langtoolbot</username>
        <id>128552</id>
      </contributor>
      <minor></minor>
      <comment>Correcció: espais que falten darrere de punt</comment>
      <text>[[Image:LocationLaos.svg|thumb|300px|[[Laos]].]]
En aquest article es presenta un resum de la història de '''[[Laos]]''', un país sense sortida al mar del [[Àsia Sud-oriental|sud-est asiàtic]], envoltat per [[Birmània]] (o ''Myanmar'') [[Tailàndia]], [[Cambodja]], el [[Vietnam]] i la [[Xina]].

== Prehistòria ==
[[Image:Plainofjars 2.jpg|thumb|250px|Plana de les gerres]]
Les excavacions a la regió de [[Luang Prabang]] fetes pel geòleg Fromaget, han desenterrat les restes d'homínids, similars al [[Home de Pequín|Sinanthropus]] o Home de Pequín, que testimonien que el país Lao ha tingut presència humana des de temps immemorials. També es va trobar objectes del Mesolític i el Neolític.

Hi ha raons per creure que el país Lao sempre ha estat sempre un lloc de pas per a moltes persones de diversos orígens.

Fa 5000 anys (3000 aC.), les poblacions dels turons i [[Peu de muntanya|piemonts]] al sud de la [[Món xinès|Xina]] comencen un moviment migratori cap al sud. Aquestes persones són els avantpassats dels pobles de [[llengües austroasiàtiques]] que són els [[Mon (poble)|mons]] i els seus cosins els [[khmers]]

En temps més recents, potser al voltant de l'any [[500 aC]], es van construir, a la regió de [[Xieng Khouang]], megàlits en forma de gerres gegants o, menhirs o [[cromlec]]s. Les gerres contenien ossos cremats, objectes de bronze i de ferro. Més tard, hom anomenarà a aquesta regió [[Plana de les gerres]]. També hi ha un important jaciment megalític a [[Hintang]] a la [[Província de Houaphan]].

Aquestes poblacions diferents són els avantpassats dels que ara són anomenats [[Lao-Theungs]] i en un altre temps, ''Kha'' (salvatge, esclau). Es van establir a l'est, sud-est i sud i van ser depassats al llarg dels segles per noves migracions.

== El país Lao abans del segle XIV ==
En els primers segles de l'era cristiana, el sud del país és ocupat per [[txams]] o habitants de ''[[Txampa]]'', regne hinduista del centre del [[Vietnam]]. Els txams són llavors desplaçats pels [[khmers]]. Al voltant de l'any 900, el regne de [[Yasovarman]] només inclou el sud de Laos, mentre que dos segles més tard, el regne de [[Jayavarman VII]] s'estén a la regió de Vientiane. Tant els txhams com els khmers estan indianitzats i en conseqüència són permeables al budisme, que s'estén a la [[Indoxina|península indoxinesa]] a partir del [[segle VII]].

{{AP|Indianització de la península d'Indoxina}}

És a partir del [[segle XI]] que hom data habitualment la irrupció dels pobles [[Tailandesos|tai]] (o ''t'ai'') a l'actual Laos. Organitzats en lideratges, combatius i conqueridors, probablement impulsats per l'expansió xinesa, els t'ai s'infiltren per [[Diên Biên Phu]] i les valls del [[Nam Ou]] i el [[Nam Suong]]. En contacte amb la civilització khmer, es converteixen gradualment al [[budisme]] i, posteriorment, imposen en les zones on s'assenten llur llengua i llur cultura. Els ''Lao'' representen una branca particular de la branca Tai. Seran ells els que ocuparan l'actual ''Laos'' i el nor de l'actual [[Tailàndia]]. Una inscripció siamesa del 1292 dóna fe de l'existència d'un regne Lao al voltant de [[Luang Prabang]].

== El regne de [[Lan Xang]] (del [[segle XIV]] al [[segle XIX]]) ==
El primer regne ''[[Lao (poble)|lao]]'' històricament reconegut data del [[segle XIV]]. El seu rei s'anomena [[Fa Ngum]], descendeix d'un avantpassat més o menys llegendari, [[Khoun Bourom]]. El regne, que ocupa una àrea més gran que el Laos d'avui dia es coneix com ''Lan Xang'', que significa (Regne del) un milió d'elefants. En els segles següents, els governants de Lan Xang estaran sovint en guerra contra els birmans i els vietnamites dels quals n'hauran d'acceptar la [[suzerania]].

Fa Ngum s'esforça per col·locar tots els laos sota la seva autoritat. Conquerí la major part de l'altiplà [[Khorat]], així com els territoris que ara es troben al nord-oest del Vietnam.

El 1373 Fa Ngum va ser enderrocat després d'una intriga i reemplaçat pel seu fill Unheuan conegut com el [[Samsenthai]] (Cap dels 300.000 thais)

A principis de [[segle XVIII]], el regne es va dividir en tres entitats: [[regne de Luang Prabang]] al nord, [[Regne de Vientiane]] al voltant de la capital actual, i [[regne de Txampassak]] al sud, prop de [[Cambodja]] al voltant de l'actual [[Paksé]]. En 1768, els regnes de [[Vientiane]] i Txampassak cauen sota la dominació siamesa. Deu anys més tard, els siamseos saquegen Vientiane i s'enduen el Ph'ra Keo, el [[Buda de Maragda]] que encara es pot veure en el temple més famós de [[Bangkok]].

Dividit, saquejat, el País Lao va entrar en un declivi que continua durant tot el [[segle XIX]]. Els primers relats dels viatgers occidentals daten del [[segle XVII]]. És llavors l'edat d'or del ''Regne Lao'' durant el regnat del Rei Sol ''Lao'' [[Surinyavongsa]]. El comerciant holandès [[Van Wuystoff]] queda enlluernat per la magnificència de Vientiane. En el seu diari, per emfatitzar la importància del [[budisme]] i al mateix temps el seu aspecte pacífic, evoca aquests monjos més nombrosos que els soldats de l'emperador d'Alemanya. En aquestaèpoca, [[Vientiane]] atrau els monjos de Cambodja i [[Siam]] que vénen a estudiar.

És certament aquest ferm aconratge el que permet llavors als Lao conservar un sentit d'unitat de gran abast a través de la fragmentació política del [[segle XIX]], la colonització i les guerres post-colonials del [[segle XX]]. De [[Luang Prabang]] a [[Pakse]] (principal ciutat de l'antic regne de Txampassak) es parla [[laosià]], llengua propera al tailandès, i utilitza l'[[alfabet laosià]], d'orígen sànscrit, també proper a l'alfabet tailandès.

Durant el [[segle XIX]], és a [[Luang Prabang]] millor protegida per les muntanyes, on els descendents de la dinastia Bourom Khoun segueixen mantenint la monarquia Lao. Molt més febles que els seus veïns, els regnes Lao ha d'usar totes les subtileses de la diplomàcia per no desaparèixer del tot. Però al final de [[segle XIX]], la història d'aquest país se segueix desenvolupant en un context purament regional. Les potències europees es van repartint el món, i al sud-est asiàtic, especialment, els francesos i els britànics es lliuren a una intensa competició. Expulsats de l'[[Índia]] pels britànics al [[segle XVIII]], els francesos posen peu al [[Vietnam]] el 1858, sota el pretext de protegir els catòlics.

== Colonització francesa (1893-1954) ==
{{AP|Protectorat francès de Laos}}
=== La instauració del protectorat francès ===
Finalment, a la península d'Indoxina, només el regne de Siam aconseguí preservar la seva independència, mentre que els britànics van estendre el seu domini sobre [[Birmània]] i els francesos al [[Vietnam]], a [[Cambodja]] i [[Laos]], que són agrupats progressivament en la [[Indoxina francesa]]. Es produeix un enfrontament amb els siamesos per les pretensions d'aquests últims a Laos. Els vaixells de guerra francès bloquegen [[Bangkok]] per obligar els siamesos a signar el 1893 un tractat pel qual reconeixen el protectorat que els francesos van establir a Laos. Fins al [[1946]], a diferència de [[Protectorat francès de Cambodja|protectorat cambodjà]] Laos no és un estat centralitzat, sinó un conjunt de territoris, dels quals el protectorat francès és la unitat. Hi ha una monarquia amb seu [[Luang Prabang]], però no té sobirania sobre tot el territori de Laos.

Després de [[Conferència de Ginebra|Acords de Ginebra]] de 1954, els francesos atorguen als Lao la plena sobirania del seu país. Si afegim als seixanta anys del protectorat els següents vint anys, i on la presència cultural a França continua sent molt forta, tenim un total de vuitanta anys de lligams relativament forts entre França i Laos.

=== Una presència francesa poc contestada ===
Fins al 1940, l'aristocràcia Lao accepta de bon grat la presència francesa, el que va impedir l'absorció del país per Siam. Els colonitzadors mai va posar en dubte la presència del rei al seu palau de [[Luang Prabang]]. Per contra, es van produir alguns moviments rebels d'algunes minories de la muntanya. Els francesos, de fet, van endegar a principis del [[segle XX]] la construcció d'una xarxa de carreteres de servei en la totalitat d'Indoxina, amgb la intenció, igualment, d'involucrar la població local. De fet, aquesta contribució en forma de tasca sovint es basa en els ''[[Lao Theung|Lao-Theungs]]'', ja en un estat de semi-esclavitud vis-a-vis amb els senyors feudals ''Lao'', amb qui s'endeuten. La revolta més greu va tenir lloc entre 1900 i 1910, a l'[[Altiplà de Bolaven]] al sud. La tasca és abolida pel [[Front Popular (França)|Front Popular]] el 1936.

El 1940, Laos té pau, però encara es troba molt poc desenvolupat. El 95% de la població és analfabeta. 12.000 nens assisteixen a les escoles primàries on s'imparteix la instrucció en francès. Aquestes són les pagodes que transmeten l'ús de l'escriptura Lao. Mentre que al sud, alguns colons francesos obtenen concessions agrícoles, la presència francesa és principalment administrativa. El desenvolupament d'Indoxina es concentra en l'actual [[Vietnam]]. Laos està escassament poblat, i els francesos animen els vietnamites a anar-hi per ocupar llocs en el govern o com a treballadors en la mineria. A part de [[Luang Prabang]], les ciutats d'alguna importàcia, com [[Vientiane]], [[Pakse]], [[Savannakhet]] o [[Thakhek]] apleguen una gran colònia vietnamita.

El baix nivell d'educació pot explicar el retard del despertar nacionalista Lao, que s'expressa molt abans de 1945,refMartin Stuart-Fox, ''A History of Laos'', Cambridge University Press, 1997, {{ISBN|05215972356}}, p.52/ref mentre que al veí Vietnam, des de principos de segle, els intel·lectuals s'organitzen per resistir la colonització, i donen pas el 1920 a una sèrie de moviments nacionalistes com el [[Partit Comunista del Vietnam|Partit Comunista d'Indoxina]], dirigit per Nguyen Ai Quoc, més tard conegut amb el nom de [[Ho Chi Minh]].

=== La Segona Guerra mundial i el despertar nacionalista ===
{{Principal|Guerra franco-tailandesa}}
La Segona Guerra mundial sacseja la potència colonial: França es veu obligada a cedir a [[Tailàndia]], aliada de l'[[Imperi del Japó]], les províncies situades sobre el marge occidental del [[Mekong]] ([[província de Sayaboury]] i una part de la [[província de Champassak]]). Per compensar les pèrdues dels territoris, [[Jean Decoux]], governador general d'Indoxina, reorganitza l'administració laosiana, concedeix al govern reial de [[Luang Prabang]] una autonomia lleugerament augmentada, i estén la seva sobirania a tres noves províncies, les de l'Al[[Mekong]], de [[Província de Xieng Khouang|Xieng Khouang]] i de [[Vientiane]]. El príncep [[Phetsarath Rattanavongsa]] és integrat al consell del rei i dirigeix una mena de governrefMartin Stuart-Fox, ''A History of Laos'', Cambridge University Press, 1997, pàgines 54-56/ref

Hi ha una anècdota prou reveladora del desenvolupament del nacionalisme lao en aquesta època: enfront de les amenaces japonesa i a taliandesa, les autoritats colonials s'adreçaren a recolzar-se més sobre les elits ''lao''. El director d'instrucció pública de Vientiane encoratja els joves ''lao'' cultivats a retrobar les fonts de la identitat cultural ''lao'' : literatura, música, història… l'any 1944, quan el mateix funcionari francès tracta de desenvolupar l'ús del [[alfabet llatí]] per escriure el ''[[laosià]]'', xoca amb una vigorosa resistència de la part del príncep *Phetsarath, Primer ministre a la cort de Luang Prabang. El príncep estima que l'escriptura és un element essencial de la cultura lao, al mateix nivell que la llengua i el budisme. Però d'altra banda, Phetsarath encoratja els seus joves mig-germans a seguir estudis d'enginyeria a França; [[Souvanna Phouma]] i [[Souphanouvong]], primers enginyers de Laos, encarnen fins al 1975 els dos elements rivals del nacionalisme ''lao'', l'un pro-occidental i l'altre pro-comunista.

== La primera i la segona guerra d'Indoxina ==
[[Fitxer:SisavangVong.jpg|thumb|Estàtua de [[Sisavang Vong]] a [[Vientiane]]]]
El març del 1945, els japonesos [[Segona campanya a l'Indoxina francesa|ocupen militarment]] tota la Indoxina francesa. [[Sisavang Vong]], rei de Luang Prabang, refusa no obstant això de cooperar amb ells i de decretar com ho desitgen la independència del país, la qual cosa fa que es trobi en conflicte amb el seu primer ministre, el príncep [[Phetsarath Rattanavongsa]]. El monarca acaba per cedir sota la pressió, i es considera a continuació com a presoner. La població local tendeix a donar suport al monarca i als francesos, i grups de soldats francesos i laosians duen a terme accions de resistència a Laos contra els japonesos. Entre la capitulació del Japó, l'agost de 1945, i el retorn de les tropes franceses a la primavera de 1946, el príncep Phetsarath forma un govern que aplega els nacionalistes lao de totes tendències, que pren el nom de ''[[Lao Issara]]'' (''Laos lliure''). En setembre de 1945, les tropes [[Aliats de la Segona Guerra Mundial|Aliades]] de la [[República de Xina (1912-1949)|República de Xina]] comencen a penetrar a Laos, però es preocupen menys de posar de l'ordre que de saquejar la collita d'[[opi]].ref[http://countrystudies.us/laos/13.htm Laos - Events in 1945], ''U.S. Library of Congress''/refref[[Jean Deuve]], ''Guérilla al Laos'', L'Harmattan, 1997 (1era edició de 1966, sota el nom de Michel Caply), pàg.226 /ref L'octubre de 1945, s'organitza un cop d'estat per destronar el rei i decretar la independència del país, en tant que Estat unificat. Phetsarath és proclamat cap de l{{'}}''Estat lao'' (''[[Pathet Lao]]''). En novembre, el rei és fet presoner en el seu propi palau. A partir del març de [[1946]], els francesos, amb el suport dels homes del príncep [[Boun Oum]], reprenen progressivament la seva presència a Laos, i el govern nacionalista ha de refugiar-se a [[Tailàndia]], mentre que el rei és reposat al tron de Luang Prabang.

Entri 1945 i 1980, Laos coneix un període de guerra pràcticament ininterromput, però la vall del Mekong és menys afectada perls combats que les zones muntanyoses. D'ara endavant, Laos és reorganitzat sota la forma d'un Estat centralitzat. El 27 d'agost de 1946, el [[Regne de Laos]] accedeix a l'autonomia interna al si de la [[Indoxina francesa|Federació indoxinesa]] i de la [[Unió francesa]]. El govern central és col·locat sota l'ègida de la monarquia de Luang Prabang, amb [[Sisavang Vong]] com a sobirà.

=== La primera guerra d'Indoxina ===
{{AP|Regne de Laos|Guerra d'Indoxina}}
La primera [[Guerra d'Indoxina]] entre [[1946]] i [[1954]] és una guerra de descolonització impulsada principalment pels comunistes vietnamites, el ''[[Viet Minh]]'' de [[Ho Chi Minh]], en contra dels francesos. Una part dels nacionalistes laosians, aliats del Việt Minh, es radicalitzen en la lluita contra els francesos i s'integren de manera duradora en el moviment comunista mundial. L'agost de 1950, [[Souphanouvong]] funda amb el suport del Viet Minh, el govern provisional del [[Pathet Lao]]. Una altra part del poble laosià, feroçment anticomunista, dóna suport als francesos, com ara els milers de partidaris aplegats al [[Grup de comandos mixtos aerotransportats|GCMA]] (i GMI). A l'abril de [[1953]], la 312 divisió regular de l'[[Exèrcit Popular vietnamita]] la força armada del Viet Minh, creua la frontera de Laos amb el suport de la petita guerrilla [[Pathet Lao]]. Els independentistes laosians aconsegueixen, gràcies al suport dels seus aliats vietnamites, el control d'una àmplia zona, incloent-hi l'[[Altiplà de Bolaven]] al sud i moltes províncies del nord.

La victòria del Viet Minh en la [[batalla de Dien Bé Phu]] el 1954, abans de la [[Acords de Ginebra|Conferència Internacional a Ginebra]] que confirma la divisió entre els dos estats vietnamites: la [[República Democràtica de Vietnam]] (''Vietnam del Nord''), comunista, i l'[[Estat del Vietnam]] (''Vietnam del Sud''), reemplaçat l'any següent per la [[Vietnam del Sud|República de Vietnam]], on la influència dels [[Estats Units]] reemplaça ràpidament la dels francesos. Igual que a Laos, la Conferència confirma la monarquia constitucional establerta pels francesos el 1947, però reconeix oficialment el Pathet Lao, les forces militars del qual són autoritzades a reagrupar-se en dues províncies al nord-est. Sens dubte hom troba en ambdós bàndols patriotes partidaris de la unió, pel bé del país, però el context geopolític regional i global té prioritat sobre el la causa purament laosiana, i el més intransigent dels dos bàndols. El Pathet Lao no accepta el control del govern reials sobre les seves dues províncies; i els militars de dreta no van acceptar les victòries electorals del Pathet Lao. Fundat oficialment en [[1955]], el Partit Comunista Laosià, o [[Partit Revolucionari Popular Lao|Partit Popular Lao]], forma secretament el nucli dirigent del Pathet Lao. Un govern d'unitat nacional, format el 1962, salta fet miques ràpidament.

=== La Segona Guerra d'Indoxina ===
{{AP|Guerra civil laosiana|Guerra del Vietnam}}
La Segona Guerra d'Indoxina comença pocs anys després: fins a 500.000 soldats nord-americans seran destinats al Vietnam del Sud per intentar contrarestar els guerrillers comunistes que reben del Nord ajuda massiva. La [[Ruta Ho Chi Minh]], la xarxa de camins i senders que els nord-vietnamites utlitizen a la [[Serralada Annamita]] per proveir els seus aliats del Viet-Cong al Vietnam del Sud, es troba en territori laosià. Durant anys, els bombarders nord-americans amb base a [[Tailàndia]] tracten de bloquejar aquesta artèria vital per als comunistes vietnamites. Entre 1964 i 1974, Laos es va convertir en el país més bombardejat de la història, si es compara el bombardeig de la població: durant 10 anys el país va patir una missió de bombardeig cada 7 minutsref Valerie de Graffenried, en tornar de Laos, Le Temps, dissabte, 21 de juny del 2008/ref Els nord-americans, de forma massiva, ajuden el Govern Reial, que permet, a canvi, la [[Central Intelligence Agency|CIA]] d'establir bases a les muntanyes i reclutar mercenaris entre les minories de lesturó que durà a terme accions de comandament contra els nord-vietnamites i llurs aliats del [[Pathet Lao]]. De 1954 a 1974, el Pathet Lao, però se les arregla per estendre la seva influència en la majoria de les zones de muntanya, ajudat per la intervenció directa, però camuflada, de tropes regulars nord-vietnamites.

[[Fitxer:Tank-vientiane.jpg|thumb|Ranc lleuger xinès [[Type 62]] utilitzat per les forces del Pathet Lao el 1971-1973 (Museu de l'Exèrcit de Vientiane)]]

A Laos, portat pel destí a un conflicte que no és realment el seu, les minories ètniques de muntanya són, tant en un cantó com a l'altre, en la línia del front. La CIA estatunidenca va reclutar massivament [[Hmong (ètnia)|hmongs]], encapçalats pel general [[Vang Pao]] en les seves forces especials. La CIA envià per avió instructors i agents a les muntanyes de Laos, que portaven també l'[[opi]] hmong amb destinació a la capital, [[Vientiane]] per finançar aquesta guerraref name=VP Vang Pao, Bruno Philip obituari a'' Le Monde'' (paper) 29 de gener de 2011 (vegeu també la breu nota necrològica publicada el 7 gener: [http://www.lemonde.fr/carnet/article/2011/01/07/vang-pao-general-laotien-et-leader-hmong_1462155_3382.html Vang Pao, general laosià i líder hmong, va morir],''[[Le Monde]]'') /ref - això al mateix temps que els Estats Units oficialment participaven en la [[War on Drugs|guerra contra les drogues]].

Pel cantó del Pathet Lao, hi ha una majoria de [[Lao theung]], que formen una gran part de la població del territori controlat pel Pathet Lao. Però també hi ha molts ''Lao Theung'' en les files de les Forces Especials i en les files de la FAR, les Forces Armades Reials.

El conflicte tindria 350.000 morts (una desena part de la població) i molts refugiats.ref''New York Times'' 24 agost del 1975 /ref

Durant aquest període (1954-1974), els francesos van ser capaços de mantenir la seva influència a través del paper considerable que juguen encara (com [[John Deuve]]) en el marc de sectors com ara l'educació, la justícia, salut, i fins i tot la formació militar El líder de la dreta neutralista, el príncep [[Souvanna Phouma]], el primer ministre gairebé sense interrupció entre 1951 i 1975, francòfil per la seva educació i el matrimoni, manté voluntàriamen la influència francesa, que no és escombrada per la participació massiva dels nord-americans en el camp militar i econòmic. Es dóna la circumstància que augmenta l'aposta per l'ajuda estrangera. Laos és llavors és país més ajudat del món, per càpita; algunes grans famílies s'enriqueixen considerablement, però el conjunt de la població també se'n beneficia. Així, tot i la guerra, es pot observar durant aquest període un considerable progrés en el camp de l'educació i la salut.

== La presa del poder pels comunistes ==
=== La signatura de la Declaració de París ===
El febrer de 1973, un mes després de la signatura dels [[Acords de Pau de París|Acords de París]], que proporcionen un precari alto el foc al sud del Vietnam, els [[acords de Vientiane]] instauren també a Laos un alto el foc, i des de 1974, la formació d'un govern d'unitat nacional. Aquest acord és generalment ben rebut per la població que aspira a la reconciliació nacional.

No obstant això, a principis de l'any 75, els comunistes a Cambodja i Vietnam prenen el poder. Després d'ells, els comunistes de Laos, encapçalats per [[Kaysone Phomvihane]], líder del [[Partit revolucionari del poble lao]] des de la [[dècada del 1950]], eliminen les altres tendències en el curs de l'any 75.

=== L'establiment del comunisme ===
Al final de l'any 1975, es fa evident que el període de reconciliació nacional s'ha acabat. Traient profit especialment de la malaltia del primer ministre neutralista [[Souvanna Phouma]], el [[Pathet Lao]] s'arroga tot el poder en un procés de vegades conegut com la «revolució de la seda»refJean de La Guérivière, ''Indochine, l'envoûtement'', Seuil, 2006, pàg. 344/ref La monarquia és abolida i Laos pren el nom de ''República democràtica popular de Laos''. [[Souphanouvong]] es converteix en president i el secretari general de [[Partit Revolucionari Popular de Laos]], [[Kaysone Phomvihane]], és nomenat primer ministre. El rei [[Savang Vatthana]], la reina i el príncep hereu són arrestats i moren pocs anys després en un camp de reeducació. Més de 40.000 laosians són enviats a camps de concentració. La repressió afecta una part molt important de l'administració i l'exèrcit, que havia col·laborat amb els americans i els francesos, que continua en l'actualitat, sobretot amb el [[genocidi dels hmongs]], una ètnia minoritària de Laos aliada de les tropes franceses (GCMA/GMI) i després dels americans (CIA); l'extermini es tradueix en una autèntica cacera a l'home (persecucions a les selves, assassinats, tortures, violacions ...)ref[http://www.dailymotion.com/video/xhty9_guerre-secrete-au-laos-envoye-speci Envoyé Spécial: Guerre Secrète au Laos]/ref S'estima en 30.000 persones el nombre dels que són enviats als ''samana'', aquests seminaris que són en realitat camps de reeducació. Per a aquells que tenen la sort de tornar, les estades als ''samana'' es perllonguen durant diversos anys.

Una de les conseqüències d'aquesta política sectària i repressiva és l'èxode de gairebé el 10% de la població, que afecta en gran mesura la classe acomodada i les capes dotades d'una certa instrucció. Entre 350.000 i 400.000 persones trien l'exili entre [[1975]] i [[1987]]. La major part de la migració es du a terme en els tres primers anys; el maig del [[1978]], al voltant del 8% de la població ja havia fugit del país, una xifra vuit vegades superior a l'observada en el [[Vietnam]] veí. Al final de [[1970]], els laosians representen la majoria dels refugiats en campaments a la frontera de [[Tailàndia]].refCarine Hahn, ''Le Laos'', Karthala, 1999, pàgines 36, 126, 135 /ref El 75% dels exiliats opten per establir-se als [[Estats Units]], [[Canadà]] o [[França]]. Alguns, als que no se'ls permet marxar a Occident, es passaran fins a quinze anys en camps de concentració. Un acord entre Tailàndia i Laos acaba donant permís per tornar a Laos a un contingent de 300 persones per mes.refMarie-Hélène Rigaud, ''Enfants de migrants lao : Transmission et réinterprétation culturelles'', L'Harmattan, 2010, pàgina 301/ref

El comunisme instaurat, sense atènyer com a Cambodja els cims de la barbàrie, desmoralitza a gran part de la població rural mitjançant mètodes autoritaris completament inadequats. El nou poder és, a més, subjecte a la influència forta del [[Vietnam]] (reunificat el en [[1976]], sota el nom de'' República Socialista del Vietnam'').refCarine Hahn, ''Le Laos'', Karthala, 1999, 1999, pàgina 127/ref

Sota l'antic règim, les persones van ser víctimes d'abusos personals o concussió de funcionaris i, d'una manera més general, de la gestió global dela societat per l'aristocràcia, la qual, per establir el seu domini utilitzava elements forans, com la cultura francesa o el dòlar dels EUA. Però la gent poques vegades es van veure amenaçada individualment. A més, podia trobar un recurs en el joc d'influències que les grans famílies respectives tenien entre elles o mitjançant una pressió moral de la pagoda.

=== L'autonomia dels pobles ===
De manera remarcable, existia tant a l'antic regne de [[Lan Xang]] com al regne Lao contemporani, una genuïna autonomia vilatana en la qual l'Estat va interferir poc: un consell conjunt del poble, format per tots els caps de les famílies i els monjos, ostentava l'autoritat política que un cap del poble, elegit per votació entre els caps de família, exercia per delegació per coordinar les activitats econòmiques i socioculturals de la comunitat vilatana i servir d'intermediari amb l'Estat. Era ell, per exemple, qui recaptava els impostos i designava les famílies obligades. Però l'Estat, que estava representat localment per un ''Tiao Muong'' (cap de districte), ben poques vegades interferia en els assumptes del poble. Així, gairebé el 90% de la població de Laos podia beneficiar-se d'aquesta cèl·lula política privilegida, democràtica i sobirana, que era el llogaret tradicional. La gran novetat en el nou règim va ser el fet que l'Estat havia forçat les portes dels pobles ... 

== El retorn a la pau i el capitalisme sota el règim comunista ==
El 1986, el Partit del Congrés va presentar el Nou Mecanisme Econòmic, basat en la descentralització, la iniciativa privada i els preus reals. Uns anys més tard, la caiguda del comunisme a l'URSS buida de tot significat la pertinença al bloc comunista, però Laos segueix sent un règim de [[partit únic]], els líders del qual van viure el que ells anomenen «La guerra dels 30 anys, de 1945-1975».

Sense [[constitució]] des de la proclamació de la República el desembre de [[1975]],refCarine Hahn, ''Le Laos'', Karthala, 1999, pàgina 141 /ref Laos no comença la preparació d'una constitució fins al [[1989]], i no la tindrà enllestida fins al [[1991]].ref [http://mjp.univ-perp.fr/constit/la1991.htm Constitució de Laos] web de la [[Universitat de Perpinyà]] /ref

El desembre de 1987, va esclatar un [[Conflicte fronterer entre Laos i Tailàndia|breu conflicte fronterer]] entre Laos i [[Tailàndia]].

Si bé ara es pot considerar que Laos viu en pau, moltes províncies van patir la guerra, i d'altres una gran inseguretat, fins a principis de 1990. Fins a finals de 1970, es van produir violents enfrontaments entre els Hmong i les forces regulars de Vietnam del Nord i Laos. Molts hmong són després assassinats, altres van aconseguir arribar a la frontera amb Tailàndia, altres finalment constitueixen bandes de pirates que operen encara a principis de la dècada de 1990.

Molts dels emigrants que van creuar el [[Mekong]] va arribar als països occidentals, però alguns van tractar de dur a terme accions de guerrilla des del territori tailandès. La província de [[Província de Borikhamxay|Paksane]] romana així durant molt de temps en un estat d'inseguretat. Fins a la dècada de 1990, els grups de resistència dirigides per ex militars van fer d'aquesta regió una de les meques de la resistència al nou règim.

Petits grups de Patikan (partidaris), amb emplaçaments mòbils i amb bons coneixements del país, operen llavors de vegades en conjunt amb un grup de [[Hmong (ètnia)|Hmongs]] des del nord. La seva motivació principal sembla haver estat l'oposició a l'ocupació vietnamita.

Mai la resistència laosiana, dividida en múltiples tendències i grups ètnics, servint de titella a alguns exdirigents que somiaven amb la restauració d'un règim desacreditat als ulls de la majoria dels laosians no va poder aconseguir una certa unitatrefSavengh Phinith, Phou Ngeun Souk-Aloun, Vannida Tongchanh, ''Histoire du Pays lao, de la préhistoire à la république'', L'Harmattan, 1998, p.127-128 /ref

El 1999, quan les tropes vietnamites tornen a casa (només uns pocs grups de treballadors participen en grans projectes a Laos), els pocs atacs o actes de sabotatge són més actes de bandidatge que no pas de resistència organitzada.

== El país Lao en 1999 ==
===Una prosperitat relativa===
La nova política econòmica dut a terme des de 1986, i la pau que a poc a poc es va estendre per tot el país han donat lloc a la prosperitat relativa. Entre 1986 i 1996, el creixement mitjà del PIB va ser de 6,4% anual, mitjana que tanmateix amaga grans disparitats.

Les regions muntanyoses que van patir una sèrie de desastres naturals a penes s'han beneficiat d'aquesta millora. Laos s'ha beneficiat de l'assistència internacional força diversa (Tailàndia, Austràlia, Xina, Europa, Japó).

[[Fitxer:Thai-Lao-Freundschaftsbruecke.jpg|thumb|El [[Pont de l'amistat Lao-Thai]] el març de 2006]]
L'abril de 1994, es va posar en marxa el vam posar en marxa el [[Pont de l'amistat Lao-Thai]], primer pont fronterer sobre el riu Mekong, que d'alguna manera simbolitza l'obertura al món. Es van iniciar diversos projectes hidroelèctrics de gran envergadura: les possibilitats de Laos són riques en aquesta àrea, es pot vendre electricitat a Tailàndia. De fet, l'electricitat és el primer producte d'exportació, davant l'agricultura, la fusta, l'estany i els tèxtils.

No obstant això, fins ara, la [[balança comercial]] és força deficitària, a causa d'un desenvolupament industrial molt petit.

Malgrat el creixement econòmic registrat des de 1986, la situació a les àrees d'educació i salut és més baixa del que era a principis de 1970. L'èxode massiu de les elits educades entre 1976 i 1980 encara fa sentir els seus efectes.

===La crisi asiàtica===
El 1997 i 1998, Laos va patir la pitjor part del que s'ha anomenat la [[Crisi financera del sud-est asiàtic]], per bé que fora de la vall del Mekong, una economia de subsistència i baixa monetarització va protegir la major part de la població contra un contagi greu.

Tailàndia, el primer país afectat per la crisi, era el major inversor a Laos. La inversió estrangera en general va augmentar d'1.2 mil milions de dòlars en 1995 a 150 mil el 1997. Entre juliol de 1997 i final de 1998, el [[kip]] laosià va passar de 900 a 4200 kips per [[dòlar]]; també va perdre la meitat del seu valor enfront del [[baht]] tailandès. Tots els béns importats, fins i tot la gasolina, esdevingueren fora de l'abast de la població. El 1998, el creixement va ser tot just positiu.

== [[Segle XXI]] ==
[[Fitxer:Stadenat-vientiane.jpg|thumb|L'Estadi Nacional de [[Vientiane]], inaugurat als [[Jocs del Sud-est Asiàtic de 2009]]]]
La transició cap al capitalisme i la integració regional s'ha accelerat al [[segle XXI]]. Laos va ser amfitrió de la cimera de 2004 la desena part de l'[[Associació de Nacions del Sud-est Asiàtic]] (ASEAN), de la qual és membre des de 1997. Així mateix, es pretén complir amb l'[[Organització Mundial del Comerç]].ref'' [[Vientiane Times]]'', 11 de febrer de 2010, p. 1 /ref La primera [[borsa]] de valors va obrir el 10 d'octubre de 2010ref{{en}} [http://vietnambusiness.asia/first-lao-securities-exchange-opens/ ''First Lao securities exchange opens'', VIET NAM BUSINESS NEWS, 11 oct. 2010]/refref{{en}} [http://www.businessweek.com/news/2010-10-07/laos-forms-stock-exchange-plans-start-of-share-trading-in-2011.html ''Laos Forms Stock Exchange, Plans Start of Share Trading in 2011'', Bloomberg Businessweek, 7 oct. 2010]/ref

===Les qüestions ambientals===
No podem ignorar els molts problemes ambientals que sorgeixen a Laos el 1999.
La desforestació, ja sigui per l'explotació forestal o bé per l'[[artigatge]] ja ha començat a causar l'erosió i la degradació dels sòls tropicals. Les minories que practiquen l'artigatge es resisteixen a la sedentarització. L'explotació de minerals provoca la contaminació de l'aigua del riu. Els llacs de preses grans que engoleixen milers d'hectàrees condueixen a la desaparició d'algunes espècies animals.

===Els perills===
====Patrimoni històric====
L'antiga capital reial, Luang Prabang, va ser promoguda a Patrimoni de la Humanitat, i té per tant les subvencions de la [[UNESCO]] per a la seva restauració. Això no ha de fer oblidar les amenaces al patrimoni cultural i estil de vida de Laos, el desenvolupament del turisme i la proximitat de Tailàndia: la irrupció de la televisió tailandesa és un esdeveniment important en l'evolució de l'actual Laos.

====La persecució dels hmong====
Com ho demostra l'informe de [[Grégoire Deniau]] del programa ''[[Envoyé spécial]]'',ref name=génocide[http://www.dailymotion.com/video/xhty9_guerre-secrete-au-laos-envoye-speci Envoyé Spécial: Guerre secrète au Laos]/ref el [[conflicte hmong]] continua fins avui. Aquesta població aïllada ha estat desterrada per les autoritats per haver lluitat contra el comunisme durant trenta anys al costat dels occidentals; alguns van aconseguir emigrar a les democràcies occidentals,ref [http://www.ecpad.fr/ECPA/PagesDyn/data/asp/video.asp?ref=sassi Video d'arxiu de 2000 partisans hmongs que presten assistència al coronel Jean Sassi] Ministeri de Defensa/ref però les tribus de muntanya restants són perseguides pels exèrcits lao i vietnamita que patrullen a l'hàbitat històric dels hmong, els últims supervivents dels quals estan confinats en un espai prohibit i continuen resistint per la seva supervivència.

== Bibliografia ==
{{Commonscat|History of Laos}}

* Paul Le Boulanger, ''Histoire du Laos Français'', 3a ed, Plon, 1930.
* [[Georges Coedès]], ''Les Peuples de la péninsule indochinoise'', Dunod, 1962.
* {{en}} Hugh Toye, ''Laos, Buffer state or Battleground'', Oxford University press, 1968.
* Paul Lévy, ''Histoire du Laos'', PUF, 1974.
* Amphay Doré, ''Le Partage du Mékong'', encre 1980.
* {{en}} Martin Stuart-Fox, ''An History of Laos'', Cambridge University press, 1997.
* Savengh Phinith, Phou Ngeun Souk-Aloun, Vannida Tongchanh, ''Histoire du Pays lao, de la préhistoire à la république'', L'Harmattan, 1998.
* {{en}} Martin Stuart-Fox, ''Historical Dictionary of Laos'', Scarecrow Press, Lanham Md, 2008 (3a ed.), 552 p. {{ISBN|978-0-8108-5624-0}}

== Referències ==
{{Referències}}

{{ORDENA:Historia De Laos}}
{{Enllaç AB|ja}}

[[Categoria:Laos]]
[[Categoria:Història d'Àsia per estat]]</text>
      <sha1>rp1deozgvrjkocy2ennct4copwizzqx</sha1>
      <model>wikitext</model>
      <format>text/x-wiki</format>
    </revision>
  </page>