<page>
    <title>Daniel Yanofsky</title>
    <ns>0</ns>
    <id>1054731</id>
    <revision>
      <id>13853059</id>
      <parentid>13038875</parentid>
      <timestamp>2014-07-17T06:24:38Z</timestamp>
      <contributor>
        <username>PereBot</username>
        <id>118448</id>
      </contributor>
      <minor></minor>
      <comment>Robot inserta {{Autoritat}}</comment>
      <text>{{Infotaula persona
| nom             = Daniel Yanofsky
| imatge          = 
| mida_imatge     = 
| peu             = 
| nom_naix        = 
| data_naix       = {{Data naixement|1925|3|25}}
| lloc_naix       = [[Brody]], [[Polònia]]
| data_mort       = {{Data defunció i edat|2000|3|5|1925|3|25}} 
| lloc_mort       = [[Winnipeg]], [[Manitoba]]
| causa_mort      = 
| lloc_enterrat   = 
| coordenades_lloc_enterrat = !-- {{coord|LAT|LONG|display=inline,title}} --
| residència      =  
| nacionalitat    = {{CAN}}
| altres_noms     = 
| conegut_per     = 
| coneguda_per    =  
| educació        = 
| alma_mater      =
| ocupador        = 
| ocupació        = [[Jugador d'escacs]] i [[advocat]]
| títol           = [[Gran Mestre d'escacs|Gran Mestre]]br1 cop [[Campionat d'escacs de la Gran Bretanya|Campió de la Gran Bretanya]]br8 cops [[Campionat d'escacs del Canadà|Campió del Canadà]]
| salari          = 
| valor_net       = 
| alçada          = 
| pes             = 
| term            = 
| predecessor     = 
| successor       = 
| partit          = 
| religió         = 
| pares           = 
| muller          = 
| marit           = 
| fills           = 
| senyal de crida = 
| parent          = 
| guardons        =
| signatura       = 
| lloc_web        = 
| notes           = 
}}
'''Daniel Abraham (Abe) Yanofsky''' (nascut el [[25 de març]] de [[1925]] a [[Brody]], [[Polònia]], actualment a [[Ucraïna]], mort el [[5 de març]] de [[2000]] a [[Winnipeg]], [[Canadà]]), fou un jugador, escriptor, i àrbitre d'[[escacs]] i advocat [[jueu]] [[Canadà|canadenc]]. Fou el primer canadenc a ostentar el títol de [[Gran Mestre d'escacs|Gran Mestre]], i vuit vegades [[Campionat d'escacs del Canadà|campió d'escacs del Canadà]]. Així mateix, va ser Oficial de l'[[Orde del Canadà]],ref{{citar web| url= http://archive.gg.ca/honours/search-recherche/honours-desc.asp?lang=eTypeID=orcid=1788 |títol= Nomenament com a membre de l'Ordre de Canadà|llengua= anglès| editor=archive.gg.ca/honours}}/ref des de 1972, i conseller de la Reina, des de 1980.

== Biografia ==
Yanofsky va néixer al si d'una família [[jueu|jueva]], que es va mudar al Canadà quan tenia vuit mesos d'edat, i s'instal·là a Winnipeg. A excepció d'un breu període en la dècada de 1940, Yanofsky no es va concentrar mai a temps complet en els escacs. Es va llicenciar en [[Dret]] a la [[Universitat de Manitoba]], el 1951, i va servir a la [[Marina Reial Canadenca]] durant la [[Segona Guerra Mundial]] (1944-1946). Va obtenir diverses beques, cosa que li va permetre continuar els seus estudis jurídics a la [[Universitat d'Oxford]] (1951-1953). Després de graduar-se, va exercir l'[[advocat|advocacia]] a Winnipeg, amb el seu germà Harry, que era també [[mestre d'escacs]]. Va intervenir en diverses ocasions davant la [[Cort Suprema del Canadà]].ref''Chess The Hard Way'', 2a edició, Daniel Yanofsky, 2000, publicació de la [[Federació d'Escacs de Canadà]]./ref

Va ser alcalde de West Kildonan, un suburbi de Winnipeg, va servir al Consell de Winnipeg des de 1970 a 1986, i va presidir el Comitè de Finances. Yanofsky va participar en la campanya per a l'Assemblea Legislativa de Manitoba en l'elecció provincial celebrada el 1959, com a candidat del Partit Liberal de Manitoba. També va ser un element important en la concepció i desenvolupament de l'Hospital General Seven Oaks.

== Carrera escaquística i resultats destacats en competició ==

Yanofsky va aprendre a jugar als escacs a l'edat de vuit anys. Va guanyar el seu primer torneig en el campionat provincial de Manitoba als 12 anys el 1937, i va fer el seu debut al Campionat Canadenc d'aquell mateix any a [[Toronto]].

El 1939, amb només 14 anys d'edat, va jugar representant el Canadà a l'[[Olimpíada d'escacs de 1939|Olimpíada de Buenos Aires]]. Yanofsky va ser la sensació del torneig, i va assolir la puntuació més alta en el [[Glossari de termes d'escacs#Primer tauler|segon tauler]].ref{{citar web|url= http://www.olimpbase.org/players/1f1dnlvo.html |títol= Fitxa de Daniel Yanofsky| editor= [[Olimpbase]]|llengua=anglès}}/ref Va guanyar el seu primer [[Campionat d'escacs del Canadà|campionat canadenc absolut]] el 1941 als 16 anys, a Winnipeg.ref{{citar web|url= http://www.mark-weeks.com/aboutcom/ble41can.htm |títol= Llista de campionats del Canadà|editor= mark-weeks.com|llengua=anglès}}/ref L'any següent va guanyar a [[Ventnor City]], amb una puntuació de 6,5/9, i va aconseguir la victòria juntament amb [[Herman Steiner]] a l'[[Campionat obert d'escacs dels Estats Units|Obert dels Estats Units]] a [[Dallas]], amb una puntuació de 16/17.ref{{citar web| url= http://www.chessgames.com/perl/chesscollection?cid=1021156 |títol= Partides de l'Obert dels Estats Units, Dallas 1942| editor= chessgames.com| llengua= anglès}}/ref
El 1946, amb només 21 anys, va participar en el primer torneig de màxim nivell celebrat després de la [[Segona Guerra Mundial]], si no es té en compte l'enfrontament de 1945 entre els Estats Units i la [[Unió Soviètica]]. El torneig es va celebrar a [[Groningen]], i hi va derrotar el campió soviètic i guanyador del torneig [[Mikhaïl Botvínnik]], tot guanyant el premi a la brillantor pel seu joc.ref{{citar web| url= http://www.mark-weeks.com/chess/zonals/1946-48.htm |títol= Torneig de Groningen 1946|llengua= anglès| editor=mark-weeks.com|consulta=27 de desembre de 2012}}/ref

En els dos anys següents, va participar en diversos torneigs organitzats a [[Europa]], on el seu millor resultat va ser el segon lloc, per darrere de [[Miguel Najdorf]] a [[Barcelona]], el 1946.ref{{citar web|url= http://www.365chess.com/tournaments/Barcelona_1946/28818 |títol= Torneig de Barcelona 1946|editor= 365chess.com|consulta=27 de desembre de 2012}}/ref Yanofsky va representar el Canadà en els [[Interzonal]]s de [[Saltsjöbaden]] el 1948ref{{citar web| url=http://www.mark-weeks.com/chess/4951$iix.htm |títol= Interzonal de Saltsjöbaden 1948|llengua=anglès|consulta=27 de desembre de 2012|cognom=Weeks|nom=Mark|editor=mark-weeks.com}}/ref i [[Estocolm]] el 1962.ref{{citar web|url=http://pakchess.org/history-of-world-chess-championships/1962-stockholm-interzonal-tournament |títol= Interzonal d'Estocolm 1962|llengua=anglès|consulta=27 de desembre de 2012| editor= pakchess.org}}/ref 

El 1953 va guanyar el [[Campionat d'escacs de la Gran Bretanya|Campionat de la Gran Bretanya]], a [[Hastings]], per davan de [[Stuart Milner-Barry]],ref{{citar web |url= http://www.ajedrezdeataque.com/05%20Palmares/Campeonatos/Nacionales/Europa/Inglaterra.htm | títol= Llista de campions britànics d'escacs |editor= ajedrezdeataque.com| data= |llengua=castellà |consulta= 27 de desembre de 2012}}/ref i establint un nou rècord de puntuació de la prova.ref name=Canadian{{citar web| url= http://www.canadianchess.info/canadianchesshistory/CanadianChessBiographiesY.html#YANOFSKYDA |títol= Dades biogràfiques de David Yanofsky |editor= Canadian Chess|llengua= anglès|consulta= 25 de març de 2013}}/ref A [[Dallas]], el 1957, Yanofsky va aconseguir la seva primera [[norma de Gran Mestre]], amb victòries sobre [[Samuel Reshevsky]], [[Friðrik Olafsson]] i [[Larry Evans]]; el triomf final va ser per [[Svetozar Gligorić]].ref{{citar web| url= http://www.endgame.nl/dallas1957.htm |títol= Torneig de Dallas 1957| editor= endgame.nl|consulta= 27 de desembre de 2012|llengua=anglès}}/ref La seva actuació a l'[[Olimpíada d'escacs de 1964|olimpíada de Tel Aviv]] de 1964 (+6 -2 =8) li va valer la seva segona norma de Gran Mestre, i el títol, esdevenint així el primer Gran Mestre criat a la [[Commonwealth]] britànica.ref{{citar web| url= http://www.olimpbase.org/1964/1964id01.html |títol= Dades dels participants a l'olimpíada d'escacs de Tel Aviv 1964|editor=olimpbase.org|llengua=anglès}}/refref name=Canadian /

Yanofsky va ser novament [[Campionat d'escacs del Canadà|Campió del Canadà]] els anys 1943, 1945, 1947, 1953, 1959, 1963 i 1965, i els seus vuit títols representen un rècord canadenc (empatat amb [[Maurice Fox]]). El 1943 i 1959 va aconseguir una puntuació perfecta d'11/11.ref name=Canadian / Va representar el Canadà en onze [[Olimpíades d'escacs|Olimpíades]]: [[Buenos Aires]] 1939 (13,5/16), [[Amsterdam]] 1954 (9/17), [[Munic]] 1958 (5,5/11), Tel Aviv 1964 (10/16), [[La Habana]] 1966 (3,5/5), [[Lugano]] 1968 (6/14), [[Siegen]] 1970 (7/14), [[Skopje]] 1972 (6/13), [[Niça]] 1974 (7/14), [[Haifa]] 1976 (3,5/10), i [[Lucerna]] 1982 (6.11),ref{{citar web|url= http://www.olimpbase.org/players/1f1dnlvo.html |títol= Dades de {{PAGENAME}}| editor= [[Olimpbase]]|llengua= anglès| consulta=27 de desembre de 2012}}/ref un rècord canadenc només superat pel [[Mestre Internacional]] [[Lawrence Day]].ref{{citar web| url=http://www.olimpbase.org/players/rzz7d1dd.html |títol= Fitxa de Lawrence Day |editor= [[Olimpbase]]|llengua= anglès| consulta=27 de desembre de 2012}}/ref El seu total de 141 partides jugades en les Olimpíades és un altre rècord canadenc.

Altres títols obtinguts són els d'[[Arbon (Alta Garona)|Arbon]] 1946 (títol compartit amb [[Karel Opocensky]] i [[Ludek Pachman]]),ref{{citar web|url= http://www.365chess.com/tournaments/Arbon_1946/28815 |títol= Torneig d'Arbon 1946|editor= 365chess.com|llengua= anglès|consulta=27 de desembre de 2012}}/ref [[Reikiavik]] 1947,ref name=Canadian / [[Torneig d'escacs de Hastings|Hastings]] 1952/53 (victòria conjunta amb [[Harry Golombek]], [[Jonathan Penrose]] i [[Antonio Medina García|Antonio Medina]]),ref{{citar web| url= http://www.chessgames.com/perl/chesscollection?cid=1018739 |títol= Torneig de  Hastings 1952-1953|llengua= anglès|editor= chessgames.com|consulta= 27 de desembre de 2012}}/ref i el [[Campionat obert d'escacs del Canadà]] de 1979 (a [[Edmonton]]).ref{{citar web|url= http://www.365chess.com/tournaments/Edmonton_op_1979/24606 |títol= Obert d'escacs del Canadà, Edmonton 1979|llengua=anglès|editor=365games.com|consulta= 27 de desembre de 2012}}/ref Així mateix, va ser segon a Hastings 1951-52, per darrere de Svetozar Gligorić,ref{{citar web|url=http://www.chessgames.com/perl/chesscollection?cid=1018054 |títol= Torneig de Hastings 1951-1952|editor= chessgames.com|llengua= anglès | consulta= 27 de desembre de 2012}}/ref i també segon a [[Netanya]] 1968, per darrere de [[Bobby Fischer]].ref{{citar web | url= http://netanyachess.com/Topic/ev_Netanya1968A.en.htm |títol= Torneig de Netanya 1968| llengua= anglès| editor= netanyachess.com| consulta= 27 de desembre de 2012}}/ref

Yanofsky va ser el principal organitzador del primer Torneig de Grans Mestres del Canadà a [[Winnipeg]] el 1967, amb motiu del Centenari de [[Confederació Canadenca]], i va jugar al torneig, guanyant el premi a la brillantor per la seva victòria sobre [[László Szabó]]. El torneig va ser guanyat conjuntament per [[Bent Larsen]] i [[Klaus Darga]].ref{{citar web|url= http://www.chessgames.com/perl/chesscollection?cid=1015648 |títol= Torneig de Grans Mestres de Winnipeg 1967|editor= chessgames.com|llengua= anglès| consulta= 28 de desembre de 2012}}/ref

El 1977 Yanofsky va ser nomenat per la [[FIDE]] [[Àrbitre Internacional (escacs)|Àrbitre Internacional]]. El 1986, als 61 anys, encara va jugar el campionat del Canadà, a Winnipeg, essent 3r-4t amb 9.5/15, empatat amb Fletcher Baragar, i per darrere dels vencedors [[Ígor Ivanov (escaquista)|Ígor Ivanov]] i [[Kevin Spraggett]],ref{{citar web|url= http://chess.ca/canadian-championship-history-1945-2002#eighties |títol= Campionat Nacional del Canadà, Winnipeg 1986|editor= chess.ca|llengua= anglès| consulta= 27 de desembre de 2012}}/ref la qual cosa li permetia de participar en un [[Interzonal]], honor però que va cedir a un altre jugador.

El 1996 va tornar a Groningen, per assistir al Torneig del 50è Aniversari del celebrat el 1946, on ell havia participat. Des de la mort Yanofsky el 2000,ref{{citar web|url= http://www.nytimes.com/2000/03/10/arts/daniel-yanofsky-74-canadian-chess-champion.html |títol= Obituari de Daniel Yanofsky al The New York Times|llengua= anglès|consulta= 27 de desembre de 2012}}/ref se celebra a Winnipeg un Torneig Memorial anual en honor seu.

== Bibliografia ==
* Chess the hard way!, 1953
* Canadian Centennial Grand Masters Chess Tournament, Winnipeg, 1968 (Chess Player' series,nº61)
* How to win end-games, 1957
* 100 years of chess in Canada;: A centennial project of the Chess Federation of Canada, 1967
* International Chess Tournament: Monte Carlo ('Chess Player' series), 1969

== Notes i referències ==
{{referències|2}}

== Enllaços externs ==

* {{chessgames jugador|id=47671}}
* [http://www.wtharvey.com/yano.html Daniel Yanofsky a Wtharvey]
* [http://www.chessville.com/espanol/NuestroCirculo_169.htm Daniel Yanofsky a Chessville]
* [http://www.redhotpawn.com/chess/grandmaster-games/index.php?masterplayerid=21314 Daniel Yanofsky a Red Hot Pawn]
* [http://es.chesstempo.com/gamedb/player/248116 Daniel Yanofsky a Chess Tempo]
* [http://chessmetrics.com/cm/CM2/PlayerProfile.asp?Params=199510SSSSS3S144534000000141000000000034110100 Daniel Yanofsky a Chessmetrics]
{{Autoritat}}

{{ORDENA:Yanofsky, Abraham}}

[[Categoria:Grans Mestres d'escacs canadencs]]
[[Categoria:Jugadors d'escacs jueus]]
[[Categoria:Jueus polonesos]]
[[Categoria:Advocats americans]]</text>
      <sha1>di9or86qx4kh3ubagngybu14xjq7lsf</sha1>
      <model>wikitext</model>
      <format>text/x-wiki</format>
    </revision>
  </page>