<page>
    <title>Borislav Kostić</title>
    <ns>0</ns>
    <id>1056046</id>
    <revision>
      <id>13240516</id>
      <parentid>13237384</parentid>
      <timestamp>2014-04-17T21:10:01Z</timestamp>
      <contributor>
        <username>JoRobot</username>
        <id>24498</id>
      </contributor>
      <minor></minor>
      <comment>Robot elimina referències duplicades (error 81 de [[VP:CHVP]])</comment>
      <text>{{Infotaula persona
| nom = Bora Kostić
| imatge = 
| mida_imatge = 
| peu = 
| nom_naix = 
| data_naix = {{Data naixement|1887|2|24}}
| lloc_naix = 
| data_mort = {{Data defunció i edat|1963|11|3|1887|2|24}}
| lloc_mort = 
| causa_mort = 
| lloc_enterrat = 
| coordenades_lloc_enterrat = !-- {{coord|LAT|LONG|display=inline,title}} --
| residència = 
| nacionalitat = {{YUG}}
| altres_noms = 
| conegut_per = 
| coneguda_per = 
| educació = 
| alma_mater =
| ocupador = 
| ocupació = Jugador d'[[escacs]]
| títol = [[Gran Mestre Internacional|Gran Mestre]] (1950)br[[Campionat d'escacs de Romania|Campió de Romania]] (1932)br2 cops [[Campionat d'escacs de Iugoslàvia|Campió de Iugoslàvia]]
| salari = 
| valor_net = 
| alçada = 
| pes = 
| term = 
| predecessor = 
| successor = 
| partit = 
| religió = 
| pares = 
| muller = 
| marit = 
| fills = 
| senyal de crida = 
| parent = 
| guardons =
| signatura = 
| lloc_web = 
| notes = 
}}
'''Borislav Kostić''' (o també '''Boris Kostić''' o '''Bora Kostić''') ([[24 de febrer]] de [[1887]] - [[3 de novembre]] de [[1963]]), fou un jugador d'[[escacs]] professional [[Iugoslàvia|iugoslau]] nascut a [[Vršac]] (actualment [[Sèrbia]]), llavors part de l'[[Imperi Austrohongarès]]. Ostentà el títol de [[Gran Mestre Internacional|Gran Mestre]] des de 1950.ref name=CGbio{{ref-web|url= http://www.chessgames.com/perl/chessplayer?pid=10619 |títol=Nota biogràfica de {{PAGENAME}}|consulta= 1 de gener de 2013 |obra= |editor= Chessgames.com |data= |llengua=anglès}}/ref

== Biografia i resultats destacats en competició ==
Va aprendre a jugar als deu anys i va aconseguir un ràpid progrés al mateix temps que estudiava Comerç Oriental a [[Budapest]]. Va passar algun temps a [[Viena]], la capital escaquística de l'època, cosa que li va permetre aconseguir la pràctica competitiva necessària per portar el seu joc a un nivell més elevat. El 1910 es va traslladar a [[Colònia (Alemanya)|Colònia]] i des d'allà va viatjar extensivament, principalment a les [[Amèrica|Amèriques]], on hi va jugar contra campions locals i hi va realitzar exhibicions de les seves llegendàries habilitats com a jugador d'[[escacs a cegues]] en [[partides simultànies]]: el 1916 a [[Nova York]] va arribar a jugar contra 20 rivals, alhora que tenia amenes converses contra oponents i espectadors. Va aconseguir la sorprenent marca de (+19 -0 =1).ref name=mtxLa notació nowiki(+x -y =z)/nowiki vol dir que el primer jugador va guanyar '''x''' partides, en va perdre '''y''', i va fer [[Taules (escacs)|taules]] en '''z'''./ref 

Kostic va jugar matxs formals contra [[Frank James Marshall]], [[Jackson Showalter]] i [[Paul Leonhardt]] i els va guanyar a tots. A [[l'Havana]] el 1919, però, aquesta ratxa d'impressionants triomfs es va acabar amb la derrota 5-0 contra [[José Raúl Capablanca]]. També va jugar torneigs als [[Estats Units]], incloent-hi Nova York 1916 (on va empatar per la segona-quarta plaça amb [[David Janowsky]] i [[Abraham Kupchik]], darrere de Capablanca), [[Chicago]] 1918 i Nova York 1918, on va acabar en segon lloc darrere de Capablanca.

Al circuit [[Europa|europeu]], va guanyar a [[Estocolm]] 1913, va acabar en segon lloc al [[Torneig d'escacs de Hastings|torneig de Hastings]] 1919 però va tornar-hi per guanyar el 1921/1922, amb un resultat perfecte de 7/7 punts.ref name=Golombek{{citar ref| editor-last=Golombek | editor-first=Harry | editor-link=Harry Golombek
 |any=1977 |títol=Golombek's Encyclopedia of Chess
 |editorial=Crown Publishing
 | isbn=0-517-53146-1
 |pàgines=137–139}}/refref{{ref-web| url= http://www.hastingschess.org.uk/premier%20winners.htm| editor= hastingschess.org.uk| llengua= anglès| consulta= 31 de març de 2013| títol= Quadre d'honor del Congrés de Hastings, 1920-2006}}/ref A [[Trenčianske Teplice]] 1928, va guanyar davant d'[[Endre Steiner]] i de [[Friedrich Sämisch]].ref{{ref-web|url= http://www.rogerpaige.webspace.virginmedia.com/tables1928.htm |títol= Taules de torneigs de 1928 |consulta= 1 de gener de 2013 |obra= |editor=rogerpaige |data= }} {{en}}/ref Al fort [[Torneig d'escacs de Bled de 1931|torneig de Bled de 1931]], hi va finalitzar en el desè lloc, encara que va superar llumeneres com ara [[Géza Maróczy]], [[Edgard Colle]] i [[Vasja Pirc]]; aquest torneig, guanyat aclapadorament per [[Alexander Alekhine]], va ser considerat en el seu temps com un dels més difícils de la història dels escacs.ref name=rogerpaige{{ref-web|url= http://www.rogerpaige.webspace.virginmedia.com/tables2.htm |títol= Taules de torneigs de 1931 |consulta= 15 d'abril de 2014 |obra= |editor= rogerpaige | llengua= anglès}}/refref{{ref-web| url= http://www.chessgames.com/perl/chesscollection?cid=1010036 | títol= Història, partides, i quadre de classificació del Torneig de Bled de 1931 | editor= chessgames.com | llengua= anglès| consulta= 15 d'abril de 2014}}/refref{{ref-web|url= http://www.thechesslibrary.com/files/1931Bled.htm| títol=Bled 1931| llengua= anglès |consulta= 27 de setembre de 2011| editor= thechesslibrary.com}}/refref{{ref-web|url= http://www.endgame.nl/bled1931.htm| títol= Torneig de Bled 1931| llengua= anglès |consulta= 15 d'abril de 2014 | editor= endgame.nl}}/refref name=rogerpaige/ A [[Belgrad]] 1935, va compartir el títol de [[Campionat d'escacs de Iugoslàvia|campió iugoslau]] amb Pircref{{ref-web|url= http://www.rogerpaige.webspace.virginmedia.com/tables6.htm |títol= Taules de torneigs de 1935|editor=rogerpaige}}/ref i es va convertir en campió únic a [[Ljubljana]] el 1938.ref{{ref-web|url= http://www.rogerpaige.webspace.virginmedia.com/tables9.htm |títol= Taules de torneigs de 1938|editor=rogerpaige}}/ref Va ser clar guanyador a [[Ljubljana]] aquest mateix any.

A partir de 1923 i fins a 1926, Kostic va viatjar arreu del món, incloent-hi [[Australàsia]], l'[[Extrem Orient]], [[Àfrica]], l'[[Índia]] i [[Sibèria]] posant en pràctica les seves habilitats excepcionals, generant interès en els escacs i forjant nous llaços amb gent al voltant del globus. Va ser un publicista i ambaixador brillant del joc, encara que aquesta activitat va evitar probablement que aprofités al màxim el seu potencial com a jugador.

Al final dels [[Anys 1920|anys 20]], va fer un nou viatge a les Amèriques i va començar la seva sèrie de quatre aparicions olímpiques, representant Iugoslàvia en quatre [[Olimpíades d'escacs]] entre 1927 i fins a 1937.

Durant la [[Segona Guerra Mundial]] Kostić (que era [[Església Ortodoxa Sèrbia|cristià ortodox]]), va estar empresonat en un [[camp de concentració]], perquè va declinar de participar en els torneigs que els [[nazis]] anomenaven de l'Europa lliure, per a major glòria del règim nazi. Després d'això, va seguir jugant als escacs però a un nivell molt menor; la seva última aparició va ser en el torneig dels veterans de [[Zuric]] 1962, on va guanyar.ref{{ref-web|url= http://www.365chess.com/tournaments/Zuerich_Seniors_1962 |títol= Classificació i partides, Zuric sèniors 1962| consulta= 1 de gener de 2013| llengua= anglès| editor= 365chess.com}}/ref

Va morir a Belgrad el 1963, als 76 anys.

== Notes i referències ==
{{referències|2}}

== Bibliografia ==
* {{citar ref|cognom1=Hooper |nom1=David | author1-link=David Vincent Hooper
 |cognom2=Whyld |nom2=Kenneth | author2-link=Kenneth Whyld
 |any=1992 |títol=[[The Oxford Companion to Chess]] |edició=2a ed.|editorial=Oxford University Press
 | isbn=0-19-280049-3 }}

== Enllaços externs ==
* {{chessgames jugador|id=10619}}

{{ORDENA:Kostic, Borlav}}

[[Categoria:Grans Mestres d'escacs iugoslaus]]
[[Categoria:Grans Mestres d'escacs serbis]]
[[Categoria:Jugadors d'escacs austrohongaresos]]
[[Categoria:Jugadors d'escacs de la dècada del 1910]]
[[Categoria:Jugadors d'escacs de la dècada del 1920]]
[[Categoria:Jugadors d'escacs de la dècada del 1930]]
[[Categoria:Jugadors d'escacs de la dècada del 1940]]
[[Categoria:Jugadors d'escacs de la dècada del 1950]]</text>
      <sha1>34v2xzgfn0k1067tabyhok3tx7fmthn</sha1>
      <model>wikitext</model>
      <format>text/x-wiki</format>
    </revision>
  </page>