<page>
    <title>Aleksei Antónov</title>
    <ns>0</ns>
    <id>1057087</id>
    <revision>
      <id>13847800</id>
      <parentid>13712475</parentid>
      <timestamp>2014-07-16T16:49:00Z</timestamp>
      <contributor>
        <username>PereBot</username>
        <id>118448</id>
      </contributor>
      <minor></minor>
      <comment>Robot inserta {{Autoritat}}</comment>
      <text>{{VPHISMILCAT Infotaula biografia militar 
|name= Aleksei Antonóv 
|lived= {{data naixement|1886|6|15}}– {{data defunció i edat|1962|6|16|1886|6|15}}
|placeofbirth= {{bandera|Rússia}} [[Grodno]] ([[Gubèrnia de Mogilev]])
|placeofdeath= [[Fitxer:Flag of Russian SFSR.svg|23px|bandera de la RSFS de Rússia]] [[Moscou]] 
|image= [[Fitxer:A I Antonov 02.jpg|200px|El general Antónov]]
|caption= El general Antónov
|nickname= 
|allegiance= {{bandera|Rússia}} [[Imperi Rus]] br {{URS}} 
|branch= [[Fitxer:Russian Empire 1914 17.svg|23px|Imperi Rus]] [[Exèrcit Imperial Rus]] (1916-1918) br [[Fitxer: Red Army flag.svg|23px|Bandera de l'Exèrcit Roig]] [[Exèrcit Roig]] (1919-1962)
|serviceyears= 
|rank=[[Fitxer:CCCP army Rank general armii1 infobox.svg|35px|Coronel General de la Unió Soviètica]] [[General d'Exèrcit (Unió Soviètica)|General d'Exèrcit]]
|commands= [[Cap de l'Estat Major General (Rússia)|Cap de l'Estat Major soviètic]] br Cap de l'Estat Major del [[Pacte de Varsòvia]]
|battles[[I Guerra Mundial]]br/[[Guerra Civil Russa]] br [[Segona Guerra Mundial]] br [[Guerra sovièticojaponesa (1945)|Segona guerra sovièticojaponesa]]
|awards= [[Orde de la Victòria]]br / [[Orde de Lenin]] (3)br / [[Orde de la Bandera Roja]] (4)br / [[Orde de Suvorov| Orde de Suvorov de 1a classe]] (2)
|laterwork= 
}}

'''Aleksei Innokéntievitx Antónov''' ([[rus]]: ''Алексе́й Инноке́нтьевич Анто́но'') ([[Grodno]] 28 de setembre de 1896 – [[Moscou]] 18 de juny de 1962) va ser un comandant militar [[Unió Soviètica|soviètic]], amb rang de [[General d'Exèrcit (Unió Soviètica)|General d'Exèrcit]], membre del [[STAVKA|Comandament Suprem]], [[Cap de l'Estat Major General (Rússia)|Cap de l'Estat Major General]], i primer cap de l'Estat Major del [[Pacte de Varsòvia]]. Oficial de talent, va participar a gairebé totes les operacions significatives soviètiques durant la [[Segona Guerra Mundial]] des de desembre de 1942.ref http://militera.lib.ru/bio/commanders1/01.html El general Antónov {{ru}}/ref Va participar en les conferències aliades de [[Conferència de Ialta|Ialta]] i [[Conferència de Potsdam|Potsdam]].

Va rebre l'[[orde de Lenin]] en 3 ocasions i l'[[orde de la Bandera Roja]] en quatre. Va ser l'únic condecorat amb l'[[orde de la Victòria]] que només tenia rang de General d'Exèrcit; a més de no tenir el títol d'[[Heroi de la Unió Soviètica]].

== Biografia ==
Fill d'un oficial d'artilleria tsarista, tenia ascendència tàrtara. Va tenir una bona educació, parlant a més del [[rus]] el [[polonès]], l'[[alemany]], el [[francès]] i l'[[anglès]]; i mostrant inclinacions militars fins a quedar orfe de pare el 1908 i de mare el 1915, veient-se obligat a mantenir la seva família. Malgrat això, inicià els seus estudis de física i matemàtiques a [[Sant Petersburg]].

Amb l'inici de la [[Primera Guerra Mundial]] es veié obligat a abandonar els seus estudis, sent enviat a l'Acadèmia Militar Pàvlosli, d'on es graduaria el 1916 amb rang de Tinent de Segona, i sent destinat a la primavera de 1917 al 8è Exèrvit al front sud-occidental, sota el comandament del general [[Aleksei Brussílov]]. Antonòv participà en l'ofensiva de Brussílov, que acabà en un fracàs i on va resultar ferit.

=== Guerra Civil Russa ===
El 1918 va ser desmobilitzat, treballant a l'institut forestal de [[Petrograd]], fins que a l'abril de 1919 va ser cridat a files per l'[[Exèrcit Roig]], participant en la [[Guerra Civil Russa]] al Front Sud com a ajudant del cap de l'estat major de la 1a Divisió de Moscou, sent nomenat posteriorment cap de l'estat major de la 45a Brigada de la 15a Divisió, participant en la campanya de Crimea contra [[Piotr Wrangel|Wrangel]]. La seva brigada, després de la guerra. La seva brigada, un cop finalitzada la guerra, va establir-se a [[Mikolàiv]] (Ucraïna).

=== Dècada de 1920 ===
El 1923, el general de divisió I. Radumets qualificava a Antónov com que:
{{cita|''Té autoritat, competència i energia... sap fer servir el treball d'estat major i resoldre els problemes sense errors''ref[http://www.zamos.ru/dossier/?tree_id=3qid=367 Biografía de Alekséi Antónov en Zamos] ''Авторитетен, аккуратен и энергичен… Умеет применять свой опыт штабной работы и безошибочно разрешать вопросы.''/ref}}

El 1925, el comandant del [[Districte Militar d'Ucraïna]], [[Iona Iakir]], va escriure sobre Antónov:
{{cita|''Té una naturalesa afable, una àmplia iniciativa, és intel·ligent i molt hàbil per analitzar la situació. És disciplinat, saludable i estricte a la seva vida diària. Té una gran experiència pràctica a les tasques d'estat major. És un valuós treballador en equip. Les seves qualitats valuoses: la seva competència i persistència.''ref[http://www.zamos.ru/dossier/?tree_id=3qid=367 Biografía de Aleksei Antónov en Zamos] '' Обладает мягким характером, широкой инициативой, сообразителен, умело разбирается в любой обстановке. Дисциплинирован, здоров, вынослив в походной жизни. Имеет большой практический опыт штабной работы. Ценный штабной работник. Ценные качества: аккуратность и настойчивость.''/ref}}

=== Dècada de 1930 ===
Atónov restà a la 45a Brigada, on els seus comandants i subordinats tenien un concepte immillorable d'ell. El 1928 va ser enviat a l'[[Acadèmia Militar Frunze]], graduant-se el 1931 tant als cursos de comandament com en el d'intèrpret militar de francès. El 1932 tornà a l'acadèmia, on als pocs mesos es graduà en [[estat major]] amb els màxims honors, sent nomenat cap d'estat major de la [[46a divisió d'infanteria (Unió Soviètica)|46a divisió d'infanteria]], amb base a [[Korosten]].

Entre octubre de 1932 i maig de 1933 assistí al curs de la Facultat Operativa Militar de l'Acadèmia Frunze, obtenint la certificació per treballar als càrrecs més alts d'estat major. Entre 1934 i 1935 va ser el cap d'estat major de la divisió de Mogilev-Iamol al Districte Militar d'Ucraïna, que en ser restructurat i dividit en dos, Atónov va passar a ser el cap d'estat major d'un dels dos districtes resultants, el [[districte militar de Khàrkiv]], entre 1935 i 1936.

El 1935, Antónov participà en el plantejament i jugà un paper clau d'unes grans maniobres militars que l'Exèrcit Roig realitzà al [[Districte Militar de Kíev]], amb la participació de 65.000 homes, 1.000 tancs i 600 avions, en un front de 250 kilòmetres. Les maniobres van ser considerades tot un èxit per [[Kliment Voroixílov]] i per [[Iona Iakir]].

Entre 1936 i 1937 assistí a l'Acadèmia General d'Estat Major, conjuntament amb [[Leonid Góvorov]] i [[Andrei Sàkharov]]. L'amistat entre Antónov i [[Aleksandr Vasilevski]]. Tot i que el curs inicialment estava programat perquè s'estengués durant 18 mesos, va ser reduït per als millors estudiants per poder cobrir els càrrecs vacants ocasionats per les [[Gran Purga|purgues de Stalin]]. Finalitzat el curs, va ser nomenat cap de l'estat major del [[Districte Militar de Moscou]].

Entre 1938 i 1941 va exercir com a instructor especial, així com a sots-cap del departament general de tàctica militar de l'acadèmia Frunze, impartint classes de tàctica i planificació, a més de tasques d'entrenament per a oficials.

Abans de l'esclat de la guerra, entre el 16 de març i el 24 de juny de 1941 va ser sots-cap d'estat major del [[Districte Militar de Kíev]].

=== Segona Guerra Mundial ===
Amb l'[[operació Barbarroja|esclat de la guerra]], el 24 de juny es convertí en el cap de l'estat major del districte militar de Kíev, comandant l'equip pel plantejament de comandament del Front Sud, col·laborant estretament amb el coronel [[Hovhannes Bagramian]]. Antónov va ser cap de l'estat major del [[Front Sud (Unió Soviètica)|Front Sud]] entre el 27 d'agost de 1941 i el 28 de juliol de 1942. Planejà el contraatac de les tropes soviètiques a l'ofensiva de Rostov ([[operació Saturn]]); desbarataren el pla estratègic alemany per assegurar l'ala esquerra del front, així com creant les condicions pel contraatac de les tropes soviètiques a la zona de Moscou. Entre juliol i desembre de 1942 ocupà el càrrec de cap de l'estat major del [[Front del Caucas Nord]], del Grup Marítim de Forces i del [[Front del Transcaucas]], successivament.

Entre desembre de 1942 i maig de 1943 va ser nomenat cap d'operacions de l'administració de l'Estat Major General i segon d'[[Aleksandr Vasilevski]], llavors cap de l'Estat Major de l'Exèrcit Roig. La seva missió era d'enllaç entre els altres oficials i informar a [[Stalin]] de la situació general. Des del 20 de maig de 1943 i fins al 4 de febrer de 1945 va ser el primer sots-cap de l'Estat Major General de l'Exèrcit Roig, sent el comandant del mateix el general [[Sergei Ixtemenko]].

==== Campanyes destacades ====
Atónov va tenir un paper fonamental en la planificació del contraatac soviètic posterior a l'[[batalla de Kursk|operació ''Zitadelle'']] a l'estiu de 1943, sent promogut a [[general d'Exèrcit (Unió Soviètica)|General d'Exèrcit]] el 27 d'agost de 1943.

El 1944 planejà l'[[operació Bagration]], que assolí el col·lapse del [[Grup d'Exèrcits Centre]], en coordinació amb la [[operació Overlord|invasió de Normandia]] per part dels Aliats Occidentals.

Cal destacar el plantejament de les campanyes de [[Ofensiva de Prússia Oriental|Prússia Oriental]], [[Ofensiva del Vístula-Oder|Vístula-Oder]], [[Ofensiva de la Pomerània Oriental|Pomerània Oriental]], [[Ofensiva de Viena|Viena]], [[Batalla de Berlín|Berlín]] i [[Ofensiva de Praga|Praga]], on Atónov va tenir un paper destacat amb solucions creatives a complexos problemes estratègics, així com la successió de ràpids cops a l'enemic. 

==== Conferències de Ialta i Postdam ====
[[File:Jalta 1945.jpg|thumb|dreta|El general Antónov a la [[conferència de Ialta]], quart per l'esquerra, al costat de l'almirall [[William D. Leahy|Leahy]], entre [[Franklin Delano Roosevelt|Roosevelt]] i [[Stalin]].]]
El 1944 Atónov va exercir de portaveu en cap i va estar present tant a la [[conferència de Ialta]] al febrer de 1945, tractant el tema de la col·laboració aliada en el [[Bombardeig estratègic durant la Segona Guerra Mundial|bombardeig de les línies d'aprovisionament alemanyes]] al front oriental; com a la [[conferència de Potsdam]] al juliol-agost de 1945, com a part de la delegació soviètica.

==== Darreres campanyes ====
Quan Vasilevski va ser transferit al [[3r Front de Bielorússia|Tercer Front de Bielorússia]] en morir el general [[Ivan Txerniakhovski|Txerniakhovski]] el 18 de febrer, Antónov assumí el càrrec de [[Cap de l'Estat Major General (Rússia)|Cap de l'Estat Major General]], mantenint-se al càrrec fins després de la [[Actes de capitulació del Tercer Reich|rendició d'Alemanya]], mentre que Vasilevski era destinat a la direcció de l'[[operació Tempesta d'Agost]] a l'Extrem Orient, tot i que s'atribueix a Antónov l'ajut del seu estat major per a la derrota de l'exèrcit japonès del Guandong, assegurant la victòria en una operació estratègica en un espai de temps molt curt.

=== Carrera durant la postguerra ===
La primera dificultat que es plantejà a Antónov va ser la d'organitzar la desmobilització de més de 5 milions d'homes per a la seva reintegració a l'economia soviètica.

Al setembre de 1946 es dissolgué el Comitè Estatal per a la Defensa i el Quarter General (la [[Stavka]]), sent substituït per l'Alt Consell Militar, sent nomenat segon al comandament. Quan Vasilevski tornà a prendre el càrrec de cap de l'estat major general, Antónov va ser nomenat director del departament d'organització i mobilització.

Quan el 1948 culminà la primera fase de la desmobilització, Antónov va ser nomenat comandant del [[Districte Militar Transcaucasià]].

Com molts altres generals soviètics, Antónov va ser relegat durant la postguerra, no intervenint en la lluita de poder que tingué lloc després de la mort de Stalin. Amb l'ascens al poder de [[Nikita Khrusxov]], Antónov tornà a ser nomenat segon de Vasilevski el 1954; pas previ per ser nomenat cap de l'estat major del [[Pacte de Varsòvia]] el 1955, càrrec que ocuparia fins a la seva mort el 1962. En aquest càrrec hagué d'enfrontar-se amb nombroses dificultats, no només militars sinó que també polítiques.

=== Darrers temps ===
Tot i que des de 1945 se li havia detectat una dolença cardíaca, Antónov seguí en actiu, encara que requeria tractament mèdic sovint. Aleksei Antónov va morir al deu despatx d'un infart cardíac, el 18 de juny de 1962.

Va ser enterrat a la [[Necròpolis de la Muralla del Kremlin|Plaça Roja]] de [[Moscou]].

== Peticions d'honors pòstums ==
El 2003 diversos líders militars russos van fer una petició al [[President de Rússia|President]] [[Vladímir Putin]] perquè el General d'Exèrcit Antónov rebés el títol d'[[Heroi de la Federació Russa]] a títol pòstum. El recurs de cassació, en particular, deia que ''Antónov, literalment, es cremà al treball. El general Antónov va ser l'únic general que rebé l'[[orde de la Victòria]], però el seu nom no es menciona a una llarga llista de senyors de la guerra que van fer serveis especials pel seu país. Atónov no va ser fet [[Mariscal de la Unió Soviètica]] ni rebé el títol d'[[Heroi de la Unió Soviètica]], malgrat que ho mereixia.''ref {{ref-web |url= http://nagrada-info.narod.ru/pismo.html|títol=Petició per concedir el títol d'Heroi de la Federació Russa |consulta=20 de gener de 2013|cognom= |nom= |coautors= |data= |obra= |editor=}}{{ru}} /ref

El 2005 es tornà a enviar una petició al vicegovernador de Sant Petersburg, que a l'hora envià una carta al comandant del [[Districte Militar de Leningrad|Districte Militar de Sant Petersburg]], per fer una petició al [[Ministre de Defensa (Rússia)|Ministre de Defensa]] perquè es concedís a Antónov el títol d'Heroi de la Federació de Rússia a títol pòstum. Malgrat tot, la petició va ser denegada per la Direcció de Personal de Defensa.ref {{ref-web |url= http://nagrada-info.narod.ru/guk.html|títol=Petició per concedir el títol d'Heroi de la Federació Russa |consulta=20 de gener de 2013|cognom= |nom= |coautors= |data= |obra= |editor=}}{{ru}} /ref

A més, també s'envià una petició al [[President de Bielorússia]] perquè es nomenés a Antónov [[Heroi de la República de Bielorússia]] a títol pòstum, petició que també va ser denegada.ref {{ref-web |url= http://nagrada-info.narod.ru/pismo4.html|títol=Petició per concedir el títol d'Heroi de la República de Bielorússia |consulta=20 de gener de 2013|cognom= |nom= |coautors= |data= |obra= |editor=}}{{ru}} /ref

== Condecoracions ==
* [[File:OrderVictoryRibbon.svg|75px|orde de la victòria]] [[Orde de la Victòria]] (número 12, 4 de juny de 1945)
* [[File:Order of Lenin Ribbon Bar.svg|75px|orde de Lenin]] [[Orde de Lenin]] (3)
* [[Fitxer:Order of Red Banner ribbon bar.png|75px|orde Bandera Roja]] [[Orde de la Bandera Roja]] (4)
* [[Fitxer:Order suvorov1 rib.png|75px|Orde de Suvòrov de 1a]] [[Orde de Suvórov]] de primera classe (2)
* [[Fitxer:Order kutuzov1 rib.png|75px|Orde de Kutuzov de 1a]] [[Orde de Kutuzov]] de primera classe
* [[File:POL Order Wojny Ojczyźnianej 1kl BAR.svg|75px|Orde guerra patriòtica]] [[Orde de la Guerra Patriòtica]] de primera classe
* [[Fitxer:Defleningrad.png|75px|Defensa Leningra]] [[Medalla de la defensa de Leningrad]]
* [[Fitxer:Orderglory rib.png|75px|Victòria sobre Alemanya]] [[Medalla de la victòria sobre Alemanya en la Gran Guerra Patriòtica 1941-1945]] 
* [[Fitxer:20 years saf rib.png|75px|XX aniversari Exèrcit Roig]] [[Medalla del 20è Aniversari de l'Exèrcit Roig]]
* [[Fitxer:30 years saf rib.png|XXXè aniversari de l'Exèrcit i l'Armada Soviètics]] [[Medalla del 30è Aniversari de l'Exèrcit i l'Armada Soviètics]] 
* [[Fitxer:40 years saf rib.png|XL aniversari de les Forces Armades Soviètiques]] [[Medalla del 40è Aniversari de les Forces Armades Soviètiques]] 
* [[File:POL Virtuti Militari Wielki BAR.svg|75px|Virtuti Militari]] [[Orde Virtuti Militari|Gran Creu de Cavaller de l'orde Virtuti Militari]] (Polònia)
* [[Fitxer:Legion Honneur Commandeur ribbon.svg|75px|Legió d'Honor]] [[Legió d'Honor|Comandant de la Legió d'Honor]] (França)
* [[File:Croix de Guerre 1939-1945 ribbon.svg|75px|Croix de Guerre]] [[Creu de Guerra 1939-1945]] (França)
* [[File:TCH Rad Bileho Lva 1 tridy (pre1990) BAR.svg|75px|Orde del Lleó Blanc 1a]] [[Orde del Lleó Blanc]] de primera classe (Txecoslovàquia)
* [[File:Czechoslovak War Cross 1939-1945 Bar.png|75px|Creu de Guerra Txecoslovàquia]] [[Creu de Guerra 1939-1945 (Txecoslovàquia)|Creu de Guyera 1939-1945]] (Txecoslovàquia)
* [[File:Order of the Yugoslavian Great Star Rib.png|75px|Orde de l'Estrella Yugoslava]] [[Orde de l'Estrella Iugoslava]]
* [[File:Order of the partisan star with golden wreath Rib.png|75px|Orde de l'Estrella Partisana]] [[Orde de l'Estrella Partisana]] (Iugoslàvia)
* [[Fitxer:US Legion of Merit Chief Commander ribbon.png|75px|Legió del Mèrit]] [[Legió del Mèrit|Comandant de la Legió del Mèrit]] (Estats Units)
* [[File:Order of the partisan star with golden wreath Rib.png|75px|Orde de l'Estrella Partisana]] Orde de la Bandera Roja (Mongòlia)

== Referències ==
{{Commonscat}}
{{referències}}
{{Autoritat}}

{{ORDENA:Antonov, Aleksei}}
{{Enllaç AB|ru}}

[[Categoria:Generals soviètics]]
[[Categoria:Militars russos de la Primera Guerra Mundial]]
[[Categoria:Persones de la Guerra Civil Russa]]
[[Categoria:Militars soviètics de la Segona Guerra Mundial]]
[[Categoria:Receptors de l'Orde de la Victòria]]
[[Categoria:Orde de Lenin]]
[[Categoria:Diputats]]
[[Categoria:Persones enterrades a la Necròpoli de la Muralla del Kremlin]]
[[Categoria:Receptors de la Gran Creu de l'orde Virtuti Militari]]
[[Categoria:Comandants de la Legió d'Honor]]
[[Categoria:Receptors de la Creu de Guerra (França)]]
[[Categoria:Comandant de la Legió del Mèrit]]</text>
      <sha1>mcf6z569cn3cfdhetesn7qscg5mu8in</sha1>
      <model>wikitext</model>
      <format>text/x-wiki</format>
    </revision>
  </page>