<page>
    <title>Fedor von Bock</title>
    <ns>0</ns>
    <id>1058854</id>
    <revision>
      <id>13818018</id>
      <parentid>13623744</parentid>
      <timestamp>2014-07-14T03:33:12Z</timestamp>
      <contributor>
        <username>PereBot</username>
        <id>118448</id>
      </contributor>
      <minor></minor>
      <comment>Robot inserta {{Autoritat}}</comment>
      <text>{{VPHISMILCAT Infotaula biografia militar 
|name= Fedor von Bock
|lived= {{data naixement|1880|12|3}} – {{data defunció i edat|1945|05|04|1880|12|3}}
|placeofbirth= [[Küstrin]]
|placeofdeath= [[Oldenburg]]
|image= [[Fitxer:Wehrvonbockcopy1.jpg|200px|El ''Generaloberst'' Fedor von Bock, 1939]]
|caption= El ''Generaloberst'' Fedor von Bock, 1939
|nickname= Foc Sant de Küstrin Der SterberrefTurney, Alfred W., ''Disaster at Moscow: Von Bock's Campaigns 1941–1942'', Cassell (1971)/ref 
|allegiance= [[Fitxer:Flag of the German Empire.svg|20px|Imperi Alemany]] [[Imperi Alemany]] (fins a 1918)br /[[Fitxer:Flag of Germany.svg|20px|Alemanya]] [[República de Weimar]] (fins a 1933)br /[[Fitxer:Flag of Germany 1933.svg|20px|Alemanya nazi]] [[Alemanya Nazi]] 
|branch=[[Fitxer:Balkenkreuz.svg|23px|Wehrmacht]] [[Wehrmacht Heer|Heer]]
|serviceyears= 1898–1945
|rank= [[Fitxer:Rank insignia of Generalfeldmarschall of the Wehrmacht.svg|40px|Generalfeldmarschall]] [[Generalfeldmarschall]]
|commands= [[Grup d'Exèrcits Nord]] 1939 br[[Grup d'Exèrcits B]] 1940br [[Grup d'Exèrcits Centre]] 1941br [[Grup d'Exèrcits Sud]] 1942
|battles= [[I Guerra Mundial]]
*[[Front Occidental (I Guerra Mundial)|Front Occidental]]
[[II Guerra Mundial]]
*[[Invasió de Polònia]] (1939)
*[[Batalla de França]] (1940)
*[[Operació Barbarroja]] (1941)
*[[Operació Tifó]] (1941)
*[[Operació Caixa Blava]] (1942)
*[[Batalla de Vorònej (1942)|Operació Fridericus]] (1942)
*[[Batalla de Sebastòpol]] (1942)
*[[Operació Braunschweig]] (1942)
|awards= ''[[Pour le Mérite]]''br/ [[Creu de Cavaller de la Creu de Ferro]]
|laterwork= 
}}

'''Fedor von Bock''' ([[3 de desembre]] de [[1880]] - [[4 de maig]] de [[1945]]), [[Mariscal de Camp | mariscal de camp]] [[Alemanya | alemany]] durant la [[Segona Guerra Mundial]], considerat un dels més grans generals de la [[Wehrmacht]].

== Inicis ==

Va néixer a [[Küstrin]], Alemanya (actualment [[Kostrzyn]], Polònia), fill del mariscal Moritz von Bock i la seva dona, Olga Falkenhayn. Després d'entrar a l'escola de cadets, accedí al 5è Regiment de la Guàrdia Prussiana com a [[tinent]]. Va participar en la [[Primera Guerra Mundial]] com a oficial de l'[[Estat Major]] i comandant de batalló. El [[1918]] és condecorat amb la [[Pour le Mérite]]. Continuà a l'exèrcit durant la [[República de Weimar]], tot i que el [[Tractat de Versalles (1919) | Tractat de Versalles]] va intentar reduir l'exèrcit alemany, arribant a ser comandant del II districte militar, a [[ Stettin]] (actualment [[Szczecin]], Polònia). Va romandre en l'exèrcit després de l'arribada al poder d'[[Adolf Hitler]] el [[1933]]. El [[1936]] es va casar amb Wilhelmine von der Osten, amb qui tindria una filla.

== Segona Guerra Mundial ==
=== Front occidental ===
Va ser un dels pocs oficials que no perdé la seva posició quan Hitler va reorganitzar l'exèrcit alemany el [[1939]], durant els preparatius per a la invasió de [[Polònia]]. El [[setembre]] d'aquell mateix any, en esclatar la guerra, von Bock va ser assignat al comandament del Grup d'Exèrcits Nord durant la reeixida [[Campanya de Polònia|invasió de Polònia]], rebent pels seus serveis la [[Creu de Ferro]]. Després del seu èxit en aplicar la [[Blitzkrieg]] contra [[França]], [[Bèlgica]] i els [[Països Baixos]], von Bock fou ascendit a [[Mariscal de Camp]] el [[19 de jul ]] de [[1940]].

=== Front rus ===
{{2L|data=març de 2013}}
Va ser llavors quan se li va encomanar la seva missió més famosa: l'[[Operació Barbarroja]], la conquesta de [[Moscou]] i la derrota de la [[Unió Soviètica]]. El [[1941]], Von Bock va envair la [[Polònia]] soviètica, violant el pacte de no agressió entre Alemanya i l'URSS. El desembre, tota Polònia havia estat sotmesa, juntament amb la meitat occidental de la República Socialista Soviètica d'[[Ucraïna]], [[Bielorússia]] i la major part de l'oest de [[Rússia]].

No obstant això, Von Bock va tenir la mala sort de veure's atrapat en l'horrible hivern rus, quan els seus homes estaven tot just a 30 km de Moscou. Les temperatures van baixar fins a una mitjana de -30nbsp;°C, però el seu exèrcit no estava equipat per al rigorós hivern rus, ja que el Pla Barbarrossa contemplava assolir els objectius a la riba del Volga abans de l'arribada del fred. Els motors dels [[carros de combat | tancs]] es van gelar i les armes s'encasquetaven amb facilitat. Malgrat tot, Hitler va ordenar a Von Bock mantenir-se en les seves posicions. Les forces russes, comandades pel mariscal [[Gueorgui Júkov]], van iniciar una ràpida contraofensiva, fent que els alemanys es retiressin fins a 150 km de Moscou. Les baixes alemanyes es van contar per milers, i Moscou no tornaria a ser amenaçada durant la resta de la guerra. Discutí llargament i amarga amb Hitler, que el culpava de no haver pogut prendre Moscou, per la qual cosa va perdre el comandament del Grup d'Exèrcits Centre el [[12 de desembre]] de [[1941]].

El [[18 de gener]] de [[1942]], després de la sobtada mort de [[Walther von Reichenau]], Von Bock es va fer càrrec del Grup d'Exèrcits Sud, però noves i violentes discussions amb Hitler (Von Bock li criticà haver dividit el seu exèrcit entre [[Stalingrad]] i el [[Caucas]]) van portar-lo a presentar la dimissió com a comandant del Grup d'Exèrcits Sud el [[15 de juliol]] de [[1942]]. Després d'això, es va retirar de la vida militar, i va anar a viure a [[Baviera]].

=== Últims dies ===
Després del suïcidi de Hitler, von Bock va oferir els seus serveis al [[Großadmiral|Gran Almirall]] [[Karl Dönitz]], el Reichspräsident, però, mentre estava a [[Hamburg]], von Bock va resultar greument ferit durant un bombardeig aliat el [[3 de maig]] de [[1945]], i morí un dia més tard a l'hospital naval d'[[Oldenburg]].

== Carrera ==
: [[Fitxer:Wehrmacht Heer Leutnant insignia horizontal.svg.png|40px|Leutnant]] [[Alferes|Leutnant]] (15/03/1898);
: [[Fitxer:Wehrmacht Heer Oberleutnant insignia horizontal.svg.png|40px|Oberleutnant]] [[Tinent|Oberleutnant]] (10/09/1908); 
: [[Fitxer:Wehrmacht Heer Captain insignia horizontal.svg.png|40px|Hauptman]] [[Capità|Hauptmann]] (22/03/1912); 
: [[Fitxer:Wehrmacht Heer Major insignia horizontal.svg.png|40px|Major]] [[Major (grau militar)|Major]] (30/12/1916); 
: [[Fitxer:Wehrmacht Heer LtColonel insignia horizontal.svg.png|40px|Oberstleutnant]] [[Tinent coronel|Oberstleutnant]] (18/12/1920); 
: [[Fitxer:Wehrmacht Heer Colonel insignia horizontal.svg.png|40px|Oberst]] [[Coronel|Oberst]] (1/05/1925); 
: [[Fitxer:Rank insignia of Generalmajor of the Wehrmacht.svg|40px|Generalmajor]] [[Generalmajor]] (1/02/1929); 
: [[Fitxer:Rank insignia of Generalleutnant of the Wehrmacht.svg|40px|Generalleutnant]] [[Tinent General|Generalleutnant]] (1/02/1931); 
: [[Fitxer:Rank insignia of General of the Wehrmacht.svg|40px|General de la Wehrmacht]] [[General|General der Infanterie]] (1/03/1935);
: [[Fitxer:Rank insignia of Generaloberst of the Wehrmacht.svg|40px|Generaloberst]] [[Generaloberst]] (15/03/1938);
: [[Fitxer:Rank insignia of Generalfeldmarschall of the Wehrmacht.svg|40px|Generalfeldmarschall]] [[Generalfeldmarschall]] (19/07/1940)

== Condecoracions ==
:[[Fitxer:PRU Erinnerungsband-sanitätsband.png|50px|Orde de la Corona de 4a classe de Prússia]] [[Orde de la Corona (Prússia)|Orde de la Corona de 4a classe]] (Prússia) (13/09/1911)
:[[Fitxer:D-PRU EK 1914 1 Klasse BAR.svg|50px|Creu de Ferro 1914 de 1ª classe]] [[Creu de Ferro|Creu de Ferro 1914 de 1a Classe]] (30/10/1916)
:[[Fitxer:D-PRU EK 1914 2 Klasse BAR.svg|50px|Creu de Ferro 1914 de 2ª classe]] [[Creu de Ferro|Creu de Ferro 1914 de 2a Classe]] (18/09/1914)
: [[Fitxer:D-PRU Princely Hohenzollern Order swords BAR.svg|50px|Creu de cavaller de l'orde de la Casa de Hohenzollern amb Espases]] [[Orde de la Casa de Hohenzollern|Creu de cavaller de l'orde de la Casa de Hohenzollern amb Espases]] (25 d'octubre de 1916)
: [[Fitxer:AUT KuK Kriegsbande BAR.svg|50px|Creu del Mèrit Militar de 3a classe amb distintiu de guerra]] [[Creu del Mèrit Militar (Àustria-Hongria)|Creu del Mèrit Militar de 3a classe amb distintiu de guerra]] (Àustria) (24 de juny de 1915)
: [[Fitxer:Ordine imperiale della corona di ferro, austria.png|50px|Orde de la Corona de Ferro]] [[Orde de la Corona de Ferro (Àustria)|Cavaller de l'orde de la Corona de Ferro 3a classe amb distintiu de guerra]] (Àustria) (9 de febrer de 1917)
: [[Fitxer:CrossMeckl-Strel.png|50px|Creu del Mèrit Militar]] [[Creu del Mèrit Militar (Mecklenburg-Schwerin)|Creu del Mèrit Militar de 2a classe]] (Mecklenburg-Schwerin) (3 d'agost de 1917)
: [[Fitxer:Hanseatic Cross from Hamburg ribbon bar.png|50px|Creu Hanseàtica d'Hamburg]] [[Creu Hanseàtica|Creu Hanseàtica d'Hamburg]] (19 de setembre de 1917)
: [[Fitxer:Hanseatic Cross from Bremen ribbon bar.png|50px|Creu Hanseàtica de Bremen]] [[Creu Hanseàtica|Creu Hanseàtica de Bremen]] (30 de gener de 1918)
: [[Fitxer:Zahringer leeuw lint.jpg|50px|Cavaller de l'orde del Lleó de Zähringer]] [[Orde del Lleó de Zähringer|Cavaller de l'orde del Lleó de Zähringer de 1a classe amb espases]] (10 de gener de 1918)
: [[Fitxer:Order of the Crown (Württemberg).png|50px|Orde de la Corona de Württemberg]] [[Orde de la Corona (Württemberg)|Creu de Cavaller amb espases de l'orde de la Corona]] (Württemberg) (25 de gener de 1918)
: [[Fitxer:D-PRU Pour le Merite 1 BAR.svg|50px|Pour le Mérite]] [[Pour le Mérite]] (1 d'abril de 1918)
: [[Fitxer:Пластина на „Орден за Военна Заслуга“.jpg|50px|Orde del Mèrit Militar]] [[Orde del Mèrit Militar (Bulgària)|Creu de Comandant de l'orde del Mèrit Militar]] (Bulgària) (2 d'agost de 1918)
: [[Àliga de Silèsia]] de 1a i 2a classes (15 d'abril de 1921)
:[[Fitxer:DEU WH-Dienstauszeichnung (Heer-KM) 40Jahre BAR.svg|50px|Medalla del Llarg Servei a la Wehrmacht]] [[Medalles del Llarg Servei (Alemanya)|Medalla del Llarg Servei a la Wehrmacht de I i IV classe]]; el 12 de setembre de 1939 afegí les Fulles de Roure
: [[Fitxer:Anschluss Medal Bar.PNG|50px|Medalla de l'Anschluss]] [[Medalla del 13 de març de 1938]]
: [[Fitxer:Sudetenland Medal Bar.PNG|50px|Medalla de l'1 d'octubre de 1938]] [[Medalla de l'1 d'octubre de 1938]]
: [[Orde de la Corona de Iugoslàvia]] de 1a classe (juny de 1939)
:[[Fitxer:DEU EK 1Kl 1939Clasp BAR.svg|50px|Barra 1939 a la Creu de Ferro de I Classe]] [[Creu de Ferro|Barra 1939 a la Creu de Ferro de I Classe]] (22 de setembre de 1939)
: [[Fitxer:DEU EK 2Kl 1939Clasp BAR.svg|50px|Barra 1939 a la Creu de Ferro de II Classe]] [[Creu de Ferro|Barra 1939 a la Creu de Ferro de I Classe]] (22 de setembre de 1939)
:[[Fitxer:DEU EK Ritter BAR.svg|50px|Creu de Cavaller de la Creu de Ferro]] [[Creu de Cavaller de la Creu de Ferro]] (30 de setembre de 1939) 
: [[Fitxer:Cavaliere di Gran Croce OCI Kingdom BAR.svg|50px|Gran Creu de Cavaller de l'Orde de la Corona d'Itàlia]] [[Orde de la Corona d'Itàlia|Gran Creu de Cavaller de l'orde de la Corona d'Itàlia]] (27 d'agost de 1940)
:[[Fitxer:Ord.MichaeltheBrave-ribbon.jpg|50px|Orde de Miquel el Valent]] [[Orde de Miquel el Valent]] de 3a classe (Romania) (29 de juliol de 1942) 
:[[Fitxer:Ord.MichaeltheBrave-ribbon.jpg|50px|Orde de Miquel el Valent]] [[Orde de Miquel el Valent]] de 1a classe (Romania) (setembre de 1942)
: [[Fitxer:HUN Order of Merit of the Hungarian Rep (military) 1class BAR.svg|50px|Orde del Mèrit d'Hongria]] [[Orde del Mèrit de la República d'Hongria|Gran Creu de l'orde del Mèrit d'Hongria amb Espases]] (27 de novembre de 1942)
* 4 mencions al ''[[Wehrmachtbericht]]'' (7 d'agost de 1941, 19 de setembre de 1941, 18 d'octubre de 1941, 30 de maig de 1942)

== Referències ==
{{referències}}

== Enllaços externs ==
{{Commonscat|Fedor von Bock}}

* [Http://www.dhm.de/lemo/html/biografien/BockFedor/ Cronologia de la vida de Fedor von Bock] (en alemany)
{{Generalfeldmarschall del Tercer Reich}}
{{ORDENA:Fedor Von Bock}}	!--ORDENA generat per bot--
{{Autoritat}}
{{Enllaç AB|uk}}
{{Enllaç AB|zh}}

[[Categoria:Guanyadors de la Creu de Cavaller de la Creu de Ferro]]
[[Categoria:Mariscals de camp alemanys]]
[[Categoria:Membres de l'orde de la Casa de Hohenzollern]]
[[Categoria:Militars alemanys de la Primera Guerra Mundial]]
[[Categoria:Militars alemanys de la Segona Guerra Mundial]]
[[Categoria:Receptors de la Pour le Mérite (classe militar)]]</text>
      <sha1>40vayli7diodxli8jypazvi67djqk8u</sha1>
      <model>wikitext</model>
      <format>text/x-wiki</format>
    </revision>
  </page>