<page>
    <title>Olimpíada d'escacs de 1952</title>
    <ns>0</ns>
    <id>1059025</id>
    <revision>
      <id>13227040</id>
      <parentid>13225650</parentid>
      <timestamp>2014-04-13T14:31:45Z</timestamp>
      <contributor>
        <username>CarlesMartin</username>
        <id>43323</id>
      </contributor>
      <minor></minor>
      <comment>Suprimida [[Categoria:Escacs al segle XX]]; Afegida [[Categoria:Escacs a la dècada del 1950]] usant HotCat</comment>
      <text>L{{'}}'''[[Olimpíades d'escacs|olimpíada d'escacs]] de 1952''' fou la desena Olimpíada oficial d'[[escacs]], i la segona després de la [[Segona Guerra Mundial]]. Es va celebrar entre el [[9 d'agost]] i el [[31 d'agost]] a [[Hèlsinki]], poc després dels [[Jocs Olímpics d'estiu de 1952]]. L'única competició disputada fou un torneig ''obert''.refGeneralment denominat masculí, però era en realitat obert a qualssevol jugadors./ref

== Torneig ==
Hi varen participar 140 jugadors dividits en 25 equips, formats cadascun per quatre taulers; cada equip podia disposar de fins a dos suplents. Els equips es varen dividir en tres grups de vuit o nou components; els primers tres classificats de cada grup es varen classificar per la final per les medalles, mentre que els següents tres classificats jugaren una Final B i els restants una Final C. Fou la primera participació de la [[Unió Soviètica]].

=== Primera fase ===
Als primers dos grups no hi va haver massa lluita; [[Àustria]] era molt més feble que abans de la guerra, i fins i tot l'[[RDA]], tot i que acabà quarta, ho va fer amb cinc punts menys que [[Iugoslàvia]] (tercera). Al tercer grup, la [[Unió Soviètica]] no va perdre cap partida, mentre que [[Finlàndia]], els [[Estats Units]] i els [[Països Baixos]] es disputaven els dos darrers llocs classificatoris. A la penúltima ronda, encara, els Països Baixos perderen amb [[Israel]], que no podria depassar Finlàndia per classificar-se al seu torn per a la final.

A la taula següent, cada columna representa un grup; en negreta hi ha els equips classificats per a la final, en cursiva aquells que disputaren la Final B.
{{Columnes|100%}}
* '''{{ARG}}'''
* '''{{CSK}}'''
* ''{{CUB}}''
* ''{{DNK}}''
* ''{{ENG}}''
* '''{{RFA}}'''
* {{ISL}}
* {{LUX}}
* [[Fitxer:Flag of Saar.svg|20px|Sarre]] [[Sarre (protectorat)|Sarre]]
{{Columna nova}}
* ''{{AUT}}''
* {{BRA}}
* ''{{RDA}}''
* ''{{ITA}}''
* '''{{IUG-SFR}}'''
* {{NOR}}
* '''{{SWE}}'''
* '''{{HUN}}'''
{{Columna nova}}
* '''{{FIN}}'''
* {{GRC}}
* ''{{ISR}}''
* ''{{NLD}}''
* ''{{POL}}''
* '''{{USA}}'''
* {{SUI}}
* '''{{URS}}'''
{{Final columnes}}

=== Segona fase ===
La Final estigué composta per nou equips; com que cadascun tenia una ronda de descans, la tendència a la classificació no estava massa clara. La [[Unió Soviètica]] es trobava en el sisè lloc després de quatre rondes, a tres punts i mig de [[Iugoslàvia]], que anava al capdavant. Tres rondes més tard, tot i un empat doble amb [[Hongria]] i [[Txecoslovàquia]], eren tercers, a dos punts i mig de Iugoslàvia, a la qual van superar la següent ronda en guanyar 3,5-0,5 contra la [[RFA]], i Iugoslàvia, tot i superar els [[Estats Units]] a l'última ronda, va haver de conformar-se amb la medalla de bronze, després d'haver estat superat per l'[[Argentina]].

La Unió Soviètica i l'Argentina també van guanyar quatre de les medalles d'or individuals (dues per banda); [[Txecoslovàquia]], tot i que comptava amb només quatre jugadors, va reeixir en obtenir el quart lloc mercès principalment a la gran actuació de [[Čeněk Kottnauer|Kottnauer]] al quart tauler (12,5/15).ref name=CGbio{{ref-web|url=http://www.chessgames.com/perl/chessplayer?pid=22856 |títol=Nota biogràfica de [[Čeněk Kottnauer]]|consulta= 13 de gener de 2013 |obra= |editor= Chessgames.com |data= |llengua=anglès}}/ref

=== Resultats absoluts ===
==== Final A ====
{| {{prettytable|align=center|width=75%|text-align=right}}
|-
! Pos. !! Equip !! Jugadors !! Puntsref name=finNomés a la fase Final./ref
|-
| [[Fitxer:Gold medal.svg|20px|Medalla d'or]]
| style=text-align:left | {{URS}}
| style=text-align:left | ''GM''ref name=GM[[Gran Mestre Internacional|Gran Mestre]]/ref [[Paul Keres]], ''GM'' [[Vassili Smislov]], ''GM'' [[David Bronstein]], ''GM'' [[Efim Geller]], ''GM'' [[Isaac Boleslavsky]], ''GM'' [[Aleksandr Kótov]]
| 21
|-
| [[Fitxer:Silver medal.svg|20px|Medalla de plata]]
| style=text-align:left | {{ARG}}
| style=text-align:left | ''GM'' [[Miguel Najdorf]], ''MI''ref name=IM[[Mestre Internacional]]/ref [[Julio Bolbochán]], ''GM'' [[Erich Eliskases]], ''GM'' [[Herman Pilnik]], ''MI'' [[Hector Rossetto]]
| 19,5
|-
| [[Fitxer:Bronze medal.svg|20px|Medalla de bronze]]
| style=text-align:left | {{IUG-SFR}}
| style=text-align:left | ''GM'' [[Svetozar Gligorić]], ''MI'' [[Barslav Rabar]], ''MI'' [[Petar Trifunović]], ''MI'' [[Vasja Pirc]], ''MI'' [[Andrija Fuderer]], ''MI'' [[Borislav Milić]]
| 19
|-
| 4
| style=text-align:left | {{CSK}}
| style=text-align:left | [[Miroslav Filip]], ''MI'' [[Luděk Pachman]], ''MI'' [[Jaroslav Šajtar]], ''MI'' [[Čeněk Kottnauer]], ''MI'' [[František Zíta]], [[František Pithart]]
| 18
|-
| 5
| style=text-align:left | {{USA}}
| style=text-align:left | ''GM'' [[Samuel Reshevsky]], ''MI'' [[Larry Evans]], ''MI'' [[Robert Byrne]], ''MI'' [[Arthur Bisguier]], ''MI'' [[George Koltanowski]], [[Hans Berliner]]
| 17
|-
| 6
| style=text-align:left | {{HUN}}
| style=text-align:left | ''GM'' [[László Szabó]], ''MI'' [[Gedeon Barcza]], ''MI'' [[József Szily]], ''MI'' [[Tibor Flórián]], [[József Pogáts]], [[István Molnár]]
| 16
|-
| 7
| style=text-align:left | {{SWE}}
| style=text-align:left | ''GM'' [[Gideon Ståhlberg]], ''MI'' [[Gösta Stoltz]], ''MI'' [[Erik Lundin]], [[Kristian Sköld]], [[Inge Johansson]], [[Gösta Danielsson]]
| 13
|-
| 8
| style=text-align:left | {{RFA}}
| style=text-align:left | [[Rudolf Teschner]], ''MI'' [[Lothar Schmidt]], [[Gerhard Pfeiffer]], [[Herbert Heinicke]], [[Wilfried Lange]], ''MI'' [[Ludwig Rellstab]]
| 10,5
|-
| 9
| style=text-align:left | {{FIN}}
| style=text-align:left | ''MI'' [[Eero Böök]], ''MI'' [[Kaarle Ojanen]], ''MI'' [[Osmo Kaila]], [[Toivo Salo]], [[Aatos Fred]], [[Ilmari Niemelä]]
| 10
|}

==== Final B ====
{| {{prettytable|align=center|width=75%|text-align=right}}
|-
! Pos. !! Equip !! Jugadors !! Puntsref name=finSolo fase Final./ref
|-
| 10
| style=text-align:left | {{NLD}}
| style=text-align:left | ''MI''ref name=IM / [[Theodore Van Scheltinga]], ''MI'' [[Lodewijk Prins]], ''MI'' [[Jan Donner]], ''MI'' [[Nicolaas Cortlever]], [[Haije Kramer]], [[Johan Barendregt]]
| 21
|-
| 11
| style=text-align:left | {{ISR}}
| style=text-align:left | ''MI'' [[Moshe Czerniak]], [[Menachem Ore]], ''MI'' [[Yosef Porath]], [[Izak Aloni]], [[Albert Mandelbaum]]
| 19,5 
|-
| 12
| style=text-align:left | {{POL}}
| style=text-align:left | [[Alfred Tarnowski]], [[Andrzej Pytlakowski]], ''MI'' [[Kazimierz Plater]], [[Bogdan Śliwa]], [[Władysław Litmanowicz]], [[Izaak Grynfeld]]
| 16,5 
|}

==== Final C ====
{| {{prettytable|align=center|width=75%|text-align=right}}
|-
! Pos. !! Equip !! Jugadors !! Puntsref name=finSolo fase Final./ref
|-
| 19
| style=text-align:left | {{BRA}}
| style=text-align:left | ''MI'' [[Eugênio German]], [[João Souza Mendes]], [[José Mangini]], [[Flávio de Carvalho jr]], [[Oswaldo Cruz Filho]], [[Fernando Vasconcellos]]
| 18,5
|-
| 20
| style=text-align:left | {{GRC}}
| style=text-align:left | [[Georgios Gaitanaros]], [[Kostantinos Tsiknopoulos]], [[Fotis Mastihiadis]], [[Ioannis Anagnostou]], [[Theodoros Sakellaropoulos]], [[Aristides Zografakis]]
| 13,5 
|-
| 21
| style=text-align:left | {{NOR}}
| style=text-align:left | [[Aage Vestøl]], [[Erling Myhre]], [[Otto Morcken]], [[Ernst Rojahn]], [[Wilhelm Ramm]], [[E. Madsen]]
| 13 
|}

=== Resultats individuals ===
==== Primer tauler ====
{| {{prettytable|align=center|width=50%|text-align=right}}
|-
! !! Jugador !! Equip !! Final !! Punts !! Partides !! Percentatge
|-
| [[Fitxer:Gold medal.svg|20px|Medalla d'or]]
| style=text-align:left | ''GM''ref name=GM / [[Miguel Najdorf]]
| style=text-align:left | {{ARG}}
| A
| 12,5
| 16
| 78,1
|-
| [[Fitxer:Silver medal.svg|20px|Medalla de plata]]
| style=text-align:left | ''GM'' [[Gideon Ståhlberg]]
| style=text-align:left | {{SWE}}
| A
| 10
| 13
| 76,9
|-
| [[Fitxer:Bronze medal.svg|20px|Medalla de bronze]]
| style=text-align:left | ''GM'' [[László Szabó]] 
| style=text-align:left | {{HUN}}
| A
| 10,5
| 14
| 75
|}

==== Segon tauler ====
{| {{prettytable|align=center|width=50%|text-align=right}}
|-
! !! Jugador !! Equip !! Final !! Punts !! Partides !! Percentatge
|-
| [[Fitxer:Gold medal.svg|20px|Medalla d'or]]
| style=text-align:left | ''GM'' [[Vassili Smislov]]
| style=text-align:left | {{URS}}
| A
| 10,5
| 13
| 80,8
|-
| [[Fitxer:Silver medal.svg|20px|Medalla de plata]]
| style=text-align:left | ''MI''ref name=IM / [[Lothar Schimd]]
| style=text-align:left | {{RFA}}
| A
| 9
| 12
| 75
|-
| [[Fitxer:Bronze medal.svg|20px|Medalla de bronze]]
| style=text-align:left | ''MI'' [[Braslav Rabar]]
| style=text-align:left | {{IUG-SFR}}
| A
| 8
| 12
| 66,7
|}

==== Tercer tauler ====
{| {{prettytable|align=center|width=50%|text-align=right}}
|-
! !! Jugador !! Equip !! Final !! Punts !! Partides !! Percentatge
|-
| [[Fitxer:Gold medal.svg|20px|Medalla d'or]]
| style=text-align:left | ''GM'' [[David Bronstein]]
| style=text-align:left | {{URS}}
| A
| 8
| 10
| 80
|-
| [[Fitxer:Silver medal.svg|20px|Medalla de plata]]
| style=text-align:left | ''MI'' [[Jan Donner]]
| style=text-align:left | {{NLD}}
| B
| 10
| 13
| 79,6
|-
| [[Fitxer:Bronze medal.svg|20px|Medalla de bronze]]
| style=text-align:left | ''MI'' [[Robert Byrne]]
| style=text-align:left | {{USA}}
| A
| 10,5
| 15
| 70
|}

==== Quart tauler ====
{| {{prettytable|align=center|width=50%|text-align=right}}
|-
! !! Jugador !! Equip !! Final !! Punts !! Partides !! Percentatge
|-
| [[Fitxer:Gold medal.svg|20px|Medalla d'or]]
| style=text-align:left | ''MI'' [[Čeněk Kottnauer]]
| style=text-align:left | {{CSK}}
| A
| 12,5
| 15
| 83,3
|-
| rowspan=2 | [[Fitxer:Silver medal.svg|20px|Medalla de plata]]
| style=text-align:left | ''GM'' [[Efim Geller]]
| style=text-align:left | {{URS}}
| A
| 10,5
| 14
| rowspan=2 | 75
|-
| style=text-align:left | [[Bogdan Śliwa]]
| style=text-align:left | {{POL}}
| B
| 9
| 12
|}

==== Cinquè tauler (primer suplent) ====
{| {{prettytable|align=center|width=50%|text-align=right}}
|-
! !! Jugador !! Equip !! Final !! Punts !! Partides !! Percentatge
|-
| [[Fitxer:Gold medal.svg|20px|Medalla d'or]]
| style=text-align:left | ''MI'' [[Héctor Rossetto]]
| style=text-align:left | {{ARG}}
| A
| 8
| 10
| 80
|-
| [[Fitxer:Silver medal.svg|20px|Medalla de plata]]
| style=text-align:left | [[Dennis Horne]]
| style=text-align:left | {{ENG}}
| B
| 5,5
| 9
| 61,1
|-
| [[Fitxer:Bronze medal.svg|20px|Medalla de bronze]]
| style=text-align:left | [[Wilfried Lange]]
| style=text-align:left | {{RFA}}
| A
| 5
| 10
| 50
|}

==== Sisè tauler (segon suplent) ====
Només dos jugadors en aquest tauler varen jugar més de la meitat de les partides i foren per tant inclosos en aquesta classificació.

{| {{prettytable|align=center|width=50%|text-align=right}}
|-
! !! Jugador !! Equip !! Final !! Punts !! Partides !! Percentatge
|-
| [[Fitxer:Gold medal.svg|20px|Medalla d'or]]
| style=text-align:left | [[Ludwig Rellstab]]
| style=text-align:left | {{RFA}}
| A
| 6,5
| 9
| 72,2
|-
| [[Fitxer:Silver medal.svg|20px|Medalla de plata]]
| style=text-align:left | [[Izaak Grynfeld]]
| style=text-align:left | {{POL}}
| B
| 7
| 10
| 70
|}

== Notes i referències ==
{{referències}}

== Enllaços externs ==
* {{ref-web| url= http://www.olimpbase.org/1952/1952in.html |títol= Olimpíada d'escacs de 1952| editor= [[OlimpBase]]| llengua= anglès}}


{{Olimpíades d'escacs}}



{{ORDENA:Olimpiada D'Escacs De 1952}}	!--ORDENA generat per bot--
[[Categoria:Competicions esportives del 1952]]
[[Categoria:Olimpíades d'escacs|1952]]
[[Categoria:Esport a Hèlsinki]]
[[Categoria:Escacs a Finlàndia]]
[[Categoria:Competicions esportives a Finlàndia|Escacs]]
[[Categoria:Escacs a la dècada del 1950|1952]]</text>
      <sha1>qbestjip8yxbel48ta70xlk3qon3enm</sha1>
      <model>wikitext</model>
      <format>text/x-wiki</format>
    </revision>
  </page>