<page>
    <title>James Southerland</title>
    <ns>0</ns>
    <id>1060591</id>
    <revision>
      <id>13552751</id>
      <parentid>13552750</parentid>
      <timestamp>2014-06-09T04:07:58Z</timestamp>
      <contributor>
        <username>Langtoolbot</username>
        <id>128552</id>
      </contributor>
      <minor></minor>
      <comment>Corregit: accident al 1949  accident el 1949</comment>
      <text>{{VPHISMILCAT Infotaula biografia militar 
|name= James J. Southerland
|lived=  {{data naixement|1911|10|28}}– {{data defunció i edat|1949|1|12|1911|10|28}}
|placeofbirth= [[File:Flag of Pennsylvania.svg|23px|bandera de Pennsilvània]] Narbeth ([[Pennsilvània]])
 |placeofdeath= [[File: Flag of Florida.svg|23px|vora|bandera de Florida]] [[Jacksonville]] ([[Florida]])
|image= 
|caption=
|nickname=  Pug  
|allegiance= {{EUA}}  
|branch= [[Fitxer:United States Department of the Navy Seal.svg|20px|Marina dels Estats Units d'Amèrica]] [[Marina dels Estats Units]]
|serviceyears=1936-1949 
|rank=[[File: US Navy O5 infobox.svg|35px|Commander]] [[Comandant (Estats Units)|Comandant]]
|commands= VF-5, VF-83, VF-23
|battles[[II Guerra Mundial]]
*[[Campanya de Guadalcanal]]
*[[Batalla d'Okinawa]]
|awards= [[Creu dels Vols Distingits (Estats Units)| Creu dels Vols Distingits]] amb Estrella d'Or br [[Estrella de Plata]]br [[Cor Porpra]]
|laterwork= Instructor de vol
}}

'''James Julien Pug Southerland II''' (28 d'octubre de 1911 – 2 d'octubre de 1949) va ser un pilot de caça de la [[Marina dels Estats Units]] durant la [[Segona Guerra Mundial]]. Va aconseguir 5 victòries aèries (alguns recomptes li donen7), volant amb [[Grumman Wildcat|Grumman F4F ''Wildcats'']], rebent l'estatus d'[[as de l'aviació]]. Va ser condecorat amb dues [[Creu dels Vols Distingits (Estats Units)|Creus dels Vols Distingits]].

== Biografia ==
Nascut a Narbeth, al comtat de Montgomery ([[Pennsilvània]]), Southerland es graduà a l'[[Acadèmia Naval dels Estats Units]] a [[Annapolis]] ([[Maryland]]) el 1936. El contraalmirall David Richardson, va dir que Southerland adquirí el sobrenom Pug perquè era un boxejador belicós (''pugnacious'' en anglès) a l'acadèmia. Southerland esdevingué [[aviador]] i va voler seguir la seva carrera a la Marina.

=== Segona Guerra Mundial ===
A l'inici de la [[batalla de Guadalcanal]], el 7 d'agost de 1942, les forces estatunidenques bombardejaren les illes de Guadalcanal i Tulagi a l'[[Salomó (estat)|arxipèlag de les Salomó]]. Poc després de començar l'atac, 27 bombarders japonesos i una escorta de 17 caces s'enlairaren de [[Rabaul]], la base japonesa estratègica i més forta al Pacífic Sud. La seva missió era bombardejar els avions que donaven suport a l'atac americà.

El tinent Southerland comandava un grup de 8 ''Wildcats'' a bord del [[USS Saratoga (CV-3)|USS ''Saratoga'']] al Wildcat Battle Unit #5192. A causa dels errors de planificació i la pèrdua d'avions durant un exercici d'entrenament recent, aquests eren els únics avions disponibles per patrullar la zona de desembarcament. El vol de Southerland s'enlairà per interceptar els bombarders japonesos abans que poguessin arribar fins als vaixells americans.

Southerland va abatre el primer avió japonès de la [[campanya de Guadalcanal]], un bombarder [[Mitsubishi G4M|G4M1 Betty]] del 4t Kokutai, sota el comandament de Shizuo Yamada. Després d'abatre un segon bombarder, Southerland va haver de combatre contra el [[Zero Fighter|A6M2 Zero]] del Tainan Kokutai. Va aconseguir alinear-se amb el Zero només per descobrir que no podia disparar, probablement a causa dels danys ocasionats per l'artiller de cua del segon bombarder que havia abatut. Malgrat que estava indefens, Southerland continuà al combat. Dos Zeros més van enfrontar-se a ell, però aconseguí despistar-los. La lluita de gossos va ser vista per [[Saburo Sakai]], que sentí que el ''Wildcat'' estava guanyant l'enfrontament. Southerland i Sakai aviat iniciaren el que seria una de les lluites de gossos més llegendàries de la història de l'aviació. Després d'un llarg combat en que tots dos guanyaren la mà superior, Sakai finalment va aconseguir abatre el ''Wildcat'' de Sotherland, després d'aconseguir destruir la base de l'ala amb el seu canó de 20mm. Mentre que Southerland saltava del ''Wildcat'', la seva [[pistola M1911|pistola calibre .45]] quedà a la cabina, deixant-lo desarmat, ferit i sol darrere les línies enemigues.

Patint d'onze ferides i exhaust, Southerland aconseguí arribar a la costa evitant els soldats japonesos, on va ser trobat per uns nadius, que a risc de les seves vides l'alimentaren i li curaren les ferides. Amb el seu ajut, eludí les tropes japoneses i aconseguí tornar fins a les línies americanes. Southerland va ser evacuat de Guadalcanal en el primer avió que aterrà a Henderson Field, el 20 d'agost.

Posteriorment Southerland lluità a la [[batalla d'Okinawa]] el 1945. Llavors ja era comandant i comandava el VF-83 a bord del [[USS Essex (CV-9)|USS ''Essex'']], abatent dos [[Kawasaki Ki-61|Ki-61 Tonys]]. Esdevingué [[as de l'aviació]] a l'abril, en abatre un [[A6M Zero|A6M Zeke]] mentre que servia a bord del [[USS Langley (CVL-27)|USS ''Langley'']].

=== Després de la guerra ===
Després de la guerra, Southerland esdevingué instructor de vol a l'Acadèmia Naval dels Estats Units. Va morir en un accident el 1949 mentre que s'enlairava amb un reactor des d'un portaavions davant la costa de Florida.

== Condecoracions ==
* [[fitxer:Silver Star ribbon.svg|75px|SS]] [[Estrella de Plata]] 
* [[Fitxer:Legion of Merit ribbon.svg|75px|Legion of Merit]] [[Legió del Mèrit]]
* [[fitxer:Distinguished Flying Cross ribbon.svg|75px|DFC]] [[Creu dels Vols Distingits (Estats Units)| Creu dels Vols Distingits]] amb Estrella d'Or
* [[fitxer:Purple Heart BAR.svg|75px|Purple Heart]] [[Cor Porpra]]
* [[File:Asiatic-Pacific Campaign ribbon.svg|75px|Pacific campaign]] [[Medalla de la Campanya Asiàtica-Pacífica]]
* [[File:World War II Victory Medal ribbon.svg|75px|VictoryXX2]] [[Medalla de la Victòria a la II Guerra Mundial (Estats Units)| Medalla de la Victòria a la II Guerra Mundial]]

==Referències==
*The Associated Press. Flier Fights 31 Japanese Planes; Has 11 Wounds When He Bails Out; Lieut. Southerland of Navy, Back From the Solomons, Recounts Air Battle and Escape With Natives' Help. New York Times. Mar 15, 1943.
*Hammel, Eric.  ''Carrier Clash: The Invasion of Guadalcanal and the Battle of the Eastern Solomons August 1942.'' Zenith Press, 2004. ISBN 0-7603-2052-7
*Sakai, Saburo. ''Samurai!'' I Books; New Ed edition, 2001. ISBN 0-7434-1283-4
*Styling, Mark. ''The Blue Devils.'' Osprey Publishing, 2003. ISBN 1-84176-735-2

==Enllaços externs==
*[http://hsfeatures.com/f4f4rf_1.htm Account of Sutherland's fight with Saburo Sakai]
*[http://www.pacificwrecks.com/people/veterans/sakai/southerland.html Excerpt from Saburo Sakai's book ''Samurai!'' about their famous dogfight.]
*[http://www.pbs.org/wnet/secrets/episodes/dogfight-over-guadalcanal/240/ Dogfight Over Guadalcanal]  Documentary produced by the [[PBS]] Series [[Secrets of the Dead]]

{{ORDENA:Southerland, Pug}}

[[Categoria:Asos de l'aviació de la Segona Guerra Mundial]]
[[Categoria:Membres de la Marina dels Estats Units]]
[[Categoria:Militars estatunidencs de la Segona Guerra Mundial]]
[[Categoria:Persones de Pennsilvània]]
[[Categoria:Receptors de la Creu dels Vols Distingits (Estats Units)]]
[[Categoria:Receptors de la Legió del Mèrit]]</text>
      <sha1>sdt5zj4hfdu8zwlwl0wfjzv0vadbpru</sha1>
      <model>wikitext</model>
      <format>text/x-wiki</format>
    </revision>
  </page>