<page>
    <title>Port Harcourt</title>
    <ns>0</ns>
    <id>1061642</id>
    <revision>
      <id>13886999</id>
      <parentid>13881978</parentid>
      <timestamp>2014-07-24T17:03:41Z</timestamp>
      <contributor>
        <username>ArnauBot</username>
        <id>90823</id>
      </contributor>
      <comment>Robot estandarditza i catalanitza referències, catalanitza dates i fa altres canvis menors</comment>
      <text>[[Fitxer:PH Montage.jpg|thumb|Port Harcourt]]
[[Fitxer:Niger river mapfr.png|thumb|Port Harcourt a la desembocadura del riu Niger]]

'''Port Harcourt''' és la capital i ciutat principal de l'estat de [[Rivers]] al sud de [[Nigèria]]. Està situada sobre el [[Delta del Níger]]. Rep aquest nom per [[Lewis Vernon Harcourt]], que va ser el secretari d’estat britànic de les colònies de [[1910]] a [[1915]]. El 2006 tenia 1,382,592 habitants. La seva zona metropolitana tenia 1.947.000 habitants


== Història ==

Aquesta ciutat va ser fundada pels colonitzadors britànics el [[1912]] en un territori anomenat “Diobu”,ref name=Njoku{{ref-publicació|títol=Eastern Nigeria Under British Rule |nom=Onwuka N |cognom=Njoku |pàgina=23 |editorial=[[University of Nigeria, Nsukka]] |data= octubre 2008 |publicació=Department of History, University of Nigeria |format=PDF |url=http://repository.unn.edu.ng/index.php/Download-document/8785-Eastern-Nigeria-Under-British-Rule.html}}/refref name=diobu{{ref-llibre|títol=A history of the Igbo people |nom=Elizabeth Allo |cognom=Isichei |pàgina=200 |editorial=Macmillan |any=1976 |isbn=0-312-37975-7}}/ref originàriament poblat per l'[[ètnia]] [[Idjos|idjo]] o [[Ikwerres|ikwerre]] un subgrup dels Igbo.ref name = Nri{{ref-llibre|títol = Nri Kingdom  Hegemony |nom = M.A |cognom= Onwuejeogwu |editorial = [[Ethnographica]] |any = 1981 |isbn = 0905788087}}/ref En un principi, la ciutat serví de port d'exportació del carbó que provenia de les mines d'[[Enugu]] situades a 240 km al nord de Port harcourt,ref name=easternline{{ref-llibre|títol=The Nigeria handbook |autor=Nigeria, Chief Secretary's Office |edició=10a ed.|pàgina=83 |lloc=Eastern Line |editorial=Government Printer, Lagos|any=1933}}/ref els dos punts estaven units per un ferrocarril, Eastern Line, construït pels britànics.ref name=Williams{{ref-llibre|títol=Nigeria: The Bradt Travel Guide |nom=Lizzie |cognom=Williams |pàgina=200 |editorial=Bradt Travel Guides |any=2008 |isbn=1-841-62239-7 |url=http://books.google.com/books?id=fwuQ71ZbaOcCpg=PA200}}/refref name=easternline/ref{{ref-llibre|títol=Geographical Regions of Nigeria |nom=Reuben K. |cognom=Udo |pàgina=85 |editorial=University of California Press |any=1970}}/ref

Durant la [[Segona Guerra Mundial]] Port Harcourt va ser usat com un punt d’operacions militars contra els alemanys del Camerun.ref{{ref-notícia|url=http://www.sunnewsonline.com/webpages/features/travels/2004/mar/11/travels-mar11-01.htm|títol=Port Harcourt: Garden City with few flowers|cognom=Archibong|nom=Maurice|data= 11 març 2004|obra=The Daily Sun|editorial=The Sun Publishing Limited|consulta=2010-10-30}}/ref 

Des dels anys 1990 la ciutat ha estat escenari de nombosos fets violents pel control del petroli. Per exemple, l’any [[1995]] l’escriptor i activista polític [[Ken Saro-Wiwa]] va ser penjat a la forca pel govern militar.

==Geografia i clima==
La part metropolitana de Port Harcourt (Port Harcourt Urban Area) la compon la mateixa ciutat i parts d’[[Obio/Akpor]] Local Government Area.refOgbonna, D.N. / Amangabara, G.T. / Ekere, T.O.: [http://www.emeraldinsight.com/Insight/ViewContentServlet?Filename=Published/EmeraldFullTextArticle/Articles/0830180107.html Urban solid waste generation in Port Harcourt metropolis and its implications for waste management], ''Management of Environmental Quality: An International Journal'', Volume: 18 Issue: 1; 2007/ref Port Harcourt City, està molt congestionada i és l'única ciutat important de l’Estat Rivers (Rivers State). És la cinquena ciutat més poblada de Nigèria només la superen [[Lagos]], [[Kano]], [[Ibadan]] i [[Abuja]] t.

{{climate chart
|Port Harcourt
|21|32|29
|23|33|62
|23|33|135
|23|32|188
|23|31|235
|23|30|289
|22|29|345
|22|29|302
|22|29|367
|22|30|246
|22|31|67
|21|32|20
|float=left}}
Port Harcourt té un [[clima monsònic]] tropical amb una llarga [[estació humida]] i una curta [[estació seca]]. Només els mesos de desembre i gener són realment secs. El vent [[harmattan]], que influeix en el clima de moltes ciutats de l’oest d’Àfrica, no és tan pronunciat a Port Harcourt. Les precipitacions més importants a Port Harcourt ocorren durant setembre amb una mitjana de of 370 mm de pluja. Les temperatures són força constants al llarg de l’any. La mitjana típica és entre 25°C-28°C.


== Economia ==
Es va descobrir petroli l’any [[1956]] a [[Oloibiri]] i l’economia de Port Harcourt es va basar des d'aleshores en el petroli ies va modernitzar la seva urbanització. Actualment diverses companyies petrolieres hi tenen oficines incloent a [[Royal Dutch Shell]] i [[Chevron Corporation|Chevron]].ref{{ref-notícia|títol=Slum demolition plan ups tension in Nigeria oil hub |nom=Austin |cognom=Ekeinde |data= 28 octubre 2010 |pàgina=2 |editorial=[[Reuters]] Africa |url=http://af.reuters.com/article/worldNews/idAFTRE69R2SF20101028?pageNumber=2virtualBrandChannel=0 |consulta=2010-10-28}}/ref

Port Harcourt és la principal ciutat de Nigèria pel que fa a la refinació del petroli i la indústria petrolera hi té un lloc preponderant. La pesca és una altra activitat important.

A Port Harcourt es troba la seu del TEPNG, filial del grup [[Total SA|TOTAL]]. 

* Port Harcourt està unit per ferrocarril amb [[Maiduguri]].
* La ciutat compta amb un aeroport internacional
==Persones notables==
*[[Saint Obi]], actor, productor i director de cinema de [[Nollywood]].
*[[George Abbey]], futbolista internacional, antic jugador del club anglès [[Crewe Alexandra F.C.]]ref[http://www.soccerbase.com/players/player.sd?player_id=17384 abbey a soccerbase]/ref
*[[Echendu Adiele]], futbolista, antic jugador a diversos equips alemanys.ref[http://www.fussballdaten.de/spieler/echenduadiele/2010/ adiele a fussballdaten.de]/ref 
*[[Friday Ahunanya]], boxejador professional.ref[http://boxrec.com/list_bouts.php?human_id=017665cat=boxer ahunanya a boxrec.com]/ref
*Mercy Akyde, ex-futbolista.ref[http://www.sports-reference.com/olympics/athletes/ak/mercy-akide-1.html Akyde a sports-reference.com]/ref
*[[Diezani Alison-Madueke]], polítics, antiga ministra federal de Nigèria de Transports, de Mines i de Petroli.ref[http://en.wikipedia.org/wiki/Diezani_Alison-Madueke Diezani Alison-Madueke a la Wikipedia {{en}}]/ref
*Mactabene Amachree, antiga jugadora professional de [[bàsquet]]. Fou la primera dona nigeriana que va jugar a la [[WNBA]].ref[http://www.wnba.com/playerfile/mactabene_amachree/index.html amachree a wnba.com]/ref
*Thankgod Amaefule, jugador professional de [[futbol]] que havia jugat a les lligues grega i polaca.ref[http://www.90minut.pl/kariera.php?id=2572 Amaefule a 90minut.pl en polonès]/ref
*[[A. Igoni Barrett]]. Escriptor.ref[http://www.themillions.com/2012/09/i-want-to-be-a-book-on-becoming-a-writer.html Igoni Barrett a themillions.com]/ref
*[[Duncan Dokiwari]], [[boxejador]] professional, guanyador d'una medalla de bronze als [[Jocs Olímpics d'estiu de 1996]] d'[[Atlanta]].ref[http://boxrec.com/list_bouts.php?human_id=14747cat=boxer Doriwari a Boxrec.com]/ref
*[[Eddy Lord Dombraye]], [[futbolista]] professional internacional amb la selecció sub-20 de Nigèria.ref[http://and.worldfootball.net/spieler_profil/eddy-dombraye/ Dombraye a worldfootball.net]/ref
*[[Obinna Ekezie]], antic jugador professional de [[bàsquet]] que va jugar a l'[[NBA]] i a les lligues de [[Sèrbia]], [[Itàlia]] i [[Rússia]].ref[http://www.nba.com/playerfile/obinna_ekezie/index.html Ekezie a nba.com]/ref
*Dino Eze, futbolista professional, jugador de la lliga romanesa.ref[http://www.romaniansoccer.ro/players/e/eze_dino.shtml Dino Eze a romaniansoccer.ro]/ref
*[[Samuel Francis]], atleta nacionalitzat de [[Qatar]], guanyador de diverses medalles d'or en campionats del continent asiàtic.ref[http://www.iaaf.org/athletes/qatar/samuel-francis Francis a iaaf.org]/ref
*[[Finidi George]] ex-[[futbolista]] internacional amb la selecció absoluta de [[Nigèria]] i jugador del [[Reial Club Deportiu Mallorca]] i del Betis.
*[[John Ibeh]], [[futbolista]] professional, jugador a la lliga de [[Romania]].ref[http://www.football-lineups.com/footballer/28669/ Ibeh a football-lineups.com]/ref
*[[Bernie Ibini-Isei]], [[futbolista]] internacional amb les seleccions sub-20 i sub-23 d'[[Austràlia]]. Juga a la lliga d'aquest país.ref[http://www.footballaustralia.com.au/centralcoastmariners/players/Bernie-Ibini-Isei/3830 Ibini-Isei a footballaustralia.com.au]/ref
*[[Manasseh Ishiaku]], [[futbolista]] professional internacional amb la Selecció Absoluta de [[Nigèria]] que ha jugat a les lligues francesa, belga i alemanya.ref[http://www.national-football-teams.com/v2/player.php?id=24437 Ishiaku a national-football-teams.com]]/ref
*John Jumbo, futbolista professional, internacional amb la Selecció Sub-20 de Nigèria.ref[http://www.mybestplay.com/players/soccer-forward-nasigbajohn-jumbo-80811ii3.html John-Jumbo a mybestplay.com]/ref
*[[Patiente Jonathan]], primera dama de Nigèria, esposa del president [[Goodluck Jonathan]].ref[http://www.africa-confidential.com/whos-who-profile/id/3317 Jonathan a africa-confidential.com]/ref
*[[Davis Mac-Iyala]], activista pels drets [[LGBT]] de Nigèria.ref[http://en.wikipedia.org/wiki/Davis_Mac-Iyalla#cite_note-1 Mac-Iyala a la Wikipedia en anglès]/ref
*Peter Nieketien, ex-futbolista professional, internacional amb les seleccions sub-17 i sub-20 de Nigèria.ref[http://www.fifa.com/worldfootball/statisticsandrecords/players/player=193122/ Nieketien a fifa.com]/ref
*Chimaroke Nnamani, ex-governador de l'[[estat d'Enugu]].
*[[Ike Nwachukwu]], ex-Ministre d'afers exteriors de Nigèria i ex-governador de l'[[estat d'Imo]], guanyador de molts premis nacionals i internacionals, entre ells el de la Gran Cruz del Orden del Mérito Civil de España, donat pel rei [[Joan Carles I d'Espanya]].ref[http://www.nigeriamasterweb.com/NwachukwuNigerianImage.html Nwachukwu a nigeriamasterweb.com]/ref
*[[Chidi Nwanu]], ex-futbolista professional. Fou internacional amb Nigèria a la [[Copa del Món de Futbol de 1994]] i als [[Jocs Olímics d'estiu de 1988]] de [[Seul]].ref[http://www.national-football-teams.com/v2/player.php?id=15397 nwani a national-football-teams.com]/ref
*[[Benji Nzeakor]] ex futbolista professional internacional amb la selecció absoluta de Nigèria.
*[[Obinna Charles Okwelume]], professor universitari, escriptor i guionista.
*Daniel Onyekachi, futbolista professional.ref[http://www.90minut.pl/kariera.php?id=6393 onyekachi a 90minut.pl]/ref
*Richard Daddy Owubokiri. Ex-futbolista professional, internacional amb la selecció absoluta de Nigèria.ref[http://www.national-football-teams.com/v2/player.php?id=15733 Ricky a national-football-teams.com]/ref
*[[Zina Saro-Wiwa]], video-artista i directora de cinema.ref[http://www.bbc.co.uk/pressoffice/pressreleases/stories/2004/11_november/01/culture_biographies.shtml#zina biografia a bbc.co.uk]/ref
*Enetimi Alfred Odom, [[Timaya]], cantant i compositor de cançons. Guanyador de diversos premis com el Premi Nacional de Música 2008 a l'album de l'any de Nigèria i premis mundials de Hip Hop el 2008, 2009 i 2010.ref[http://allafrica.com/stories/201105301044.html Timaya a allafrica.com]/ref
*Nwankwo Tochukwu, futbolista professional que juga a la lliga d'[[Eslovènia]].ref[http://www.fckoper.si/index.php/index.php?page=igralecitem=129tree_root=10target=clanid=582 Tochukwu a fckoper.si]/ref
*Colin Udoh, periodista i presentador de televisió especialista en esports.
*[[Adewale Wahab]], futbolita professional, internacional amb la selecció absoluta de Nigèria.ref[http://es.soccerway.com/players/adewale-dauda-wahab/4013/ wahab a soccerway.com]/ref
*[[Taribo West]], ex-futbolista professional, internacional amb la selecció absoluta de Nigèria.ref[http://www.soccerbase.com/players/player.sd?player_id=14424 West a soccerbase.com]/ref
*[[Albert Yobo]], ex-futbolista professional, internacional amb la selecció sub-17 i absoluta de Nigèria.
*[[Joseph Yobo]], futbolista professional, internacional amb la selecció absoluta de Nigèria.ref[http://www.fifa.com/worldfootball/statisticsandrecords/players/player=178403/ joseph Yobo a fifa.com]/ref

==Referències==
{{Referències}}
== Vegeu també ==
*[[Ikwerres]]

==Enllaços externs==
{{commons|Category:Port Harcourt|Port Harcourt}} 
*[http://www.gphcity.com Greater Port Harcourt City Development Authority]
*[http://www.oyibosonline.com The Expat's Guide to Port Harcourt]
*[http://www.riversstatenigeria.net/index/120-Govt_Project_Pictures.php Official Site of the River State Government]
*[http://www.demographia.com/db-worldua.pdf]

{{cal coor Àfrica}}

{{ORDENA:Port Harcourt}}	!--ORDENA generat per bot--
[[Categoria:Ciutats de Nigèria]]
[[Categoria:Rivers]]</text>
      <sha1>ngmq9qt4pasb9vv7qucewlo15t2of2b</sha1>
      <model>wikitext</model>
      <format>text/x-wiki</format>
    </revision>
  </page>