<page>
    <title>Actes de capitulació del Tercer Reich</title>
    <ns>0</ns>
    <id>1061474</id>
    <revision>
      <id>13981676</id>
      <parentid>13853725</parentid>
      <timestamp>2014-08-28T17:42:15Z</timestamp>
      <contributor>
        <username>JoRobot</username>
        <id>24498</id>
      </contributor>
      <minor></minor>
      <comment>Robot canvia small per {{mida}} o {{referències|1}} i treu smalls que sobraven</comment>
      <text>{{Infotaula tractat
| name = Acta de Capitulació del Tercer Reich
| long_name =
| image = German instrument of surrender2.jpg
| image_width = 250px
| caption = L'Acta de rendició signada a Reims
| type = Tractat de Pau
| date_drafted =
| date_signed = 7 de maig de 1945
| location_signed = [[Reims]], França
| date_sealed =
| date_effective = 8 de maig de 1945
| condition_effective = rendició efectiva de les forces armades alemanyes
| date_expiration =
| signatories = {{USA}} br {{URS}} br {{UK}} br {{FRA}} br{{bandera|Alemanya nazi}} [[Tercer Reich]]
| ratifiers =
| depositor = 
| language = 
| languages = [[anglès]] i [[rus]]
| Motiu = Fi de la [[Segona Guerra Mundial]]
| Efecte= 
| wikisource = en: German Instrument of Surrender (7 May 1945)
}}
L''''Acta de la Capitulació del Tercer Reich''' ([[alemany]]:'' Bedingungslose Kapitulation der Wehrmacht'') va ser el document legal que establí la [[capitulació]] del [[Tercer Reich]], [[Final de la Segona Guerra Mundial a Europa|finalitzant així la II Guerra Mundial a Europa]]. Va ser signat pels representants de l'[[Oberkommando der Wehrmacht]] (OKW) i de la Força Expedicionària a Europa, conjuntament amb l'Alt Comandament soviètic, amb el representant francès signant com a testimoni el 7 de maig, i signat de nou pels representants dels tres serveis armats de l'OKW i la Força Expedicionària Aliada conjuntament amb l'Alt Comandament Suprem de l'Exèrcit Roig i amb els representants de França i dels Estats Units signant com a testimonis el 8 de maig de 1945. 

La data ha passat a conèixer-se a l'oest com a [[Dia de la Victòria a Europa]], mentre que als estats postsoviètics el [[Dia de la Victòria (Europa Oriental)|Dia de la Victòria]] és el 9 de maig, car va ser signat quan ja havia passat la mitjanit segons l'horari de Moscou. A Alemanya és conegut com el Dia de la Capitulació (''Tag der Kapitulation'').ref ''Grosshistoricher Weltatlas'', 1965 edition See end of World War II map /ref

El document té 3 traduccions. Les versions en anglès i en rus són les considerades com les originals.

== Rerefons ==
Els preparatius del text del document de rendició començaren el 1944, a la [[Comissió Consultiva Europea]] (EAC – ''European Advisory Commission''), formada pels representants estatudidencs, soviètics I britànics. El 3 de gener de 1944, el Comitè de Treball de Seguretat de la EAC proposà:
blockquote
''que la capitulació d'Alemanya ha de ser en un únic document de rendició incondicional.''refMemorandum by the Working Security Committee, 3rd January 1944, ''Foreign Relations of the United States 1944'', vol I, p. 101/ref
/blockquote
El comitè a més suggerí que el document de rendició fos signat pels representants de l'Alt Comandament alemany. Les consideracions darrere aquest suggeriment eren per evitat la repetició de la [[llegenda del punyal per l'esquena]], creat a Alemanya després de la derrota a la [[I Guerra Mundial]], car l'[[Armistici de Compiegne de 1918|acta de rendició de novembre de 1918]] va ser signat pels representants del govern alemany i els cercles militars posteriorment afirmarien que l'Alt Comandament no era responsable de la derrota.

No tots es mostraren d'acord amb les previsions del Comitè veient el final de la guerra. El representant britànic a l'EAC, [[William Strang]], afirmà que
blockquote
''És impossible preveure en quines circumstàncies se suspendran les hostilitats amb Alemanya. No podem dir, a més, quina mena de procediment serà el més adequat; ja sigui, per exemple, si trobarem millor tenir un armistici ple i detallat; o un armistici més curt conferint poders generals; o potser no hi haurà un armistici al final, sinó que hi haurà una sèrie de capitulacions locals fetes pels comandants enemics.''refMemorandum by Lord Strang, 15th January 1944, ''Foreign Relations of the United States 1944'', vol. I, p. 113/ref 
/blockquote

Els termes per la rendició d'Alemanya es discutiren en la primera reunió de l'EAC, el 14 de gener de 1944.

El 14 de març de 1945, l'EAC celebrà una reunió amb els representants de Txecoslovàquia, els Països Baixos, Bèlgica, Luxemburg, Noruega, Iugoslàvia i Grècia per la publicació del document de rendició. El govern txecoslovac proposà que el document hauria d'incloure un paràgraf contra l'adquisició de territoris per la força i hauria de fer menció a la responsabilitat de l'Estat Alemany sobre la guerra. Els governs de Bèlgica, els Països Baixos i Luxemburg, preocupats per les seves posicions com a les nacions Aliades menors, recomanaren que el document hauria d'incloure un reconeixement específic de la part que haurien de jugar els estats petits sobre el control d'Alemanya. El govern noruec demanà que el document inclogués una referència específica a la petició de rendició de les tropes alemanyes a Noruega. El govern iugoslau declarà la seva intenció d'abstenir-se de qualsevol recomanació específica fins que s'hagués arribat a un acord de govern d'unitat entre [[Josip Broz Tito]] i el Primer Ministre [[Ivan Šubašić]]. El govern grec demanà incloure al document una petició per totes les forces alemanyes que poguessin quedar al territori grec en el moment de la capitulació perquè rendissin el seu equipament al Reial Govern grec.refReport of the Allied Consultation Committee to the European Advisory Commission, 14th March 1945 ''Foreign Relations of the United States 1945'', vol. III, pp. 191–198/ref

== La cerimònia de rendició ==
=== La rendició a Reims ===
[[File:Kapitulation-reims.gif|thumb|right|El [[coronel General|General]] [[Alfred Jodl]] signant la capitulació a Reims.]]
Quan arribaren les notícies que Hitler havia decidit suïcidar-se en lloc de ser capturat, els caps de l'[[OKW]], el [[Mariscal de Camp (Alemanya)|''Feldmarshall'']] [[Wilhelm Keitel|Keitel]] i el general [[coronel General|General]] [[Alfred Jodl]], decidiren esperar ordres del ''[[Reichsmarschall]]'' [[Hermann Göring]], el qual, en absència de Hitler, era el màxim oficial de l'[[Alemanya Nazi]]. Però la junta militar va ser posteriorment informada que Göring havia estat rellevat dels seus càrrecs després del seu intent d'usurpar el poder, i el ''[[Gran Almirall|Großadmiral]]'' [[Karl Dönitz]] havia estat nomenat en lloc seu. Dönitz acordà rendir-se als Aliats. La primera acta de rendició va ser signada a la ciutat francesa de [[Reims]], a les 02:41, [[Hora Central Europea|CET]] el 7 de maig de 1945. La signatura va tenir lloc a una escola que serví com a seu del [[Quarter General Suprem Aliat de la Força Expedicionària]] (SHAEF).ref name=westcott[http://news.bbc.co.uk/1/hi/world/europe/4497947.stm ''I remember the German surrender''], Kathryn Westcott, [[BBC News]], 4 May 2005./ref Havia de ser efectiu a les 23:01 CET de 8 de maig.ref[http://avalon.law.yale.edu/subject_menus/gsmenu.asp ''Act of Military Surrender Signed at Rheims at 0241 on the 7th day of May 1945''], [[The Avalon Project]], [[Yale Law School]], © 1996–2007, [[The Lillian Goldman Law Library in Memory of Sol Goldman]]./ref

La [[rendició incondicional]] de les [[Wehrmacht|forces armades alemanyes]] va ser signada pel [[coronel General|''Generaloberst'']] [[Alfred Jodl]], en nom del ''[[Oberkommando der Wehrmacht]]'' (OKW) i com a representant del [[Reichspräsident|President del Reich]], [[Karl Dönitz]]. El general estatunidenc [[Walter Bedell Smith|Bedell Smith]] signà en nom dels Aliats Occidentals, el general [[Ivan Susloparov]] signà en nom dels soviètics;ref{{cite video
 | year =1945
 | title =Video: Beaten Nazis Sign Historic Surrender, 1945/05/14 (1945)
 | url =http://www.archive.org/details/1945-05-14_Beaten_Nazis_Sign_Historic_Surrender
 | publisher =[[Universal Newsreel]]
 | accessdate = 20 febrer 2012
}}/ref i el general de brigada francès [[François Sevez]] signà com a testimoni oficial.

gallery
Fitxer: Allied Commanders after Germany Surrendered.jpg|Els comandants aliats celebren la signatura de la rendició.{{mida|85%| D'esquerra a dreta: general [[Ivan Susloparov|Susloparov]], tinent general [[Frederick E. Morgan|Morgan]], tinent general [[Walter Bedell Smith|Bedell Smith]], capità [[Kay Summersby|Summersby]] (ocult), [[Harry C. Butcher|Butcher]], General [[Dwight D. Eisenhower|Eisenhower]] i mariscal de l'aire [[Arthur Tedder|Tedder]]}}
Fitxer: Musée de la reddition F. Sevez.JPG| [[Walter Bedell Smith]], [[François Sevez]] i [[Ivan Susloparov]] davant la seu del SHAEF a Reims
Fitxer: Jodl surrender front view.JPG|El general [[Alfred Jodl]] (entre el major [[Wilhelm Oxenius]] a l'esquerra i l'almirall general [[Hans-Georg von Friedeburg]] a la dreta) signant l'Acta de Rendició alemanya a Reims
Fitxer: Musée de la reddition War Room 04.JPG|Museu de la Rendició de Reims 
/gallery

==== Text de l'Acta de capitulació del 7 de maig de 1945 a Reims ====
centerACTA DE RENDICIÓ MILITAR/center

# Els sota signants, actuant en nom de l'Alt Comandament Alemany, declarem per la present que oferim la rendició sense condició al Comandant Suprem de les Forces Expedicionàries Aliades i, simultàniament a l'Alt Comandament soviètic, de totes les forces de terra, mar i aire que es troben en aquesta data sota control alemany.
# L'Alt Comandament alemany transmetrà immediatament a totes les autoritats militars navals i aèries alemanyes i a totes les autoritats militars sota control alemany l'ordre de deixar de prendre part a les operacions actives a les 23 hores 01 minuts de l'Europa Central el 8 de maig i de restar a les posicions que ocupin en aquell moment. Cap navili ni cap avió serà enfonsat ni se li farà cap mal al seu casc, a les seves màquines o al seu equip.
# L'Alt Comandament Alemany adreçarà immediatament als comandants de les forces interessades totes les ordres donades pel Comandant suprem de les Forces Expedicionàries Aliades i per l'Alt Comandament soviètic, i s'assegurarà de la seva execució.
# Aquesta acta de rendició militar s'entén sense prejudici del futur i serà substituït per un altre instrument general de rendició que serà imposat per o en nom de les Nacions Unides i serà aplicable a Alemanya i a les forces armades alemanyes en el seu conjunt.
# En el cas que l'Alt Comandament alemany o de forces sota el seu control no actuessin d'acord aquest acte de rendició, el Comandament Suprem de les Forces Expedicionàries Aliades i l'Alt Comandament soviètic realitzaran les accions punitives o d'altres que considerin apropiades.

Signat a Reims França a les 2 hores 41, el 7 de maig de 1945.

En nom de l'Alt Comandament alemany
: Signatura del [[Alfred Jodl|general Jodl]]

En nom del Comandant Suprem de les Forces Expedicionàries Aliades
: Signatura del [[Walter Bedell Smith|general Bedell Smith]]

En nom de l'Alt Comandament soviètic
: Signatura del [[Ivan Susloparov|general Susloparov]]

General, Exèrcit francès (Témoin)
: Signatura del [[François Sevez|general Sevez]]

=== La rendició a Berlín ===
[[Fitxer:Zhukov reads capitulation act.jpg|right|thumb|El [[Mariscal de la Unió Soviètica|Mariscal]] [[Gueorgui Júkov]] llegint la capitulació alemanya a Berlín. A la seva dreta seu el [[Mariscal en Cap de l'Aire]] [[Arthur Tedder]].]]
[[Fitxer:Wilhelm Keitel Kapitulation.jpg|right|thumb|El [[Generalfeldmarschall|Mariscal]] [[Wilhelm Keitel]] signant els termes de rendició per l'exèrcit alemany a Berlín.]]
Com que la cerimònia de Reims va ser realitzada pels Aliats occidentals sense l'acord del comandament soviètic, poc després que el representant soviètic signés el document, els soviètics anunciaren que el seu representant a Reims, general Susloparov, no tenia autoritat per signar aquell document.ref name=pinkusPinkus, p. 501-3/ref A més, es trobà que el document signat a Reims diferia de l'esborrany anteriorment preparat, que havia estat aprovat pels Tres Grans.ref name=pinkus/ A més la Wehrmacht es negà a rendir les armes i la lluita continuà a Txecoslovàquia; i una ràdio alemanya anuncià que els alemanys havien fet la pau amb els aliats Occidentals, però no amb els soviètics.ref name=pinkus/

Els soviètics afirmaren que la rendició havia de ser en un fet únic i singular. També creien que no havia de celebrar-se a territori alliberat, que havia estat víctima de l'agressió alemanya, sinó que a la seu del govern des d'on sorgí l'agressió alemanya: Berlín.ref name=pinkus/ Els soviètics consideraven que el document signat a Reims havia de ser considerat com un protocol preliminar de rendició,ref name=chaneyChaney p. 328/ref de manera que els aliats acordaren que se celebrés una altra cerimònia de rendició a Berlín.ref name=chaney/

A més, [[Stalin]] acusà a Eisenhower d'haver arribat a un acord amb els alemanys d'amagat dels soviètics, perquè els alemanys continuessin lluitant contra l'Exèrcit Roig. Diplomàticament, Eisenhower contestà a Stalin que el document signat a Reims especificava que els alemanys haurien de signar una rendició general posterior. També deia que estava personalment preparat per viatjar a Berlín per signar el document; tot i que finalment ho delegà en el mariscal en cap de l'Aire Sir Arthur Tedder.

Pel seu costat, el general Susloparov va ser cridat a Moscou per rebre el càstig estricte per la seva desobediència (un eufemisme estalinista per referir-se a la pena de mort). Abans que arribés a Moscou, els amics del general Susloparov intercediren davant totes les instàncies possibles intentant de Stalin deposés les seves intencions d'executar-lo. Afortunadament per a ell, Stalin li perdonà la vida per les accions a Reims, considerant la seva actuació durant la [[operació Barbarroja|invasió alemanya de 1941]] i els seus descàrrecs en dir que, si no hagués signat a Reims hagués quedat un Acta de Rendició sense la participació de la Unió Soviètica; a més que existia la promesa solemne que se signaria posteriorment una rendició general posterior que substituiria aquell document preliminar.ref {{ref-web|url= http://www.exordio.com/1939-1945/codex/Documentos/acta-rendicion-en-berlin.html|títol=Firma del Acta de Rendición en Berlín |consulta=25 de gener de 2013|cognom= |nom= Exordio – La Segunda Guerra Mundial |coautors= |data= |obra= |editor=}}/ref

Així doncs, poc abans de la mitjanit del 8 de maigrefEarl F. Ziemke [[#References|References]] [http://www.globalsecurity.org/military/library/report/other/us-army_germany_1944-46_ch15.htm#b3 CHAPTER XV:The Victory Sealed] Page 258 second last paragraph/ref se signà una segona Acta de Rendició Militar a la seu de l'Administració Militar Soviètica a Berlín-[[Karlshorst]].

==== Representants ====
* {{URS}}: [[Mariscal de la Unió Soviètica|Mariscal]] [[Gueorgui Júkov]], en nom de l'Alt Comandament Suprem de l'[[Exèrcit Roig]]
* {{RUN}}: [[Mariscal en Cap de l'Aire]] [[Arthur Tedder]], com a Adjunt del [[SHAEF|Comandant Suprem de la Força Expedicionària Aliada]]
* {{FRA}}: General [[Jean de Lattre de Tassigny]], comandant del [[1r Exèrcit (França)|Primer Exèrcit francès]], actuant com a testimoni
* {{EUA}}: General [[Carl Spaatz]], comandant de les [[Forces Aèries Estratègiques dels Estats Units]], actuant com a testimoni

* {{Bandera|Alemanya nazi}} [[Tercer Reich]]: [[Generalfeldmarschall|Mariscal]] [[Wilhelm Keitel]], com a cap del [[OKW|Estat Major General de les Forces Armades]] i com a representant de l'[[Wehrmacht Heer|exèrcit]]
** [[General admiral]] [[Hans-Georg von Friedeburg]], com a comandant en cap de la [[Kriegsmarine|marina]]
** [[Coronel general]] [[Hans-Jürgen Stumpff]], com a comandant en cap de la [[Luftwaffe|força aèria]]

==== Text de l'Acta de capitulació del 8 de maig de 1945 a Berlín ====
centerACTA DE RENDICIÓ MILITAR/center
# Nosaltres, sota signants, en nom de l'Alt Comandament Alemany, declarem per la present que oferim la rendició incondicional al Comandament Suprem de la Força Expedicionària Aliada i simultàniament a l'Alt Comandament Suprem de l'Exèrcit Roig, de totes les forces terrestres, navals i aèries que es troben sota control alemany.
# L'Alt Comandament alemany transmetrà immediatament l'ordre a totes les autoritats militars, navals i aèries alemanyes i a totes les forces sota control alemany que cessin les seves operacions a les 23 hores 01 minuts d'Europa central el 8 de maig, que restin a les posicions que ocupin en aquell moment i que es desarmin completament, lliurant les seves armes i equip als comandants o als oficials aliats locals o designats pels representants dels Comandants Suprems Aliats. Cap vaixell, navili o avió no haurà de ser destruït, ni se'ls farà cap dany a la seva estructura, maquinària o equipament, així com a les màquines de tota mena, armament, aparells i tots els mitjans tècnics que permetessin seguir la guerra en general.
# L'Alt Comandament alemany transmetrà immediatament als comandants interessats i assegurarà l'execució de totes les noves ordres publicades pel Comandament Suprem de la Força Expedicionària Aliada i per l'Alt Comandament Suprem de l'Exèrcit Roig.
# Aquest acte de rendició militar s'entén sense prejudici del futur i serà substituït per totes les actes de rendició imposades per les Nacions Unides o en nom seu i aplicables per Alemanya i a les forces armades alemanyes en la seva totalitat.
# En el cas que o bé l'Alt Comandament alemany o qualsevol força sota el seu control no actués d'acord aquesta acta de rendició, el Comandament Suprem de la Força Expedicionària Aliada i l'Alt Comandament Suprem de l'Exèrcit Roig realitzaran les accions punitives o d'altres que considerin apropiades.
# El document present està redactat en anglès, en rus i en alemany. Només els textos en anglès i en rus són els oficials.

Signat a Berlín el 8 de maig de 1945.

[[Wilhelm Keitel|Keitel]] br
[[Hans-Georg von Friedeburg|von Friedeburg]] br
[[Hans-Jürgen Stumpff|Stumpff]]br
en nom de l'Alt Comandament alemany

centerEN PRESÈNCIA DE :/center

[[Arthur Tedder|A. W. Tedder]]br / 
En nom del Comandant suprem de la [[SHAEF|Força Expedicionària Aliada]]

[[Gueorgui Júkov]]br
En nom del Comandament Suprem de l'[[Exèrcit Roig]]

A la signatura estaven a més presents com a testimonis:

[[Jean de Lattre de Tassigny|J. De Lattre de Tassigny]],br / 
General comandant en cap del [[1r Exèrcit (França)|Primer Exèrcit Francès]]

[[Carl Spaatz]]br / 
General, comandant de les [[Forces Aèries Estratègiques dels Estats Units]]

== Vegeu també ==
* [[Final de la Segona Guerra Mundial a Europa]] 
* [[Debellatio]]
* [[Rendició alemanya a Lüneburg Heath]]
* [[Dia de la Victòria a Europa]]
* [[Dia de la Victòria (Europa Oriental)]]
* [[Judicis de Nuremberg]]
* [[Pla Morgenthau]]
* [[Tractats de Pau de Paris de 1947]], que establiren formalment la pau entre els aliats de la II Guerra Mundial i Bulgària, Hongria, Itàlia, Romania i Finlàndia
* [[Acta de la Rendició del Japó]]
* [[Tractat sobre l'acord final pel que fa a Alemanya]]

== Enllaços externs ==
* [http://www.youtube.com/watch?NR=1v=aaEvMQbNL9ofeature=endscreen documental soviètic sobre la cerimònia de Berlín] {{ru}}
* [http://www.youtube.com/watch?v=mXWNm1EmasM noticier sobre la signatura de la rendició a Reims] {{en}}
* [http://www.youtube.com/watch?v=7VjTavWok8ofeature=related noticier sobre la signatura de la rendició a Berlín] {{ru}}

== Referències ==
{{referències}}

==Bibliografia ==
{{Commons category|Instrument of German surrender, World War II}}
*Chaney, Otto Preston. ''Zhukov''. University of Oklahoma Press, 1996, ISBN 0-8061-2807-0, ISBN 978-0-8061-2807-8.
*Pinkus, Oscar. ''The war aims and strategies of Adolf Hitler'', McFarland, 2005, ISBN 0-7864-2054-5, ISBN 978-0-7864-2054-4
*Ziemke, Earl F. ''[http://www.globalsecurity.org/military/library/report/other/us-army_germany_1944-46_index.htm#contents The U.S. Army in the occupation of Germany 1944–1946]'' Center of Military History, United States Army, Washington, D. C., 1990, Library of Congress Catalog Card Number 75-619027

==Per llegir més ==
*Kiley, Charles. [http://www.empacc.net/~booklink/ Details of the Surrender Negotiations: This Is How Germany Gave Up], [[Stars and Stripes (newspaper)|Stars and Stripes]]. (a contemporary, 1945, US military newspaper account)
*Samson, Oliver. [http://www.dw-world.de/dw/article/0,1564,1577141,00.html The German Capitulation Tangle], [[Deutsche Welle]] 8 May 2005
*''authour?''. ''The Memoirs of Georgy Zhukov'', [http://militera.lib.ru/memo/russian/zhukov1/22.html Chapter 22: Unconditional Surrender of Nazi Germany], ''publisher ?'' {{ru icon}}


{{Listen|filename=Harry Truman Announcing Surrender Of Germany.ogg|title=Announcement of the surrender of Germany|description=Public statement by [[Harry S. Truman]] on 8 May 1945 announcing the surrender of Germany.|format=[[Ogg]]}}
{{Autoritat}}

{{ORDENA:Actes De Capitulacio Del Tercer Reich}}	!--ORDENA generat per bot--
[[Categoria:Segona Guerra Mundial]]</text>
      <sha1>fdk8fahu6gzhpt4wnh4qhnca7cung5f</sha1>
      <model>wikitext</model>
      <format>text/x-wiki</format>
    </revision>
  </page>