<page>
    <title>Espies atòmics</title>
    <ns>0</ns>
    <id>1062972</id>
    <revision>
      <id>14059427</id>
      <parentid>13876186</parentid>
      <timestamp>2014-09-20T20:36:09Z</timestamp>
      <contributor>
        <username>Langtoolbot</username>
        <id>128552</id>
      </contributor>
      <minor></minor>
      <comment>Corregit: en sí, sinó  en si, sinó</comment>
      <text>[[Image:Klaus Fuchs ID badge.png|right|thumb|[[Klaus Fuchs]], potser l'espia atòmic més important pel seu accés a les dades científiques d'alt nivell i la seva capacitat per donar-les sentit gràcies a la seva preparació tècnica.]]
'''''Espies atòmics''''' i '''''Espies de l'àtom''''' són termes que es refereixen a diverses persones als [[Estats Units]], [[Gran Bretanya]] i [[Canadà]], les quals es creu que van [[espionatge|donar il·legítimament informació]] sobre el disseny o la producció d'[[armament nuclear]] a la [[Unió Soviètica]] durant la [[Segona Guerra Mundial]] i els inicis de la [[Guerra Freda]]. El què es va aconseguir mitjançant l'espionatge encara és una qüestió de disputa escolàstica, i en alguns casos, el que originàriament va ser vist con confessions o forts testimonis, posteriorment s'ha admès que eren fabricats. La seva tasca constitueixen els casos d'[[espionatge nuclear]] més publicitats i més documentats de la [[història de les armes nuclears]]. Havia un moviment entre els científics nuclears per compartir la informació amb tota la comunitat científica mundial, la qual va ser escapçada de ferm pel [[govern dels Estats Units]].

Actualment, la compartició de tecnologia nuclear amb [[Iran]], [[Líbia]], [[Corea del Nord]] i possiblement d'altres règims de part d'[[Abdul Qadeer Khan]]  encara no està totalment explorada. És una qüestió oberta si el terme espia atòmic ha de ser aplicat més enllà del període de la Guerra Freda, com succeeix en els casos de Khan o en el del físic [[Leonardo Mascheroni]].

Fins a quin punt la informació ajudà significativament al [[projecte soviètic de la bomba atòmica]] és també objecte de discussió. Mentre que part de la informació obtinguda realment podria haver ajudat a desenvolupar l'arma nuclear, la manera en com els caps del projecte soviètic realment usaren la informació ha fet que els investigadors tinguin dubtes sobre la velocitat del desenvolupament. D'acord a la seva narració, [[Ígor Kurtxàtov]] i [[Lavrenti Bèria]] usaren la informació primàriament com una prova contra el treball dels seus propis científics i no compartiren lliurement la informació amb ells; desconfiant tant dels seus propis científics com de la informació obtinguda mitjançant l'espionatge. Investigacions posteriors també han demostrat que el fre decisiu en el primerenc desenvolupament soviètic no van ser els problemes en el disseny de les armes en si, sinó com succeí  al [[Projecte Manhattan]], la dificultat en obtenir [[materials físsils]], especialment car la Unió Soviètica no tenia dipòsits d'[[urani]] coneguts quan començà el seu projecte (a diferència dels Estats Units).

La confirmació sobre el treball d'espionatge arribà des del [[VERONA|projecte ''VERONA'']], que interceptava i desencriptava els informes d'intel·ligència soviètics enviats durant i després de la [[Segona Guerra Mundial]]. Aquest donà pistes sobre la identitat de diversos espies a [[Laboratori Nacional de Los Álamos|Los Álamos]] i en altres localitzacions, alguns dels quals mai no havien sigut identificats. Part d'aquesta informació estava disponible, però no va ser emprada als tribunals per motius d'informació reservada durant els judicis realitzats durant la dècada de 1950. 

== La importància dels espies atòmics ==
Abans de l'esclat de la [[Segona Guerra Mundial]], la possibilitat teòrica de la [[fissió nuclear]] era un tòpic àmpliament discutit entre els físics del món. L'elit dels científics de la [[Unió Soviètica]] havia fet importants avenços teòrics en el camp de la física nuclear i diversos dels seus científics havien estat guardonats amb el [[Premi Nobel]] per les seves contribucions en aquest camp. Els científics soviètics sabien que en teoria la fissió nuclear podia tenir implicacions militars i tenien coneixements teòrics per embarcar-se en aquest projecte.refSchwartz, Micheal. The Russian-A(merican) Bomb: The Role of Espionage in the Soviet Atomic Bomb Project. J. Undergrad. Sci. 3: 103-108 (Summer 1996) http://www.hcs.harvard.edu/~jus/0302/schwartz.pdf/ref  Aquest procés d'aplicar la teoria de la fissió a la fabricació d'una bomba requeriria grans quantitats de diners, un gran subministrament d'[[urani]] i de [[plutoni]] i el desenvolupament de noves tècniques per a la purificació. Tots aquests elements eren rars a la Unió Soviètica, a més amb l'amenaça de la invasió nazi.ref name=archive.orgJoint Committee on Atomic Energy. Soviet Atomic Espionage. Chapters 2-3 United States Government Printing Office, Washington 1951. http://archive.org/stream/sovietatomicespi1951unit#page/n3/mode/2up/ref La combinació d'una indústria soviètica en inicis i la imminència de la guerra amb l'Alemanya de Hitler portaren a una mancança de recursos que treballà en contra dels projectes de recerca i desenvolupament.

Els [[Estats Units]], en col·laboració amb el [[Regne Unit]] i, després de la guerra, amb l'[[Alemanya Occidental]], disposava de recursos suficients. Durant la recerca per crear una bomba atòmica Schwartz estimà que durant la fase de recerca i desenvolupament del projecte foren necessaris 800 milions de dòlars, 86.000 tones de plata i 24.000 treballadors especialitzats.refSchwartz, Micheal. Russian Bomb 103-08/ref Entre aquests treballadors estaven els encarregats de mantenir i operar la maquinària necessària per la recerca. La instal·lació aliada més gran tenia 500 científics treballant en el projecte, a més d'un equip de 50 per derivar les equacions per la cascada de neutrons necessària per conduir la reacció. La situació a la [[Unió Soviètica]] era molt diferent, car el programa soviètic consistia en 50 científics i un parell de matemàtics intentant extraure les equacions per la cascada de partícules.refSchwartz, Micheal. Russian Bomb 103-08f/ref La recerca i desenvolupament de tècniques per produir urani i plutoni purs enriquits hagués estat una tasca molt més gran i que requerís molt més temps per un projecte soviètic mancat de recursos. El coneixement de tècniques i estratègies que estaven sent emprades als programes estatunidencs, britànics i germano-occidentals van fer que l'espionatge adquirís un paper significatiu en el veloç desenvolupament de la bomba soviètica.
[[File:Greenglass bomb diagram.png|right|thumb|Esbós d'un disseny d'arma nuclear de tipus d'implosió feta per [[David Greenglass]] a com a prova, il·lustrant el que havien passat els [[Ethel i Julius Rosenberg|Rosenbergs]] a la Unió Soviètica]]
La recerca i desenvolupament de mètodes adequats per dopar i separar els isòtops altament reactius necessaris per crear la càrrega necessària per una càrrega bèl·lica nuclear va costar anys de recursos molt delicats. Els aliats dels Estats Units i la Gran Bretanya dedicaren els seus millors científics per a aquesta causa i construïren 3 plantes cadascun amb un mètode diferent d'extracció de l'isòtop.refAllen Weinstein and Alexander Vassiliev, Atomic Espionage: from Fuchs to the Rosenburgs in The Haunted Wood, (New York: Random House Inc, 1999), 172-222./ref El programa aliat decidí emprar una fase d'extracció de gas per obtenir l'urani pur necessari per la detonació atòmica.ref name=archive.org/ Per trobar aquest mètode s'empraren grans quantitats de mineral d'urani i d'altres materials rars, com el grafit per aconseguir purificar amb èxit l'isòtop U-235.

La Unió Soviètica no tenia mines de mineral d'urani a l'inici de la cursa de les armes nuclears. La mancança de materials dificultava molt portar a terme una recerca i desenvolupament intentant la purificació de l'urani i del plutoni mitjançant tota classe de mètodes. Això estava al capdavant del fet que la purificació era una àrea d'extrema dificultat pels científics soviètics. Aquests experimentaven amb la degradació del suposat pur isòtop U-235 a causa d'una mancança en el desenvolupament de les seves pròpies tècniques i comprensió matemàtica de l'element.refWeinstein and Vassiliev,Atomic Espionage, 180-85/ref Sense la informació adquirida gràcies a l'espionatge, els problemes que l'equip soviètic experimentà haguessin costat molt més temps de resoldre, i el desenvolupament d'elements per a ús armamentístic s'hagués retardat significativament.

L'element perdut que explica el gran salt en el programa atòmic soviètic és la informació d'espionatge i dades tècniques que Moscou va poder obtenir del mateix [[Projecte Manhattan]]. Després de la realització dels plans estatunidencs per desenvolupar una bomba atòmica durant la dècada de 1930s, Moscou començà de manera activa a reclutar agents per aconseguir informació.refWeinstein and Vassiliev,Atomic Espionage,190-200/ref  Moscou era molt específic demanant informació de les seves cèl·lules a Amèrica i demanava actualitzacions del progrés del projecte aliat. Moscou també es mostrava molt preocupat amb els processos que s'empraven per la separació de l'U-235, quin mètode de detonació s'emprava i quin equipament industrial estava sent utilitzat per a aquestes tècniques.refWeinstein and Vassiliev,Atomic Espionage,180/ref

Per obtenir aquesta informació del Projecte Manhattan, la Unió Soviètica necessitava espies que, en primer lloc, tinguessin una autorització de seguretat prou alta com per poder accedir a la informació classificada i, en segon lloc, poguessin entendre i interpretar el que estaven robant. Moscou també necessitava d'espies fidels que creguessin en la causa comunista i que aportessin informació acurada. Un d'aquests va ser [[Theodore Hall]], que havia participat en el desenvolupament de les bombes llançades sobre el Japó.refHolmes,Marian. Spies Who Spilled Atomic Bomb Secrets. Smithsonian.com,April 20, 2009. http://www.smithsonianmag.com/history-archaeology/Spies-Who-Spilled-Atomic-Bomb-Secrets.html/ref Hall donà totes les especificacions de la [[Fat Man|bomba llançada a Nagasaki]]. Aquesta informació permeté als científics soviètics una visió de primera mà l'exitosa posada a punt d'una arma atòmica construïda per l'equip aliat.

Encara que la informació de Hall va ajudar a la causa, l'espia atòmic més influent va ser [[Klaus Fuchs]]. Fuchs era un físic britànic d'ascendència alemanya que va ser enviat als Estats Units per treballar en el projecte atòmic, esdevenint un dels principals científics. Fuchs s'havia fet membre del [[Partit Comunista d'Alemanya|Partit Comunista]] mentre que encara era un estudiant a Alemanya. Abans que esclatés la Segona Guerra Mundial, Fuchs marxà al Regne Unit per escapar de la lluita, on esdevingué un dels principals físics del projecte nuclear britànic, sent enviat a col·laborar en el Projecte Manhattan.refHolmes,Spies Who Spilled,1-2/ref A causa de la posició de Fuschs al programa atòmic, tenia accés a la majoria, si no a tot, el material que Moscou desitjava. Fuchs també era capaç d'entendre i interpretar la informació que robava, la qual cosa el va fer un recurs sense preu. Fuchs lliurà als soviètics informació detallada sobre el procés de separació. També els donà especificacions sobre la càrrega, càlculs i relacions per la fissió, així com esquemes dels laboratoris que produïen els isòtops.refWeinstein and Vassiliev, Atomic Espionage,200-10/ref Aquesta informació ajudà als científics soviètics, amb molts menys recursos a les seves mans, a avançar en la direcció correcte per assolir la detonació correcta d'una arma nuclear.

El programa nuclear soviètic podria haver estat capaç de desenvolupar una arma nuclear sense l'ajut de l'espionatge. Però això li hagués requerit molt més temps a causa de la gran quantitat d'investigació i desenvolupament de tècniques i equipament industrial necessaris per produir amb èxit una bomba de fissió. La informació rebuda ajudà els científics soviètics a identificar quins mètodes funcionaven, estalviant-los un munt de recursos valuosos en tècniques que es demostraren inútils en el desenvolupament de la bomba americana. La velocitat amb què el programa nuclear soviètic aconseguí una bomba que funcionava amb tant pocs recursos va ser només gràcies a la informació obtinguda mitjançant l'espionatge.refJoint Committee Chapter 2/ref En termes del seu efecte sobre la humanitat i la conformació d'un estat, és una de les fites d'intel·ligència més importants de la història de la Humanitat.

==Espies atòmics notables ==
* '''[[Morris Cohen (espia)|Morris Cohen]]''', estatunidenc, ''Gràcies a Cohen, els dissenyadors de la bomba atòmica soviètica van obtenir piles de documentació tècnica extreta del laboratori secret de Los Álamos'', afirmà el diari [[Komsoloskaia Pravda]]. Morris i la seva esposa, Lona, van passar vuit anys a la presó menys de la meitat de les seves condemnes abans de ser alliberats en un intercanvi de presoners amb la Unió Soviètica. Va morir sense revelar el nom del científic americà que l'ajudà a aconseguir informació vital sobre el projecte estatunidenc de la bomba atòmica.ref{{ref-notícia|nom= |cognom= |enllaçautor= |coautors= |títol=Morris Cohen, 84, Soviet Spy Who Passed Atom Plans in 40's  |url=http://query.nytimes.com/gst/fullpage.html?res=990CE0DC1438F936A35754C0A963958260 |citació= Morris Cohen, an American who spied for the Soviet Union and was instrumental in relaying atomic bomb secrets to the Kremlin in the 1940s, has died, Russian newspapers reported today. Mr. Cohen, best known in the West as Peter Kroger, died of heart failure in a Moscow hospital on June 23 at age 84, according to news reports.  |editorial=[[New York Times]] |data= 5 juliol 1995 |consulta=2008-07-07 }}/ref
*'''[[Klaus Fuchs]]''', físic teòric britànic d'ascendència alemanya que treballà amb la delegació britànica a [[Laboratori Nacional de Los Álamos|Los Álamos]] durant el [[Projecte Manhattan]]. Després de la confessió de Fuch va haver un judici que durà menys de 90 minuts. [[Lord Goddard]] el sentencià a 14 anys d'empresonament, el màxim per violar l'[[Acta de Secrets Oficials]]. S'esmunyí de l'acusació d'espionatge gràcies a la manca de proves independents i perquè, en el moment del crim, la Unió Soviètica no era un enemic de la Gran Bretanya.refA.M. Hornblum, 'The Invisible Harry Gold' (Yale University Press, 2010) kindle edition. locations 4030-37/ref El 1950 se li retirà la seva ciutadania britànica. Va ser alliberat el 23 de juny de 1959, després de passar 9 anys i 4 mesos a la presó de Wakefield. Se li va permetre emigrar a [[Dresden]], llavors a la [[República Democràtica Alemanya]].ref{{ref-notícia|nom= Eric|cognom= Pace|enllaçautor= |coautors= |títol=Klaus Fuchs, Physicist Who Gave Atom Secrets to Soviet, Dies at 76  |url=http://query.nytimes.com/gst/fullpage.html?res=940DEFDF1030F93AA15752C0A96E948260scp=1sq=Klaus+Fuchsst=nyt |citació=Klaus Fuchs, the German-born physicist who was imprisoned in the 1950s in Britain after being convicted of passing nuclear secrets to the Soviet Union, died yesterday, the East German press agency A.D.N. reported. He was 76 years old. |editorial=[[New York Times]] |data= 29 gener 1988 |consulta=2008-07-07 }}/refref{{ref-web|url=http://www.crimelibrary.com/terrorists_spies/spies/fuchs/1.html |títol=Klaus Fuchs |citació=His name was Klaus Emil Fuchs, and he was, as it has been shown by history, the most important atom spy in history. Not any of the notorious names in the saga of the theft of the atom bomb secrets [[Allan Nunn May]], [[Julius and Ethel Rosenberg]], and [[David Greenglass]] had been as important to the Russian effort as Klaus Fuchs. |editor=[[TruTV]] |consulta=2008-07-07 }}/ref
*'''[[Harry Gold]]''', estatunidenc, confessà haver fet de correu per a Greenglass i per Fuchs. Va ser condemnat el 1951 a 30 anys d'empresonament. Va ser posat en llibertat condicional al maig de 1966, després de complir la meitat de la seva sentència.ref{{ref-notícia|nom= |cognom= |enllaçautor= |coautors= |títol=1972 Death of Harry Gold Revealed |url=http://select.nytimes.com/gst/abstract.html?res=F50B1EFA3D541A7493C6A81789D85F408785F9 |citació=Harry Gold, who served 15 years in Federal prison as a confessed atomic spy courier, for Klaus Fuchs, a Soviet agent, and who was a key Government witness in the Julius and Ethel Rosenberg espionage case in 1951, died 18 months ago in Philadelphia. |editorial=[[New York Times]] |data= 14 febrer 1974 |consulta=2008-07-07 }}/ref
*'''[[David Greenglass]]''', estatunidenc, maquinista a Los Álamos durant el Projecte Manjatan. Greenglass confessà haver donat esquemes dels experiments fets al laboratori als soviètics durant la Segona Guerra Mundial. Alguns aspectes del seu testimoni contra la seva germana i el seu cunyat (els Rosenbergs) actualment es creu que van ser inventats per tal de salvar la seva esposa, Ruth, de ser acusada. Greenglass va ser condemnat a 15 anys de presó, dels que en complí 10, reunint-se després amb la seva esposa.ref{{ref-notícia|nom= |cognom= |enllaçautor= |coautors= |títol=Greenglass, in Prison, Vows to Kin He Told Truth About Rosenbergs |url=http://select.nytimes.com/gst/abstract.html?res=F00714FE3D59107A93CBA81788D85F478585F9 |citació=David Greenglass, serving fifteen years as a confessed atom spy, denied to members of his family recently that he had been coached by the Federal Bureau of Investigation in the drawing of segments of the atom bomb, or that he had given perjured testimony against his sister, Mrs. Ethel Rosenberg, and her husband, Julius. |editorial=[[New York Times]] |data= 19 març 1953 |consulta=2008-07-07 }}/ref
*'''[[Theodore Hall]]''', un jove físic estatunidenc de Los Álamos, que no es revelà la seva identitat com a espia fins a finals del segle XX. Mai no va ser jutjat per la seva tasca com a espia, tot i que sembla que va admetre-ho als seus darrers anys als periodistes i a la seva família.ref name=nytobit{{ref-notícia|nom= Alan|cognom= Cowell|enllaçautor= |coautors= |títol=Theodore Hall, Prodigy and Atomic Spy, Dies at 74  |url=http://query.nytimes.com/gst/fullpage.html?res=9800E7DE103AF933A25752C1A96F958260 |citació=Theodore Alvin Hall, who was the youngest physicist to work on the atomic bomb project at Los Alamos during World War II and was later identified as a Soviet spy, died on Nov. 1 in Cambridge, England, where he had become a leading, if diffident, pioneer in biological research. He was 74. ... Mr. Albright and Ms. Kunstel say Mr. Hall and a former Harvard roommate, Saville Sax, approached a Soviet trade company in New York in late 1944 and began supplying critical information about the atomic project. |editorial=[[New York Times]] |data= 10 novembre 1999 |consulta=2008-06-26 }}/ref
*'''[[George Koval]]''', estatunidenc d'ascendència bielorussa, tornà a la Unió Soviètica on va ingressar a l'[[Exèrcit Roig]] i va ser reclutat al servei d'intel·ligència del [[GRU]]. S'infiltrà a l'[[Exèrcit dels Estats Units]] i arribà a ser oficial de salut radioactiva al [[Destacament Especial d'Enginyers]]. Actuant sota el nom clau de [[Projecte Dayton#Delmar|DELMAR]] va obtenir informació del [[Laboratori Nacional d'Oak Ridge]] i sobre el [[Projecte Dayton]], especialment el [[Iniciador modulat de neutrons|detonador]] emprat a la bomba de plutoni ''[[Fat Man]]''. La seva missió no va ser coneguda a l'oest fins que va ser pòstumament reconegut com a [[Heroi de la Federació de Rússia]] el 2007 per [[Vladímir Putin]].
* '''[[Irving Lerner]]''', director de cinema americà, va ser sorprès mentre que fotografiava el [[ciclotró]] a la [[Universitat de Califòrnia a Berkeley]] el 1944.refhttp://books.google.com/books?id=nIYC5pd1XQoCpg=PA325lpg=PA325dq=irving+lerner+cyclotronsource=blots=Jz1jHDDGwssig=8d5l3qC1QdpiDv9PQjY4b5vAjU8hl=enei=cvUrTcg_xN-WB_qL0coKsa=Xoi=book_resultct=/ref   Després de la llista va ser inclòs a la [[llista negra]].
*'''[[Allan Nunn May]]''', ciutadà britànic, va ser un dels primers espies soviètics descoberts durant la guerra freda. Treballà al Projecte Manhattan i va ser traït per un [[Igor Gouzenko|desertor soviètic al Canadà]]. Va ser descobert el 1946 i va comportar que els Estats Units restringissin el compartir els secrets atòmics amb la Gran Bretanya. L'1 de maig de 1946 va ser condemnat a deu anys de treballs forçats. Va ser alliberat el 1952, després de complir sis anys i mig.ref{{ref-notícia|nom= |cognom= |enllaçautor= |coautors= |títol=Alan Nunn May, 91, Pioneer In Atomic Spying for Soviets  |url=http://query.nytimes.com/gst/fullpage.html?res=9A00E0D91739F936A15752C0A9659C8B63 |citació= Alan Nunn May, a British atomic scientist who spied for the Soviet Union, died on Jan. 12 in Cambridge. He was 91. ... One of the first Soviet spies uncovered during the cold war, Dr. Nunn May worked on the Manhattan Project and was betrayed by a Soviet defector in Canada. His unmasking in 1946 led the United States to restrict the sharing of atomic secrets with Britain.  |editorial=[[New York Times]] |data= 25 gener 2003 |consulta=2008-07-07 }}/ref
* '''[[Ethel i Julius Rosenberg]]''', estatunidencs que estaven involucrats en coordinar i reclutar una xarxa d'espionatge que incloïa el germà d'Ethel, [[David Greenglass]]. Julius i Ethel Rosenberg van ser jutjats per conspirar per espiar, car des de la fiscalia semblava que no hi havia proves suficients per acusar-los d'espionatge. Els càrrecs per traïció no es podien aplicar, car en aquells moments els Estats Units i la Unió Soviètica eren aliats. Els Rosenbergs negaren tots els càrrecs, però van ser condemnats en un judici on el fiscal [[Roy Cohn]] va dir que estava en contacte secret diàriament amb el jutge [[Irving Kaufman]]. Malgrat que es produí un moviment internacional demanant clemència i que el [[President dels Estats Units|President]] [[Dwight D. Eisenhower|Eisenhower]] rebé un munt de peticions provinents d'intel·lectuals europeus i del mateix [[Papa]], els Rosenbergs van ser executats el 1953. Eisenhower va escriure al seu fill, que llavors servia a [[Guerra de Corea|Corea]], que si hagués alliberat a Ethel, llavors els soviètics haguessin reclutat els seus espies entre les dones.ref{{ref-notícia|nom= |cognom= |enllaçautor= |coautors= |títol=Execution of the Rosenbergs |url=http://www.guardian.co.uk/world/1953/jun/20/usa.fromthearchive |citació=Julius and Ethel Rosenberg were executed early this morning at Sing Sing Prison for conspiring to pass atomic secrets to Russia in World War II. |editorial=[[The Guardian]] |data= 20 juny 1953 |consulta=2008-06-24 |lloc=London}}/refref{{ref-web|url=http://www.crimelibrary.com/terrorists_spies/spies/fuchs/1.html |títol=The Rosenbergs: A Case of Love, Espionage, Deceit and Betray |citació=Julius and Ethel Rosenberg were charged with the crime of conspiracy to commit espionage, and tried under the Espionage Act of 1917. |editor=[[TruTV]] |consulta=2008-07-07 }}/refref{{ref-notícia|nom= |cognom= |enllaçautor= |coautors= |títol=Execution of the Rosenbergs |url=http://www.guardian.co.uk/world/1953/jun/20/usa.fromthearchive |citació=Julius and Ethel Rosenberg were executed early this morning at Sing Sing Prison for conspiring to pass atomic secrets to Russia in World War II. |obra=[[The Guardian]] |data= 20 juny 1953 |consulta=2008-06-24 |lloc=London}}/ref
*'''[[Saville Sax]]''', estatunidenc, serví com a correu entre [[Klaus Fuchs]] i [[Theodore Hall]].ref name=nytobit/
*'''[[Morton Sobell]]''', enginyer estatunidenc que va ser jutjat i condemnat amb els Rosenbergs, sent sentenciat a 30 anys d'empresonament però que va ser alliberat d'[[Presó d'Alcatraz|Alcatraz]] el 1969, després d'haver estat tancat 17 anys i 9 mesos.ref{{ref-notícia|nom= |cognom= |enllaçautor= |coautors= |títol=Morton Sobell Free As Spy Term Ends |url=http://select.nytimes.com/gst/abstract.html?res=F30B14F63C5E147493C7A8178AD85F4D8685F9 |citació=Morton Sobell, sentenced to 30 years for a wartime espionage conspiracy to deliver vital national secrets to the Soviet Union, was released from prison yesterday after serving 17 years and 9 months. |editorial=[[New York Times]] |data= 15 gener 1969 |consulta=2008-07-07 }}/ref Després de proclamar la seva innocència durant gairebé 50 anys, Sobell va admetre haver espiat pels soviètics, i implicà a Julius Rosenberg en el transcurs d'una entrevista amb el ''[[New York Times]]'' publicada l'11 de setembre de 2008.ref{{ref-notícia|nom= Sam|cognom= Roberts|enllaçautor= |coautors= |títol=For First Time, Figure in Rosenberg Case Admits Spying for Soviets |url=http://www.nytimes.com/2008/09/12/nyregion/12spy.html?partner=rssnytemc=rss |citació= In an interview on Thursday, Mr. Sobell, who served nearly 19 years in Alcatraz and other federal prisons, admitted for the first time that he had been a Soviet spy.  |obra=[[New York Times]] |data= 11 setembre 2008 |consulta=2008-09-11 |urlarxiu= http://web.archive.org/web/20080912014303/http://www.nytimes.com/2008/09/12/nyregion/12spy.html?partner=rssnytemc=rss|dataarxiu= 12 setembre 2008 !--DASHBot--| deadurl= no}}/ref

==Galeria==
gallery
Image:Klaus Fuchs ID badge.png|Klaus Fuchs 
Image:Julius Rosenberg mugshot.png| Julius Rosenberg 
Image:Ethel Rosenberg mugshot.png|Ethel Rosenberg
Image:David Greenglass mugshot.png| David Greenglass
Image:Theodore Hall ID badge.png|Theodore Hall 
/gallery

== Referències ==
{{referències}}

==Per llegir més ==
*Alexei Kojevnikov, ''Stalin's Great Science: The Times and Adventures of Soviet Physicists'' (Imperial College Press, 2004). ISBN 1-86094-420-5 (use of espionage data by Soviets)
*Gregg Herken, ''Brotherhood of the Bomb: The Tangled Lives and Loyalties of Robert Oppenheimer, Ernest Lawrence, and Edward Teller'' (New York: Henry Holt and Co., 2002). ISBN 0-8050-6588-1 (details on Fuchs)
*[[Richard Rhodes]], ''Dark Sun: The Making of the Hydrogen Bomb'' (New York: Simon and Schuster, 1995). ISBN 0-684-80400-X (general overview of Fuchs and Rosenberg cases)


{{ORDENA:Espies Atomics}}	!--ORDENA generat per bot--
[[Categoria:Ciència i tecnologia a la Unió Soviètica]]
[[Categoria:NKVD]]
[[Categoria:Guerra Freda]]
[[Categoria:Agents secrets]]</text>
      <sha1>a9114lw2o9fp5yk7cp7u0zym9aq985v</sha1>
      <model>wikitext</model>
      <format>text/x-wiki</format>
    </revision>
  </page>