<page>
    <title>Freddie de Guingand</title>
    <ns>0</ns>
    <id>1062230</id>
    <revision>
      <id>13859968</id>
      <parentid>13805491</parentid>
      <timestamp>2014-07-17T19:07:20Z</timestamp>
      <contributor>
        <username>PereBot</username>
        <id>118448</id>
      </contributor>
      <minor></minor>
      <comment>Robot inserta {{Autoritat}}</comment>
      <text>{{VPHISMILCAT Infotaula biografia militar 
|name= Francis de Guingand
|lived=  {{data naixement|1900|2|28}}– {{data defunció i edat|1979|6|29|1900|2|28}}
|placeofbirth= {{bandera|Anglaterra}} Acton, [[Londres]]  
|placeofdeath={{Bandera|França}} [[Canes|Cannes]], [[França]]
|image=[[Fitxer: FrancisdeGuingand.jpg |250px|General Freddie de Guingand]]
|caption= El General ''Freddie'' de Guingand
|nickname= 
|allegiance= {{UK}}  
|branch=[[Fitxer:Flag of the British Army.svg|23px|Bandera de l'Exèrcit Britànic]] [[Exèrcit Britànic]]
|serviceyears=1919–1946
|rank= [[Fitxer: UK Army OF7.png|35px|General]] [[Major General]]
|commands=  
|battles= [[Segona Guerra Mundial]]
|awards=[[Orde de l'Imperi Britànic|Cavaller Comandant de l'Imperi Britànic]] br / [[Orde del Bany|Company de l'Orde del Bany]]br /[[Orde del Servei Distingit]]
|laterwork= 
|portrayedby=
}}

El [[Major general|Major-General]] '''Sir Francis Wilfred de Guingand''' [[Orde de l'Imperi Britànic|KBE]]  [[Orde del Bany|CB]] [[Orde del Servei Distingit|DSO]] (28 de febrer de 1900 – 29 de juny de 1979), més conegut com a '''Freddie de Guingand''', va ser un [[oficial (forces armades)|oficial]] de l'[[exèrcit britànic]] que serví amb el mariscal [[Bernard Montgomery|Montgomery]] des d'[[Segona batalla d'El Alamein|El Alamein]] fins a la rendició de la [[Wehrmacht]] a l'oest. Va ser un oficial brillant d'[[estat major]], demostrat pel fet que Montgomery, que no demanava menys que la perfecció, el va mantenir com a cap del seu estat major durant dos anys i mig. A més va ser un diplomàtic consumat, les habilitats del qual es demostraren vitals per mantenir les relacions entre el notòriament difícil Montgomery i els seus parells i superiors.ref name=Mead116/

== Biografia ==
De Guingand va néixer a Acton, Londres i, després que la [[Royal Navy|Navy]] el rebutgés per ser daltònic, s'uní a l'Exèrcit. De Guingand estudià a l'Ampleforth College i es graduà a l'[[Acadèmia Militar Sandhurst]] el 1918. S'uní al [[Middlesex Regiment]] el 1919, i després als [[King's African Rifles]] entre 1926 i 1931. va ser oficial comandant a [[Nyasaland]] entre 1930–1931, abans de tornar al seu regiment. Entre 1933 i 1936 serví com a assistent militar del Secretari d'Estat per la Guerra.

Malgrat suspendre els exàmens d'accés per assistir a l'Acadèmia d'Estat Major, va ser admès al curs 1935-36 a Camberley gràcies a la intervenció de [[Bernard Montgomery|Montgomery]], amb qui havia servir durant la dècada de 1920 i amb qui mantenia amistat.refMead (2007), p. 112/ref  

=== Segona Guerra Mundial ===
En el moment de l'esclat de la [[Segona Guerra Mundial]] al setembre de 1939, encara [[major (Regne Unit)|major]], de Guingand tornà a ser assistent militar del Secretari d'Estat per la Guerra, ocupació en la que va haver de tractar amb els màxims oficials de l'Exèrcit i desenvolupà habilitats en la diplomàcia. Al gener de 1940 va ser destinat com a instructor del nou col·legi d'[[estat major]] a Haifa amb rang de tinent coronel.ref name=Mead113Mead (2007), p. 113/ref Després d'un breu període com a comandant de l'Acadèmia d'Operacions Combinades, de recent creació, va ser nomenat al desembre de 1940, sota la recomanació del comandant del comandant de l'acadèmia d'estat major [[Eric Dorman-Smith]], a l'estat major conjunt de planificació del [[Comandament de l'Orient Mitjà]] a Cairo, on també assumí el càrrec de secretari del Comitè de Comandants en Cap.ref name=Mead113/

Va estar envoltat per la controvèrsia quan es descobrí que havia estat planejat des d'una data molt prompte per iniciativa pròpia l'evacuació de la [[batalla de Grècia|força expedicionària a Grècia]]. Malgrat això, amb el suport dels comandants en cap naval i aeri se li permeté que continués amb els seus plans.ref name=Mead113/

Al febrer de 1942 Dorman-Smith, llavors segon del Cap de l'Estat Major General a Cairo, recomanà a de Gingaud pel càrrec vacant de Director d'Intel·ligència Militar, Orient Mitjà. En aquest paper es demostrà molt eficient i després de la [[Primera Batalla d'El Alamein]] va ser nomenat Brigadier General d'Estat Major (Operacions) del [[8è Exèrcit (Regne Unit)|Vuitè Exèrcit]].ref name=Mead113/

Quan Montgomery va ser nomenat comandant del Vuitè Exèrcit a l'agost de 1942, avisà a de Guingand per què es trobés amb ells. Posteriorment escriuria 

{{cita|''Freddie de Guingdand i jo érem amics des de feia molt de temps (...) Tenia una ment àgil i fèrtil, i sempre m'havia semblat un oficial extraordinari. (...) L'abast de la tasca que m'esperava començava a fer-se evident. Jo sabia que no podia enfrontar-m'hi sol; necessitava d'algú que m'ajudés, un home d'intel·ligència ràpida i clara, que sabés assumir responsabilitats i que s'encarregués dels detalls, deixant-me lliure per encarregar-me dels problemes principals; un cap d'estat major que s'ocupés dels complexos i menors afers de personal i que em deixés lliure per encarregar-me del comandament (...) Abans d'arribar al Quarter General del VIII Exèrcit havia decidit que de Guingand era l'home idoni pel càrrec. (...) Mai no m'he penedit d'aquesta decisió.''ref{{ref-llibre |cognom= Mariscal Montgomery|nom= Bernard |enllaçautor= Bernard Montgomery |capítol= 7 El VIII Ejército – Mis reflexiones durante el vuelo a Egipto |títol= Memorias de guerra – Mariscal Bernard Montgomery |llengua= castellà |editorial= Tempus |lloc= Barcelona |data=  |any= 2010|mes= octubre |pàgines= 107-109|isbn= 978-84-92567-33-1 |ref= }} 
/ref}}

A partir d'aquell moment, serviria com a cap d'estat major de Montgomery, responsable de la marxa dels exèrcits de Montgomery, en el seu viatge des d'Egipte fins al Rin. Va ser promogut a major general després de la [[campanya de Tunísia#Final|rendició de les forces de l'Eix]] al nord d'Àfrica al maig de 1943.ref name=Mead114Mead (2007), p. 114/ref

De Guingand es demostrà indispensable per a Montgomery, no només a la batalla, sinó que també per les seves relacions amb els estatunidencs. De Guingand semblava que hagués estat beneït per una considerable habilitat diplomàtica, la qual li resultà molt útil mentre que servia amb Montgomery. Va tenir una relació molt propera amb el general [[Walter Bedell Smith|Bedell Smith]], cap de l'estat major del comandant suprem Aliat, [[Dwight Eisenhower]], i va ser capaç de lidiar sobre les múltiples dificultats que sorgien a causa de la problemàtica relació entre Montgomery i els seus parells i els seus superiors.ref name=Mead115Mead (2007), p. 115/ref A l'abril de 1945 va ser fet [[Legió del Mèrit|Comandant de la Legió del Mèrit]].ref[[London Gazette]], num. 37027; 10 d'abril de 1945 /ref  El 1944 va ser fet [[Orde de l'Imperi Britànic|Cavaller de l'Imperi Britànic]], un rar honor per a un simple [[major general]].ref name=Mead115/

Fer front a aquests problemes va crear una gran tensió sobre de Guingand i durant la primera meitat de 1944 va estar de baixa per malaltia en diverses ocasions. Després del [[Actes de capitulació del Tercer Reich|final de les hostilitats a Europa]] passà temps recuperant-se, però encara no ho estava del tot quan va ser nomenat [[Intel·ligència militar|Director d'Intel·ligència Militar]] a l'Oficina de Guerra. Montgomery esperava succeir a [[Alan Brooke]] com a [[Cap de l'Estat Major Imperial]] el 1946 i va dir a de Guingand que el volia com el seu segon. Però, encara recuperant-se de la malaltia, de Guingand no impressionà a Brooke i no se'l nomenà pel càrrec.ref name=Mead116Mead (2007), p. 116/ref

=== Postguerra ===
El 1946 de Guingand es retirà de l'exèrcit i es traslladà a [[Rhodèsia del Sud]] per seguir una carrera als negocis, assolint un èxit considerable. A més va escriure diversos llibres: ''Operation Victory'', ''Generals at War'', ''African Assignment'' i ''From Brass Hat to Bowler Hat''. Les seves memòries no deixaren sempre a Montgomery en un bon paper, i de resultes la seva amistat se'n veié ressentida.ref name=Mead116/

El 1973 va aparèixer a la sèrie documental [[The World at War|World at War]].

== Dates de promocióref http://www.unithistories.com/officers/Army_officers_D02.html/ref  ==
* [[Fitxer:UK Army OF1a.png|50px|Tinent de 2ª]] [[Alferes|Tinent de 2a]] - 17/12/1919
* [[Fitxer:UK Army OF1b.png|50px|Tinent]] [[Tinent]] - 17/12/1921
* [[Fitxer:UK Army OF2.png|50px|Capità]] [[Capità]] - 08/03/1930 (en funcions: 10/06/1929-07/03/1930)
* [[Fitxer:UK Army OF3.png|50px|Major]] [[Major (Regne Unit)|Major]] - 01/08/1938 
* [[Fitxer:UK Army OF4.png|50px|Tinent Coronel]] [[Tinent Coronel]] - 26/08/1942 (en funcions: 11/12/1940-10/03/1941, 11/03/1941-25/08/1942)
* [[Fitxer:UK Army OF5.png|50px|Coronel]] [[Coronel]] - 01/12/1944  (en funcions: 26/02/1942-25/08/1942; 26/08/1942-30/11/1944)
* [[Fitxer:UK Army OF6.png|50px|Brigadier]] [[Brigadier]] (en funcions: 26/02/1942-25/08/1942)
* [[Fitxer:UK Army OF7.png|50px|Major]] [[Major General]] - 10/09/1946, 22/03/1945 (en funcions: 20/04/1943-30/11/1943; 01/12/1944-08/09/1945, 19/09/1945-09/09/1946)

== Condecoracions ==
* [[Fitxer:Galó de l'Orde de l'Imperi Britànic.gif|75px|KBE]] [[Orde de l'Imperi Britànic|Cavaller Comandant de l'orde de l'Imperi Britànic]] – 29 de juny de 1944
** Comandant de l'orde de l'Imperi Britànic – 26 de febrer de 1943 
** Oficial de l'orde de l'Imperi Britànic – 30 de desembre de 1941
* [[Fitxer:Galó de l'Orde del Bany (UK).jpg|75px|orde bany]] [[Orde del Bany|Company de l'orde del Bany]] – 10 d'octubre de 1943
* [[Fitxer:Dso-ribbon.png|75px|DSO]] [[Orde del Servei Distingit|Company de l'orde del Servei Distingit]] – 5 de novembre de 1942
* [[Fitxer:39-45 Star BAR.svg|75px|39-45 Star]] [[Estrella de 1939-45]]
* [[File:Africa Star 8th ARMY BAR.svg|75px|Africa Star]] [[Estrella d'Àfrica]]
* [[Fitxer:Italy Star BAR.svg|75px|Italy Star]] [[Estrella d'Itàlia]]
* [[Fitxer:France and Germany Star BAR.svg|75px|France Star]] [[Estrella de França i Alemanya]]
* [[Fitxer:War Medal 39-45 BAR.svg|75px|War Medal 1939-45]] [[Medalla de la Guerra 1939-1945]]
* [[fitxer:UK MID 1920-94.svg|75px|MiD]] 3 [[Menció als Despatxos|Mencions als Despatxos]] (24 de juny de 1943, 9 d'agost de 1945, 8 de novembre de 1945)
* [[File:Distinguished Service Medal ribbon.svg|DSM|75px]] [[Medalla del Servei Distingit a l'Exèrcit]] (Estats Units)
* [[Fitxer:US Legion of Merit Commander ribbon.png|75px|Legió del mèrit]] [[Legió del Mèrit|Comandant de la Legió del Mèrit]] (Estats Units) 
* [[Fitxer:Legion Honneur Chevalier ribbon.svg|75px|Legió d'Honor]] [[Legió d'Honor]] (França)
* [[File:Croix de Guerre 1939-1945 ribbon.svg|75px|Croix de Guerre]] [[Creu de Guerra 1939-1945]] (França)
* [[fitxer:Order kutuzov3 rib.png|75px|orde kutuzov 3]] [[Orde de Kutúzov]] de 3a classe (Unió Soviètica)
* [[Fitxer:NLD Order of Orange-Nassau - Commander BAR.png|75px|orde orange 3]] [[Orde d'Orange-Nassau|Comandant de l'orde d'Orange Nassau]] (Països Baixos)

== Referències ==
{{referències}}

==Referències==
*{{ref-llibre| nom=Richard| cognom=Mead| títol=Churchill's Lions: A biographical guide to the key British generals of World War II| any=2007| editorial=Spellmount| lloc=Stroud (UK)|  isbn=978-1-86227-431-0}}
* [http://www.kcl.ac.uk/lhcma/cats/deguingand/de30-0.htm#BIO Profile]
{{Autoritat}}

{{ORDENA:De Guingand, Freddie}}


[[Categoria:Cavallers Comandants de l'Imperi Britànic]]
[[Categoria:Comandant de la Legió del Mèrit]]
[[Categoria:Companys de l'Orde del Servei Distingit]]
[[Categoria:Companys de l'orde del Bany]]
[[Categoria:Generals britànics]]
[[Categoria:Militars anglesos]]
[[Categoria:Militars britànics de la Segona Guerra Mundial]]
[[Categoria:Receptors de l'orde d'Orange-Nassau]]
[[Categoria:Receptors de la Medalla al Servei Distingit]]</text>
      <sha1>pgzjch203gg6cewgif0irn7angb1tlh</sha1>
      <model>wikitext</model>
      <format>text/x-wiki</format>
    </revision>
  </page>