<page>
    <title>Hugo Claus</title>
    <ns>0</ns>
    <id>1063937</id>
    <revision>
      <id>13653725</id>
      <parentid>13431107</parentid>
      <timestamp>2014-06-23T14:25:44Z</timestamp>
      <contributor>
        <username>Langtoolbot</username>
        <id>128552</id>
      </contributor>
      <minor></minor>
      <comment>Correcció tipogràfica: espais sobrants</comment>
      <text>{{Infotaula persona
| nom = '''Hugo Claus'''
| imatge = Hugo Claus.jpg
| mida_imatge = 200px
| peu = El 1961 a l'estrena de la pel·lículabr''Het mes'' («El ganivet»)
| nom_naix = Hugo Maurice Julien Claus
| data_naix = {{Data naixement|1929|4|5}}
| lloc_naix = [[Bruges]], [[Bèlgica]]
| data_mort = {{Data defunció i edat|2008|3|19|1929|4|5}}
| lloc_mort = [[Anvers]]
| causa_mort = [[Eutanàsia]] voluntària
| lloc_enterrat = Cendres dispersades albr[[mar del Nord]] davant [[Oostende]]
| coordenades_lloc_enterrat = 
| residència =
| nacionalitat = [[Bèlgica|Belga]]
| altres_noms = Dorothea van Male, Anatole Ghekiere, Jan Hyoens i Thea Streiner
| conegut_per = ''Una dolça destrucció''br''El Gatpenat: poemes escollits''br''La pena de Bélgica'' (traducció en castellà de ''[[Het verdriet van België]])''
| educació = Humanitats (inacabats)
| ocupació = Escriptor, poeta, dramaturg, pintor i director de cinema 
| esposa = Elly OverzierbrVeerle DewitbrAmistançades: [[Kitty Courbois]] i [[Sylvia Kristel]]
| fills = Thomas (1963), Arthur (1975)
| pares = Jozef Claus, Germaine Vanderlinden
| parent = Germà: Guido Claus, actor
| signatura = Hugo Claus sig.png
| lloc_web = [http://www.clauscentrum.be/main.aspx?c=*CLAUSn=24714 www.clauscentrum.be]
| notes = 
}}
'''Hugo Claus''' va ser un artista [[Bèlgica|belga]] polifacètic que va fer d'escriptor, poeta, dramaturg, pintor i director de cinema. Va néixer el [[5 d'abril]] de [[1929]] a [[Bruges]] i va morir el [[19 de març]] de [[2008]] a [[Anvers]].ref{{GEC|0018149}}/ref

La seva obra es caracteritza per una gran diversitat de temes i estils: del més tràgic al burlesc, de la banalitat quotidiana i l'obscè a l'amor excels, de l'universal al local. Alguns dels seus temes preferits són l'amor de la mare, l'odi envers el pare absent, la sexualitat, la culpabilitat induïda pel catolicisme, l'autoritarisme i la hipocresia del clergat, la relació ambigua de molts [[Flandes|flamencs]] que van simpatitzar amb l'ocupant [[alemanya|alemany]] durant la [[Segona Guerra Mundial]] i l'estretor de mires de la petita burgesia a Flandes durant la [[postguerra]]. Claus mai no va tenir por de lluitar contra qualsevol [[tabú]].ref name= Schelfhout 
{{Ref-llibre |cognom= Schelfhout|nom= Wendy |autor= |enllaçautor=  |capítol= De ophef rond Masscheroen van Hugo Claus |urlcapítol= http://lib.ugent.be/fulltxt/RUG01/001/358/186/RUG01-001358186_2010_0001_AC.pdf  | títol= Mag het ook zonder kleren? Het naakte lichaam in het Antwerpse en Gentse stadstheater (1967-2007) (en català: Podem recitar despullat? El cos nu als teatres municipals de Gant i Anvers (1967-2007) - L’estrèpit provocat per Masscheroen d’Hugo Claus) |format= PDF |consulta= {{data inici|2014|04¬05}} |llengua= neerlandès |editorial= Rijksuniversiteit Gent|lloc= Gant |data= 2007  |pàgines= 44-52|}}/ref Barreja elements autobiogràfics amb temes universals. Sovint, la mateixa obra permet diferents lectures, des de la lectura aparentment recreativa fins a la novel·la profunda d'un bon observador de l'humà i de la societat.ref name= racat{{ref-publicació |cognom= Bertroli |nom= Rosa Maria  |article= Hugo Claus — Bruges |url= http://www.catradio.cat/audio/51458/Hugo-Claus-Bruges |llengua= català |consulta= març 2013|publicació= [[Catalunya Ràdio]] | |data= {{data inici|2007|7|2}}|mes= juliol|any=2007 }}/ref

Les seves obres de teatre es caracteritzen per un realisme i un enfocament tragicòmic. També va escriure tres [[llibret]]s i va ser un traductor-adaptador prolífic tant de teatre [[Antiguitat clàssica|clàssic]] com d'obres d'autors francesos, anglesos, italians, alemanys i castellans contemporanis.

Sense comptar les traduccions, va escriure més de 295 títols.ref name=Reynebeau {{ref-publicació
  | cognom = Reynebeau
  | nom = Marc
  | enllaçautor = 
  | article = Het boek aller boeken: alles van Hugo Claus (en català: El llibre de tots els llibres: tots els llibres de Hugo Claus)
  | url = http://www.standaard.be/artikel/detail.aspx?artikelid=G51B1J8N
  | consulta = març 2013
  | publicació = [[De Standaard]]
  | lloc = Brussel·les
  | data = {{data inici|2004|12|16}}
  | issn = 0779-3847 
}}/ref Va sonar moltes vegades com a guanyador del [[Premi Nobel]], però mai no el va arribar a aconseguir.ref
{{ref-publicació
  | cognom = Moreno
  | nom = Ricardo
  | article = Vargas Llosa, Fuentes y Hugo Claus, aspirantes al Premio Nobel» {{es}}
  | url = http://elpais.com/diario/2002/10/10/cultura/1034200803_850215.html
  | consulta = març 2013
  | publicació = [[El País]]
  | lloc = Madrid
  | data = {{data inici|2002|10|10}}
  | issn =0213-4608 
}}/ref

==Biografia==
===Joventut (1929-46)===
Claus era el fill gran de l'impressor Jozef Claus i de Germaine Vanderlinden. Tenia tres germans: Guido, que va esdevenir actor (1931-1991), Odo (1934) i Johan (1938-2009). Poc després del naixement d'Hugo, la família es va mudar cap a [[Astene]] ([[Deinze]]), on va començar una [[impremta]] i un negoci de material escolar. El pare era actiu en una companyia de teatre amateur a [[Kortrijk]].

El jove Claus va passar la seva primera joventut en un pensionat [[catolicisme|catòlic]], des de l'edat de 18 mesos fins als 11 anys.ref name= duyt {{ref-publicació |cognom= Duytschaever|nom= J. |cognom2=  van Bork |nom2= G.J.  |article= Claus, Hugo |url= http://www.dbnl.org/tekst/bork001schr01_01/bork001schr01_01_0196.php  |format= PHP |llengua= neerlandès |consulta= març 2013|publicació=  [[Biblioteca digital de la literatura neerlandesa]] |data= 2002  |any= 2002 }}/ref Aquest fet va esdevenir una de les seves temàtiques recurrents i va alimentar un conflicte intel·lectual amb l'Església catòlica fins després de la seva mort. Més tard va titllar les monges del Pensionat Saint-Joseph d'[[Aalbeke]] de «[[Waffen-SS]] amb [[uniforme]] religiós».ref{{ref-publicació
  | cognom = HR
  | nom = 
  | enllaçautor = 
  | article = Exit Hugo Claus
  | url = http://www.medische-ethiek.nl/modules/news/article.php?storyid=573
  | consulta = març 2013
  | publicació = Katholiek Dagblad
  | data = {{data inici|2008|3|28}}
}}/ref Les seves humanitats grecollatines va seguir als col·legis Sint-Amand a [[Kortrijk]] i Sint-Hendrik a [[Deinze]]. Vers la fi de la Segona Guerra Mundial va ser membre de la Joventut [[nacionalsocialisme|Nacionalsocialista]] de Flandes (NSJV).ref{{citar ref |cognom = Sels |nom = Geert |article = Hugo Claus had collaboratiedossier (Claus tenia un expedient de col·laboracionisme) |publicació = [[De Standaard]] |data = {{data inici|2010|3|17}}|pàgines = |url = http://www.standaard.be/cnt/ot2njnnv |consulta = 4 maig 2014}}/ref Amb d'altres membres, el 1944 va rebre una menció honorífica de l'ocupant alemany pel seu zel durant una operació de rescat després de «l'acció [[terrorisme|terrorista]] dels [[Aliats de la Segona Guerra Mundial|aliats]].»ref name=gw45 / Ell mateix mai no va amagar aquest episodi de la seva vida, en va parlar en intervius explicant com la propaganda alemanya va ser molt encisadora per a un jove adolescent a una Flandes a la qual a l'escola s'inculcava una veritat feta d'històries d'anglesos protestants que perseguien els pobres catòlics a [[Irlanda]] i de [[comunisme|comunistes]] que violaven monges i mataven sacerdots a [[Espanya]].ref   


{{Ref-llibre |cognom= Piryns |nom= Piet |enllaçautor= Piet Pyrins |capítol= ‘Dat weerzinwekkende gevoel van vooral bemind te willen worden. De ellende die daaruit voortkomt. Bàh!’ (Aquest sentiment horrorós de voler, avant de tot ser amat. I tota la misèria que en surt, ecs |urlcapítol= http://www.dbnl.org/tekst/piry001eris01_01/piry001eris01_01_0003.php |editor= | títol= Er is nog zoveel ongezegd. Vraaggesprekken met schrijvers. (Romanen tantes coses no dites, conversacions amb escriptors |url= |format= |consulta= |llengua= neerlandès |volum= |edició= |editorial= Houtekiet |lloc= Anvers |data= {{data inici|1983|3|12}}   |pàgines= 29-39 |isbn=  }}

/ref Després de la guerra, son pare va ser condemnat i empresonat per [[col·laboracionisme]], l'impremta va ser destruïda en un acte de venjança i la mare va fugir a ca l'àvia a [[Astene]].ref name=gw45{{ref-publicació
  | cognom = Wildemeersch
  | nom = Georges
  | enllaçautor = 
  | article = Biografia 1940-1950
  | url = http://www.clauscentrum.be/main.aspx?c=*CLAUSn=24732
  | consulta = març 2013
  | publicació = Studie- en documentatiecentrum Hugo Claus
  | lloc =Antwerpen
  | llengua = neerlandès
  | data = ''s.d.''
}}/ref

El 1945 comença a escriure una novel·la sobre l'heroi popular flamenc del segle XIV [[Nicolau Zannekin]] que va continuar desenvolupant.  Comença a integrar-se en una xarxa d'intel·lectuals i artistes de l'època: [[Roger Raveel]], [[Johan Daisne]], Remi Boeckaert i Antoon de Clerck.

===El debut (1946-1949)===
El 1946, als disset anys abandonà els estudis i la casa familiar i s'instal·là amb el pintor Antoon de Clerck (1923-2001) en una granja que havien llogat junts a [[Sint-Martens-Leerne]] ([[Deinze]]). Durant la seva estada a Sint-Martens escrivia, pintava i somiava en esdevenir actor. Realitzà il·lustracions per a poemaris publicats per son pare. Aquest, en recobrar la llibertat havia començat una nova impremta i editorial a la vila de [[Moeskroen]]. Claus també hauria seguit en aquesta època un curs d'escultura a l'Acadèmia de Belles Arts de [[Gant]].ref name=gw45 / El 1947 acceptà per necessitat una feina com temporer al nord de França per a la campanya de les [[Remolatxa sucrera|remolatxes sucreres]]. Amb els diners del sucre venut al [[mercat negre]] se'n va anar a [[París]] on trobà l'autor [[Antonin Artaud]] (1896-1948), ja força debilitat, que va influir molt sobre el jove artista, malgrat el poc de temps que es van conèixer.ref name=gw45 / Ja des de jove manifestà la seva universalitat i no es limità a una branca de l'art. Claus estava convençut que l'home fa totes les descobertes durant els primers vint anys de la vida, i que la resta de la vida només són variacions.ref name= duyt /

El 1948 va ser molt influït pel [[surrealisme]] i la poesia moderna dels Estats Units d'Amèrica. Se n'anà cap a [[Oostende]] on la seva família havia establert una nova impremta. Escrigué el seu segon poemari i la novel·la ''De Eendenjacht''. El gener 1949 va conèixer la seva esposa Elly Overzier. Començà el servei militar a [[Lieja]] i després a [[Brussel·les]], on es va encarregar de tasques de periodisme per la revista dels soldats. S'impregnà de la [[literatura francesa]] i s'adherí al moviment artístic [[Cobra (moviment artístic)|Cobra]]. Creà la revista [[Avantguardisme|avantguardista]] ''Tijd en mens'' de la qual era redactor.ref name=gw45 /

===Primers èxits d'un escriptor i pintor (1950-1966)===
[[Fitxer:Anefo 910-7150 Televisiespel.jpg|Els actors Ina Faassen i Hans Croiset en la versió televisiva d’''Een bruid in de morgen'' (1959)|thumb]]En desmobilitzar-se el març 1950, la seva productivitat literària i plàstica va agafar la màxima amplitud. La seva primera novel·la ''De Metsiers'' ja va ser premiada com a manuscrit. Exposa a Brussel·les junt amb [[Pierre Alechinsky]] i [[Guillaume Cornelis van Beverloo]], escriu poesies per il·lustrar [[litografia|litografies]] de [[Karel Appel]], dibuixa i escriu en la revista de Cobra…refPer a una reproducció d'una obra comuna de Claus i Appel vegeu: {{ref-web |url= http://www.kb.nl/sites/default/files/93_43f25_p10_11.jpg | títol= De blijde en onvoorziene week |consulta= 30 març 2014 |cognom= Claus |nom= Hugo |enllaçautor= |cognom2= Appel |nom2= Karel |enllaçautor2= Karel Appel  |format= JPG|llengua= neerlandès |editor= Biblioteca Nacional dels Països Baixos |data= 1950 }}/ref El setembre segueix Elly Overzier que intenta una carrera de model a [[París]]. El 1951 participà en una exposició col·lectiva de Cobra a París, mentrestant negocià amb tots els editorials majors en llengua neerlandesa, sovint sobre les mateixes obres. L'estiu 1952 tornà a Bèlgica. El 1953 fa dos llargs sojorns a [[Roma]] i altres ciutats [[Itàlia|italianes]]. En aquests temps publicà unes quantes obres. A poc a poc comença a distanciar-se de l'[[-ismes avantguardistes|experimentalisme]] literari. El 1955, el seu drama ''Een bruid in de morgen'' s'estrena a [[Rotterdam]]. Torna d'Itàlia, s'instal·la a Gant i el [[26 de maig]] es casa amb Elly. El 1956 el compositor [[François de la Rochefoucauld (compositor)|François de la Rochefoucauld]] li presenta la música de l'òpera ''La mer blanche'', de la qual Claus escriví el llibret, tot i que mai no es va estrenar.ref name=50-60 {{ref-publicació
  | cognom = Wildemeersch
  | nom = Georges
  | enllaçautor = 
  | article = Biografia 1950-1960
  | url = http://www.clauscentrum.be/main.aspx?c=*CLAUSn=24733 
  | consulta = març 2013
  | publicació = Studie- en documentatiecentrum Hugo Claus
  | lloc =Antwerpen
  | llengua = neerlandès
  | data = ''s.d.''
}}/ref Diverses peces seves van ser executades a Bèlgica i sobretot als [[Països Baixos]], un reconeixement major, ja que aleshores era molt rar que un escriptor flamenc tingués èxit al nord, on la literatura flamenca durant molt de temps va tenir una reputació provincial. El [[drama]] [[naturalisme|naturalista]] i [[tragicomèdia|tragicòmic]] ''Suiker'' (Sucre, 1958), inspirat de la seva experiència com a temporer a França, va esdevenir la seva obra dramàtica més popular.ref name= duyt / El 1959 sojorna uns mesos a [[Eivissa (illa)|Eivissa]] en companyia dels escriptors [[Harry Mulisch]], [[Cees Nooteboom]], [[Jan Gerhard Toonder]], Dennis Murphy i John West, i rep una beca de la [[Fundació Ford]] que li va permetre descobrir els [[Estats Units d'Amèrica|Estats Units]] durant mig any.

El 1961, la pel·lícula ''Het mes'' sota la direcció de [[Fons Rademakers]] s'estrenà; és una adaptació cinematogràfica d'un conte seu  del qual va escriure el guió. Tradueix l'obra teatral ''Antigone'' de [[Christopher Logue]] que s'estrenà en presència d'ambdós escriptors a Gant. Continua sent productiu en tots els fronts. El 1963 s'estrena entre altres ''Love Story'' (El llibre més llarg del món), un poemari en anglès sobre pintures de [[Karel Appel]], editat amb una tirada de només un exemplar.ref name=Reynebeau / Destaca el llibret de la ''Passió segons sant Mateu'' sobre música de Mossèn De Brabandere escrit durant una estada a un mas a [[Nukerke]] el 1964.refArticle amb foto del mas: {{ref-publicació
  | cognom = ''s.n.''
  | article = Hugo Claus in Nukerke
  | url = http://www.businarias.be/index.php?option=com_contentview=articleid=80:hugo-clauscatid=.. 
  | consulta = març 2013
  | publicació = Businarias, Butlletí del cercle d'història local
  | lloc = Maarkedal
  | data = ''s.d.''
}}/ref

===El procés ''Masscheroen'' (1967-1970)===
El 1967 va muntar la peça ''Masscheroenref group=nPronuncia: ''màsserun''/ref'' al festival de teatre experimental de [[Knokke-Heist|Knokke]] que va encendre una polèmica emblemàtica del seu conflicte perpetu amb el catolicisme i el [[puritanisme]] petitburgès de l'època. En l'obra van aparèixer tres amics seus a pèl, [[Hugues C. Pernath]], [[Freddy de Vree]] i Bob Cobbing, que simbolitzen la [[Santíssima Trinitat]]. La peça va ser prohibida. Seguirà un procés davant el tribunal [[dret penal|penal]] per atemptat contra la moral i els bons costums. Al [[tribunal]] de primera instància de Bruges Claus va ser condemnat a quatre mesos i un penyorament de 10.000 francs, ambdós efectius, va apel·lar i l'empresonament va ser transformat en pena condicional en segona instància a Gant. Aquest esdeveniment va desencadenar una polèmica a la premsa, accions de protesta i peticions, l'organització d'un Consell Anti-[[Censura]], la publicació del text amb fotos tot just abans del procés. Anys després, De Vree, un dels membres de la trinitat va dir: «A la fi dels anys seixanta era important mostrar-se a pèl, tenia un significat. […] S'ha de veure tot a l'esperit del temps.[…]. Hi havia els progressistes puritans que manifestaven contra la [[guerra del Vietnam]]. A costat hi havia un grup que donava la cara per a una sexualitat lliure. Aleshores s'organitzava també un debat sobre la nuesa».ref {{ref-publicació
  | cognom = Libert
  | nom = Marijke
  | enllaçautor = 
  | article = Bloot op de planken: acteurs over de nieuwe naaktheid (en català: Nuesa al teatre: actors sobre la nova nuesa)
  | publicació = [[De Morgen]]
  | lloc = Brussel·les
  | data = {{data inici|1999|1|16}}
  | issn = 1374-7916
}}/ref Aquest procés va ser el cim de l'iceberg d'una ona de repressió i de perquisicions prop de tota una sèrie d'escriptors en aquest període.ref name= Schelfhout / Claus mateix va cridar a la joventut:
{{cita|El germen està sembrat, davant els nostres ulls creix un bolet merdós d'[[Tolerància social|intolerància]] i de [[tirania]]. Observem al nostre entorn que els joves ocupen noves posicions, que s'oposen contra la robotització de la societat, contra la visió de l'avenir resclosa que els espera. La seva oposició política s'ha d'anar paral·lela amb l'oposició contra una concepció obsoleta de l'[[erotisme]]. Car a la llibertat eròtica — durant anys enterbolida per un catolicisme del més estrets — li cal una defensa tant pertinaç.ref{{ref-publicació
  | cognom = Roggeman
  | nom = Willem M.
  | enllaçautor = 
  | article = ‘Is Hugo Claus een zedenbederver?’ Proces met gesloten deuren omwille van ''Masscheroen'' (en català: ‘És Hugo Claus un corruptor de la moral?’ Procés amb portes tancades per ''Masscheroen)''
  | publicació = [[De Morgen]]
  | lloc = Brussel·les
  | data = {{data inici|1986|5|16}}
}}/ref}} Claus perseverà: «Vull actuar per a la nuesa a la televisió flamenca, només perquè prefereixo veure una fadrina nua, i àdhuc un jove nu, que una desfilada de [[Paracaigudista militar|paracaigudistes]] que se senten absolutament obligats a defensar els nostres interessos a [[Àfrica]]».ref{{ref-publicació
  | cognom = Hellemans
  | nom = Frank
  | article =Hoe Hugo Claus tot 3 maal toe veroordeeld werd (en català: Com Hugo Claus va ser condemnat fins a tres vegades)
  | consulta = març 2013
  | publicació = Knack
  | lloc = Brussel·les
  | data = {{data inici|2010|6|30}}
}}/ref

El 1970, Claus va apel·lar en [[Tribunal de Cassació|cassació]], l'última instància jurídica belga — encara no existia el [[Tribunal Europeu de Drets Humans]] — però aquest darrere tribunal va confirmar el veredicte en insistir que la llibertat artística no era un [[salconduit]] per a atemptats contra la moral i els bons costums. A Bèlgica, aquest procés va ser un dels factors, juntament amb les repercussions de [[Maig de 1968]], que van accelerar la fi del [[clericalisme]] i iniciar un moviment d'emancipació que exigia la llibertat individual, que va començar amb la llibertat des de la concepció o de no-concepció fins a la mort, el que Claus va aplicar conseqüentment.

===Un escriptor activista  (1968-1982)===
Durant el seu segon viatge a [[Cuba]] en companyia de [[Harry Mulisch]] es declara un admirador del «comunisme tropical».ref{{ref-publicació
  | cognom = Wintraecken
  | nom = Jan
  | article =Dichter-boer Hugo Claus ((Poeta i masover Hugo Claus, gran admirador del «comunisme tropical)
  | url = http://theater.ua.ac.be/claus/html/1968-08-29_claus_degelderlanderpers.html
  | consulta = 30 març 2014
  | publicació = De Gelderlander Pers
  | data = {{data inici|1968|8|29}}
}}/ref Durant la creació de la peça ''Vrijdag'' (Divendres) a Amsterdam, es troba amb l'actriu Kitty Courbois que va esdevenir la seva amistançada. L'obra tracta la perversió catòlica, als seus ulls, de transformar l'antic dia de [[Venus (mitologia)|Venus]] origen del nom del divendres,ref group=nEl mot neerlandès vrijdag significa dia (dag) de [[Freia]], la deessa germànica de l'amor, igual que divendres, dia de venus en català./ref el dia de l'amor en un dia de [[penitència]], de culpabilitat, de pecat, d'abstinència.ref[http://www.cobra.be/cm/cobra/videozone/dagopdag2012/121019-mv-vrijdag_17november1969 «Zoeklicht»] entrevista televisiva amb Hugo Claus del {{data inici|1969|11|17}} a l'aleshores cadena nacional BRT (Belgische Radio en Televisie) sobre l'estrena de ''Vrijdag'' amb extractes de l'execució a Amsterdam/ref

El 1970, ''De Spaanse Hoer'', adaptació de ''La Celestina '' de [[Fernando de Rojas]] té un èxit a l'estrena a [[Eindhoven]].ref{{Ref-llibre |cognom= Behiels |nom= Lieve |cognom2= Kish |nom2= Kathleen V. | títol= Celestina: An Annotated Edition of the First Dutch Translation (Antwerp, 1550) |editorial= Leuven University Press|lloc= Leuven |data=  |pàgina= 60 |pàgines= 60 |isbn= 9789058674234 }}/ref Deixa Nukerke per establir-se a [[Amsterdam]] i tornar-se a trobar amb Courbois.ref name=60-70{{ref-publicació
  | cognom = Wildemeersch
  | nom = Georges
  | enllaçautor = 
  | article = Biografia 1960-1970
  | url = http://www.clauscentrum.be/main.aspx?c=*CLAUSn=24734
  | consulta = març 2013
  | publicació = Studie- en documentatiecentrum Hugo Claus
  | lloc =Antwerpen
  | llengua = neerlandès
  | data = ''s.d.''
}}/ref El 1971 s'estrena la pel·lícula ''Mira'', basada en la novel·la ''De Teleurgang van de Waterhoek'' de [[Stijn Streuvels]], del qual va escriure el guió.refTrailer vegeu: [http://www.ximon.nl/Films/mira/104126 ''Mira'']/ref Comença a perfilar-se com a director d'escena independent. El 1973 va lligar-se amb l'actriu [[Sylvia Kristel]] que va trobar durant la producció de la pel·lícula ''Niet voor de poezen'', amb ella va tenir el seu segon fill, Arthur el 1975. Aquest any muden junts cap a Antwerpen i escriu entre altres el guió de la sèrie televisiva ''La vida de Rubens'' prevista per a l'any [[Peter Paul Rubens|Rubens]] de 1977. En una entrevista va comentar: «la vida de Rubens no era gaire espectacular, el seu caràcter equilibrat comportava el risc de crear una història avorrida.[…] He imaginat uns conflictes, però no he fet errors històrics, interpreto, sóc un líric.»ref{{ref-publicació
  | cognom = Dejonghe
  | nom = Huib
  | enllaçautor = 
  | article = TV-serie moet epateren, ontroeren en bijleren (en català: Una sèrie televisiva ha d'impressionar, commoure i ensenyar)
  | url = http://theater.ua.ac.be/claus/pdf/1976-11-12_claus_destandaard.pdf
  | format = pdf
  | consulta =  {{data inici|2014|3|30}}
  | publicació = [[De Standaard]]
  | lloc = Brussel·les
  | data = {{data inici|1976|11|12}}
  | issn =  0779-3847 
}}/ref

Un viatge cap a [[Las Vegas]] el 1978 li inspira per a la seva novel·la ''Het Verlangen''.ref group=nEl Desig/ref El 1979 celebra el seu 50è aniversari, rep tres premis, es produeix la seva traducció de ''[[Macbeth]]'' a Gant i s'organitza l'exposició ''Claustrum'' amb la seva obra plàstica a [[Hasselt]].ref name=60-70 /refCatàleg: ''Claustrum, schilderijen, tekeningen, gouaches, lichtdrukken van Hugo Claus'', Hasselt, Cultureel Centrum, 1979, 16 pàgines/ref

===Obra mestre: ''[[Het verdriet van België]]'' (La tristesa de Bèlgica) (1983)===
La novel·la ''[[Het verdriet van België]]'' conta la història d'un jove que creix al voltant de la segona guerra mundial en una petita ciutat flamenca anomenat ''Walle'', ''[[pars pro toto]]'' que utilitza com nom artístic per a la ciutat de Kortrijk. En aquest [[bildungsroman]] parcialment [[autobiografia|autobiogràfic]] pinta la vida de Louis Seynaeve, que creix en un medi hipòcrita, en una família col·laboracionista i en un pensionat sever. Tanmateix és un retrat de la vida quotidiana flamenca entre 1939 i 1947, en una situació de crisi, de guerra, de traïció, d'engany i de frau. És considerat com el seu ''magnum opus'', va ser traduït en les llengües europees majors, excepte en català: [[alemany]], [[anglès]], [[castellà]], [[danès]], [[finès]], [[francès]], [[grec]], [[italià]], [[noruec]], [[polonès]], [[portuguès]] i [[serbocroat]] i també en [[xinès]]. Entre 1983 i 2000, la versió neerlandesa va conèixer una [[tirada]] de 364.000 exemplarsref name=Reynebeau / i el 2008 la trentena edició. En ocasió de la traducció en castellà va dir: ''«La pena de Bélgica, la escribí para contar a mi hijo, que pertenece a un mundo muy distinto, cómo habían sido mis primeros años. Desde los 18 meses a los 11 años estuve interno en un colegio de monjas»'' {{es}}. El protagonista, de familia ultraconservadora, pateix el pes de la repressió i de la frustració generades per aquest típus d'educació.ref{{ref-publicació
  | cognom = Bayon Pereda
  | nom = Miguel
  | enllaçautor = 
  | article = Hugo Claus: Estoy en esto por gusto por la aventura
  | url = http://elpais.com/diario/1990/12/05/cultura/660351603_850215.html
  | consulta = març 2013
  | publicació = [[El País]]
  | llengua = castellà
  | lloc = Madrid
  | data = {{data inici|1990|12|5}}
  | issn =0213-4608 
}}/ref El 1994 va escriure el guió per la sèrie televisiva del mateix nom, dirigit per [[Claude Goretta]].ref[http://www.cinema.nl/films/482068/het-verdriet-van-belgie ''Het verdriet van België''], VPRO Cinema.nl/ref

===Apogeu (1984-1998)===
Entre l'execució de diverses obres, es destaca el 1985 l'[[òpera]] ''Dr. Faustus'' (Música [[Konrad Boehmer]], llibret Hugo Claus) en una col·laboració entre la [[Nederlandse Opera]] i el [[Òpera Garnier|Théâtre National Opéra de Paris]]. La visita del papa [[Joan Pau II|Karol Józef Wojtyła (Joan Pau II)]] a Bèlgica li inspira l'abril 1985 la redacció d'un petit recull de deu texts amb imatges del [[caricatura|caricaturista]] Gerard Alsteens sota el títol ''Una Visita Repugnant''.ref group=n''Een weerzinwekkend bezoek''/ref El 1986 rep el [[Premi de les Lletres neerlandeses]] per a la totalitat de la seva obra i tota una mena d'activitats commemoratives tenen lloc a Bèlgica i els Països Baixos. El 1987 se'n va a viure en [[Provença]], tot i continuar la direcció teatral. La novel·la ''Een zachte vernieling'', traduïda al català el 2003 com ''Una dolça destrucció'' pareix. Tracta de manera parcialment autobiogràfica els seus anys experimentals a París i la seva relació amb el poeta [[Hans Andreus]] i la seva dona dins la colònia [[Existencialisme|existencialista]] d'artistes flamencs i neerlandesos. Tracta amb ironia el zel ampullós de l'avantguarda però també la malenconia de la passió subjacent, les emocions, les il·lusions i amors perduts.ref[http://www.letterenfonds.nl/nl/boek/202/een-zachte-vernieling «Hugo Claus, Een zachte vernieling»] Nederlands Letterenfonds, s.d./refref[http://www.llibres.cat/producto/listadobuscar?buscar=Una+dolça+destrucció ''Una dolça destrucció''], Llibres Cat/ref

El 1992 va ser hospitalitzat per causa de [[càncer de pròstata]]. El 1993 va casar en segones noces Veerle De Wit. El seu 65è anniversari el 1994 va ser una ocasió per a una multitud d'homenatjes, suplements a diaris, exposicions, publicació dels seus poemes complets. Claus refusa la ''Medalla d'Or''ref group=nGouden Erepenning/ref del parlament de Flandes. Al museu a l'aire lliure Middelheim a Anvers s'inaugura una obra momumental amb set llibres oberts amb d'un costat un dibuix de [[Pierre Alechinsky]] i d'altre costat un poema de Claus. El 1996 es crea el Centre d'estudis i de documentació a la Universitat d'Anvers.

=== El crepuscle: la malaltia d'Alzheimer (1999-2007)===
El 1999 notifica per a la primera vegada problemes de [[memòria (psicologia)|memòria]] i la seva paüra de la malaltia d'Alzheimer. El 2001 avisa que es limitarà a la poesia per causa dels problemes de memòria recent. La seva obra continua sent executada, unes noves obres pareixen i rep uns més premis nacionals i internacionals. Comença a tenir problemes de salut general.ref name=90-08{{ref-publicació
  | cognom = Wildemeersch
  | nom = Georges
  | enllaçautor = 
  | article = Biografia 1990-2008
  | url = http://www.clauscentrum.be/main.aspx?c=*CLAUSn=24737 
  | consulta = març 2013
  | publicació = Studie- en documentatiecentrum Hugo Claus
  | lloc =Antwerpen
  | llengua = neerlandès
  | data = ''s.d.''
}}/ref La temàtica de la pèrdua de memòria apareix cada vegada més en la seva obra: ''L'home de l'atzar'' (2000),ref group=n''De man van het toeval''/ref una traducció de [[Yasmina Reza]], la novel·la ''Somnambulisme'' (2000)ref group=n''De Slaapwandeling''/ref i ''En cas de necessitat'' (2004),ref group=n''In geval van nood''/ref durant una entrevista diu: «Ik heb het wel zo'n beetje gehad.», una expressió típica neerlandesa d'algú a la fi de la seva carrera o de la seva vida, que expressa al mateix temps una satisfacció del passat i una constatació que n'hi ha prou, que hom ha tingut tot.ref{{ref-publicació
  | cognom = Piryns
  | nom = Piet
  | enllaçautor = 
  | article = Hugo Claus: 'Ik ben te veel een flierefluiter geweest' (en català: He sigut massa panxacontent)
  | url = http://www.vn.nl/Artikel-Literatuur/Hugo-Claus-Ik-ben-te-veel-een-flierefluiter-geweest.htm
  | consulta = {{data inici|2013|3|30}}
  | publicació = Vrij Nederland
  | lloc = Amsterdam
  | data = {{data inici|2004|4|3}}
}}/ref Conclou aquesta entrevista amb un poema ''Repetició'' al qual evoca els tres verins utilitzats per a eutanasiar-se. S'organitzen amb això les tradicionals retrospectives i homenatges pel seu aniversari. El [[30 de juliol]] de [[2006]], la seva dona envia un [[e-mail]] als seus amics amb el text: «Estimats amics, Hugo m'ha demanat d'enviar aquest mail. S'ha constatat que pateix de la [[malaltia d'Alzheimer]]. Hugo ha decidit passar el temps que encara li roman, i del qual determinarà ell mateix la fi, el més alegrement possible. ''Ni Dieu, ni maître''.»ref name=In memoriam{{ref-publicació |cognom= Ammerlaan  |nom= Robbert  |enllaçautor= |article= In memoriam Hugo Claus (en català: [[In memoriam]] Hugo Claus |url= http://www.deredactie.be/cm/vrtnieuws/archief/2.1222/cultuur%2Ben%2Bmedia/1.278119 |llengua= neerlandès |consulta= {{data inici|2014|3|30}} |publicació= |editorial= Vlaamse Radio en Televisie|lloc= Brussel·les|data= {{data inici|2008|3|29}}|mes= març |any= 2008 }}/ref

===La seva mort, un darrer acte militant (2008)===
Va morir el [[19 de març]] de [[2008]] a Anvers. Havia optat per a una mort per [[eutanàsia]] voluntària, en constatar que la malaltia d'Alzheimer continuava progressant. La llei belga l'autoritza si la persona encara pot decidir conscientment. Per aquesta raó va procedir en l'estadi precoç de la malaltia.ref[http://www.324.cat/noticia/264843/llibres/Mor-lescriptor-belga-Hugo-Claus-despres-de-practicar-li-leutanasia «Mor l'escriptor belga Hugo Claus després de practicar-li l'eutanàsia»], ''[[TV3]],'' 19 de març de 2008/ref Segons el seu obituari «Claus havia insistit en el desig de no prolongar la vida si no podia gaudir-ne amb lucidesa, i el mateix ministre de Cultura, Bert Anciaux, declarava ahir que ‘coneixia prou bé l'escriptor per saber que volia morir amb orgull i dignitat’»ref[http://www.teatral.net/ca/noticies/fitxa_noticies/7486 «Hugo Claus mor als 78 anys»], ''[[El Punt]],'' 9 de març de 2008, citat per ''Teatralnet''/ref [[Guy Verhofstadt]], un amic seu i antic primer ministre de Bèlgica va dir: «Confondre el dia i la nit, no poder distingir el matí, la tarda i el vespre, no saber caminar […] tot això no és gaire greu per a un escriptor. Ans al contrari quasi no ésser capaç de combinar els mots en frases clares o trobar les metàfores i expressions adequades, una cosa que ha fet sense esforç durant més de seixanta anys, això li va esdevenir un turment insuportable i sense sortida.»ref name=In memoriam /

L'escriptor que mai no va refusar temes controvertits, va romandre conseqüent en el seu esperit provocatori fins a la fi. Els medis lliurepensadors i [[laïcisme|laics]] van admirar el seu acte. La jerarquia [[catolicisme|catòlica]] belga per boca del seu representant suprem, el [[cardenal]] Godfried Danneels va reaccionar amb indignació vehement durant el seu sermó de la missa de Pasqua. De retorn va suscitar una resposta de l'associació laica ''Dret d'una mort digna''ref[http://www.rws.be/web/ Recht op waardig sterven]/ref que insisteix que no hi ha cap pressió sobre les opcions personals de fi de vida i que els laics respecten la llibertat individual, el que l'església no fa.ref {{ref-publicació
  | cognom = vsv
  | article = Protest tegen uitspraken Danneels over euthanasie (en català: Protesta contra el discurs del cardenal Danneels sobre eutanàsia)
  | url = http://www.demorgen.be/dm/nl/983/Nieuws/article/detail/218007/2008/03/24/Protest-tegen-uitspraken-Danneels-over-euthanasie.dhtml
  | consulta = 
  | publicació = [[De Morgen]]
  | lloc = Brussel·les
  | data = {{data inici|2008|3|22}}
  | issn = 1374-7916
}}/ref Després d'una cerimònia al teatre ''Bourla'' d'Anvers el 19 de març, el seu cos va ser cremat i les cendres dispersades  al [[Mar del Nord]] davant [[Oostende]]. Durant el comiat, l'escriptor [[Erwin Mortier]] va pronunciar una diatriba contra el cardenal: «Claus sempre va manifestar una manca de respecte saludable davant prínceps i prelats. […] Només per què no comparteixen la seva opció de final de vida, surten de les seves cavernes per a vomitar la seva còlera pusil·lànime. Celebrar la seva pròpia superioritat moral damunt el cos d'un mort estimat, no és cap proesa. Avergonyeix-te, senyor cardenal.»ref {{ref-publicació
  | cognom = ka
  | cognom2 = eb
  | article = Waardig afscheid van Hugo Claus (en català: Comiat digne de Hugo Claus)
  | url = http://www.demorgen.be/dm/nl/1006/Kunst-Literatuur/article/detail/223386/2008/03/29/Waardig-afscheid-van-Claus.dhtml
  | consulta = 
  | publicació = [[De Morgen]]
  | lloc = Brussel·les
  | data = {{data inici|2008|3|29}}
  | issn = 1374-7916
}}/ref

===Pòstum===
Pòstumament va comprovar-se el rumor que una part de la seva obra dramàtica no va ser escrita per ell, i que només hauria corregit uns detalls de textos que Ton Lutz, la seva dona Veerle De Wit i altres haurien desenvolupat a partir d'idees vagues que el mestre dictava durant el seu període anverès. Sovint hauria copiat, i rarament hauria mencionat les seves fonts. Les seves novel·les i poesies ans al contrari serien totes autèntiques.ref{{ref-publicació
  | cognom = Lauwaert
  | nom = Guido
  | enllaçautor = 
  | article = Wie schreef toneelwerk Hugo Claus? (en català: Qui va escriure l'obra teatral de Hugo Claus?)
  | url = http://www.knack.be/nieuws/boeken/nieuws/wie-schreef-toneelwerk-hugo-claus/article-4000009099929.htm
  | consulta = 30 des 2008
  | publicació = Knack
  | lloc = Brussel·les
  | data = {{data inici|2011|11|24}}
}}/ref Una part important del seu fons es troba a la [[Casa de les Lletres]] a Anvers.

==Obres==
Hugo Claus ha escrit més de 295 títols en neerlandès i ha estat traduït en una vintena de llengües. Es fa difícil enumerar totes les obres en una sinopsi enciclopèdica.ref name=Reynebeau / Una bibliografia completa de l'obra es troba a la [[Biblioteca digital de la literatura neerlandesa]].ref name=BDLN[http://www.dbnl.org/auteurs/auteur.php?id=clau005 «Hugo Claus»], Biblioteca digital de la literatura neerlandesa/ref 

===Traduïdes al català===
* Una dolça destrucciórefBarcelona, Editorial Empuries, 2003, 144 pàgines, ISBN 9788475969763/ref
* El Gatpenat: poemes escollits (uns poemes són disponibles en línia [http://www.mallorcaweb.com/magteatre/poesiaaltres/neerlandesa.html aquí])reftraducció Ferran Bach, Volum 7 de El Corb, Barcelona, Columna, 1998, 110 pàgines, ISBN 9788483003923/ref
* «Escric de tu» poema traduït en ''Trenta-tres poetes flamencs''reftraducció de Germain Droogenbroodt i Vicent Martínez, València, Universitat de València, 1990/ref
* ''[http://www.raco.cat/index.php/Reduccions/article/view/46471/57712 «Avis a la població»], ''Revista de poesia'', 1980 n°10, pàgines 30-34 

===Obres literàries destacades===
* ''Kleine reeks'' (1947) poemes (debut)
* ''De Metsiers'' (1951) novel·la (debut)
* ''Een huis dat tussen nacht en morgen staat'' (1953) (Una casa construïda entre la nit i el mati), poemari
* ''Natuurgetrouw'' (1954), un recull de contes [[surrealisme|surrealistes]]
* ''Een bruid in de morgen'' (1955), teatre
* ''Suiker'' (1958), teatre
* ''De verwondering'' (1962)
* ''Masscheroen (1967), teatre
* ''Vrijdag'' (Divendres, 1969), teatre
* ''De wangebeden'' (1973), deu poemes [[blasfèmia|blasfèmiques]]
* ''[[Het verdriet van België]]'' (1983) traduït en castellà com ''La pena de Bélgica'', considerat com el seu ''magnum opus''

===Pel·lícules destacades===
* ''Het mes'' (El ganivet, 1961), direcció [[Fons Rademakers]]
* ''De vijanden'' (Els enemics, 1967)
* ''Mira'' (guió de Claus segons una novel·la de [[Stijn Streuvels]], direcció Fons Rademakers, 1971)
* ''Pallieter'' (guió de Claus, direcció Roland Verhavert, 1975)
* ''Het Sacrament'' (guió i direcció de Claus, 1990)ref{{imdb|0165282}}/ref

== Reconeixement ==
[[Fitxer:Hugo Claus - De aarde danst op haar wolken - Geregracht 1, Leiden.JPG|250px|thumb|Poema de Hugo Claus en un mur de poemes a [[Leiden]], [[Holanda Meridional]].]]
La llista completa dels més de cinquanta premis que va rebre durant la seva carrera es troba al web del ''Centre d'Estudis i de Documentació Hugo Claus'' de la Universitat d'Anvers.ref[http://www.clauscentrum.be/main.aspx?c=*CLAUSn=24714 Studie- en documentatiecentrum Hugo Claus]/ref Tot i sovint va ser proposat pel [[Premi Nobel]], mai no el va obtenir però nogensmenys va ser l'artista belga el més premiat al nivell nacional i internacional.ref name= racat/ Uns premis destacats són:

* Leo J. Krijnprijs, 1950: premi de l'editorial d'[[Angèle Manteau]] per a la millor novel·la inèdita, atorgat a ''De eendenjacht'', el seu debut que va aparèixer sota el títol ''De Metsiers'' el 1951. Els jurats foren François Closset, André Demedts, [[Willem Elsschot]], Raymond Herreman i Willem Pelemans. La versió definitiva rep el 1952 l{{'}}''Arkprijs van het Vrije Woord'', un premi d'honor per sostenir el [[lliurepensament]] en una [[Flandes]] que aleshores era encara força impregnada per un [[clericalisme]] [[Ultramuntanisme|ultramuntà]].
* Premi triennal de literatura teatral,ref group=nDriejaarlijkse Staatsprijs voor Toneelliteratuur/ref 1955, 1967, 1973, 1979
* Premi de l'Estat per a la novel·la ''Het verdriet van België'' (1984)
* [[Cavaller]] de l'[[Orde de Leopold]]
* [[Premi de les Lletres neerlandeses]], 1986
* Grand Prix de l'humour noir (1989)
* Prix international Pier Paolo Pasolini, 1997
* [[Premi Aristeion]], 1998 per a la novel·la ''De Geruchten'', 1998
* Premio Nonino per a la traducció italiana de ''La pena de Bélgica'', 2000
* Leipziger Buchpreis zur Europäischen Verständigung, 2002.
* Premi de Flandes per al mèrit cultural general, 2005ref group=nCultuurprijs Vlaanderen voor Algemene Culturele Verdienste/ref

== Fonts ==
===Notes===
references group=n /
===Referències===
{{Referències|2}}

==Enllaços externs==
{{Commonscat|Hugo Claus}}
* Una bibliografia secundària quasi completa es troba al web de la [[Biblioteca digital de la literatura neerlandesa]]: [http://www.dbnl.org/auteurs/auteur.php?id=clau005 Literatura secundària sobre Hugo Claus]
* Per a una biografia sinóptica en castellà, vegeu {{ref-web |url= http://www.clauscentrum.be/main.aspx?c=*CLAUSn=24728 | títol= Introducción | llengua = |consulta= 30 març 2014 |cognom= Wildemeersch |nom= Georges |lloc= Antwerpen |editor= Clauscentrum }}
* Inventari digital de 292 intervistes a Hugo Claus del 1950 al 1982: {{ref-web |url= http://theater.ua.ac.be/claus/filelist.html | títol= Hugo Claus Interviews 1950-1982 |consulta= 30 març 2014|lloc= Antwerpen |editor= Platform Digital Humani­ties }}
* {{ref-web |url= http://www.clauscentrum.be/main.aspx?c=*CLAUSn=24743| títol= 
Vertalingen/translations (Llista completa de les obres traduïdes en totes llengües) |consulta= 30 març 2014 |cognom= Lembrechts |nom= Kris |lloc= Antwerpen |editor= Clauscentrum |data=  }}

{{Autoritat|VIAF=14767788}}
{{Article de qualitat}}
{{ORDENA:Claus, Hugo}}

[[Categoria:Escriptors belgues en neerlandès]]
[[Categoria:Pintors belgues]]
[[Categoria:Directors de cinema]]
[[Categoria:Cavallers de l'orde de la Corona (Bèlgica)]]
[[Categoria:Articles de qualitat d'art]]</text>
      <sha1>072a8p1ok0tcepqhq0mdhvqkcvcuo4y</sha1>
      <model>wikitext</model>
      <format>text/x-wiki</format>
    </revision>
  </page>