<page>
    <title>Violacions durant l'ocupació d'Alemanya</title>
    <ns>0</ns>
    <id>1064546</id>
    <revision>
      <id>12864100</id>
      <parentid>12835038</parentid>
      <timestamp>2014-01-24T13:20:48Z</timestamp>
      <contributor>
        <username>Langtoolbot</username>
        <id>128552</id>
      </contributor>
      <minor></minor>
      <comment>Corregit: en - a amenaçar</comment>
      <text>[[File:Germans killed by Soviet army.jpg|thumb|300px|Dones i nens alemanys assassinats brutalment, fotografiats per la policia de seguretat alemanya [[Sicherheitspolizei]].]]
A mesura que les tropes dels [[Aliats_de_la_Segona_Guerra_Mundial|aliats]], durant les darreres etapes de la [[Segona Guerra Mundial]], entraren i ocuparen Alemanya, es varen dur a terme violacions massives. Si bé la majoria d'aquests crims van ser comesos per militars soviètics, s'estima que els exèrcits de França i dels Estats Units també en van perpetrar milers.

==Militars soviètics==
Una onada de violència sexual va sacsejar Alemanya durant els anys 1944–45, quan els aliats occidentals i l'[[Exèrcit Roig]] es van obrir pas al [[Tercer Reich]].ref{{cite journal |first=Perry |last=Biddiscombe |title=Dangerous Liaisons: The Anti-Fraternization Movement in the U.S. Occupation Zones of Germany and Austria, 1945–1948 |journal=[[Journal of Social History]] |volume=34 |issue=3 |year=2001 |pages=611–647 |jstor=3789820 }}/ref

La major part dels atacs foren comesos en la zona d'ocupació soviètica; s'estima que el nombre de dones violades per soldats soviètics va de desenes de milers a dos milions.ref name=ElizabethHeineman{{cite journal |first=Elizabeth |last=Heineman |title=The Hour of the Woman: Memories of Germany's Crisis Years and West German National Identity |journal=[[American Historical Review]] |volume=101 |issue=2 |year=1996 |pages=354–395 |jstor=2170395 }}/refref{{cite journal |last=Kuwert |first=P. |last2=Freyberger |first2=H. |year=2007 |title=The unspoken secret: Sexual violence in World War II |journal=[[Geriatric psychiatry|International Psychogeriatrics]] |volume=19 |issue=4 |pages=782–784 |doi=10.1017/S1041610207005376 }}/refref name=BBChttp://www.bbc.co.uk/history/worldwars/wwtwo/berlin_01.shtml/refref name=SchisslerHanna Schissler ''The Miracle Years: A Cultural History of West Germany, 1949–1968'' [http://books.google.com/books?id=00fCzJKt1QMCpg=PA28lpg=PA28dq=soviet+estimates+rape+tens+of+thousandssource=webots=xzyKzJm1sjsig=cy2AfPmp7ZvT7K9YSWPRkXoyp6E]/refref name=NPRhttp://www.npr.org/templates/story/story.php?storyId=106687768/ref En molts casos les dones eren violades repetidament, algunes fins a 70 vegades.ref name=Struggle for Europe[http://www.randomhouse.com/catalog/display.pperl?isbn=9780385497992view=excerpt William I. Hitchcock ''The Struggle for Europe The Turbulent History of a Divided Continent 1945 to the Present''] ISBN 978-0-385-49799-2/ref Es creu que 100.000 dones foren violades a [[Berlín]], basat en la creixent tassa d'abortaments en els mesos subseqüents i en informes contemporanis d'hospitals,ref name=BBC/ amb un nombre estimat de 10.000 dones acabant morint.ref name=GrossmanAtina Grossmann. A Question of Silence: The Rape of German Women by Occupation Soldiers ''October'', Vol. 72, ''Berlin 1945: War and Rape Liberators Take Liberties'' (Spring, 1995), pp. 42–63 MIT Press. URL: http://www.jstor.org/stable/778926/ref El nombre total de dones mortes víctimes de violacions a Alemanya s'estima en 240.000.ref name=sanderHelke Sander/Barbara Johr: ''BeFreier und Befreite'', Fischer, Frankfurt 2005/refrefSeidler/[[Alfred de Zayas|Zayas]]: ''Kriegsverbrechen in Europa und im Nahen Osten im 20. Jahrhundert'', Mittler, Hamburg Berlin Bonn 2002/ref [[Antony Beevor]] ho descriu com «el fenomen de violacions massives més important de la història», i conclou que almenys 1,4 milions de dones van ser violades només a l'est de [[Prússia]], [[Pomerània]] i [[Silèsia]].ref{{Cite news | last = Sheehan | first = Paul | author-link =Paul Sheehan (journalist) | last2 = | first2 = | author2-link = | title = An orgy of denial in Hitler's bunker | newspaper = [[The Sydney Morning Herald]] | pages = | date = 17/05/2003 | url = http://www.smh.com.au/articles/2003/05/16/1052885399546.html |  accessdate = 07/12/2010}}/ref

Natalya Gesse afirma que soldats russos violaven dones alemanyes de 8 fins a 80 anys. Dones russes tampoc queden impunes.ref{{cite news| url=http://www.guardian.co.uk/books/2002/may/01/news.features11 | location=London | work=[[The Guardian]] | title=They raped every German female from eight to 80 | date=1 May 2002 | first=Antony | last=Beevor}}/refref{{ref-llibre |cognom=Beevor |nom=Antony |títol=The Fall of Berlin 1945 |llengua=anglès |editorial=Penguin Books |data=2003 | isbn=0142002801}}/refref{{Ref-llibre |cognom=Bessel |nom=Richard |títol=Germany 1945: From War to Peace | llengua=anglès |editorial=Simon  Schuster |data=2010 | isbn=1416526196}}/ref 
En canvi, el veterà de guerra rus Vsevolod Olimpiev recorda: Es pot dir que les relacions dels soldats soviètics amb la població alemanya era indiferent i neutral. Ningú, almenys del meu regiment, va assetjar-la o tocar-la. És més, si ens trobàvem una família famolenca amb nens compartíem el nostre menjar amb ells sense cap paraula innecessària.ref[http://books.google.com/books?id=klpmTGf_GdACpg=PA133dq=On+the+bloody+road+to+Berlin:+frontline+accounts+from+Norhl=enei=PlRWTZ73BonCsAOmo72iDAsa=Xoi=book_resultct=resultresnum=1ved=0CCcQ6AEwAA#v=onepageqf=false On the Bloody Road to Berlin: Frontline Accounts from North-West Europe  the Eastern Front, 1944–45 per Duncan Rogers i Sarah Williams]/ref

Després de l'estiu del 1945, els soldats soviètics enxampats violant civils eren sovint castigats, amb càstigs que anaven des de l'arrest fins a l'execució.refNaimark, p. 92/ref Això no obstant, les violacions continuaren fins a l'hivern de 1947–48, quan les autoritats d'ocupació soviètica acabaren confinant les tropes a només punts de vigilància i campaments,refNaimark, p. 79/ref separant-les completament de la població residencial en la zona soviètica d'Alemanya.

Segons Alexander Statiev, si bé els soldats soviètics respectaven els ciutadans del seu propi país i els dels països amics, en les zones hostils es varen percebre a ells mateixos com a conqueridors, i no com a alliberadors. Veien la violència contra els civils com un privilegi dels victoriosos. Statiev exemplifica aquest fenomen citant l'actitud d'un soldat soviètic:
{{Citació|Venja't! Tu ets un soldat venjador! [...] Mata l'alemany, i salta sobre la dona alemanya! Així és com un soldat celebra la victòria!ref name='statiev'{{ref-llibre|títol=The Soviet Counterinsurgency in the Western Borderlands |cognom= Statiev |nom= Alexander | any=2010 |editorial=[[Cambridge University Press]] | pàgina=277  }}/ref}}

[[Svetlana Alexièvitx]] publicà el llibre ''La cara no femenina de la guerra'', on inclou memòries i experiències de veterans soviètics a Alemanya. Segons un ex-oficial:
{{cquote|Erem joves, forts, i portàvem quatre anys sense dones. Provàvem de pescar dones alemanyes i... deu homes van violar una noia. No hi havia prou dones; tota la població s'escapava de l'Exèrcit Roig. Així doncs agafàvem nenes de dotze o tretze anys. Si plorava, li posàvem una cosa a la boca. Crèiem que era divertit. Ara no puc entendre com vam ser capaços de fer-ho. Un noi de casa bona... però aquell era jo.refAlexievich, p. 33/ref}}

Una operadora telefònica de l'Exèrcit Roig recorda:
{{cquote|Quan ocupàvem un poble, primer teníem tres dies pels saquejos i ... [violacions]. Per descomptat això no era oficial. Però després de tres dies se't podia jutjar per fer-ho. [...] Recordo una dona alemanya violada, restant despullada amb una granada entre les cames. Ara sento llàstima, però no la sentia en aquell moment... Penses que va ser fàcil perdonar els alemanys? Odiàvem veure les seves cases blanques, netes i intactes. Amb roses. Volia que sofrissin. Volia veure les seves llàgrimes. [...] Van haver de passar dècades perquè comencés a sentir compassió per ells.refAlexievich, p. 386/ref}}

Dones de l'Alemanya de l'est que van viure la guerra es refereixen al [[Memorial de Guerra Soviètic (Parc Treptower)|memorial  Parc Treptower]], a [[Berlín]], com la «tomba del violador desconegut» en resposta a les violacions massives de l'Exèrcit Roig.ref{{cite news|url=http://www.telegraph.co.uk/news/worldnews/europe/russia/1382565/Red-Army-troops-raped-even-Russian-women-as-they-freed-them-from-camps.html|title=Red Army troops raped even Russian women as they freed them from camps|last=Johnson|first=Daniel|date=25 January 2002|publisher=[[The Daily Telegraph]]| location=London}}/refref[[Antony Beevor]], ''Berlin – The Downfall 1945''/refrefKsenija Bilbija, Jo Ellen Fair, Cynthia E., ''The art of truth-telling about authoritarian rule'', Univ of Wisconsin Press, 2005, p70/refrefAllan Cochrane, ''Making Up Meanings in a Capital City: Power, Memory and Monuments in Berlin'', European Urban and Regional Studies, Vol. 13, No. 1, 5–24 (2006)/refrefJ.M. Dennis, ''Rise and Fall of the German Democratic Republic 1945–1990'', p.9, Longman, ISBN 0-582-24562-1/ref

==Militars estatunidencs==
A ''[[Taken by Force (book)|Taken by Force]]'', J. Robert Lilly estima en 11.040 el nombre de violacions comeses per soldats dels Estats Units a Alemanya.refTaken by Force: Rape and American GIs in Europe during World War II. J Robert Lilly. ISBN 978-0-230-50647-3 p.12/ref Com en el cas de l'ocupació de França després de la invasió del [[Dia D]], la majoria de violacions d'americans a l'Alemanya del 1945 eren violacions en grup comeses per militars a punta de pistola.ref name = Harrington 2010, 80-81Harrington, Carol (2010). ''[http://books.google.com/books?id=SjspAcONy-gC Politicization of Sexual Violence: From Abolitionism to Peacekeeping.]'' London: Ashgate. pp. 80–81. ISBN 0-7546-7458-4./ref

Els americans tenien polítiques per a no fraternitzar en territoris enemics, i la frase copular sense conversar no és fraternitzar es va convertir en un lema de les tropes estatunidenques.ref name = Schrijvers 1998, 183Schrijvers, Peter (1998). ''The Crash of Ruin: American Combat Soldiers in Europe During World War II''. Nova York: New York University Press. p. 183. ISBN 0-8147-8089-X./ref El periodista [[Osmar White]], un corresponsal de guerra australià que va acompanyar les tropes americanes durant la guerra, va escriure: {{Citació|Després que la lluita passés a terres alemanyes, hi van haver moltes violacions per part de les tropes de combat i per les que immediatament les seguien. La incidència variava d'unitat a unitat segons l'actitud de l'oficial al comandament. En alguns casos els delinqüents eren identificats, jutjats per tribunals militars, i castigats. La branca legal de l'exèrcit era reticent, però va admetre que alguns soldats havien estat disparats per ofenses sexuals brutals o pervertides contra dones alemanyes, particularment si els soldats eren negres. No obstant això, sé que és un fet que moltes dones van ser violades per americans blancs. No es van prendre mesures contra els culpables. En un sector va córrer un informe que esmentava que un cert comandant molt distingit va fer l'acudit «La copulació sense conversació no constitueix fraternitat».ref name = White 1996, 97-98White, Osmar (1996). ''Conquerors' Road: An Eyewitness Report of Germany 1945''. Cambridge i Nova York: Cambridge University Press. pp. 97–98. ISBN 0-521-83051-6./ref}}

Una agressió sexual típica de personal americà begut marxant per territori ocupat consistia a amenaçar amb armes una família alemanya, forçant una o més dones a tenir sexe, i acabar traient tota la família al carrer.ref name = Schrijvers 1998, 183/

El nombre de violacions en el sector est de la zona ocupada va arribar al seu punt màxim el 1945, però un alt índex de violència contra les poblacions alemanyes i austríaques va durar com a mínim fins a la primera meitat de l'any 1946, amb cinc casos de dones alemanyes trobades mortes en casernes americanes només al maig i juny del 1946.ref name = Harrington 2010, 80-81/

Carol Huntington escriu que els soldats americans que violaven dones alemanyes i després les obsequiaven amb menjar, podien haver vist l'acció com un acte de prostitució i no com a una violació.ref name = Harrington 2010, 80-81/

Els soldats negres de la zona ocupada per Estats Units eren més susceptibles a ser acusats de violació, i a ser castigats més severament.ref name = Harrington 2010, 80-81/ Heide Fehrenbach escriu que els soldats de color no eren en absolut lliures d'indisciplina, però que els oficials americans van exhibir un interès explícit en una raça de soldat a l'hora d'informar de comportaments.ref name = Fehrenbach 2005, 64Fehrenbach, Heide (2005). ''Race After Hitler: Black Occupation Children in Postwar Germany and America''. Princeton, New Jersey: Princeton University Press. p. 64. ISBN 978-0-691-11906-9./ref

==Militars francesos==
Les tropes franceses prengueren part en la invasió d'Alemanya, i una part de la zona ocupada va ser assignada a França.

Segons Perry Biddiscombe, els francesos van cometre  «385 violacions a l'àrea de [[Constança (Alemanya)|Constança]]; 600 a [[Bruchsal]]; i 500 a [[Freudenstadt]]».ref{{cite journal |first=Perry |last=Biddiscombe |title=Dangerous Liaisons: The Anti-Fraternization Movement in the U.S. Occupation Zones of Germany and Austria, 1945–1948 |journal=[[Journal of Social History]] |volume=34 |issue=3 |year=2001 |pages=635 |jstor=3789820 }}/ref Soldats francesos van fer una «orgia de violacions» al districte de Höfingen, a prop de [[Leonberg]].ref name = Stephenson 2006, 289Stephenson, Jill (2006). ''[http://books.google.com/books?id=rn6rr3bjG3EC Hitler's Home Front: Württemberg under the Nazis]'' London: Continuum. p. 289. ISBN 1-85285-442-1./ref Segons [[Norman Naimark]], pel que feia a les violacions, les tropes franceses del Marroc es comportaven igual que les soviètiques, en particular durant el principi de l'ocupació de [[Baden-Wurtemberg]].ref name=Naimark106Naimark, pp. 106–107/ref

==Referències==
{{referències|2}}

==Bibliografia==
* {{ref-llibre|nom=Norman M. |cognom=Naimark |títol=The Russians in Germany: A History of the Soviet Zone of Occupation, 1945–1949 |lloc=Cambridge |editorial=Belknap Press |any=1995 |isbn=0-674-78405-7}}
* {{ref-llibre|llengua=rus |nom=Svetlana |cognom=Alexievich |títol=У войны не женское лицо |lloc=Moscou |editorial=Publicacions Vremya |any=2008 |isbn=978-5-9691-0331-3}}

[[Categoria:Segona_Guerra_Mundial]]

[[en:Rape_during_the_occupation_of_Germany]]
[[eo:Frau, komm]]
[[ru:Насилие в отношении мирного населения Германии (1945)]]
[[uk:Масові зґвалтування німецьких жінок червоноармійцями]]</text>
      <sha1>eynbpstpfzophnv2nctsnzh26fmyrot</sha1>
      <model>wikitext</model>
      <format>text/x-wiki</format>
    </revision>
  </page>