<page>
    <title>Kiwi</title>
    <ns>0</ns>
    <id>1066552</id>
    <revision>
      <id>13767190</id>
      <parentid>13146960</parentid>
      <timestamp>2014-07-09T00:59:01Z</timestamp>
      <contributor>
        <username>PereBot</username>
        <id>118448</id>
      </contributor>
      <minor></minor>
      <comment>Robot inserta {{Autoritat}} i {{Projectes germans}} que enllaça amb [[commons:category:Kiwifruits]]</comment>
      <text>{{Polisèmia|Kiwi (desambiguació)}}
[[File:Kiwi (Actinidia chinensis) 1 Luc Viatour edit.jpg|right|thumb|Fruit de la planta kiwi]] 

La fruita '''kiwi''' (en [[anglès]] '''kiwifruit''') és el fruit en [[baia]] comestible de les plantes del gènere de plantes enfiladisses anomenat científicament ''[[Actinidia]]''.ref name=PWNEP {{cite web
| title = Growing Kiwifriut
| author = Bernadine Stirk
| publisher = Pacific Northwest Extension Publishing
| year = 2004
| url = http://extension.oregonstate.edu/catalog/pdf/pnw/pnw507.pdf
| accessdate = January 4, 2013}}/ref

El [[cultivar]] més comú dels kiwis comestibles ('Hayward') és de forma oval, d'uns 5- 8 cm de llargada i 4,5- 5,5 cm de diàmetre. Té una pèla fibrosa de colr marró-verdosa i la polpa de color verd brillant o daurada amb fileres de llavors petites negres que també són comestibles. Aquest fruit té una textura tova i un gust característic. Actualment es cultiva en diversos païsosos especialment a [[Nova Zelanda]], [[Itàlia]], [[Xile]], [[Grècia]] i [[França]]. També es cultiva a petita escala als Països Catalans

== Història ==
Els kiwis (''Actinidia sinensis'') són plantes natives del sud d'Àsia i ha estat declarat fruit nacional de la Xina.ref{{cite web|url=http://www.123independenceday.com/china/national-symbols.html |title=National Symbols of China |publisher=123independenceday.com |date= |accessdate=January 4, 2013}}/ref Altres espècies del gènere ''Actinidia'' són natives d'[[Índia]], [[Japó]], i sud-est de Sibèria ( concretament a la part sud que arriba a l'Oceà Pacífic). El seu cultiu es va estendre des de la Xina a Nova Zelanda a principi del segle XX quan [[Mary Isabel Fraser]], per la presidenta del col·legi femení de [[Wanganui]].ref{{cite web|title=Isabel Fraser: Hand carried the first kiwifruit seeds from China|url=http://zesprikiwi.com/about/history/isabel-fraser|publisher=Zespri Kiwifriut|accessdate=January 4, 2013}}/ref Les llavors del kiwi de la Xina van ser plantades el 1906 i els seus primers fruits es van collir l'any 1910. 

La primera plantació comercial a Nova zelanda de plantes de kiwi es va fer l'any 1937 i aquests fruits es van fer pòpulars entre els militars neozelandesos durant la Segona Guerra Mundial. A partir de 1952 es van començar a exportar als Estats Units.ref{{cite web|url=http://php.truelogic.com.ar/zespri/about/history/jim-macloughlin|publisher=Zespri |title= First Commercial Kiwifruit Grower and Explorer |accessdate=29 November 2012}}/ref

== Noms ==
El nom comú del fruit del kiwi en [[xinès]] és el de ''yáng táo'', nom que sovint també fa referència al fruit de la [[carambola]].ref{{cite web|url=http://www.whfoods.com/genpage.php?tname=foodspicedbid=41 |title=Kiwifruit |publisher=The World's Healthiest Foods |date= |accessdate=January 4, 2013}}/ref també s'utilitza le nom de grosella xinesa (en anglès: ''Chinese Gooseberry'').ref name=latimes{{cite news
| url = http://articles.latimes.com/2002/may/08/food/fo-kiwi8
| title = Kiwi, Act II
| last = Green | first = Emily
| newspaper = Los Angeles Times
| date=May 8, 2002
|accessdate=January 4, 2013}}/ref Quan es va començar a exportar aquests fruits des de Nova Zelanda als Estats Units els van donar el nom de '''melonette''' (''petits melons'') però aviat aquest nom el van canviar pel de l'ocell [[kiwi]] que és un dels símbols nacionals de Noza Zelanda, ja que el fruit del kiwi recorda la mida i algunes altres característiques d'aquest ocell.
Kiwifruit va ser usat com a marca comercial mundial.ref{{cite web
| url = http://zesprikiwi.com/about/history/kiwifruits-name
| title = Kiwifruit's name
| publisher = Zespri Kiwifruit
| accessdate = January 4, 2013}}/ref

Actualment a la Xina el nom per a les varietats de kiwis silvestres o locals és el que deriva de ''préssec de macac'' (mí hóu táo). Les varietats de kiwi importades sovint reben el nom de ''fruita meravellosa'' (qí yì guǒ).ref{{cite web
| url =http://zh.wikisource.org/wiki/%E6%9C%AC%E8%8D%89%E7%B6%B1%E7%9B%AE/%E6%9E%9C%E4%B9%8B%E4%BA%94#.3F.3F
| accessdate = 2012-10-02
| last = 李
| first = 时珍
| title = 本草纲目·果部
| language=Chinese}}/ref

==Cultivars==
[[File:Hardy-Kiwi-Comparison-3.jpg|200px|thumb|right|Comparació d'una espècie de kiwi de fruit petit amb una altra de fruit gros]]
[[File:Red kiwi fruit slices.jpg|200px|thumb|right|Cinc fruits de kiwi (''A. chinensis'') tallats hexagonalment.]]
El gènere ''Actinidia'' conté unes 60 espècies. La pèla d'aquestes espècies pot variar en la seva forma, mida pilositat i color. La polpa també pot variar. Algunes espècies donen fruits no comestibles i altres són força amargants. .ref name=PONC1999 /

El fruit de kiwi més comú prové de l'espècie [[Actinidia deliciosa|''A. deliciosa'']]. Altres espècies tenen fruits comestibles com són el kiwi daurat ([[Actinidia chinensis|''A. chinensis'']]), ''A. coriacea'', [[Actinidia arguta|''A. arguta'']], [[Actinidia kolomikta|''A. kolomikta'']], ''A. melanandra'', [[Actinidia polygama|''A. polygama'']], ''A. purpurea''.ref name=PONC1999 /

Gairebé tots els fruits de kiwi que es comercialitzen pertanyen a uns pocs cultivars de ''Fuzzy Kiwi'' (''A. deliciosa''): 'Hayward', 'Blake', i 'Saanichton 12'.ref name=PWNEP / El cultivar 'Hayward' es va desenvolupar a ''Hayward Wright'' a [[Avondale (Auckland)|Avondale]], Nova Zelanda cap a 1924.ref name = PONC1999{{ref-llibre|cognom=Ferguson|nom=A. R.|títol=Perspectives on new crops and new uses|any=1999|editorial=ASHS Press|lloc=Alexandria, Virginia|pàgines=342-347|editor=Janick, Jules|consulta=January 4, 2012|capítol=New Temperate Fruits: ''Actinidia chinensis'' and ''Actinidia deliciosa''|urlcapítol=http://www.hort.purdue.edu/newcrop/proceedings1999/pdf/v4-342.pdf}}/ref

==Aspectes nutritius==
[[File:Pavlova dessert.JPG|thumb|200px|left|Una pavlova amb maduixes, maracujà, kiwis i nata.]]
Els kiwis crus són rics en un enzim que dissol proteïnes anomenat ''actidina''.ref name=USDA{{cite web
 | title = How To Buy Fresh Fruits
 | publisher = United States Department of Agriculture, Agricultural Marketing Service
 | date = January 1994
 | url = http://www.ams.usda.gov/AMSv1.0/getfile?dDocName=STELDEV3103620
 | accessdate = January 4, 2013}}/ref
Els kiwis tallats amb nata batuda conformen les postres típiques de Nova Zelanda anomenades [[pavlova (aliment)|pavlova]]. 

L'actidina pot donar [[al·lèrgia]] a algunes persones. El fruit també conté [[oxalat de calci]] que pot donar alguns símptomes adversos.

100 grams de kiwi cru contenen 61 [[energia dels aliments|kcalories]], 1,14 g de proteïnes, 0,52 g de greixos, 14,66 g de carbohidrats, 3, 0 g de fibra, 8,99 g de sucres, 0,31 mg de ferro, 34 mg de calci i principalment vitamina C, E i K.

==Notes==
references /

==Referències==
{{Referències|colwidth=30em}}

==Enllaços externs==
{{Projectes germans|commons=Kiwi fruit}}
{{Wikispecies|Actinidia}}
* [http://www.hort.purdue.edu/newcrop/morton/kiwifruit_ars.html Kiwifruit] at the Center for New Crops  Plant Products at [[Purdue University]]
* {{cite web|url=http://food.oregonstate.edu/faq/kiwi/faq_kiwi4.html|title=What is the history of the kiwifruit?|publisher=Oregon State University}}

{{Autoritat}}
[[Categoria:Fruits tropicals]]

[[de:Kiwifrucht]]
[[es:Actinidia deliciosa]]</text>
      <sha1>2m6ns9piwp67i67bt2va7fht7awlimw</sha1>
      <model>wikitext</model>
      <format>text/x-wiki</format>
    </revision>
  </page>