<page>
    <title>Herbert Art Gallery and Museum</title>
    <ns>0</ns>
    <id>1068028</id>
    <revision>
      <id>13617679</id>
      <parentid>13202688</parentid>
      <timestamp>2014-06-20T11:22:24Z</timestamp>
      <contributor>
        <username>Langtoolbot</username>
        <id>128552</id>
      </contributor>
      <minor></minor>
      <comment>Corregit: està dirigit per  és dirigit per</comment>
      <text>{{Museu 
| nom              = Herbert Art Gallery and Museum
| nom_nadiu        = Herbert Art Gallery  Museum
| imatge           = The Herbert extension - geograph.org.uk - 866158.jpg
| imatge_mida      = 200px
| imatge_peu       = Herbert Art Gallery  Museum des de la Cathedral Square
| mapa_nom         = 
| latitud          = 
| longitud         = 
| fundat           = 1960
| dissolt          = 
| localització     = Jordan Well, [[Coventry]], Anglaterra
| àmbit            = 
| visitants        = 1 milió des de 2008ref name=Millionth visitor{{cite web|title=We Welcome Our Millionth Visitor Through Our Doors|url=http://www.theherbert.org/index.php/home/news/we-welcome-our-millionth-visitor-through-our-doors|publisher=Herbert Art Gallery and Museum|accessdate=29 desembre 2011}}/refref name=Millionth visitor BBC{{cite web |url=http://www.bbc.co.uk/news/uk-england-coventry-warwickshire-16218375 |title=Herbert Art Gallery  Museum welcomes its millionth visitor |author= |date=16 December 2011 |work=[[BBC News Online]] |publisher=BBC |accessdate=28 juliol 2012}}/ref
| superfície       = 
| director         = Ludo Keston
| conservador      = Martin Roberts, Huw Jones, Paul Thompson, Ali Wells
| xarxa            = 
| transport_public = [[Pool Meadow Bus Station]]
| web              = www.theherbert.org 
}}
El '''Herbert Art Gallery  Museum''' (també conegut com '''The Herbert''') és un [[museu]], galeria d'art, arxiu, centre d'aprenentatge i centre d'arts creatives ubicat a  Jordan Well, [[Coventry]], [[Anglaterra]]. Porta el nom de Sir [[Alfred Herbert]], un industrial i filantrop el Coventry que va fer possible l'edifici original del museu. La construcció va començar el 1939, amb una interrupció per la [[Segona Guerra Mundial]], i The Herbert va obrir les seves portes el 1960. El 2008 es va tornar a obrir després d'una remodelació £ 20 milions.
El Herbert és dirigit per una organització benèfica registrada, i l'entrada és lliure. El 2010, el museu i la galeria va rebre més de 300.000 visitants, pel que és una de les atraccions turístiques més populars de lliures a la regió de [[West Midlands]].ref name=2010visitors{{cite news |url=http://www.coventryobserver.co.uk/2011/08/31/story-Herbert-earns-top-attraction-tag-as-landmark-visit-looms-15764.html |title=Herbert earns top attraction tag as landmark visit looms |newspaper=Coventry Observer |date=26 agost 2011 |accessdate=2 setembre 2011}}/ref

== Col·lecció ==
L'exposició permanent es divideix en diversos espais que inclou una zona coneguda com a ''Old Masters'', Una altre per l'art Des de 1900, una altra per a la història local i una zona anomenada ''Elements'' i dedicada a la Història Natural.

Cal destacar la co·lecció de vestits des de 1800 fins a l'actualitat, amb l'èmfasi en la roba de dona del segle XIX. També destaca una col·lecció sobre la història de la ciutat.ref name=Costume{{cite web|url=http://www.theherbert.org/index.php/home/collections/social-and-industrial-history/costume|title=Costume|publisher=Herbert Art Gallery and Museum|accessdate=1 octubre 2011}}/ref

La col·lecció es va ampliant progressivament gràcies a ''The Heritage Lottery Fund'', que va atorgar gairebé 200.000 £ per al la Herbert i Wolverhampton Art Gallery el 2008, per a adquisicions en relació amb el tema de la pau i la reconciliació.ref{{cite web |url=http://www.culture24.org.uk/art/art57986 |title=Collecting Culturesnbsp;– HLF Announces Grants For Acquisitions |publisher=[[Culture24]] |date=5 juny 2008 |accessdate=31 agost 2011}}/ref 

El 2011 el museu va recaptar 12.000 £ a comprar ''The Coventry Album'', una col·lecció de pintures de [[William Henry Brooke]] de 1819.ref{{cite web |url=http://www.culture24.org.uk/art/painting+%26+drawing/landscapes/art361984 |title=Herbert Art Gallery and Museum asks public to help display William Brooke's Coventry Album |publisher=[[Culture24]] |date=9 agost 2011 |accessdate=1 setembre 2011}}/ref

=== Espais relacionats ===
El [[Coventry Heritage and Arts Trust]] també administra i gestiona dos espais del patrimoni local:
* El [[Lunt Roman Fort]] es troba a [[Baginton]], a uns 3 km del centre de Coventry, on hi ha una reconstrucció moderna parcial de la fortalesa que es va establir allà l'any 60 AC. 
* El [[Priory Visitor Centre]] està situat a Priory, al centre de Coventry. Aquest indret té les restes d'edificis medievals de la primera catedral de Coventry.ref name=Coventry Arts and Heritage Trust{{cite web|title=Coventry Heritage and Arts Trust|url=http://www.theherbert.org/index.php/home/about-us/coventry-heritage-and-arts-trust|publisher=Herbert Art Gallery and Museum|accessdate=10 gener 2012}}/ref

== Referències ==
{{referències}}

== Bibliografia ==
*{{cite web |first=Simon |last=Cane |title=Renaissance West Midlands: Collections |format=PDF |publisher=Museums, Libraries  Archives |url=http://www.mla.gov.uk/what/programmes/renaissance/regions/west_mids/~/media/West_Mids/Files/2010/PDF/newsletter_issue13_summer_2010.ashx |month=Juny |year=2010 |ref=harv}}

==Enllaços externs==
{{Commons category|Herbert Art Gallery and Museum}}
*[http://www.theherbert.org/ The Herbert website]


{{cal coor|type=landmark}}
[[Categoria:Museus d'art al Regne Unit]]
[[Categoria:West Midlands]]</text>
      <sha1>agvtxxcaqfmrtht91be63cu8r9odh7h</sha1>
      <model>wikitext</model>
      <format>text/x-wiki</format>
    </revision>
  </page>