<page>
    <title>Boiga irregularis</title>
    <ns>0</ns>
    <id>1070942</id>
    <revision>
      <id>13683853</id>
      <parentid>13639787</parentid>
      <timestamp>2014-06-24T19:23:55Z</timestamp>
      <contributor>
        <username>Langtoolbot</username>
        <id>128552</id>
      </contributor>
      <minor></minor>
      <comment>Correcció tipogràfica: espais sobrants</comment>
      <text>{{títol cursiva}}
{{Taxocaixa rèptil
| name = ''Boiga irregularis''
| image = Snake browntree.jpg
| image_caption = ''Boiga irregularis'' sobre una tanca a Guam
| image2 = Boiga irregularis coiled.jpg 
| image2_width = 
| image2_caption = 'Boiga irregularis'', Queensland, en una típica postura en S de defensa
| ordo = [[Squamata]]
| subordo = [[Serpentes]]
| familia = [[Colubridae]]
| genus = [[Boiga]]
| species = '''B. irregularis''' 
| binomial = ''Boiga irregularis''
| binomial_authority = [[Blasius Merrem|Merrem]], 1802 
| synonyms = ''Coluber irregularis'' {{mida|1=[[Blasius Merrem|Merrem]], 1802}}br''Boiga irregularis'' {{mida|1=[[Fitzinger]], 1826}}br''Dipsas irregularis'' {{mida|1=[[Friedrich Boie|Boie]], 1827}}br''Triglyphodon irregularis'' {{mida|1=[[André Marie Constant Duméril|Duméril]]  [[Gabriel Bibron|Bibron]], 1854}}br''Dipsadomorphus irregularis'' {{mida|1=[[George Albert Boulenger|Boulenger]], 1896}}
| range_map = Boiga irregularis rangemap.jpg
| range_map_caption = Distribució autòctona de l'espècie
}}
'''''Boiga irregularis''''' és un [[colúbrid]] arbori natiu de l'est i nord de la costa d'[[Austràlia]], [[Papua Nova Guinea]], i un gran nombre d'illes al nord-oest de [[Melanèsia]]. Aquesta serp és tristament cèlebre per ser una [[espècie invasora]] responsable de devastar la major part de la població d'aus natives de [[Guam]].ref[http://www.invasivespeciesinfo.gov/animals/bts.shtml Invasive Species: Animals - Brown Tree Snake], National Agricultural Library, United States Department of Agriculture/ref

==Ecologia==
''Boiga irregularis'' és oriünda de les zones costaneres d'[[Austràlia]], [[Papua Nova Guinea]], i un gran nombre d'illes al nord-oest de [[Melanèsia]]. L'espècie es troba a les illes de mida variable, que s'estenen des [[Sulawesi]] a [[Indonèsia]] oriental a través de Papua Nova Guinea i les [[Illes Salomó]] i en les zones més humides costaneres del nord d'Austràlia.ref name=Campbell/ Les serps a Guam representen l'única població reproductiva documentada fora del rang natiu.

''Boiga irregularis'' no es limita als hàbitats [[bosc|boscosos]], però també pot aparèixer en pastures i zones de clarianes. En Papua Nova Guinea, ocupa una gran varietat d'hàbitats en altituds de fins a 1.200 m.ref name=Bomford/ Es troba més comunament en els arbres, coves i penya-segats de pedra calcària prop, però sovint arriba fins a terra a la recerca d'aliment a la nit. S'amaga durant el dia a les copes dels arbres de palma, troncs buits, esquerdes de roques, coves, i fins i tot als racons foscos de les cases amb sostre de palla prop del terrat.ref name=Campbell/ Amb base en la freqüència d'observacions d'aquesta serp, en relació als edificis, aus de corral i les aus engabiades, la serp és considerada comú en hàbitats pertorbats humans.ref name= D'Evelyn {{citar ref| cognom1= D'Evelyn | nom1= S.T. | cognom2= Tauri | nom2= N. | títol= Learning-by-catching: Uncertain invasive-species populations and the value of information | volum= 89(4):284-292(2) | obra= Journal of Environmental Management | data= 2008 }}/ref

''Boiga irregularis'' és una espècie nocturna utilitza senyals visuals i químiques en la caça al brancam del bosc plujós tropical i a terra.ref name=Campbell{{citar ref| cognom1= Campbell | nom1= S.R. | nom2= Mackessy | cognom2= S.P. | títol= Microhabitat use by Brown Treesnakes (Boiga irregularis): Effects of moonlight and prey. | volum= 42(2):246-250 | obra= Journal of Herpetology | data= 2008 }}/ref És un membre de la subfamília [[Colubrinae]] i del gènere ''[[Boiga]]'', que és un grup d'unes vint cinc espècies que es caracteritzen per les seves [[pupil·les]] verticals.ref name=Fritts,Rodda{{citar ref| cognom1= Fritts | nom1= T.H. | cognom1= Rodda | nom2= G.H. | títol= The role of introduced species in the degradation of island ecosystems: A case history of Guam | volum= 29:113-140| obra= Annual Review of Ecology and Systematics | data= 1998 }}/ref
''Boiga irregularis'' mesura generalment d'entre un i dos metres de longitud en la seva àrea de distribució natural. La serp és llarga i prima, el que facilita la seva capacitat d'escalada i li permet passar a través de petits espais en els edificis, graners i altres llocs ombrívols on busca refugi durant el dia. Les variacions en la coloració es produeixen en el rang natiu de la serp, que van des d'un lleuger estampat marró a groc, verd o beix amb taques vermelles en forma de sella de muntar.ref name=Fritts,Rodda/ Tenen un cap gran en relació amb el seu cos, i poden sobreviure per períodes prolongats de temps sense aliments.ref name=Fritts,Rodda{{ref-web|cognom= Fritts |nom= T.H. |coautors= G.H. Rodda |títol= The role of introduced species in the degradation of island ecosystems: A case history of Guam |obra= 29:113-140|editor= Annual Review of Ecology and Systematics |any= 1998 }}/ref

[[Fitxer:Brown tree snake Boiga irregularis 2 USGS Photograph.jpg|thumb|left| Vista frontal]]
[[File:brown tree snake Boiga irregularis USGS Photograph.sized.jpg|thumb|left|''Boiga irregularis'' a Guam]]
[[Fitxer:Brown tree snake - Boiga irregularis.jpg|thumb|left|Vista superior]]

''Boiga irregularis'' és una serp nocturna que pot ser molt agressiva quan se sent amenaçada.ref name=Fritts/ Es tracta d'un colúbrid amb ullals posteriors, que posseeix dos petits [[ullal]]s acanalats, a la part posterior de la boca.ref name=Mehrtens{{ref-llibre|cognom= Mehrtens|nom= John|títol= Living Snakes of the World in Color|any= 1987|editorial= Sterling|lloc= New York |isbn= 0-8069-6461-8}}/ref A causa de la disposició dels ullals i la seva ranura en lloc de ser tubulars, és difícil transmetre el verí en una mossegada a un ésser humà, i per tant només se subministra en petites dosis. El verí sembla ser lleument [[neurotòxic]] i possiblement [[citotòxic]] amb efectes localitzats que són trivials per als éssers humans adults. S'han descrit greus conseqüències mèdiques en nens, que són més susceptibles per la seva baixa massa corporalref name=Fritts/ La serp no es considera perillosa per a les persones adultes.ref name=Mehrtens/ El verí sembla a ser utilitzat principalment per sotmetre llangardaixos, que poden ser més fàcilment col·locat a la part posterior de la boca per al lliurament de verí.ref name=Fritts/

===Alimentació===
''Boiga irregularis'' depreda aus, sargantanes, ratpenats i petits rosegadors en la seva àrea de distribució natural.ref name=Fritts/ S'alimenta d'aus i musaranyes a [[Guam]].ref name=PiankaPianka, Eric R.; King, Dennis; King, Ruth Allen. (2004). ''Varanoid Lizards of the World''. Indiana University Press, 588 pàgines ISBN 0-253-34366-6/ref
A causa de la disponibilitat de preses i la manca de depredadors introduïts en hàbitats com ara [[Guam]], els ha permès créixer a mides més grans que les normals d'1 a 2 metres de longitud.ref name=Fritts/ La major grandària de la que hi ha constància d'aquesta espècie trobada a Guam és de tres metres.ref name=Fritts/

''Boiga irregularis'' és una [[espècie generalista]] coneguda per menjar una àmplia varietat d'aliments, davant l'amenaça és molt agressiu i tendeix a carregar i colpejar l'agressor repetidament. La serp té nombroses dents, però només les dues últimes a cada costat de la mandíbula superior tenen ranures, que injecten verí durant la mossegada. Per tant, la boca de la serp s'ha d'obrir el més àmpliament possible per tal d'inserir i exposar els seus ullals. La serp fa un moviment de [[masticació]] per injectar el verí per [[capil·laritat]] al llarg dels ullals acanalats. El verí s'utilitza per sotmetre i matar les preses en la qual la serp s'alimenta però, el verí no es considera perillós per als éssers humans adults. A més de sotmetre a la seva víctima amb el seu verí, ''Boiga irregularis'' sovint envolta el seu cos al voltant de la presa, com una ''[[Boa constrictor]]'', per immobilitzar la presa en mastegar i consumir l'animal.ref name=Fritts{{ref-web|cognom= Fritts |nom= T.H. |coautors= D. Leasman-Tanner |títol= The Brown Treesnake on Guam: How the arrival of one invasive species damaged the ecology, commerce, electrical systems, and human health on Guam: A comprehensive information source |editor= U.S. Department of the Interior |any= 2001 | url = http://www.fort.usgs.gov/resources/education/bts/bts_home.asp |consulta= }}/ref

===Reproducció===
Les característiques reproductives de ''Boiga irregularis'' no es coneixen bé. De mitjana, la femella produeix 4-12 ous oblongs, 42-47mm de llarg i 18-22mm d'ample. Els ous tenen una coberta coriàcia i com a tal, femella diposita els ous en refugis, com troncs buits, esquerdes de roques, i altres llocs on és probable que estiguin protegits de la dessecació i les altes temperatures.ref name=Bomford{{citar ref|nom1= Bomford | cognom1= M | cognom2= Kraus |nom2= F.| títol= Predicting establishment for alien reptiles and amphibians: a role for climate matching | volum= 11:713-724| obra= Biological Invasions | data= 2008 }}/ref Les femelles poden produir dues niuades per any, però el moment d'aquesta urpes pot dependre de les variacions estacionals en el clima i l'abundància de preses. Si les condicions per a fer la posta no són adequades, la femella de ''Boiga irregularis'' és capaç d'emmagatzemar l'[[esperma]] i produir els ous diversos anys després de l'aparellament.ref name=Fritts,Rodda/

Les característiques reproductives de ''Boiga irregularis'' no han estat àmpliament estudiadesref name=Fritts/ La femella és coneguda per produir ous allargats 4-12, 42-47 mm de llarg i 18-22 mm d'ample amb una clova coriàcia.ref name=Fritts/ Les femelles poden produir fins a dos postes per any, depenent de les variacions estacionals en el clima i l'abundància de preses.ref name=Fritts/ La femella diposita els ous en troncs buits, esquerdes de roques, i altres llocs on probablement estan protegits de la dessecació i les altes temperatures.ref name=Fritts/ Les poblacions a Guam poden reproduir-se durant tot l'any.ref name=Fritts/ref name=SavidgeSavidge, Julie, Fiona Qualls, and Gordon Rodda. Reproductive Biology of the Brown Tree Snake, Boiga Irregularis (Reptilia: Colubridae), During Colonization of Guam and Comparison with That in Their Native Range. Pacific Science, 61.2 (2007): 191-199/ref

==Espècie invasora a Guam==
Poc després de la [[Segona Guerra Mundial]], i abans de 1952, ''Boiga irregularis'' va ser transportada accidentalment de la seva àrea de distribució natural al [[Pacífic]] Sud fins a Guam, probablement com a polissó en un vaixell de càrrega.ref name=Fritts{{ref-web|cognom= Fritts |nom= T.H. |coautors= D. Leasman-Tanner |títol= The Brown Treesnake on Guam: How the arrival of one invasive species damaged the ecology, commerce, electrical systems, and human health on Guam: A comprehensive information source |editor= U.S. Department of the Interior |any= 2001 | url = http://www.fort.usgs.gov/resources/education/bts/bts_home.asp |consulta= }}/refref name=Mehrtens/ Com a resultat de l'abundància de preses a Guam i l'absència de depredadors naturals fora dels porcs salvatges i ''[[Varanus indicus]]'', les poblacions de ''Boiga irregularis'' han assolit xifres sense precedents.ref name=Fritts/ Les serps provoquen l'[[extinció]] de la major part de les poblacions de vertebrats del bosc natiu, milers de talls elèctrics que afecten tant a usuaris privats, comercial, i les activitats militars, la pèrdua generalitzada de les aus de corral i d'animals domèstics, i el considerable trauma emocional per als residents i visitants quan les serps envaeixen els hàbitats humans amb la possibilitat d'enverinament de nens petitsref name=Fritts/ Des que Guam és un important centre de transport al Pacífic, hi ha nombroses oportunitats de que ''Boiga irregularis'' s'hagués introduït accidentalment a altres illes del Pacífic com a polissons passius per al trànsit aeri i marítim des de Guam.ref name=Fritts/ Per minimitzar aquesta amenaça s'utilitzen gossos entrenats per cercar, localitzar i eliminar ''Boiga irregularis'' abans que salpin de l'illa els vaixells de càrrega i de transport militar.ref name=Vice{{citar ref| cognom1= Vice |nom1= Daniel | títol= Working Dogs: The Last Line of Defense for Preventing Dispersal of Brown Tree Snakes from Guam}}/ref 
Nombrosos albiraments d'aquesta espècie han estat reportats en altres illes com les [[illes Wake|Wake]], [[Tinian]], [[Rota (Marianes)|Rota]], [[illa d'Okinawa|Okinawa]], [[Diego Garcia]], [[Hawaii]], i fins i tot [[Texas]], al territori continental dels Estats Units.ref name=Kraus{{ref-web|cognom= Kraus |nom= Fred |títol= ALIEN SPECIES |editor= Department of Land and Natural Resources State of Hawaii |any= 2004 | url = http://www.state.hi.us/dlnr/Snake.html |consulta= }}/ref
Probablement s'hagi establert una població incipient a [[Saipan]].ref{{ref-web|url=http://news.blogs.cnn.com/2010/09/07/tylenol-loaded-mice-dropped-from-air-to-control-snakes/|títol=Tylenol-loaded mice dropped from air to control snakes|autor= Brad Lendon |editor=cnn.com |data=2010-09-07 |consulta= }}/ref 
S'ha utilitzat [[paracetamol]] per a ajudar a eradicar la serp a Guam.ref name=Fritts/ 

===Proves fisiològiques per a la supressió reproductiva===
Els factors d'estrès ambiental, com la manca de refugi, el [[canvi climàtic]], l'amuntegament i la pèrdua de preses han estat investigats com a causes principals de la disminució de la densitat de població de la serp, ja que s'ha trobat que existeix una [[correlació]] directa amb l'èxit reproductiu de la serp. A Guam s'està duent a terme una investigació sobre els patrons de reproducció de ''Boiga irregularis'' amb l'esperança d'entendre millor com aquests factors d'estrès ambientals que afecten la densitat de població de la serp .ref name= Moore {{citar ref| cognom1= Moore |nom1= I.T. | cognom2= Greene |nom2= M.G. | títol= Physiological evidence for reproductive suppression in the introduced population of brown tree snakes (Boiga irregularis) on Guam.| volum= 121(1):91-98 |obra= Biological Conservation | data= 2005 }}/ref

Un estudi realitzat per I.T. Moore, va predir que baixa condició corporal es correlaciona amb els nivells elevats d'hormones de l'estrès i nivells baixos d'[[esteroides sexuals]] a les ''Boiga irregularis'' salvatges a Guam, en comparació amb la població nativa de serp a Austràlia i serps en captivitat a Guam.ref name= Moore / Després d'una extensa investigació es va constatar que la condició corporal de les serps salvatges era significativament diferent a les condicions corporals de les serps natives i captives.ref name= Moore / Els resultats van determinar que la condició corporal deprimit i nivells elevats de [[corticosterona]] plasmàtica en els salvatges suggereixen que la manca de recursos alimentaris situava als individus en una situació d'estrès crònic que resulta en la supressió del sistema reproductiu.ref name= Savarie {{citar ref|nom1= Savarie | cognom1= P.J. |cognom1= Shivik |nom1= J.A. | títol= Use of acetaminophen for large-scale control of brown tree snakes| volum= 65(2):356-365| obra= Journal of Wildlife Management | data= 2001 }}/ref L'estudi suggereix que les serps que viuen en condicions d'estrès, com ara alta densitat de població de baixos recursos o preses havien suprimit la reproducció en múltiples etapes, incloent l'[[esteroide|esteroidogènesi]] i la [[gametogènesi]].ref name= Savarie /

El 2008 la població de ''Boiga irregularis'' a Guam estava disminuint amb una mida de població d'equilibri prevista d'unes 30-50 serps per hectàrea.ref name= Mortensen {{citar ref| cognom1= Mortensen |nom1= H.S. |nom2= Y.L. |cognom2= Dupont | títol= snake in paradise: Disturbance of plant reproduction following extirpation of bird flower-visitors on Guam.| volum= 141(8):2146-2154| obra= Biological Conservation | data= 2008 }}/ref La disminució de la població de serps pot ser identificat com un resultat de l'esgotament dels recursos alimentaris, la [[mortalitat]] d'adults i / o la supressió de la reproducció.ref name= Mortensen / És a dir, la població de ''Boiga irregularis'' a Guam ha superat la [[capacitat de càrrega]] de l'illa.

La introducció de ''Boiga irregularis'' a Guam després de la Segona Guerra Mundial ha tingut un impacte significatiu en la dinàmica de la comunitat de l'illa. Després de la seva introducció la població de ''Boiga irregularis'' no ha parat de créixer i s'ha estés sobre la totalitat de Guam. La població de ''Boiga irregularis'' a l'illa ha aconseguit densitats màximes de més de 100 serps per hectàrea.ref name= Mortensen / Aquest pic de població es va deure a l'abundant quantitat de nous recursos a disposició de ''Boiga irregularis'' després de la seva introducció. Les limitacions de la mida de les poblacións de la serp en la seva àrea de distribució natural es basa predominantment per la disponibilitat d'aliments. La font d'aliments d'aquestes serps són molt més limitades en la seva àrea de distribució natural que en l'illa de Guam de manera que les preses en la seva àrea de distribució natural tenen moltes més defenses naturals a la serp que les preses de Guam.ref name=Bomford/

La població predominant afectada per la introducció de la serp és el de les espècies d'aus natives, com ''[[Ptilinopus roseicapilla]],'' ''[[Myiagra freycineti]]'', ''[[Rhipidura rufifrons]]'' i ''[[Myzomela rubratra]]''. La introducció de ''Boiga irregularis'' a Guam ha donat lloc a l'extinció de dotze espècies d'aus natives en total. El [[Refugi nacional de vida silvestre de Guam]] està tractant d'evitar l'extinció de poblacions d'aus amenaçades per la serp.ref{{ref-publicació|cognom= Maxfield|nom= Barbara |títol= Guam National Wildlife Refuge Draft Comprehensive Conservation Plan Released for Public Review and Comment |editorial= US Fish and Wildlife Service |data= 2009-07-22 | url = http://www.fws.gov/pacific/planning/main/docs/HI-PI/Guam/DCCP%20Press%20Release.pdf |consulta= }}/ref Altres espècies afectades significativament per la invasió d'aquestes serps eren petits llangardaixos i petits mamífers.ref name= Moore / La investigació ha indicat una correlació directa la propagació d'aquestes serps a tota l'illa a la disminució de les poblacions d'aquestes espècies natives. A més, la introducció de ''Boiga irregularis'' ha tingut un impacte indirecte negatiu sobre la diversitat vegetal, ja que el seu intens caràcter depredador ha disminuït les poblacions de [[pol·linitzador]]s clau incloent aus i [[Megaquiròpter|ratpenats frugívors]].ref name= Mortensen / Les dades recollides de les illes properes que no tenen poblacions de ''Boiga irregularis'' representen una diferència significativa en la riquesa d'espècies vegetals, és a dir, les illes properes semblants a Guam on ''Boiga irregularis'' ha estat introduïda mostren una major diversitat d'espècies vegetals.ref name= Mortensen / En general, la fauna de vertebrats i flora natives de Guam han patit enormement a causa de la introducció de ''Boiga irregularis''.ref name= Mortensen /

===Mètodes de control===
Es va realitzar un estudi d'investigació per trobar depredadors de ''Boiga irregularis'' que podria servir com un mètode de control de la poblacióref name= Caudell {{citar ref| cognom1= Caudell | nom1= J.N. | cognom2= Conover | nom2= M.R. | títol= Predation of brown tree snakes (Boiga irregularis) in Australia.| volum= 49(2-3):107-111| obra= International Biodeterioration  Biodegradation | data= 2001 }}/ref En aquest estudi van ser identificats dos depredadors reals i es van identificar 55 depredadors potencials: Els dos depredadors reals del model són la serp ''[[Pseudechis porphyriacus]]'' i el gripau ''[[Bufo marinus]]''.ref name= Caudell / Els depredadors reals van ser identificats per proves que realment capaços de capturar i consumir ''Boiga irregularis'' en un hàbitat natural, mentre que els depredadors potencials van ser identificats com a espècies que només eren físicament capaços de consumir ''Boiga irregularis''.ref name= Burnett {{citar ref| cognom1 = Burnett | nom1= K.M. | nom2= S. | cognom2= D'Evelyn | títol= Beyond the lamppost: Optimal prevention and control of the Brown Tree Snake in Hawaii| volum= 67(1):66-74| obra= Ecological Economics | data= 2008 }}/ref La investigació recollida en aquest estudi suggereix que fins i tot amb la introducció de depredadors de ''Boiga irregularis'', seria poc probable que això servís com un mètode de control efectiu de la població de ''Boiga irregularis''.ref name= Caudell / Una de les raons per a aquesta conclusió va ser que els depredadors reals identificats de ''Boiga irregularis'' són alhora depredadors generalistes i que la seva introducció causaria més perjudici per a les espècies autòctones.ref name= Burnett /

Un altre possible resultat negatiu de la introducció d'espècies com a mètode de control de la població de ''Boiga irregularis'' és la depredació de mútua de juvenils de ''[[Bufo marinus]]'' per part de ''Boiga irregularis'' i viceversa, ja que tots dos són depredadors oportunistes i generalistes.ref name= Burnett / Aquesta investigació va determinar que el riscos ambientals i ecològics associats amb la introducció d'aquests depredadors era massa alt per posar en pràctica.ref name= Caudell / Finalment, ''[[Pseudechis porphyriacus]]'' podrien representar una amenaça per a la salut dels éssers humans. El cost de la introducció d'aquests espècies depredadores supera els beneficis i no és pràctic.

Tenint en compte l'impacte ambiental de ''Boiga irregularis'', els estudis han tractat de proporcionar una metodologia per a la seva captura per tal de pal·liar els efectes negatius d'aquesta. L'ús de ratolins com a [[esquer]] ha demostrat tenir efectes considerables de reducció quan es combina amb [[paracetamol]] en un experiment de marcatge i recaptura que condueix a la possible aplicació generalitzada a Guam. En l'estudi, es va inserir 80 mg de paracetamol als cadàvers dels ratolins cosa que resulta en l'enverinament de les serps que els ingereixen.ref name= Savarie /ref name=Engeman{{citar ref| cognom1= Engeman | nom1= R.A. | cognom2= Linnell | nom2= M.A. | títol= The effect of trap spacing on the capture of brown tree snakes on Guam| editor= USDA National Wildlife Research Center | data= 2003 }}/ref Un altre estudi es va fer ressò de la idea abans esmentada creixent d'intercanvi parany espaiat.ref name=Engeman/

== Referències==
{{Referències|2}}

== Bibliografia ==
* {{citar ref| tipus = llibre | cognom1 =Bechstein| nom1 =Johann Matthaus| títol =Herrn de Lacépède's Naturgeschichte der Amphibien oder der eyerlegenden vierfüssigen Thiere und der Schlangen. Eine Fortsetzung von Buffon's Naturgeschichte aus dem Französischen übersetzt und mit Anmerkungen und Zusätzen versehen | url =http://www.archive.org/details/herrndelacepedes04lac | lloc =Weimar| data =1802 | consulta = 4 de març de 2013 | pàgines =p. 1-298 | llengua =alemany }}
* {{citar ref| tipus = llibre | cognom1 =Daudin | nom1 =F. M. | títol =Histoire Naturelle, Générale et Particulière des Reptiles; ouvrage faisant suit à l'Histoire naturelle générale et particulière, composée par Leclerc de Buffon; et rédigee par C.S. Sonnini, membre de plusieurs sociétés savantes| url =http://archive.org/details/histoirenaturel151802daud | editor =F. Dufart| lloc =Paris| data =1803 | consulta = 4 de març de 2013| pàgines =p. 1-365 | volum =vol. 5| llengua =francès }}
* {{citar ref| tipus = llibre | cognom1 = Duméril | nom1 =A.M.C. | cognom2 =Bibron | nom2 = G. | cognom3 = Duméril | nom3 = A. | títol = Erpétologie générale ou histoire naturelle complète des reptiles| url =http://www.archive.org/details/erptologiegn72185dum| editor = Libraire Enciclopédique de Roiret | data = 1854 | consulta = 4 de març de 2013| pàgines =p. 781-1536 | volum =Tome septième. Deuxième partie}}
* {{citar ref| tipus = publicació| cognom1 =Macleay| nom1 =William | títol =The ophidians of the Chevert Expedition| url =http://www.archive.org/details/proceedingsoflin0201linn | publicació =Proceedings of the Linnean Society of New South Wales
| lloc = Sydney | data =1877 | consulta = 4 de març de 2013| pàgines =p. 33-41 | volum =vol. 2 |exemplar=ser. 1}}
* {{citar ref| tipus = publicació| cognom1 =Macleay| nom1 =William | títol =Census of Australian snakes with descriptions of two new species| url =http://www.archive.org/details/proceedingsoflin0109linn | publicació =Proceedings of the Linnean Society of New South Wales| data =1884 | consulta = 4 de març de 2013| pàgines =p. 548-568 | volum =vol. 9|exemplar=ser. 1| llengua =anglès }}

==Enllaços externs==
{{Projectes germans | Commons= Boiga irregularis|Viccionari= |Viquidites= |Viquiespècies= Boiga irregularis|Viquillibres= |Viquinotícies= |Viquipèdia= |Viquitexts= |Viquiversitat= }}
* http://invasivespeciesinfo.gov/animals/bts.shtml 
* {{ADW|Boiga_irregularis|''Boiga irregularis'' }}
* {{NCBI|92519|''Boiga irregularis'' }}
* {{ITIS|ID=174206|''Boiga irregularis'' (Merrem, 1802) }}

{{ORDENA:Boiga Irregularis}}
[[Categoria:Colubrins]]
[[Categoria:Animals invasors]]</text>
      <sha1>2lnrykx4faoioopb25qpdoo81ygplbd</sha1>
      <model>wikitext</model>
      <format>text/x-wiki</format>
    </revision>
  </page>