<page>
    <title>República Popular de Bulgària</title>
    <ns>0</ns>
    <id>1070005</id>
    <revision>
      <id>14023381</id>
      <parentid>12578707</parentid>
      <timestamp>2014-09-08T03:47:57Z</timestamp>
      <contributor>
        <username>Panotxa</username>
        <id>2730</id>
      </contributor>
      <comment>+ Ref</comment>
      <text>{{Esborrany d'història}}
{{Estat desaparegut 
| nom_oficial     = Народна република Българияbr /''Narodna republika Bŭlgariya''
| nom_complet     = República Popular de Bulgària
| nom_comú        = Bulgària
| status          = 
| status_text     = 
| empire          = 
| forma_de_govern = [[Estat socialista]]
| p1              = Regne de Bulgària
| bandera_p1      = Flag of Bulgaria.svg
| p2              = 
| bandera_p2      = 
| s1              = Bulgària
| bandera_s1      = Flag of Bulgaria.svg
| s2              = 
| bandera_s2      = 
| imatge_bandera  = Flag of Bulgaria (1971-1990).svg
| bandera         = Bandera de Bulgària
| imatge_escut    = Coat of arms of Bulgaria (1971-1990).svg
| símbol          = Escut de Bulgària
| mapa            = Bulgaria 1956-1990.svg
| mapa_descripció = Localització de Bulgària a Europa.
| capital         = [[Sofia]]
| latd = 42 |latm = 42 |latNS = N |longd = 23 |longm = 20 |longEW = E
| lema_nacional                = 
| himne_nacional               = 
| idioma                       = [[Búlgar]]
| idioma_no_oficial            = 
| moneda                       = [[Lev]]
| era                          = 
| esdeveniment_inici           = 
| data_inici                   = 15 de setembre
| any_inici                    = 1946
| esdeveniment_fi              = 
| data_fi                      = Novembre
| any_fi                       = 1990
| esdeveniment1                = 
| any_esdeveniment1            = 
| data_esdeveniment1           = 
| títol_líder                  = Secretari General
| líder1                       = Gueorgui Dimitrov
| any_líder1                   = 1948-1949
| líder2                       = Valko Txervenkov
| any_líder2                   = 1949-1954
| líder3                       = Tòdor Jívkov
| any_líder3                   = 1954-1989
| líder4                       = Pétar Mladénov
| any_líder4                   = 1989-1990
| títol_governant              = [[President de Bulgària|President]]
| governant1                   = Vasil Kolarov
| any_governant1               = 1946-1947 {{mida|1=(primer)}}
| governant2                   = Pétar Mladénov
| any_governant2               = 1989-1990 {{mida|1=(últim)}}
| dades_any1                   = 1946
| dades_superfície1            = 110994
| dades_població1              = 7029349
| dades_any2                   = 1989
| dades_superfície2            = 110910
| dades_població2              = 8990055
| membre_de                    = [[ONU]], [[Pacte de Varsòvia]]
| religió                      = 
| notes                        = 
}}

La '''República Popular de [[Bulgària]]''' (en [[búlgar]], Народна република България; [[Transcripció lingüística|transcrit]] del [[ciríl·lic]], ''Narodna republika Bŭlgariya'') fou l'[[Estat socialista]] que s'implantà en aquest país de l'[[Europa Oriental]] des de les [[Eleccions legislatives búlgares de 1946]] un cop acabada la [[Segona Guerra Mundial]]ref{{Ref-llibre |cognom=Lewkowicz |nom=Nicolas |títol=The German Question and the Origins of the Cold War |url=http://books.google.es/books?id=XUe-7HY__z8Cpg=PA44dq=bulgaria+1946+election+octoberhl=casa=Xei=DSQNVLqvAsfVasnxgeAMved=0CF4Q6AEwBw#v=onepageq=bulgaria%201946%20election%20octoberf=false |llengua=aanglès |editorial=Ipoc Press |data=2008 |pàgines=44 |isbn=8895145275}}/ref i [[1990]] (amb la caiguda del [[Bloc de l'Est]]). El [[Partit Comunista Búlgar]] (BCP) governava juntament amb el partit de l'oposició, la [[Unió Popular Agrària Búlgara]].

Bulgària va ser vista per [[Occident]] com un [[estat satèl·lit]] de la [[Unió Soviètica]],ref{{ref-llibre |cognom=Rose |nom=Richard |cognom2=Munro |nom2=Neil |títol=Elections without order: Russia's challenge to Vladimir Putin |llengua=[[anglès]] |editorial=Cambridge University Press |lloc= |data=2002 |pàgines=p. 54 |isbn=978-0-521-01644-5 |citació=Bulgària era un satèl·lit lleial que es va beneficiar econòmicament, seguint la línia de Moscou |ref= }}/refref{{ref-llibre |cognom=Streissguth |nom=Thomas |títol=The Rise of the Soviet Union |llengua=[[anglès]] |editorial=Greenhaven |lloc= |data=2002 |pàgines=p. 225 |isbn=978-0-7377-0929-2 }}/ref un país membre del [[Comecon]] i del [[Bloc de l'Est]], aliat de la [[Unió Soviètica]] durant la [[Guerra Freda]] i membre del [[Pacte de Varsòvia]].

El [[1989]], es van iniciar reformes democràtiques després d'un període de liberalització tàcita. Després en la tardor d'aquell any, [[Tòdor Jívkov]], que havia estat governant una llarga etapa, va ser apartat del poder en un congrés del BCP. El [[1990]], el BCP va canviar el seu nom pel de [[Partit Socialista Búlgar]] (BSP) i va adoptar una ideologia política de [[centreesquerra]]. Després de les primeres eleccions lliures que es van celebrar des de [[1931]] (i que va guanyar el BSP), es va canviar el nom del país pel de [[República de Bulgària]].

== Referències ==
{{referències|1}}

{{Commonscat|People's Republic of Bulgaria}}

{{Europa Oriental Comunista}}

{{ORDENA:Republica Popular De Bulgaria}}

[[Categoria:Estats comunistes|Bulgària]]
[[Categoria:Història de Bulgària]]
[[Categoria:Repúbliques històriques d'Europa|Bulgària]]</text>
      <sha1>kur5ohsh0zt4gnuvc62plasmiflfwu6</sha1>
      <model>wikitext</model>
      <format>text/x-wiki</format>
    </revision>
  </page>