<page>
    <title>Història de Tanzània</title>
    <ns>0</ns>
    <id>1072333</id>
    <revision>
      <id>13506666</id>
      <parentid>13202883</parentid>
      <timestamp>2014-06-01T08:52:23Z</timestamp>
      <contributor>
        <username>Langtoolbot</username>
        <id>128552</id>
      </contributor>
      <minor></minor>
      <comment>Corregit: va recolzar a  va fer costat a</comment>
      <text>[[Fitxer:Deutsch Ostafrika.PNG|thumb|Mapa de l'Àfrica Oriental Alemanya, l'any 1894.]] 
El que avui és [[Tanzània]] va ser una colònia [[alemanya]] coneguda com a [[Àfrica Oriental Alemanya]] des del voltant del 1880 fins al [[1919]]. Va estar sota control del [[Regne Unit]] entre [[1919]] i [[1961]]. Poc després de la independència, [[Tanganica]] i [[Zanzíbar]] es van unir per formar Tanzània el [[26 d'abril]] de [[1964]]. L'unipartidisme va acabar el [[1995]], any en què es van celebrar les primeres eleccions democràtiques al país des de la [[anys 1970|dècada de 1970]]. 

== Història precolonial == 
La famosa [[Gola d'Olduvai]], al nord de [[Tanganica]] ha aportat interessants proves sobre la [[prehistòria]] a la zona, incloent restes fòssils d'alguns dels ancestres més primerencs de la Humanitat. Els descobriments suggereixen que l'[[Àfrica Oriental]] podria haver estat el lloc on va aparèixer l'ésser humà. 

Se sap poc de la història de la Tanganica interior durant els segles passats. Es creu que la zona va ser habitada per grups ètnics que parlaven llengües amb sons similars a les dels [[boiximans]] i els [[hotentots]] del sud d'Àfrica. Tot i que encara queden restes d'aquestes primeres tribus, la major part van ser desplaçades per agricultors [[bantu]]s que van migrar cap a l'oest i el sud i per [[nilòtics]] i altres pobles relacionats del nord. Alguns d'aquests grups van formar societats ben organitzades i controlaven extenses àrees fins al moment en què els mercaders àrabs, els exploradors europeus i els missioners van penetrar a l'interior a la primera meitat del [[segle XIX]]. 

La zona costanera va ser la primera a sentir l'impacte de la influència exterior, al començament de la nostra era. Rhapta, el mercat més meridional d'[[Azània]], era conegut pels mercaders del període de l'[[Imperi Romà]]. 

Després, els mercaders àrabs van establir llocs comercials a la costa. Potser ja al [[segle VIII]]. Al [[segle XII]], els mercaders i els immigrants van arribar tan lluny com des de [[Pèrsia]] (actual [[Iran]]) i l'[[Índia]]. Els nadius van construir unes sèries de ciutats i estats comercials al llarg de la costa, sent la més important d'elles Kibaha, un assentament que va existir fins que els [[Portugal|portuguesos]] el van destruir a principis del [[segle XVI]]. 

El navegant portuguès [[Vasco da Gama]] va explorar la costa de l'Àfrica Oriental el [[1498]], durant el seu viatge a l'[[Índia]]. El [[1506]] els portuguesos van reivindicar el control de tota la costa. Aquest control, però, va ser nominal ja que ni van colonitzar l'àrea ni van explorar el seu interior. Ajudats pels [[Oman|àrabs omanites]], els habitants indígenes de la costa van tenir èxit a mantenir als portuguesos fora de la zona al nord del riu Ruvuma. El sultà omanita Seyyid Said (l804-56) va traslladar la seva capital a [[Zanzíbar]] el [[1841]] per reclamar el territori costaner. 

Les regions de l'interior eren encara molt desconegudes pels europeus. Una part de la regió dels [[Grans Llacs d'Àfrica]], a l'oest del [[llac Victòria]], consistia en molts petits regnes entre els quals destacaven Karagwe i Buzinza, que van ser dominats pels seus veïns més poderosos [[Regne de Rwanda|Rwanda]], [[Regne de Burundi|Burundi]] i [[Buganda]]. L'exploració europea de l'interior va començar a mitjan [[segle XIX]]. Dos missioners alemanys van arribar al [[Kilimanjaro]] a la [[anys 1840|dècada de 1840]]. Els exploradors britànics [[Richard Burton]] i [[John Hanning Speke]] van creuar el llac [[Tanganica]] el [[1857]]. [[David Livingstone]], l'explorador i missioner [[Escòcia|escocès]] que va lluitar contra el [[tràfic d'esclaus]], va establir la seva última missió a Ujiji, on [[Henry Morton Stanley]], un explorador i periodista nord-americà enviat pel [[New York Herald]], va aconseguir trobar-lo.

== Colonialisme == 
{{AP|Àfrica Oriental Alemanya}} 
El [[1884]] es van plantejar els interessos colonials alemanys. Karl Peters, que va formar la Societat per a la Colonització Alemanya, va signar una sèrie de tractats amb els caps tribals de l'interior, pels quals aquests acceptaven la protecció d'Alemanya. El govern del Príncep [[Otto von Bismarck]] va fer costat a Peters en l'establiment de la [[Companyia Alemanya de l'Àfrica Oriental]]. 

El [[1886]] i el [[1890]] la Gran Bretanya i Alemanya van signar uns acords que van establir les esferes d'influència britànica i alemanya a l'interior de l'[[Àfrica Oriental]] i al llarg de la franja costanera prèviament reclamada pel sultà omanita de [[Zanzíbar]]. El [[1891]] el Govern alemany va prendre l'administració directa del territori de la Companyia Alemanya de l'Àfrica Oriental i va nomenar un governador amb seu a [[Dar es Salaam]]. 

Tot i que l'administració colonial alemanya va portar a Tanganica nous cultius, ferrocarrils i carreteres, el govern dels europeus va provocar la resistència africana. Entre [[1891]] i [[1894]], els hehe (dirigits pel cap Mkwawa) es van resistir a l'expansió alemanya, però van ser finalment derrotats. Després d'un període de guerra de guerrilles, Mkwawa va acabar suïcidant-se el [[1898]]. La resistència va culminar amb la rebel·lió Maji Maji de [[1905]]-[[1907]]. La revolta, que va unir temporalment a diverses tribus meridionals i que només va acabar després que uns 120.000 africans morissin en el conflicte o per la gana, és considerada per la majoria dels tanzans com el primer fenomen de [[nacionalisme]], encara que molts historiadors discrepen d'aquesta conclusió. Segons els investigadors, les hostilitats tradicionals van exercir un important paper en la rebel·lió. 

Durant la [[Primera Guerra Mundial]] l'intent [[Imperi Britànic|britànic]] d'invasió va ser avortat pel General alemany [[Paul von Lettow-Vorbeck]] a la batalla de Tanga. 

El domini colonial alemany sobre [[Tanganica]] va concloure després de la Primera Guerra Mundial, moment en què la major part del territori va passar al [[Regne Unit]] sota mandat de la [[Societat de Nacions]]. A més li va correspondre la riba occidental del [[llac Victòria]], que amb anterioritat havia estat part de les colònies alemanyes de [[Rwanda]] i [[Burundi]]. 

Després de la [[Segona Guerra Mundial]] [[Tanganica]] es va convertir en territori en fideïcomís de les [[Nacions Unides]] sota control britànic. En els anys que van seguir [[Tanganica]] va anar avançant cap a l'autogovern i la independència.

== Independència == 
El [[1954]], [[Julius Nyerere]], un mestre d'escola que en aquells dies era un dels dos únics habitants de Tanganica que havien estudiat a la universitat a l'estranger, va organitzar un partit polític la Unió Nacional Africana de Tanganica (''Tanganyika African National Union'' - TANU). 
El [[maig]] de [[1961]], Tanganica passa a ser autònoma i Nyerere va esdevenir [[Primer ministre]] sota una nova constitució. La independència total es va aconseguir el [[9 de desembre]] de [[1961]]. Nyerere va ser triat President i Tanganica es va convertir en membre de la [[Mancomunitat Britànica de Nacions|Commonwealth]] un any després de la independència. 

== Zanzíbar == 
{{AP|Zanzíbar}}
Zanzíbar, un primerenc centre comercial àrab-persa, va caure sota control dels portuguesos durant els segles XVI i XVII, fins que va ser recuperat pels àrabs omanites a principis del segle XVIII. El màxim auge del període àrab es va aconseguir amb el sultà Seyyid Said, que va incentivar el desenvolupament de les plantacions de [[Syzygium aromaticum|clau]], utilitzant mà d'obra esclava. 

Els àrabs van establir les seves pròpies guarnicions a Zanzíbar, [[Pemba]] i [[Kilwa]] i van desenvolupar un lucratiu comerç d'esclaus i d'[[ivori]]. El 1840, Said havia traslladat la seva capital des de [[Masqat]] a [[Zanzíbar]] i havia establert una elit àrab dominant. El comerç a l'illa va començar a caure en mans de mercaders del subcontinent indi, als quals Said va animar a establir-se a l'illa. 

Les espècies de [[Zanzíbar]] van atreure [[vaixells]] de llocs tan llunyans com els [[Estats Units]]. Es va establir un consolat nord-americà a l'illa el [[1837]]. L'interès inicial del [[Regne Unit]] a [[Zanzíbar]] estava motivat tant pel comerç com per la determinació per acabar amb el [[tràfic d'esclaus]]. El [[1822]], els britànics van signar el primer d'una sèrie de tractats amb el sultà Said per dismuniuir aquest comerç, però no va ser fins al [[1876]] que es va prohibir el [[tràfic d'esclaus]]. 

L'acord angloalemany de 1890 va convertir a Zanzíbar i Pemba en [[protectorat]]s britànics, mentre que [[Caprivi]], a [[Namíbia]], va passar a ser un protectorat alemany. El govern britànic a través del Sultà va resistir gairebé canvis des de finals del [[segle XIX]] fins després de la [[Segona Guerra Mundial]]. 

El [[26 d'abril]] de [[1964]], [[Tanganica]] es va unir amb [[Zanzíbar]] per formar la República Unida de Tanganica i Zanzíbar, que va canviar el seu nom pel de República Unida de Tanzània el [[29 d'octubre]] de 1964. 

== República Unida de Tanzània == 
{{AP|República Unida de Tanzània}}
Zanzíbar va obtenir la seva independència del [[Regne Unit]] el [[19 de desembre]] de [[1963]], com a [[monarquia constitucional]] sota el sultà. El [[12 de gener]] de [[1964]], la majoria africana es va rebel·lar contra el [[sultà]] donant lloc a un nou govern presidit pel líder de l'ASP, Abeid Karume, com a President de Zanzíbar i del Consell Revolucionari. Sota els termes de la seva unió política amb [[Tanganica]] a l'abril de 1964, el Govern de [[Zanzíbar]] retenia considerable autonomia local. 

Per formar un únic partit governant en ambdues zones de la unió, Nyerere va unir el Tanu amb el partit governant a Zanzíbar, el Partit Afro-Shirazi (''Afro-Shirazi Party-ASP'') de Zanzíbar, donant lloc al CCM (Chama marxa Mapinduzi-CCM Partit Revolucionari), el [[5 de febrer]] de 1977. La fusió va ser reforçada pels principis anunciats en la Constitució de la Unió el [[1982]] i reafirmada en la Constitució de [[1984]]. 

== Referències == 
* Gibbons, Ann (2007). The First Human: The Race to Discover our Earliest Ancestor. Anchor Books. ISBN 978-1-4000-7696-3. 
* Miller, Charles (1974). Battle for the Bundu: The First World War in East Africa. New York: MacMillan Publishing Co., Inc. ISBN 0025849301. 
* Iliffe, John (1979) A Modern History of Tanganyika. Cambridge: Cambridge University Press. 
* Iliffe, John (1971). Agricultural Change in Modern Tanganyika (Historical Association of Tanzania Paper no. 10. (Nairobi: East African Publishing House, 1971), 47 pp. 
* Kjekshus, Helge (1996). Ecology Control and Economic Development in East African History. London: James Currey. 
* Koponen, Juhani (1988). People and Production in Late Pre-colonial Tanzania: History and Structures. Uppsala: Scandinavian Institute of International Studies. 

== Enllaços externs ==
{{Commons category|History of Tanzania}}
* [http://www.state.gov/r/pa/ei/bgn/2843.htm Background Note: Tanzània]
* [http://www.historyofnations.net/africa/tanzania.html Història de Tanzània]


{{ORDENA:Historia De Tanzania}}	!--ORDENA generat per bot--
[[Categoria:Història de Tanzània]]</text>
      <sha1>7zn1v312poaddb0zzzfmaa0u4mj667s</sha1>
      <model>wikitext</model>
      <format>text/x-wiki</format>
    </revision>
  </page>