<page>
    <title>Édith Piaf</title>
    <ns>0</ns>
    <id>107209</id>
    <revision>
      <id>13811188</id>
      <parentid>13646984</parentid>
      <timestamp>2014-07-13T12:08:33Z</timestamp>
      <contributor>
        <username>PereBot</username>
        <id>118448</id>
      </contributor>
      <minor></minor>
      <comment>Robot inserta {{Autoritat}}</comment>
      <text>{{Infotaula d'artista musical 
| Name = Édith Piaf
| Img = Edith Piaf.jpg
| Img_capt = Édith Piaf al Teatre de l'ABC (1951)
| Img_size = 
| Landscape = 
| Background = solo_singer
| Birth_name = Édith Giovanna Gassion
| Alias = La Môme Piaf
| Born = [[19 de desembre]] del [[1915]]
| Died = [[11 d'octubre]] del [[1963]] (47 anys) br /{{mida|1={{Bandera|França}} [[Alpes-Maritimes|Placassier]]}}
| Origin = {{Bandera|França}} [[París]]
| Instrument = 
| Genre = [[Música pop|Pop francès]], [[cabaret]],br /[[torch song]]
| Occupation = [[Cantant]], [[actriu]]
| Years_active = [[1935]] – [[1963]]
| Label = 
| Associated_acts = 
| URL = 
| Notable_instruments = 
}}
'''Édith Piaf''', nom artístic de '''Édith Giovanna Gassion''', amb el sobrenom de '''la Môme''' ([[París]], [[19 de desembre]] de [[1915]] - Plascassier, ajuntament de [[Grasse]], als [[Alps Marítims]], [[10 d'octubre]] de [[1963]]), va ser una famosa [[cantant]] [[França|francesa]] i una icona cultural, gairebé considerada universalment com la millor cantant popular de França.ref name=yahoomusicbio{{ref-web|títol= Édith Piaf: Biography|url = http://music.yahoo.com/ar-261423-bio--Edith-Piaf|nom= Steve|cognom= Huey|editor= ''Yahoo! Music''|consulta= 03-09-2009}}/ref

Tot i l'existència de nombroses biografies, gran part de la vida de Édith Piaf està envoltada de misteri.ref name=boston0707{{ref-notícia|nom=Wesley|cognom=Morris|títol= A complex portrait of a spellbinding singer|data=15 de juny de 2007|url =http://www.boston.com/ae/movies/articles/2007/06/15/a_complex_portrait_of_a_spellbinding_singer/|editorial= ''Boston Globe''|consulta= 03-09-2009 }}/ref El seu pare, Louis, era contorsionista i la seva mare, Anita, era d'origen italoalgerià. Édith va ser educada per les seves àvies en un [[bordell]]. Va debutar el [[1935]] cantant al carrer cançons populars. El [[1936]], enregistra amb la casa discogràfica [[Polydor]] el seu primer disc ''Les Mômes de la cloche''. El març de [[1937]] debutà en el gran music-hall, l'''ABC''. El [[1940]], [[Jean Cocteau]] va escriure per a ella ''Le Bel Indifférent''.

Després de la [[Segona Guerra Mundial]] ella va escriure ''[[La Vie en rose]]'', la seva cançó més cèlebre. Després dels anys cinquanta la seva fama va esdevenir mundial. El [[1951]] [[Charles Aznavour]] es va convertir el seu home de confiança i secretari.

Édith Piaf va tenir moltes relacions sentimentals, entre les quals cal destacar la que va tenir amb [[Yves Montand]], [[Georges Moustaki]] i [[Marcel Cerdan]]. L'any [[1949]], després de la mort de Cerdan en accident d'avió, Piaf va esdevenir [[drogoaddicta]]. La seva autobiografia es titula ''Au bal de la chance''.

A [[París]], se li ha dedicat el [[Museu Édith Piaf]], i la seva tomba al [[cementiri del Père-Lachaise]] és de les més visitades.

== Biografia ==
=== Infantesa ===

[[Fitxer:Edith Piaf enfant.jpg|thumb|right|Édith Piaf en la seva infància]]
Va néixer a París, el [[19 de desembre]] de [[1915]], amb el nom d'Édith Giovanna Gassion,;ref name=csmonitor0707{{ref-notícia|nom=Peter|cognom=Rainer|títol= 'La Vie en Rose': Édith Piaf's encore|data= 8 juny 2007|url =http://www.csmonitor.com/2007/0608/p14s03-almo.html|obra= ''Vancouver Sun''|consulta= 03-09-2009 }}/ref el nom d'Édith va ser escollit en referència a la infermera anglesa [[Edith Cavell]], una heroïna que havia mort uns mesos abans, afusellada pels alemanys.refRené Baudelaire. ''La chanson réaliste'', L'Harmattan, 1996, p. 109/refref{{ref-notícia|nom=Thirza |cognom=Vallois |títol=Two Paris Love Stories |url=http://www.paris.org/Kiosque/feb98/love.html |editorial=Paris Kiosque |data= febrer 1998 |consulta=09-08-2007 }}/ref Des del mateix dia del seu naixement va viure acompanyada per l'infortuni. El seu pare, Louis Alphonse Gassion (nascut en [[Castillon (Calvados)|Castillon]] a la regió de [[Calvados]] ([[Normandia]]) el [[10 de maig]] de [[1881]]), era acròbata;ref name=vansun{{ref-notícia|nom=Joe|cognom=Ray|títol= Édith Piaf and Jacques Brel live again in Paris: The two legendary singers are making a comeback in cafes and theatres in the City of Light|data=11 d'octubre de 2003|url =http://joearay2.tripod.com/vancouversun/brel_et_piaf.html|obra= ''Vancouver Sun''|pàgines=F3|consulta= 18-07-2007 |urlarxiu=http://archive.is/eb7C|dataarxiu=2012-12-11}}/ref per celebrar el seu naixement es va emborratxar i va abandonar la seva mare, Annetta Maillard ([[1895]]-[[1945]]), d'origen [[Itàlia|italo]]-[[Algèria|argelina]], que era una cantant ambulant. Sense suport, ella va haver d'afrontar el part sola. Per això, va sortir als carrers pels seus propis medis, però no va arribar a l'hospital i Édith va néixer en ple carrer, sota un fanal, davant el número 72 de la ''rue de Belleville'' a [[París]]; tot i així, al certificat de naixement hi ha posada l'adreça de l'Hospital Tenon.ref name=rfimusique{{ref-web|títol= Biography: Edith Piaf|url =http://www.rfimusique.com/siteen/biographie/biographie_6057.asp|editor= Radio France Internationale Musique|consulta= 03-09-2009}}/refrefLa seva àvia Emma Saïd ben Mohamed havia nascut a Mogador, Marroc, el desembre de 1876, « Emma Saïd ben Mohamed, d'origine [[kabyle people|kabyle]] et probablement connue au Maroc où renvoie son acte de naissance établi à Mogador, le 10 décembre 1876 », Pierre Duclos and Georges ‬Martin, ‭''‬Piaf, ‭ ‬biographie'', ‭ Éditions du Seuil, 1993, ‬Paris, ‭p. 41/refrefHer mother, half-Italian, half-Berber, [[David Bret]], ''Piaf: a passionate life'', Robson Books, 1998, p.2/ref 

De petita, la seva mare, massa pobre com per criar-la, la va confiar a la seva àvia materna, Aïcha Saïd Ben Mohammed ([[1876]]-[[1930]]) originària de [[Cabília]],refPierre Duclos i Georges ‬Martin. ‭''‬Piaf, ‭‬biographie'', ‭ Editions du Seuil, 1993, ‬París, ‭p. 41/ref que en comptes de llet l'alimentava amb vi, amb l'excusa de què així s'eliminaven els [[microbi]]s. Després la va entregar al seu pare, que havia de marxar al front de guerra durant la [[Primera Guerra Mundial]], fet que l'obligà a deixar la nena amb la seva àvia paterna, propietària d'una casa de prostitució a [[Bernay]], [[Normandia]], on Édith va ser criada per les prostitutes de la casa.

En finalitzar la [[Primera Guerra Mundial]], el seu pare va tornar del front i se l'emportà amb ell, a viure la vida primer dels artistes dels petits circs itinerants, i després la de l'artista ambulant, independent i miserable. Édith revela el seu talent i la seva excepcional veu en les cançons populars que cantava als carrers al costat del seu pare, tal com ho feia la seva mare.

El 1930, deixà el seu pare i cantà a duo amb [[Simone Berteaut]], que esdevindria el seu amic, el seu àlter ego al carrer. El [[1933]], als 17 anys, tingué una filla amb el seu amant Louis Dupont, anomenada Marcelle, que desgraciadament va morir el [[1935]] de [[meningitis]], quan tenia dos anys d'edat.

=== Primers passos artístics ===

En [[1935]], és descoberta al carrer per [[Louis Leplée]], gerent d'un cabaret de moda, el Gerny's', situat en l'[[Avinguda dels Camps Elisis]]. La convida a presentar-se amb el nom artístic de ''la nena Pardal'' (''la Môme Piaf'') a causa que era de petita estatura (1.47 m) com un pardal.ref{{ref-notícia|nom=Marshall|cognom=Fine|títol=The soul of the Sparrow|data= 4 juny 2007|url =http://www.nydailynews.com/entertainment/movies/2007/06/04/2007-06-04_the_soul_of_the_sparrow.html|editorial=[[Daily News (New York)|''Daily News'' (New York)]]|consulta=16 de febrer 2007}}/ref Les seves presentacions van ser tot un èxit, i el seu talent i la seva veu extraordinaris són destacats, entre d'altres, pel compositor [[Raymond Asso]] i la seva futura fidel amiga [[Marguerite Monnot]], compositora i pianista virtuosa, que l'acompanyarà durant tota la seva carrera i compondrà per a ella la música de ''[[Mon légionnaire]]'', ''[[Hymne à l'amour]]'', ''[[Milord (cançó)|Milord]]'' i ''[[Amants d'un jour]]''.

Firma un contracte amb [[Polydor]] i grava el seu primer [[àlbum|disc]] en [[1936]]: ''li Mômes de la cloche'' (els nens de la campana; cloche, en [[argot]], és el nom genèric dels captaires parisencs). Això la converteix en un èxit mediàtic de forma immediata. Però l'abril d'aquell any [[Louis Leplée]] és assassinat al seu domicili. Això revela que ell formava part dels baixos fons del barri parisenc de [[Pigalle]], el que fa precipitar a Édith al centre de l'escàndol i al linxament mediàtic, i l'envia novament al lloc d'on va venir: el carrer i els petits cabarets miserables.ref{{ref-notícia|nom=Andre|cognom=Mayer|títol=Songbird|data= 8 juny 2007|url=http://www.cbc.ca/arts/music/lavieenrose.html |editorial=CBC|consulta=}}/ref

Torna a prendre contacte amb el compositor [[Raymond Asso]] (autor de ''[[Mon légionnaire]]'' i ''[[Le Fanion de la Légion]]'', creades per [[Marie Dubas]] en [[1935]], que Piaf reprèn a inicis de [[1937]]). Asso es converteix en el seu [[Pygmalion]] i amant, i la prepara per ser una cantant professional del [[Music-Hall]].

=== Cantant del music-hall ===

El març de [[1937]], Édith debuta en el gènere de ''[[music-hall]]'' en el [[teatre ABC]] de [[París]]. Es converteix immediatament en una estrella de la [[cançó francesa]], adorada pel públic i difosa per la [[ràdio]].

En [[1940]] es presenta amb èxit a l'obra teatral ''[[Le Bel Indifférent]]'', que [[Jean Cocteau]] va escriure per a ella. També comença una carrera cinematogràfica amb la pel·lícula ''[[Montmartre sur Seine]]'', de [[Georges Lacombe]].

A la primavera de [[1944]] es presenta en el [[Moulin Rouge (París)|Moulin Rouge]], on el jove cantant de ''[[music-hall]]'' [[Yves Montand]] forma part important de l'espectacle. Es produeix un enamorament sobtat entre els dos artistes i Édith Piaf, ja cèlebre i devoradora d'homes adulada, es proposa iniciar el seu nou amant en els trucs de l'ofici i de la vida d'artista. El presenta a les persones més importants de l'època al món de l'espectacle: [[Joseph Kosma]], [[Henri Crolla]], [[Loulou Gasté]], [[Jean Guigo]], [[Henri Contet]], [[Louiguy]], [[Marguerite Monnot]], [[Bob Castella]], [[Francis Lemarque]]... 

Durant la guerra, Édith Piaf cantava en els clubs i ''music-halls'', on va conèixer la seva contemporània alemanya [[Ilona Hesse]], i ajudava els presoners a escapar. Després de la [[guerra]], el [[1945]], escriu la lletra de ''[[La Vie en rose]]'' la seva cançó més cèlebre, que interpreta en la [[Comédie-Française]].

[[Yves Montand]], per la seva part, es converteix en una estrella del [[music-hall]]. Montand debuta en el cinema al costat d'Édith Piaf a ''[[Étoile sans lumière]]'', per després d'obtenir el seu primer paper protagonista a ''[[Els ports de la nuit]]'' de [[Marcel Carné]]. Ambdós surten de gira l'any [[1946]], en la qual se separen.

=== Vida sentimental ===

En [[1948]], mentre està en una gira triomfal per [[Nova York]], viu la història d'amor més gran de la seva vida amb un [[boxa|boxejador]] francès d'origen [[Algèria|algerià]], [[Marcel Cerdan]], que va guanyar el campionat mundial de pes mitjà el 21 de setembre de [[1948]] i va morir en un accident d'avió el [[28 d'octubre]] de [[1949]] en el vol de [[París]] a [[Nova York]], a les [[Açores]], quan anava a retrobar-se amb ella. Abatuda pel sofriment, Édith Piaf pren, per calmar el seu dolor, fortes dosis de [[morfina]]. Cantarà el seu gran èxit ''[[Hymne à l'amour]]'' i igualment ''[[Mon Dieu]]'', a la seva memòria. i, a més, aquest festeig va originar la pel·lícula ''Édith et Marcel''.

A part de l'esmentat, són diversos els romanços d'Édith Piaf. Els més coneguts foren amb [[Marlon Brando]], [[Yves Montand]], [[Charles Aznavour]], [[Théo Sarapo]] i [[Georges Moustaki]].
[[Fitxer:Piaf.grave.600pix.jpg|thumb|right|La tomba d'Édith Piaf]]
En [[1951]], el jove cantautor [[Charles Aznavour]] es converteix en el seu secretari, assistent, xofer i confident. Li escriu algunes de les seves millors cançons com ''Plus Bleu que Tes Yeux'' o fins i tot ''Jezebel''. 

El [[29 de juliol]] de [[1952]] es casa amb el cèlebre cantant francès [[Jacques Pills]], segons el testimoni de l'actriu [[Marlene Dietrich]] (que escull el seu vestit de núvia per a ella), després se'n divorcia el [[1956]].

En [[1953]], comença una cura de desintoxicació, després es fa una immensa vedet de [[music-hall]] al món sencer i en particular als [[Estats Units]], on triomfa en [[1956]] al [[Carnegie Hall]] de [[Nova York|New York]], del qual es fa una assídua. 

Comença una història d'amor amb [[Georges Moustaki]] (Jo), a qui Édith llança a la cançó. Al seu costat va tenir un greu accident automobilístic l'any [[1958]], el que empitjora el seu estat de salut ja deteriorat i la seva dependència de la [[morfina]]. Grava la cançó ''[[Milord (cançó)|Milord]]'' (sobre una música de Margarida Monnot), de la qual és l'autor, un dels seus majors èxits. 

En [[1959]], Édith s'endinsa en l'escena durant una gira a [[Nova York|New York]]. Sofreix de nombroses operacions quirúrgiques i torna a [[París]] en llastimós estat i sense [[Moustaki]], qui l'ha deixat en ruta. És tanmateix recompensada per a la cançó ''Milord'' en el transcurs d'una emissió de televisió de TV Award; a l'estudi de gravació es troben Georges Moustaki i Édith Piaf en companyia de Marguerite Monnot, els autors de la cançó. 

En [[1961]], a petició de [[Bruno Coquatrix]], Édith Piaf dóna al [[Olympia (París)|Olympia de París]], en perill de fallida a causa de problemes financers, una sèrie de concerts entre els més memorables i emocionants de la seva carrera. És a la seva sala d'espectacles de predilecció que interpreta ''[[Non, je ne regrette rien]]'', una cançó que se li enganxa a la pell i que [[Charles Dumont]] acaba d'escriure per a ella. Édith salva l'[[Olympia (París)|Olympia]] de la fallida, però té dificultats a mantenir-se dempeus i a moure's a conseqüència de la seva [[poliartritis]] que la deixa molt invalida, i no aconsegueix cantar tan sols gràcies a una important perfusió de [[morfina]].

A començaments de [[1963]], enregistra la seva última cançó: [[L'Homme de Berlin]] escrita per Francis Lai (un dels autors de la fi de la seva carrera, la meitat del recital de Nimegue el 1962 és barreja de les seves cançons) i el Sr. Vendôme.

===Defunció===
Edith Piaf va morir el 10 d'octubre de 1963 entre 10 i 13 h a Plascassier, un barri perifèric de [[Grasse]] als [[Alps Marítims]]) amb 47 anys, a causa d'una hemorràgia interna (aneurisme), a causa d'una [[insuficiència hepàtica]],ref name=Piaf-Seuil{{ref-llibre|cognom=Duclos|nom=Pierre |cognom2=Martin|nom2=Georges |títol=Piaf: biographie|url=http://books.google.com/books?id=iWEkAQAAMAAJ|any=1995|editorial=Éditions du Seuil|llengua=francès|isbn=978-2-02-023916-5}}/ref fruit dels excessos, la [[morfina]] i el patiment de tota la seva vida. El transport del seu cos a [[París]] es va fer de forma clandestina i il·legal; la seva mort va ser anunciada oficialment l'[[11 d'octubre]] a [[París]], el mateix dia que el seu amic [[Jean Cocteau]]. Cocteau, amb qui Edith mantenia una correspondència regular, va presagiar la seva mort aquell mateix dia: ... el vaixell completa el trajecte. Aquest és el meu últim dia a la terra.ref[http://www.herodote.net/histoire/evenement.php?jour=19631012 Jean Cocteau et Édith Piaf]/ref

Es troba al panteó familiar al [[cementiri del Père-Lachaise]] on reposen també el seu pare, Louis Alphonse Gassion, que va morir en [[1944]], el seu marit, [[Theo Sarapo]], mort en un accident de trànsit el [[1970]], i la seva filla Marcelle, que va morir en [[1935]], a l'edat de 2 anys.

== Influència i llegat ==
[[Fitxer:Popiersie Edith Piaf ssj 20060914.jpg|thumb|right|Bust de Édith Piaf a Kielce (Polònia)]]
Va ser tot una personalitat i una de les veus més representatives de la cançó francesa. Segueix sent una de les cantants franceses més famoses al món i ha llançat amb èxit la carrera de cantants importants com [[Yves Montand]], [[Charles Aznavour]] i [[Georges Moustaki]]. La seva imatge està associada amb el seu inseparable vestit negre que la feia fàcilment identificable.

D'ella s'ha dit:
* ''Va ser un gran valor real en el camp de la cançó. Una veu profunda en un cos tan petit ... '' (Arletty).ref''C'était une grande, une valeur véritable dans le domaine de la chanson. Cette voix grave dans un si petit corps…'' Extracte dels entreteniments d'Arletty amb Guy Gilles, ''Arletty ou la liberté d’être'', Librairie Séguier, [[París]], 1988, {{ISBN|2-9062-8486-6}}/ref
* Madame Édith Piaf és genial. És inimitable. No hi ha hagut cap Édith Piaf, hi no n'hi haurà mai més.'' (Jean Cocteau).ref''Madame Édith Piaf a du génie. Elle est inimitable. Il n'y a jamais eu d'Édith Piaf, il n'y en aura plus jamais''/ref
* ''L'única paraula que podria substituir la paraula París és la paraula Piaf.'' (Marlene Dietrich).ref''Le seul mot qui puisse remplacer le mot Paris c'est le mot Piaf.''/ref
* ''La teva veu és com l'ànima de París ... '' (Marlene Dietrich)ref''Votre voix est comme l'âme de Paris...''/ref
* Recordo que, gràcies a Édith Piaf com Les Compagnons de la Chanson, Eddie Constantine i Yves Montand van debutar.'' (Georges Perec)refGeorges Perec. ''Je me souviens'' p. 49. ''Je me souviens que c'est grâce à Édith Piaf que Les Compagnons de la chanson, Eddie Constantine et Yves Montand débutèrent.''/ref

Hi ha diversos institucions, monuments i obres artístiques que porten el seu nom o han estat dedicades a la seva memòria:
* El Museu Édith Piaf està dedicada a ella; és a la rue Crespin du Gast, al districte 11 de París.
* La seva cançó ''Hymne à l'Amour'' és la base de la pel·lícula ''Toutes ces belles promesses'' de Jean-Paul Civeyrac.
* Les quinze improvisacions del compositor francès [[Francis Poulenc]], escrites per a piano el 1960 (Editions Salabert SA) i són un «Hommage à Édith Piaf» (Homenatge a Édith Piaf).
* Una estàtua de l'artista s'erigeix a la Place Édith-Piaf, en el vintè districte de París.
* Una placa commemorativa indica el lloc on va néixer, a la rue de Belleville, en el [[20è arrondissement de París|vintè districte de París]].
* El teatre de [[Bernay]] porta el seu nom.

== En pel·lícules ==
La seva vida o referències a ella han aparegut a les següents pel·lícules 
* ''[[La Garçonne]]'' (1936) [[Jean de Limur]]
* ''[[Montmartre-sur-Seine]]'' (1941) [[Georges Lacombe]]
* ''[[Étoile sans lumière]]'' (1945) [[Marcel Blistène]]
* ''[[Neuf garçons, un cœur]]'' (1947) [[Georges Freedland]]
* ''[[Al diavolo la celebrità]]'' (1949) [[Mario Monicelli Steno]]
* ''[[Paris chante toujours]]'' (1951) [[Pierre Montazel]]
* ''[[Boum sur Paris]]'' (1953) [[Maurice de Canonge]]
* ''[[Si Versalles s'expliqués]] (Si Versailles m'était conté...)'' (1954) [[Sacha Guitry]]
* ''[[French cancan]]'' (1954) [[Jean Renoir]]
* ''[[Les Amants de demain]]'' (1959) [[Marcel Blistène]]
* ''[[Édith et Marcel]]'' (1983) [[Claude Lelouch]]
* ''[[La vida en rosa]]'' (2007) [[Olivier Dahan]]

== En obres de teatre ==
* [[1996]]: ''Piaf Je t'aime'', [[comèdia musical]] sobre la seva vida, amb guió de Claude Lemesle i música de Charles Dumont; posada en escena per Jacques Darcy. Nathalie Cerda fa el paper d'Édith Piaf. 
* [[1997]]: ''Piaf Je t'aime'', comèdia musical; amb Nathalie Lhermitte que fa el paper d'Édith Piaf, al Teatre Comedia i després al Teatre du Gymnase Marie Bell.
* 2006-2010: Rechercher Édith Piaf (CRO: Priča o Édith Piaf): Recital de Ksenia Prohaska, amb la producció del Theatre National Croatie. 
* [[2007]]: ''Piaf Je t'aime'', comèdia musical. Amb Marie Orlandi en el rol d'Édith Piaf, a Teatre Olympia de París. 
* 2007-[[2008]]: ''Piaf une vie en rose et noir'', comèdia musical sobre la seva vida, posada en escena per Rubia Matignon. Repartiment amb Jacques Pessis, Aurélien Noël i Nathalie Lhermitte que fa el paper d'Édith Piaf.
* [[2006]]-[[2009]]: ''L'emPIAFée'', one-woman-show musical de Christelle Chollet.

== Cançons ==

{{col-begin}}
{{col-break}}
;1925
* {{lang|fr|''Comme un Moineau''}}

;1933
* {{lang|fr|''Entre Saint-Ouen et Clignancourt''}}

;1934
* {{lang|fr|''L'Étranger''}}

;1935
* {{lang|fr|''Mon Apéro''}}
* {{lang|fr|''La Java de Cézigue''}}
* {{lang|fr|''Fais-Moi Valser''}}

;1936
* {{lang|fr|''Les Mômes De la Clôche''}}
* {{lang|fr|''J'Suis Mordue''}}
* {{lang|fr|''Mon Légionnaire''}}
* {{lang|fr|''Le Contrebandier''}}
* {{lang|fr|''La Fille et le Chien''}}
* {{lang|fr|''La Julie Jolie''}}
* {{lang|fr|''Va Danser''}}
* {{lang|fr|''Chand d'Habits''}}
* {{lang|fr|''Reste''}}
* {{lang|fr|''Les Hiboux''}}
* {{lang|fr|''Quand Même''}} (del film ''La Garçonne'')
* {{lang|fr|''La Petite Boutique''}}
* {{lang|fr|''Y'Avait du Soleil''}}
* {{lang|fr|''Il N'Est Pas Distingué''}}
* {{lang|fr|''Les Deux Ménétriers''}}
* {{lang|fr|''Mon Amant de la Coloniale''}}
* {{lang|fr|''C'Est Toi le Plus Fort''}}
* {{lang|fr|''Le Fanion de la Légion''}}
* {{lang|fr|''J'Entends la Sirène''}}
* {{lang|fr|''Ding, Din, Dong''}}
* {{lang|fr|''Madeleine Qu'Avait du Cœur''}}
* {{lang|fr|''Les Marins Ça Fait des Voyages''}}
* {{lang|fr|''Simple Comme Bonjour''}}
* {{lang|fr|''Le Mauvais Matelot''}}
* {{lang|fr|''Celui Qui Ne Savait Pas Pleurer''}}

;1937
* {{lang|fr|''Le Grand Voyage du Pauvre Nègre''}}
* {{lang|fr|''Un Jeune Homme Chantait''}}
* {{lang|fr|''Tout Fout le Camp''}}
* {{lang|fr|''Ne M'Écris Pas''}}
* {{lang|fr|''Partance''}}
* {{lang|fr|''Dans Un Bouge du Vieux Port''}}
* {{lang|fr|''Mon Cœur Est au Coin d'une Rue''}}

;1938
* {{lang|fr|''С'Est Lui Que Mon Cœur A Choisi''}}
* {{lang|fr|''Paris-Méditerranée''}}
* {{lang|fr|''La Java en Mineur''}}
* {{lang|fr|''Browning''}}
* {{lang|fr|''Le Chacal''}}
* {{lang|fr|''Corrèqu'et Réguyer''}}

;1939
* {{lang|fr|''Y'En A un de Trop''}}
* {{lang|fr|''Elle Fréquentait la Rue Pigalle''}}
* {{lang|fr|''Le Petit Monsieur Triste''}}
* {{lang|fr|''Les Deux Copains''}}
* {{lang|fr|''Je N'En Connais Pas la Fin''}}

;1940
* {{lang|fr|''Embrasse-Moi''}}
* {{lang|fr|''On Danse sur Ma Chanson''}}
* {{lang|fr|''Sur une Colline''}}
* {{lang|fr|''C'Est la Moindre des Choses''}}
* {{lang|fr|''Escale''}}
* {{lang|fr|''La Fille de Joie Est Triste (L'Accordéoniste)''}}

;1941
* {{lang|fr|''Où Sont-Ils, Mes Petits Copains?''}}
* {{lang|fr|''C'Était un Jour de Fête''}}
* {{lang|fr|''C'Est un Monsieur Très Distingué''}}
* {{lang|fr|''J'Ai Dansé avec l'Amour''}} (del film ''Montmartre sur Scène'')
* {{lang|fr|''L'Homme des Bars''}}
* {{lang|fr|''Le Vagabond''}}

;1942
* {{lang|fr|''Jimmy, C'Est Lui''}}
* {{lang|fr|''Un Coin Tout Bleu''}} (del film ''Montmartre sur Scène'')
* {{lang|fr|''Sans Y Penser''}}
* {{lang|fr|''Un Monsieur Me Suit dans la Rue''}}

;1943
* {{lang|fr|''Tu Es Partout''}} (del film ''Montmartre sur Scène'')
* {{lang|fr|''J'Ai Qu'À l'Regarder...''}}
* {{lang|fr|''Le Chasseur de l'Hôtel''}}
* {{lang|fr|''C'Était une Histoire d'Amour''}}
* {{lang|fr|''Le Brun et le Blond''}}
* {{lang|fr|''Monsieur Saint-Pierre''}}
* {{lang|fr|''Coup de Grisou''}}
* {{lang|fr|''De l'Autre Côté de la Rue''}}
* {{lang|fr|''La Demoiselle du Cinqième''}}

;1944
* {{lang|fr|''Les Deux Rengaines''}}
* {{lang|fr|''Y'A Pas d'Printemps''}}
* {{lang|fr|''Les Histoires de Coeur''}}
* {{lang|fr|''C'Est Toujours la Même Histoire''}}

;1945
* {{lang|fr|''Le Disque Usé''}}
* {{lang|fr|''Elle A...''}}
* {{lang|fr|''Regarde-Moi Toujours Comme Ça''}}
* {{lang|fr|''Les Gars Qui Marchaient''}}
* {{lang|fr|''Il Riait''}}
* {{lang|fr|''Monsieur Ernest A Réussi''}}

;1946
* {{lang|fr|''[[La Vie en Rose]]''}}
* {{lang|fr|''Les Trois Cloches''}} (amb ''Les Compagnons de la Chanson'')
* {{lang|fr|''Dans Ma Rue''}}
* {{lang|fr|''J'M'En Fous Pas Mal''}}
* {{lang|fr|''C'Est Merveilleux''}}
* {{lang|fr|''Adieu Mon Cœur''}}
* {{lang|fr|''Le Chant du Pirate''}}
* {{lang|fr|''Céline''}} (amb ''Les Compagnons de la Chanson'')
* {{lang|fr|''Le Petit Homme''}}
* {{lang|fr|''Le Roi A Fait Battre Tambour''}} (amb ''Les Compagnons de la Chanson'')
* {{lang|fr|''Dans les Prisons de Nantes''}} (amb ''Les Compagnons de la Chanson'')
* {{lang|fr|''Mariage''}}
* {{lang|fr|''Un Refrain Courait dans la Rue''}}
* {{lang|fr|''Miss Otis Regrets''}}
{{col-break}}

;1947
* {{lang|fr|''C'Est pour Ça''}} (del film ''Neuf Garçons et un Coeur'')
* {{lang|fr|''Qu'As-Tu Fait John?''}}
* {{lang|fr|''Sophie''}} (del film ''Neuf Garçons et un Coeur'')
* {{lang|fr|''Le Geste''}}
* {{lang|fr|''Si Tu Partais''}}
* {{lang|fr|''Une Chanson à Trois Temps''}}
* {{lang|fr|''Un Homme Comme les Autres''}}
* {{lang|fr|''Les Cloches Sonnent''}}
* {{lang|fr|''Johnny Fedora et Alice Blue Bonnet''}}
* {{lang|fr|''Le Rideau Tombe Avant la Fin''}}
* {{lang|fr|''Elle Avait Son Sourire''}}

;1948
* {{lang|fr|''Monsieur Lenoble''}}
* {{lang|fr|''Les Amants de Paris''}}
* {{lang|fr|''Il A Chanté''}}
* {{lang|fr|''Les Vieux Bateaux''}}
* {{lang|fr|''Il Pleut''}}
* {{lang|fr|''Cousu de Fil Blanc''}}
* {{lang|fr|''Amour du mois de Mai''}}
* {{lang|fr|''Monsieur X''}}

;1949
* {{lang|fr|''Bal dans Ma Rue''}}
* {{lang|fr|''Pour Moi Tout' Seule''}}
* {{lang|fr|''Pleure Pas''}}
* {{lang|fr|''Le Prisonnier de la Tour (Si le Roi Savait Ça Isabelle)''}}
* {{lang|fr|''L'Orgue des Amoureux''}}
* {{lang|fr|''Dany''}}
* {{lang|fr|''Paris''}} (del film ''L'Homme aux Mains d'Argile'')

;1950
* {{lang|fr|''Hymne à l'Amour''}}
* {{lang|fr|''Le Chevalier de Paris''}}
* {{lang|fr|''Il Fait Bon T'Aimer''}}
* {{lang|fr|''La P'Tite Marie''}}
* {{lang|fr|''Tous les Amoureux Chantent''}}
* {{lang|fr|''Il Y Avait''}}
* {{lang|fr|''C'Est d'la Faute à Tes Yeux''}}
* {{lang|fr|''C'Est un Gars''}}
* ''Hymn to Love''
* ''The Three Bells''
* {{lang|fr|''Le Ciel Est Fermé''}}
* {{lang|fr|''La Fête Continue''}}
* ''Simply a Waltz''
* {{lang|fr|''La Vie en Rose''}} (anglès)

;1951
* {{lang|fr|''Padam... Padam...''}}
* {{lang|fr|''Avant l'Heure''}}
* {{lang|fr|''L'Homme Que J'aimerai''}}
* {{lang|fr|''Du Matin Jusqu'au soir''}}
* {{lang|fr|''Demain (Il Fera Jour)''}}
* {{lang|fr|''C'Est Toi''}} (amb Eddie Constantine)
* {{lang|fr|''Rien de Rien''}}
* {{lang|fr|''Si, Si, Si, Si''}} (amb Eddie Constantine)
* {{lang|fr|''À l'Enseigne de la Fille sans Cœur''}}
* {{lang|fr|''Télégramme''}}
* {{lang|fr|''Une Enfant''}}
* {{lang|fr|''Plus Bleu Que Tes Yeux''}}
* {{lang|fr|''Le Noël de la Rue''}}
* {{lang|fr|''La Valse de l'Amour''}}
* {{lang|fr|''La Rue aux Chansons''}}
* {{lang|fr|''Jezebel''}}
* {{lang|fr|''Chante-Moi''}} (amb M. Jiteau)
* {{lang|fr|''Chanson de Catherine''}}
* {{lang|fr|''Chanson Bleue''}}
* {{lang|fr|''Je Hais les Dimanches''}}

;1952
* {{lang|fr|''Au Bal de la Chance''}}
* {{lang|fr|''Elle A Dit''}}
* {{lang|fr|''Notre-Dame de Paris''}}
* {{lang|fr|''Mon Ami M'A Donné''}}
* {{lang|fr|''Je T'Ai dans la Peau''}} (del film ''Boum sur Paris'')
* {{lang|fr|''Monsieur et Madame''}}
* {{lang|fr|''Ça Gueule Ça, Madame''}} (amb Jacques Pills) (del film ''Boum sur Paris'')

;1953
* {{lang|fr|''Bravo pour le Clown''}}
* {{lang|fr|''Sœur Anne''}}
* {{lang|fr|''N'Y Va Pas Manuel''}}
* {{lang|fr|''Les Amants de Venise''}}
* {{lang|fr|''L'Effet Qu'Tu M'Fais''}}
* {{lang|fr|''Johnny, Tu N'Es Pas un Ange''}}
* {{lang|fr|''Jean et Martine''}}
* {{lang|fr|''Et Moi...''}}
* {{lang|fr|''Pour Qu'Elle Soit Jolie Ma Chanson''}} (amb Jacques Pills) (del film ''Boum sur Paris'')
* {{lang|fr|''Les Croix''}}
* {{lang|fr|''Le Bel Indifférent''}}
* {{lang|fr|''Heureuse''}}

;1954
* {{lang|fr|''La Goualante du Pauvre Jean''}}
* {{lang|fr|''Enfin le Printemps''}}
* {{lang|fr|''Retour''}}
* {{lang|fr|''Mea Culpa''}}
* {{lang|fr|''Le Ça Ira''}} (del film ''Si Versailles M'Etait Conté...'')
* {{lang|fr|''Avec Ce Soleil''}}
* {{lang|fr|''L'Homme au Piano''}}
* {{lang|fr|''Sérénade du Pavé''}} (del film ''French Cancan'')
* {{lang|fr|''Sous Le Ciel de Paris''}}

;1955
* {{lang|fr|''L'Accordéoniste''}}
* {{lang|fr|''Un Grand Amour Qui S'Achève''}}
* {{lang|fr|''Miséricorde''}}
* {{lang|fr|''C'Est à Hambourg''}}
* {{lang|fr|''Légende''}}
* {{lang|fr|''Le Chemin des Forains''}}
{{col-break}}

;1956
* ''Heaven Have Mercy''
* ''One Little Man''
* ''Autumn Leaves''
* ''Cause I Love You''
* {{lang|fr|''Chante-Moi''}} (anglès)
* ''Don't Cry''
* ''I Shouldn't Care''
* ''My Lost Melody''
* {{lang|fr|''Avant Nous''}}
* {{lang|fr|''Et Pourtant''}}
* {{lang|fr|''Marie la Française''}}
* {{lang|fr|''Les Amants d'un Jour''}}
* {{lang|fr|''L'Homme à la Moto''}}
* {{lang|fr|''Soudain Une Vallée''}}
* {{lang|fr|''Une Dame''}}
* {{lang|fr|''Toi Qui Sais''}}

;1957
* {{lang|fr|''La Foule''}}
* {{lang|fr|''Les Prisons du Roy''}}
* {{lang|fr|''Opinion Publique''}}
* {{lang|fr|''Salle d'Attente''}}
* {{lang|fr|''Les Grognards''}}
* {{lang|fr|''Comme Moi''}}

;1958
* {{lang|fr|''C'Est un Homme Terrible''}}
* {{lang|fr|''Je Me Souviens d'une Chanson''}}
* {{lang|fr|''Je Sais Comment''}}
* {{lang|fr|''Tatave''}}
* {{lang|fr|''Les Orgues de Barbarie''}}
* {{lang|fr|''Eden Blues''}}
* {{lang|fr|''Le Gitan et la Fille''}}
* {{lang|fr|''Fais Comme Si''}}
* {{lang|fr|''Le Ballet des Cœurs''}}
* {{lang|fr|''Les Amants de Demain''}}
* {{lang|fr|''Les Neiges de Finlande''}}
* {{lang|fr|''Tant Qu'Il Y Aura des Jours''}}
* {{lang|fr|''Un Étranger''}}
* {{lang|fr|''Mon Manège à Moi''}}

;1959
* {{lang|fr|''Milord''}}
* {{lang|fr|''T'Es Beau, Tu Sais''}}

;1960
* {{lang|fr|''[[Non, je ne regrette rien]]''}}
* {{lang|fr|''La Vie, l'Amour''}}
* {{lang|fr|''Rue de Siam''}}
* {{lang|fr|''Jean l'Espagnol''}}
* {{lang|fr|''La Belle Histoire d'Amour''}}
* {{lang|fr|''La Ville Inconnue''}}
* {{lang|fr|''Non, La Vie N'Est Pas Triste''}}
* {{lang|fr|''Kiosque à Journaux''}}
* {{lang|fr|''Le Métro de Paris''}}
* {{lang|fr|''Cri du Cœur''}}
* {{lang|fr|''Les Blouses Blanches''}}
* {{lang|fr|''Les Flons-Flons du Bal''}}
* {{lang|fr|''Les Mots d'Amour''}}
* {{lang|fr|''T'Es l'Homme Qu'Il Me Faut''}}
* {{lang|fr|''Mon Dieu''}}
* {{lang|fr|''Boulevard du Crime''}}
* {{lang|fr|''C'Est l'Amour''}}
* {{lang|fr|''Des Histories''}}
* {{lang|fr|''Ouragan''}}
* {{lang|fr|''Je Suis à Toi''}}
* {{lang|fr|''Les Amants Merveilleux''}}
* {{lang|fr|''Je M'Imagine''}}
* {{lang|fr|''Jérusalem''}} (Música de [[Jo Moutet]])
* {{lang|fr|''Le Vieux Piano''}}

;1961
* {{lang|fr|''C'Est Peut-Être Ça''}}
* {{lang|fr|''Les Bleuets d'Azur''}}
* {{lang|fr|''Quand Tu Dors''}}
* {{lang|fr|''Mon Vieux Lucien''}}
* {{lang|fr|''Le Dénicheur''}}
* {{lang|fr|''J'N'Attends Plus Rien''}}
* {{lang|fr|''J'En Ai Passé des Nuits''}}
* {{lang|fr|''Exodus''}}
* {{lang|fr|''Faut Pas Qu'Il Se Figure''}}
* {{lang|fr|''Les Amants (avec Charles Dumont)''}}
* ''No Regrets''
* {{lang|fr|''Le Billard Électrique''}}
* {{lang|fr|''Marie-Trottoir''}}
* {{lang|fr|''Qu'Il Était Triste Cet Anglais''}}
* {{lang|fr|''Toujours Aimer''}}
* {{lang|fr|''Mon Dieu (anglais)''}}
* {{lang|fr|''Le Bruit des Villes''}}
* {{lang|fr|''Dans Leur Baiser''}}

;1962
* {{lang|fr|''À Quoi Ça Sert L'Amour?''}}
* {{lang|fr|''Le Droit d'Aimer''}}
* {{lang|fr|''À Quoi Ça Sert L'Amour?''}} (amb [[Theophanis Lamboukas|Théo Sarapo]])
* {{lang|fr|''Fallait-Il''}}
* {{lang|fr|''Une Valse''}}
* {{lang|fr|''Inconnu Excepté de Dieu''}} (amb Charles Dumont)
* {{lang|fr|''Quatorze Juillet''}}
* {{lang|fr|''Les Amants de Teruel''}} (amb [[Mikis Theodorakis]]/[[Jacques Plante]])
* {{lang|fr|''Roulez Tambours''}}
* {{lang|fr|''Musique à Tout Va''}}
* {{lang|fr|''Le Rendez-Vous''}}
* {{lang|fr|''Toi, Tu l'Entends Pas!''}}
* {{lang|fr|''Carmen's Story''}}
* {{lang|fr|''On Cherche un Auguste''}}
* {{lang|fr|''Ça Fait Drôle''}}
* {{lang|fr|''Emporte-Moi''}}
* {{lang|fr|''Polichinelle''}}
* {{lang|fr|''Le Petit Brouillard (Un Petit Brouillard)''}}
* {{lang|fr|''Le Diable de la Bastille''}}
* {{lang|fr|''Elle Chantait''}} (amb [[Theophanis Lamboukas|Théo Sarapo]])

;1963
* {{lang|fr|''C'Était Pas Moi''}}
* {{lang|fr|''Le Chant d'Amour''}}
* {{lang|fr|''Tiens, V'là un Marin''}}
* {{lang|fr|''J'En Ai Tant Vu''}}
* {{lang|fr|''Traqué''}}
* {{lang|fr|''Les Gens''}}
* {{lang|fr|''Margot Cœur Gros''}}
* {{lang|fr|''Monsieur Incognito''}}
* {{lang|fr|''Un Dimanche à Londres''}}
* {{lang|fr|''L'Homme de Berlin''}} (el seu darrer enregistrament)

{{col-end}}

== Referències ==
{{referències|2}}

== Enllaços externs ==
{{Commonscat}}
* [http://www.lehall.com/galerie/piaf/ Les conquêtes de Piaf]
* [http://www.edith-piaf.narod.ru/ Édith Piaf ]
* [http://edith-piaf.narod.ru/pesni.html Les chansons d'Édith Piaf ]
* [http://www.paris.org/Musees/Piaf/info.html Musée Édith Piaf au 5, rue Crespin du Gast 75011 Paris].
* [http://www.frmusique.ru/texts/p/piaf_edith/piaf.htm Les paroles de ses chansons]
* [http://www.edithpiaf.unas.cz/foto.htm Édith Piaf, les photos]
* [http://www.ina.fr/archivespourtous/index.php?vue=noticefrom=fulltextfull=edith+piafcs_page=1cs_order=0num_notice=8total_notices=53 Édith Piaf à propos des chansons d'amour] INA Archives Télé
* [http://www.ina.fr/archivespourtous/index.php?vue=noticefrom=fulltextfull=edith+piafcs_page=3cs_order=0total_notices=53num_notice=27total_notices=53 Édith Piaf à propos de l'amour et de l'amitié] INA Archives Télé
{{Autoritat}}
{{1000 Biografies}}

{{Enllaç AD|ka}}
{{Enllaç AD|sv}}

{{ORDENA:Piaf, Edith}}
[[Categoria:Cantants parisencs]]
[[Categoria:Berbers]]</text>
      <sha1>92ugbejzk5vx7id91hss0u1t8qn0gz4</sha1>
      <model>wikitext</model>
      <format>text/x-wiki</format>
    </revision>
  </page>