<page>
    <title>Shandong</title>
    <ns>0</ns>
    <id>107461</id>
    <revision>
      <id>13768220</id>
      <parentid>13597790</parentid>
      <timestamp>2014-07-09T03:41:25Z</timestamp>
      <contributor>
        <username>PereBot</username>
        <id>118448</id>
      </contributor>
      <minor></minor>
      <comment>Robot inserta {{Autoritat}} i {{Projectes germans}} que enllaça amb [[commons:category:Shandong]]</comment>
      <text>{{Infobox PRC province |
 Header = '''山东省br /Shāndōng Shěng'''
| Name = Shandong
| Abbreviation = 鲁
| AbbrevPinyin = Lǔ
| ISOAbbrev = 37
| Map = China-Shandong.png
| OriginOfName = 山 shān - muntanya br /东 dōng - est br /est de les [[Muntanyes Taihang]]
| AdministrationType = [[Províncies de Xina|Província]]
| Capital = [[Jinan]]
| LargestCity = [[Jinan]]
| Secretary = [[Zhang Gaoli]] 张高丽
| Governor = [[Han Yuqun]] 韩寓群
| Area = 156,700
| AreaRank = 20è
| PopYear = 2004
| Pop = 91,800,000
| PopRank = 2n
| PopDensity = 586
| PopDensityRank = 5è
| GDPYear = 2004
| GDP = 1.55 trillons
| GDPRank = 2n
| GDPperCapita = 16,900
| GDPperCapitaRank = 8è
| HDIYear = 2005
| HDI = 0.776
| HDIRank = 11è
| HDICat = {{color|#ffcc00|mitjà}}
| Nationalities = [[Xinesos han|Han]] - 99.3%br /[[Hui]] - 0.6% 
| Prefectures = 17
| Counties = 140
| Townships = 1941
| Website = http://www.sd.gov.cn br / ([[xinès simplificat]])
}}
'''{{Audio|zh-Shandong.ogg|Shandong}}''' ({{zh-stpw |s=山东 |t=山東 |p=Shāndōng |w='''Shan-tung'''}}) és una província costanera de l'est de la [[República Popular de la Xina]]. La seva abreviació és Lu, per l'[[estat de Lu]].

Shandong vol dir ''muntanyes de l'est'', en referència a les muntanyes de [[Taihang]]. La província es troba al curs baix del [[Huang He]] (Riu Groc) i s'estén cap al mar totformant la [[Península de Shandong]]. Shandong limita amb la [[badia de Bohai]] al nord, amb [[Hebei]] al nord-oest, amb [[Henan]] a l'oest, amb [[Jiangsu]] al sud, i el [[Mar Groc]] al sud-est; també té una petita frontera amb [[Anhui]], entre Henan i Jiangsu.

La província de Shandong també és coneguda com a ''Qílǔ'' (齐鲁/齊魯).

== Geografia ==
La província de Shandong és principalment plana, ja que gran part pertany a la plana del nord de Xina. El centre és més muntanyenc, amb les Muntanyes Lushan i Mengshan i el mont Tai, una de les cinc muntanyes sagrades de Xina. A l'est es troba l'accidentada península de Shandong que separa el mar de Bohai, al nord, del mar Groc, al sud i aquest. El cim més alt és el bec de l'Emperador de Jade, amb una altura de 1.545 metres. El riu Groc travessa la zona oest de la província i desemboca en la seva costa nord, en el mar de Bohai. Transcorre per la província mitjançant un dic més elevat que el terreny circumdant i divideix la seva zona occidental en dues conques, la del ric Hai al nord i la del riu He al sud. El Gran Canal de Xina travessa Shandong des del nord-oest al sud-oest. El llac Weishan és el major de la zona. Shandong té 3.000 quilòmetres de costa.
== Divisions administratives ==

Shandong es divideix en 17 prefectures:

* [[Jinan]] (xinès simplificat: 济南市; xinès tradicional: 濟南市; Hanyu pinyin: Jǐnán Shì)
* [[Liaocheng]] (聊城市 Liáochéng Shì)
* [[Dezhou]] (德州市 Dézhōu Shì)
* [[Dongying]] (東營市 (东营市) Dōngyíng Shì)
* [[Zibo]] (淄博市 Zībó Shì)
* [[Weifang]] (潍坊市 Wéifāng Shì)
* [[Yantai]] (煙臺市 (烟台市) Yāntái Shì)
* [[Weihai]] (威海市 Wēihǎi Shì)
* [[Qingdao]] (青島市 (青岛市) Qīngdǎo Shì)
* [[Rizhao]] (日照市 Rìzhào Shì)
* [[Linyi]] (臨沂市 (临沂市) Línyí Shì)
* [[Zaozhuang]] (棗莊市 (枣庄市) Zǎozhuāng Shì)
* [[Jining, Shandong|Jining]] (濟寧市 (济宁市) Jìníng Shì)
* [[Tai'an]] (泰安市 Tài'ān Shì)
* [[Laiwu]] (萊蕪市 (莱芜市) Láiwú Shì)
* [[Binzhou]] (濱州市 (滨州市) Bīnzhōu Shì)
* [[Heze]] (菏澤市 (菏泽市) Hézé Shì)

== Història ==
Shandong està situada a la zona est de la Plana Xinesa i ha estat sota la influència de la cultura xinesa des dels seus inicis. Entre el segon i tercer mil·lenni aC es va desenvolupar en la zona la [[cultura de Longshan]], caracteritzada per la seva ceràmica de color negre i que va anar l'apogeu de la cultura [[neolític]]a xinesa. Les primeres dinasties (la [[dinastia Shang]] i la [[dinastia Zhou]]) es van esforçar a controlar les zones central i occidental de la província. La península de Shandong estava habitada pels laiyi, que van quedar fora de la influència de la civilització xinesa i als quals es considerava bàrbars (encara que finalment van ser absorbits i no se'ls esmenta massa en la història de Xina). 

Durant el període de Primaveres i Tardors els estats regionals es van tornar extremadament poderosos. En Shandong es van establir dos d'ells: l'estat de Qi, en Linzi, i l'estat de Dl., en Qufu, famós per ser la llar de [[Confuci]] i [[Menci]]. Aquest estat era comparativament petit, pel que finalment va sucumbir davant el poderós estat de Chu. L'estat de Qi, no obstant això, es va mantenir com una gran potència durant tot aquest període, governant ciutats com Linzi, Jimo (al nord de la moderna Qingdao) i Ju. La [[dinastia Qin]] va destruir l'estat de Qi i va establir el primer estat centralitzat xinès en el 221 aC. La posterior dinastia Han creo dues zhou (州, zhōo, províncies) en el que és la moderna Shandong: Qingzhou en el nord i Yanzhou en el sud. 

Durant el període dels Tres Regnes, Shandong va pertànyer al [[Regne de Wei]] que controlava el nord de Xina. Posteriorment un breu període d'unitat sota la [[Dinastia Jin (265-420)]] donà pas a les invasions dels pobles nòmades del nord. 

Durant el segle següent Shandong va canviar diverses vegades de mans, pertanyent successivament als Zhao Posteriors, Yan Anteriors, Qin Anteriors, Yan Posteriors, Yan del Sud, Liu Song i finalment a la dinastia Wei Septentrional, la primera del període de les dinasties Meridionals i Septentrionals i a la qual la província va pertànyer durant la resta del període. En [[412]], el monjo budista xinès [[Faxian]] va desembarcar en Laoshan (en el límit sud de la península de Shandong), procedent d'Índia, portant amb ell diversos escrits budistas. Des d'allí va continuar fins a la cabdal Qingzhou, on romandria durant un any traduint al xinès el que es considera un dels majors llibres de viatges. 

La [[dinastia Sui]] va restablir la unitat del país en 589, i la dinastia Tang va dominar la següent edat d'or de Xina. Posteriorment el país s'escindiria en diferents faccions controlades pels senyors de la guerra, el que duria al període de les Cinc Dinasties i els Deu Regnes. Shandong va formar part de les Cinc Dinasties. La dinastia Song reunificó Xinesa a la fi del segle X. En 1996 es van descobrir més de 200 estàtues de [[Siddharta Gautama|Buda]] enterrades en Qingzhou. Les estàtues inclouen exemples primitius de figures pintades i es creu que es van enterrar durant la persecució del [[Budisme]] portada a terme per l'emperador Huizong de la dinastia Song, qui afavorí el [[daoisme]]. La [[dinastia Song]] va ser obligada a cedir el nord de Xina a la [[djurtxet]] en 1142. La moderna província de Shandong va ser creada per la dinastia Ming. Incloïa gran part de l'actual [[Liaoning]] (al sud de [[Manxúria]]). No obstant això els [[manxú]] van conquistar Xina en [[1644]] i van fundar la [[dinastia Qing]], durant la qual la província va establir pràcticament les seves fronteres actuals.

Durant el segle XIX, tota Xina va estar cada vegada més influïda per la cultura occidental i la província va ser afectada de forma especial. [[Qingdao]] es va cedir als [[Alemanya|alemanys]] en [[1897]] i [[Weihai]] als britànics en [[1898]]. La resta de la província es considerava que estava sota l'esfera d'influència alemanya. Es va produir una forta depressió econòmica produïda entre altres factors per la sequera que va afectar a la zona i la posterior inundació produïda pel desbordament del riu Groc. A més, va haver una forta pressió demogràfica produïda pels desplaçats que fugien de la fam i els soldats desmovilizados després de la Primera Guerra Sino-japonesa. 

La [[dinastia Qing]] va obrir els territoris de Manxúria a l'emigració han i Shandong es va convertir en la font principal d'aquesta emigració. Tota aquesta situació socio-economica va ser el brou de cultiu en el qual es va desenvolupar la [[Rebel·lió dels Bóxers]], que va començar en un petit poble de la província al març de [[1899]]. Després de la fundació de la [[República Popular de la Xina]] en [[1911]], Qingdao va tornar al control xinès en [[1922]]; Weihai li va seguir en 1930. En 1937, [[Japó]] va iniciar la invasió de Xina durant la Segona Guerra Sino-japonesa. 

Shandong va estar ocupada per les forces japoneses, amb focus de resistència en el camp, fins a la rendició del Japó en finalitzar la [[Segona Guerra Mundial]] en [[1945]]. En aquells dies, les forces comunistes ja controlaven part de Shandong. Durant els següents quatre anys es desenvoluparia la Guerra Civil Xinesa, fins que els comunistes van desallotjar del poder al [[Kuomintang]] al juny de 1949. A l'octubre d'aquest mateix any es fundaria la República Popular Xinesa. Sota el nou govern, algunes parts de Shandong van ser cedides a l'efímera província de Pingyuan.

Shandong per la seva banda va incrementar el seu territori amb les zones de Xuzhou i Lianyungang, pertanyents a la veïna província de [[Jiangsu]]. No obstant això, cap d'aquests canvis perduraria molt temps. En els últims anys, Shandong, especialment la seva part oriental, ha accelerat el seu desenvolupament econòmic, convertint-se en una de les províncies més riques de Xina.

== Vegeu també ==
*[[Zibo]]

== Enllaços externs ==
* [http://www.muztagh.com/images/map/map-of-shandong.jpg Mapa de Shandong]
* [http://www.britannica.com/eb/article-9067134 Shantung Question]
* [http://www.sawa.org.au/ Shandong Association WA (SAWA)]
{{Projectes germans|commons=Shandong}}

{{xina}}

{{coord|36.4|N|118.4|E|region:CN_source:enwiki_type:adm1st|display=title}}
{{Autoritat}}
[[Categoria:Províncies de la Xina]]</text>
      <sha1>bazwnisjcyx4dxcyzke35i2lp5ug2ty</sha1>
      <model>wikitext</model>
      <format>text/x-wiki</format>
    </revision>
  </page>