<page>
    <title>Els herois de Kelly</title>
    <ns>0</ns>
    <id>1074076</id>
    <revision>
      <id>13883637</id>
      <parentid>13307954</parentid>
      <timestamp>2014-07-24T00:15:05Z</timestamp>
      <contributor>
        <username>Langtoolbot</username>
        <id>128552</id>
      </contributor>
      <minor></minor>
      <comment>Corregit: adicionals  addicionals</comment>
      <text>{{FR|data=gener de 2014}}
{{infotaula pel·lícula
| títol original = Kelly's Heroes
| títol = Els herois de Kelly
| index = 
| rati imdb = 7.5
| rati filmaffinity = 7.4
| imatge =
| nom imatge = 
| idioma = [[anglès]]
| direcció = Brian G. Hutton 
| direcció2 = 
| direcció3 = 
| direcció4 = 
| ajudantdirecció = 
| producció = [[Sidney Beckerman]]br /[[Gabriel Katzka]]br /[[Harold Loeb]] 
| productora = 
| guió = [[Troy Kennedy Martin]]
| música = [[Lalo Schifrin]]
| fotografia = [[Gabriel Figueroa]]
| repartiment = [[Clint Eastwood]]br /[[Telly Savalas]]br /[[Don Rickles]]br /[[Carroll O'Connor]]br /[[Donald Sutherland]]br /[[Karl-Otto Alberty]]
| so = 
| muntatge = [[John Jympson]]
| direcció artística = 
| vestuari = [[Anna Maria Feo]]
| maquillatge = [[Trevor Crole-Rees]]
| efectes = 
| país = Estats Units
| país2 = Iugoslàvia
| país3 = 
| país4 = 
| estrena = 1970
| gènere = [[Cinema d'acció|acció]]br /[[Cinema d'aventures|aventures]]br /[[comèdia]]br /[[Cinema bèl·lic|bèl·lic]]
| duració = 144 minuts
| distribució = 
| pressupost = 
| imdb = 0065938
}}
'''''Els herois de Kelly'''''ref[http://esadir.cat/filmoteca/fitxa/node/Els_herois_de_Kelly Títol en català a Ésadir.cat]/ref (títol original en anglès ''Kelly's Heroes'') és una pel·lícula del [[1970]], dirigida per [[Brian G. Hutton]]. Protagonitzada per [[Clint Eastwood]], [[Donald Sutherland]], [[Telly Savalas]], [[Don Rickles]], [[Carroll O'Connor]], [[Harry Dean Stanton]], [[Gavin MacLeod]], [[Stuart Margolin]] i [[Karl-Otto Alberty]] en els papers principals.

Tracta sobre un grup de soldats [[estatunidencs]] de la [[Segona Guerra Mundial]] que deserten per robar un banc darrere les línies enemigues. 

== Argument ==
A [[França]], durant la [[Segona Guerra Mundial]], Kelly (''Clint Eastwood''), un ex [[tinent]] degradat a soldat com a cap-de-turc, captura al [[coronel]] Dankhopf (''David Hurst'') de la intel·ligència alemanya. Quan Kelly descobreix que el seu presoner té un lingot d'or, el fa beure fins a emborratxar per obtenir informació. Abans de morir accidentalment per l'atac d'un [[Panzer VI Tiger]] alemany, el begut Dankhopf diu que hi ha 14.000 lingots d'or guardats en un banc, a 30 milles de les les línies enemigues, a laciutat de [[Clermont]]. 

Kelly recluta la resta del seu escamot, inclòs l'escèptic [[sargent|sergent]] Big Joe (''Telly Savalas''), per a desaparèixer i robar l'or. Finalment, d'altres són contractats (o es conviden ells mateixos) per dur a terme el pla, com ara l'oportunista sergent de Privisionament Crapgame, que anomenen ''Xoriço'' (''Don Rickles''), un excèntric comandant d'un tanc [[M4 Sherman|Sherman]], Oddball (''Donald Sutherland''), i un seguit de soldats d'infanteria competents cansats de la guerra.

Els adversaris seran els soldats de la [[Wehrmacht]]. De totes maneres, ràpidament es veu clar que la diversitat dels membres de l'expedició ja és un obstacle en si mateix. Un avió de combat Aliat els confon amb soldats alemanys, obrint foc i destruint bona part de l'equip. Quan els missatges de ràdio interceptats de la incursió no autoritzada criden l'atenció del [[General de Divisió]] estatunidenc, Colt (''Carroll O'Connor''), els malinterpreta com a un grup de valents soldats que busquen afavorir l'avenç Aliat sobre Alemanya; Colt es dirigeix personalment al punt d'encontre dels desertors.

Els homes de Kelly competeixen per arribar a la ciutat francesa abans que el seu propi exèrcit. Allà, troben el banc amb l'or, defensat per tres enormes tancs Panzer VI Tiger, amb el suport d'infanteria. Els americans són capaços de desfer-se de tots, amb l'excepció d'un dels Tiger, que estaciona davant del banc per defensar-lo. Impotents per derrotar el gegant blindat, Kelly, Oddbal i Big Joe ofereixen al comandant del tanc alemany (''Karl-Otto Alberty'') i a la seva tripulació una part del botí. Finalment, es divideixen l'or entre tots ($875,000 per lot) i fugen per camins separats, just a temps per evitar trobar-se amb el general Colt, que en la seva entrada triomfal a Clermont, encara no se n'ha adonat del robatori.

== Repartiment ==
* [[Clint Eastwood]] - Soldat Kelly
* [[Telly Savalas]] - Sergent Major Big Joe
* [[Don Rickles]] -  Sergent Crapgame (Xoriço)
* [[Carroll O'Connor]] - Major General Colt
* [[Donald Sutherland]] - Sergent Oddball 
* [[Gavin MacLeod]] -  Soldat Moriarty 
* [[Harry Dean Stanton]] - Soldat Willard
* [[Karl-Otto Alberty]] -  Waffen SS-Oberscharführer
* [[Stuart Margolin]] - Soldat Little Joe
* [[Jeff Morris]] - Soldat Cowboy
* [[Hal Buckley]] - Capità Maitland
* [[Dick Balduzzi]] - Soldat Fisher 
* [[Richard Davalos]] - Soldat Gutowski
* [[Gene Collins]] - Soldat Barbara Babra
* [[Perry López]] - Soldat Petuko
* [[Len Lesser Bellamy ]] - Sergent de la Unitat de Reducció d'Enginyers 42a.
* [[David Hurst]] - Coronel Dunkhopf (oficial d'intel·ligència alemany)
* [[George Savalas]] - Sergent primer Mulligan
* [[Ross Elliott]] - Major Booker 
* [[Tom Troupe]] - Caporal amic d'en Big Joe


[[Yves Montand]] apareix sense acreditar com a [[Waffen-SS]] Sturmbannführer, en una escena amb Karl-Otto Alberty.

== Comentaris ==
La pel·lícula va ser filmada a la [[República Federal de Iugoslàvia]], a les regions que actualment són els països independents de [[Bòsnia i Herzegovina]], [[Croàcia]] i [[Sèrbia]]. Això es deu al fet que els guanys d'anteriors projeccions de pel·lícules a Iugoslàvia no podien treure's del país, però si que podien ser utilitzades pel finançament d'una producció.

Anys després de l'estrena de la pel·lícula, Clint Eastwood va afirmar que l'estudi de cinema (MGM) va fer retallades addicionals a la versió final de la pel·lícula de Hutton, eliminant escenes que donaven profunditat als personatges principals. ''Els montatges resultants'', segons Eastwood, ''van fer que els personatges semblessin un munt de ganduls de la Segona Guerra Mundial''.
	
Hi ha una inclinació cap als [[spaghetti western]]s d'Eastwood en l'enfrontament amb el tanc Tiger — un remake virtual del final de ''[[Il buono, il brutto, il cattivo]]'', directament fins a la partitura musical.
	
Aquest film va ser produït i llençat durant la [[Guerra del Vietnam]], i en el clima polític i cultural, igual que ''[[M*A*S*H]]''.

Les tropes dels EUA porten la insígnia de la 35a Divisió d'Infanteria. La Divisió realment estava en movimient a [[Nancy]] ([[França]]) el setembre del [[1944]]. La pel·lícula també utilitza tancs autèntics [[M4 Sherman]] (de les reserves de l'exèrcit iugoslau). Els tres tancs Tiger que es van utilitzar per a lapel·lícula, en canvi, eren en realitat tres tancs [[T-34]] ex-[[Exèrcit soviètic|soviètics]], convertits en gran detall per especialistes de l'exèrcit iugoslau, per a la pel·lícula ''[[La batalla del riu Neretva]]'' (1969).

La pel·lícula va ser votada en el número 34 en el ''100 millors pel·lícules de guerra de tots els temps'' de [[Channel 4]].ref[http://www.channel4.com/film/newsfeatures/microsites/W/greatest_warfilms/results/35-31.html channel 4 - 100 greatest war films of all time]/ref

La fotografia és del [[mexicà]] [[Gabriel Figueroa]].

== Partitura musical i banda sonora ==
El tema principal de la pel·lícula (tant al principi como al final) és Burning Bridges, cantat per [[The Mike Curb Congregation]] amb música de Lalo Schifrin. També hi ha una interpretació esporàdica al fons, prop de la meitat del film. La gravació de The Mike Curb Congregation de Burning Bridges va arribar al número 34 en la taula de senzills [[Billboard Hot 100]] el [[6 de març]] del [[1971]].

La banda sonora per a la pel·lícula conté la cançó [[All For the Love of Sunshine]], que es va convertir en el senzill de [[Hot Country Songs|country]] número 1 de [[Hank Williams, Jr.]]. La inclusió de la cançó és un dels molts anacronismes de la pel·lícula, ja que no es va publicar fins al 1970, 25 anys després del final de la guerra.
	
La banda sonora no ha estat llençada al Regne Unit, però està disponible com a importació des de la distribuidora exclusiva, [http://www.screenarchives.com/title_detail.cfm?ID=4196 Screen Archives Entertainment].

El tema, titulat Tiger Tank, de la partitura de Schifrin apareix a ''[[Inglourious Basterds]]'', de [[Quentin Tarantino]].

== Referències ==
{{referències}}

== Enllaços externs ==
{{portal|cinema}}
* {{imdb títol| id=0065938}}
* {{Allmovie títol|27065}}
* {{filmaffinity| id=998690}}
* [http://web.archive.org/20100605001621/myfauvoritefilms.blogspot.com/2007/09/los-violentos-de-kelly.html Análisis en Myfauvoritefilms]

{{Clint Eastwood|state=collapsed}}
{{ORDENA:Herois De Kelly, Els}}

[[Categoria:Pel·lícules dels Estats Units del 1970]]
[[Categoria:Pel·lícules de Iugoslàvia]]
[[Categoria:Pel·lícules d'acció]]
[[Categoria:Pel·lícules de comèdia]]
[[Categoria:Pel·lícules d'aventures]]
[[Categoria:Pel·lícules de robatoris i atracaments]]
[[Categoria:Pel·lícules sobre la Segona Guerra Mundial]]</text>
      <sha1>2zttxommvqjgl6mo0qqf6yxtnnmgom7</sha1>
      <model>wikitext</model>
      <format>text/x-wiki</format>
    </revision>
  </page>