<page>
    <title>IRBM</title>
    <ns>0</ns>
    <id>1074617</id>
    <revision>
      <id>13654384</id>
      <parentid>12871754</parentid>
      <timestamp>2014-06-23T14:55:04Z</timestamp>
      <contributor>
        <username>Langtoolbot</username>
        <id>128552</id>
      </contributor>
      <minor></minor>
      <comment>Correcció tipogràfica: espais sobrants</comment>
      <text>[[Image: MRBM-IRBM.jpg | thumb | right | 250px | Míssils IRBM i MRBM.]]
Un '''míssil balístic d'abast intermedi''' (de l'anglès: Intermediate-Range Ballistic Missile, '''IRBM''') és un [[míssil balístic]] amb un abast de 3.000-5.500 km, entre un [[míssil balístic d'abast mitjà]] i un [[míssil balístic intercontinental]]. La classificació dels míssils per abast és fet principalment per conveniència, en principi hi ha molt poca diferència entre un ICBM de curt abast i un IRBM de llarg abast. La definició d'abast usada aquí és la determinada dins de l'[[Agència de Defensa contra Míssils]] (de l'anglès: Missile Defense Agency) nord-americana. Altres fonts inclouen una categoria addicional, el '''míssil balístic de llarg abast''' (de l'anglès: Long-Range Ballistic Missile,'''LRBM'''), per descriure míssils amb un abast entre els IRBM i els veritables ICBM. El terme més modern [[míssil balístic de teatre]] abasta els IRBM, MRBM i SRBM, que inclou qualsevol míssil balístic amb un abast inferior a 3.500 km.

Míssils IRBM són principalment operats per [[Índia]] i [[Israel]]. S'estima que altres països, com ara [[Pakistan]], [[Iran]], [[Líbia]] i [[Corea del Nord]], estan desenvolupant aquest tipus de míssils.ref Http://www.radioaustralia.net.au/connectasia/stories/201010/s3034767.htm /ref Els [[Estats Units]], la [[Unió Soviètica|USSR]], la [[República Popular de la Xina]], el [[Regne Unit]] i [[França]] van operar aquest tipus de míssils.

== Història ==
El progenitor per al IRBM va ser el [[A4b|coet A4b]] amb ales per augmentar l'abast i basat en el famós [[Coet V2|V2]] (Vergeltung, o Represàlia, oficialment anomenat coet [[Coet V2 | A4]]) dissenyat per [[Wernher von Braun]] àmpliament usat per l'[[Alemanya Nazi]] cap al final de la [[Segona Guerra Mundial]] per bombardejar ciutats angleses i belgues. El A4b era el prototip per a l'etapa superior del coet [[A9 (coet)|A9/A10]]. L'objectiu del programa era construir un míssil capaç de bombardejar Nova York quan es llancés des de França o Espanya (vegeu [[Amerika Bomber]]). Els coets A4b van ser provats unes poques vegades al desembre de 1944, i gener i febrer de 1945.ref Name=v2werk-oberraderach [http://www.v2werk-oberraderach.de/Irrtuemer/5-I.htm die geflügelte Rakete (A7, A9, A4b) (en alemany)] /ref Tots aquests coets usaven propelent líquid. El A4b usava un sistema de guiat inercial, mentre que el A9 hauria estat controlat per un pilot. Aquests coets serien llançats des una plataforma de llançament no mòbil.

Després de la Segona Guerra Mundial von Braun i altres científics nazis van ser transferits secretament als Estats Units per treballar amb l'Exèrcit dels Estats Units en l'[[Operació Paperclip]] en el desenvolupament de la V-2 per ser usada com una arma pels Estats Units.

== IRBM operacionals ==
* [[Agni-III]] (3500-5500 km) ([[Índia]]) {{bandera|Índia}}
* [[Jericho (míssil) | Jericho-IIB]] (2.800 km) ([[Israel]]) {{bandera|Israel}}ref http://www.fas.org/irp/threat/missile/rumsfeld/pt1_africa.htm /ref

== En desenvolupament ==
* [[Shaheen-III]] (4000-4500 km) ([[Pakistan]]) {{bandera|Pakistan}}
* [[Ghauri-III]] (3000-3500 km) ([[Pakistan]]) {{bandera|Pakistan}}
* [[BM25 Musudan | Musudan]] (3500-4000 km) ([[Corea del Nord]]) {{bandera|Corea del Nord}}
* [[Shahab-5]] (4000-5000 km) ([[Iran]]) {{bandera|Iran}}refhttp://www.missilethreat.com/missilesoftheworld/pageID.134/default.asp /ref

== IRBM retirats ==
* [[RSD-10 | RSD-10 Pioneer]] (SS-20) (5.500 km) ([[Unió Soviètica|USSR]]) {{bandera|Unió Soviètica}}
* [[DF-3A]] (4.000 km) ([[República Popular de la Xina | Xina]]) {{bandera|Xina}}
* [[DF-3]] (2.500 km) ([[República Popular de la Xina | Xina]]) {{bandera|Xina}}
* [[S2 IRBM]] (2.750 km) ([[França]]) {{Bandera|França}}
* [[S3 IRBM]] (3.500 km) ([[França]]) {{Bandera|França}}
* [[PGM-17 Thor]] (1850-3700 km) ([[Estats Units]]) {{bandera|Estats Units}} i ([[Regne Unit]]) {{bandera|Regne Unit}}

== Vegeu també ==
* [[Míssil balístic de curt abast]] (de l'anglès: Short-Range Ballistic Missile, SRBM)
* [[Míssil balístic d'abast mitjà]] (de l'anglès: Medium-Range Ballistic Missile, MRBM)
* [[Míssil balístic intercontinental]] (de l'anglès: Intercontinental Ballistic Missile, ICBM)
* [[Míssil balístic llançat des submarí]] (de l'anglès: Submarine-Launched Ballistic Missile, SLBM)
* [[Tractat INF | Tractat sobre Forces Nuclears d'Abast Intermedi]]

== Referències ==
{{Referències}}

[[Categoria:Míssils]]</text>
      <sha1>ewet7jwrouai2vr1z8rmaxr9r3gfc8s</sha1>
      <model>wikitext</model>
      <format>text/x-wiki</format>
    </revision>
  </page>