<page>
    <title>Disc d'acetat</title>
    <ns>0</ns>
    <id>1074985</id>
    <revision>
      <id>14057550</id>
      <parentid>13646222</parentid>
      <timestamp>2014-09-20T10:52:38Z</timestamp>
      <contributor>
        <username>Joutbis</username>
        <id>32106</id>
      </contributor>
      <comment>referències</comment>
      <text>[[fitxer: Apolo grabacion.JPG|thumb|200px|Etiqueta d'un disc d'acetat. L'orifici del centre, així com un [[disc de vinil]] és per l'eix del plat giradiscs, però el forat del costat serveix per subjectar el disc durant el procés de gravació.]]
[[fitxer: Disco de acetato (lado sano).jpg|thumb|200px|Disc d'acetat de 10 polzades de diàmetre a [[78 RPM]].]]

El ''' disc d'acetat ''', ''' disc de laca ''' o també ''' '' dubplate ''' '', és un format d'enregistrament vigent encara avui dia, basat en l'[[enregistrament mecànic analògic]] com l'usat per al [[disc de vinil]], però amb la diferència que en el disc d'acetat és possible realitzar gravacions instantànies o passar d'una altra font de so, com el [[magnetòfon de filferro]] o de [[Magnetòfon de bobina oberta|cinta]]. Per gravar un vinil també s'usa primer un disc d'acetat, però aquest disc d'acetat té una formulació diferent al '' dubplate ''. Per gravar un vinil primer ha de gravar un màster. Per diferenciar un màster d'un '' dubplate '' cal comprovar si té o no un forat al costat del central. Si té dos forats és un '' dubplate ''. Si només té un és un màster. El so gravat en un màster és de millor qualitat, ja que, en ser més tou, l'estilet registra millor les freqüències. Però aquest màster, un cop gravat, no pot ser reproduït en un tocadiscs, ja que l'agulla del tocadiscs, en ser tan dura, destruiria detalls ja en la primera escolta. Un cop gravat, el màster només pot usar-se per realitzar-li un recobriment galvanoplástico (metàl·lic) i produir les matrius necessàries per premsar vinils.

Molt sovint, la gent confon els discos de vinil amb els d'acetat, i pensen que tots dos són el mateix. Encara que tinguin el mateix funcionament i el mateix color negre, no són el mateix.

== Descripció ==
[[fitxer: Disco de acetato (lado roto).jpg|thumb|200px|Un disc amb una part de l'acetat deteriorat, es pot apreciar el disc d'alumini.]]
Els discos d'acetat solen tenir 7 , 10 i 12 . Són els que es venen actualment, encara que durant la seva història han existit des dels micròfons de 5 fins als de 21 utilitzats per antics sistemes de so (els primers) per el cinema sonor. Generalment són d'[[alumini]] (interiorment), amb un recobriment fi de [[goma laca|laca]] o [[acetat]] de [[nitrocel·lulosa]]. Aquest recobriment plàstic llis és tallat per l'[[estilet]], [[stylus]] o [[agulla]]. Alguns discs ja posseïen un solc com guia per l'estilet, però la immensa majoria no. El funcionament d'aquests discos és igual al dels [[discos de vinil]], però la diferència és que aquests discs són gravables. Actualment la durada de la gravació en un '' dubplate '' és gairebé similar a la d'un disc de vinil, encara que també existeixen '' dubplates '' amb la qualitat original. Depenent de l'equip usat, un '' dubplate '' pot destruir en 20 reproduccions o durar tota la vida.

Amb el temps, el plàstic o [[acetat]] podia emetre una capa blanca [[Pols|polsosa]] que disminueix la qualitat de l'enregistrament. La pols també podia posar fi a la vida de la gravació. El [[vidre]] també va ser usat com la base per al disc, especialment durant la [[Segona Guerra Mundial]], ja que l'alumini s'usava per fabricar armament i vehicles. Però aquests discs eren massa fràgils, el que provocava que es trenquessin amb molta facilitat.

== Acetats valuosos ==
Com el disc d'acetat és un mitjà d'enregistrament poc comú, hi ha gent que paga grans sumes de diners per vells discos d'acetat, sobretot en subhastes. Un cas va ser la subhasta de la col·lecció de discos d'acetat de [[The Beatles]], els quals pertanyien al productor [[Brian Epstein]], cada disc vàlua entre 1.000 i 10.000 dòlars.ref name = Auction Epstein{{cita llibre|url=http://www.rarebeatles.com/photospg/acetate.htm|títol = She 's Leaving Home acetate|}}/ref

Un altre cas va ser un acetat del grup [[The Velvet Underground]], aquest disc conté la música que més tard va ser editada a l'àlbum '' [[The Velvet Underground  Nico]] '', va ser venut el 2006, a través de [[eBay]], per un total de 25.200 [[dòlar americà|dòlars]].ref[http://cgi.ebay.com/VELVET-UNDERGROUND-NICO-1966-Acetate-LP-ANDY-WARHOL_W0QQitemZ300060897304QQihZ020QQcategoryZ306QQrdZ1QQcmdZViewItem  eBay - VELVET UNDERGROUND  NIC 1966 acetate LP ANDY WARHOL], Second auction, ended December 16, 2006 /ref

Un acetat d'Elvis Presley amb ''That's All Right'' es va vendre per 64.000 [[euro]]s.ref[http://www.irishtimes.com/news/consumer/elvis-record-proves-a-hit-at-dublin-auction-1.1337226 Elvis record proves a hit at Dublin auction]/ref

El mes de novembre de 2001, un disc d'acetat amb una gravació de sis minuts originària de l'any [[1964]] entre [[Brian Wilson]], [[Dick Dale]] i [[The Beatles]], va ser venut en una subhasta per 10.400 $, el més increïble va ser que aquest disc havia estat comprat en uns encants per només 5 dòlars. En el disc hi ha una xerrada entre Brian Wilson amb els quatre beatles. També hi ha breus extractes dels èxits de cada un, [[Can't Buy Me Love]], [[Fun, Fun, Fun]] i Mr Eliminator, de The Beatles, [[The Beach Boys]] i Dick Dale respectivament.ref «[http://news.bbc.co.uk/2/hi/entertainment/1663067.stm Beatles recording fetches 10.000 $] »BBC Consultat el 30 de juliol de 2010. /ref

== Vegeu també ==
* [[Disc de vinil]]
* [[Dubplate]]
* [[Història de l'enregistrament sonor]]
* [[Fonògraf]]
* [[Cilindre de fonògraf]]
* [[33 RPM]]
* [[45 RPM]]
* [[78 RPM]]

== Referències ==
{{referències|2}}

== Enllaços externs ==
* [http://Www.loc.gov/folklife/sos/preserve1.html Loc]
* [http://Www.searchingforagem.com/1960s/1963.htm searchingforagem]
* [http://Www.battletorn.net/therest.htm battletorn]
* [http://Www.theaudioarchive.com/TAA_Resources_Disc_Transcription.htm Restauració de discos d'acetat]


{{ORDENA:Disc D'Acetat}}	!--ORDENA generat per bot--
[[Categoria:Emmagatzematge d'àudio]]
[[Categoria:Història de la tecnologia]]</text>
      <sha1>hb850xd1vnxwb41twfb7m05f3o4zosk</sha1>
      <model>wikitext</model>
      <format>text/x-wiki</format>
    </revision>
  </page>