<page>
    <title>Kazimierz Dolny</title>
    <ns>0</ns>
    <id>1075859</id>
    <revision>
      <id>13418909</id>
      <parentid>13311047</parentid>
      <timestamp>2014-05-24T09:37:23Z</timestamp>
      <contributor>
        <username>Langtoolbot</username>
        <id>128552</id>
      </contributor>
      <minor></minor>
      <comment>Corregit: Es preocupavan per  Es preocupaven per</comment>
      <text>{{Infotaula de municipi|de| Kazimierz Dolny|
|oficial = Kazimierz Dolny
|bandera = POL Kazimierz Dolny flag.svg
|escut = POL Kazimierz Dolny COA.svg
|localització = 
|fotografia = Kazimierz Dolny panorama.jpg
|fotografia_descripció = Panorama de Kazimierz Dolny i de [[Vistula]]
|fotografia_mida = 250px 
|admin_tipus1 = [[Estat]]
|admin1 = {{POL}}
|admin_tipus2 = 
|admin2 = 
|població = 3.485
|any_cens = 2008
|superfície = 30,44 km²
|altitud = 125 m
|coordenades = {{coord|51|19|19|N|21|56|45|E}}
|concepte_llengua = 
|llengua =
|dirigent_tipus1 = [[Alcalde]]
|dirigent1 = Grzegorz Janusz Dunia
|opció_nom1 = 
|opció1 = 
|opció_nom2=
|opció2= 
|web = http://www.kazimierz-dolny.pl
}}
[[Fitxer:Polska KazimierzDolny 015.jpg|thumb|El mercat a Kazimierz]]
[[Fitxer:Kazimierz Dolny Market Square.jpg|thumb|El mercat a Kazimierz]]
'''Kazimierz Dolny''' ([[jiddisch|jid.]] קוזמיר Kuzmir, Kazimierz nad Wisłą) – és una població de l'est de [[Polònia]], a la [[Voivodat de Lublin]]. Històricament situat a [[Petita Polònia]]. És el seient del [[gmina]] (comuna) urbà-rural de Kazimierz Dolny. Part del triangle turístic: [[Puławy]] - Kazimierz Dolny - [[Nałęczów]]. D'acord amb les dades del 31 de desembre de 2008, la ciutat tenia 3.485 habitants.

==Història==

La història de Kazimierz Dolny es remunta al segle 11, quan en un dels turons locals hi va haver un assentament benedictí anomenat [[Wietrzna Gora]]. El 1181, el príncep [[Casimir II de Polònia|Casimiro II el Just]] va donar l'assentament a les monges norbertinos del districte de [[Cracòvia]] de [[Zwierzyniec]]. Les monges va canviar el seu nom pel de Kazimierz, en honor del príncep. Per primera vegada, el Kazimierz nom apareix en les cròniques el 1249. Més tard, l'adjectiu Dolny (Baixo) es va afegir, per distingir la ciutat des del poble jueu de Kazimierz - ara un barri de Cracòvia. Al segle 14, el poble es va convertir en una possessió real, i el rei [[Ladislau I el Breu]] va fundar aquí una església parroquial en 1325.

Fundació de la ciutat s'atribueix al fill de Ladislau, el rei [[Casimir III el Gran]], qui va atorgar-li [[drets de ciutat]] a la primera meitat del segle XIV. Més tard, el rei Ladislau II Jagelló va modernitzar Kazimierz Dolny, la creació d'una ciutat moderna, amb una plaça de mercat i els carrers. En aquest moment, es va prendre la decisió de no construir cap casa al costat nord de la plaça del mercat, per tal de no obstruir la visió de l'església i el castell.

En 1501 Kazimierz Dolny es va convertir en la casa d'un [[starosta]], i la ciutat va passar a mans de la noble família [[Firlej]], romanent en el seu poder fins a 1644. A dues vegades els Firlej van reconstruir la ciutat i el castell, després dels incendis del 1561 i 1585. Es preocupaven per l'estat privilegiat de Kazimierz Dolny, com a ciutat comercial, situat al llarg de la via fluvial ocupat del Vístula. En 1628, els frares franciscans es van establir a Kazimierz, van construir un monestir i va ampliar l'església.

L'edat d'or de Kazimierz Dolny va acabar el febrer de 1656 (vegeu el [[El Diluvi (història polonesa)|Diluvi]]), quan les tropes sueques sota el regnat de [[Carlos X Gustavo de Suecia|Carlos X Gustavo]] van cremar i saquejar la ciutat. El nombre d'habitants es va reduir, i el rei [[Joan III Sobieski]] va tractar de millorar la situació, de manera que el 1677 els comerciants grecs, armenis i jueus a establir-se en Kazimierz Dolny. Mentrestant, el comerç rendible del riu Vístula va arribar a la seva fi, ja que no hi havia demanda de cereals de Polònia en Europa occidental. Al segle 18, com a resultat de les particions de Polònia, Kazimierz Dolny es va tallar del port de [[Gdańsk|Danzig]] i convertit en una ciutat amb una importància secundaria.

Des de finals del segle 19, els residents rics de Lublin i Varsòvia es van interessar en el poble pintoresc. Balnearis i viles van ser construïdes, i el 1927, ja en la [[Segona República de Polònia]], Kazimierz Dolny, un cop més es va convertir en una ciutat. Parcialment destruït en la [[Segona Guerra Mundial]], va ser reconstruïda, i el 8 de setembre de 1994, el centre de la ciutat va ser reconeguda oficialment com a monument històric.

==Comunitat jueva==
Una petita comunitat jueva va estar present a la ciutat des dels temps de Casimiro III el Gran al segle 14. El rei va concedir als jueus el recurs dels drets que van causar la ciutat per esdevenir un punt focal per a la immigració jueva. Quan Joan III Sobieski es va convertir en rei en 1674, va concedir els jueus de Polònia el descans dels impostos. Sobieski també va confirmar als Jueus de tots els drets que havien estat concedits pels reis anteriors. Durant el seu regnat, les restriccions d'habitatge van ser abolits i la comunitat jueva va començar a florir de nou.

Al segle 19, [[Yehezkel Taub]], un deixeble del [[Yaakov Itzjak de Lublin]], va fundar la dinastia [[Hassidim|jasídica]] de Kuzmir (nom jiddisch de Kazimierz) a la ciutat.

Entre les dues guerres mundials i la segona, la població jueva era de 1.400, la meitat de la població total de la ciutat. Durant l'[[Holocaust]] era, un [[Judenrat]] es va establir a la ciutat, on els alemanys [[nazi]] van obligar a jueus de la ciutat a realitzar treballs forçats i pavimentar els carrers amb làpides del cementiri jueu local. Després de l'Holocaust, un mur commemoratiu va ser erigit amb les peces que van sobreviure. El 1940, els nazis van establir un [[gueto]], de manera que tots els jueus del voltant [[Districte Puławy]] a viure al gueto. El 1942, els jueus que van sobreviure a la fam, la malaltia i el treball esclau van ser portats a [[camp d'extermini de Belzec | Bełżec]] per ser exterminats. A finals de 1942, la ciutat va ser declarada oficialment lliures dels Jueus.

Un dels residents jueus més famosos de la ciutat era el pintor i escultor [[Chaim Goldberg]]. Un altre va ser el destacat periodista S. L. Shneiderman, que va escriure sobre Kazimierz Dolny en el seu llibre El Riu recorda.

== Enllaços externs ==
{{Commonscat}}

[[Categoria:Geografia de Polònia]]</text>
      <sha1>na44dtplfyqpzxynikl3e7pvksmojpi</sha1>
      <model>wikitext</model>
      <format>text/x-wiki</format>
    </revision>
  </page>