<page>
    <title>Volta a Catalunya de 1940</title>
    <ns>0</ns>
    <id>1075344</id>
    <revision>
      <id>13977144</id>
      <parentid>13870572</parentid>
      <timestamp>2014-08-27T16:58:40Z</timestamp>
      <contributor>
        <username>JoRobot</username>
        <id>24498</id>
      </contributor>
      <minor></minor>
      <comment>Robot treu caràcters de control Unicode</comment>
      <text>{{ Resum cursa ciclista
| nom = 
| any anterior = Volta a Catalunya de 1939
| any posterior = Volta a Catalunya de 1941
| imatge = [[Fitxer:Volta a Catalunya 1940.jpg|150px|Cartell Volta a Catalunya de 1940]]
| data = [[5 de maig|5]] al [[12 de maig]] de [[1940]]
| etapes = 9 etapes
| distància = 1.344 km  
| països = {{CAT}}
| sortida = [[Barcelona]] 
| arribada = [[Barcelona]] 
| inscrits = 74ref {{ref-web|url= http://hemeroteca.mundodeportivo.com/preview/1940/05/05/pagina-2/659641/pdf.html |títol= Corredors i dorsal |consulta=11 de març de 2013 |obra= |editor= Mundo Deportivo |data= 5 de maig de 1940 |llengua= castellà}} /ref
| acaben = 28ref name=vuitena /
| vencedor = {{Bandera|Luxemburg}} [[Christophe Didier]] {{mida|1= ([[Luxemburg|LUX]]) }} 
| tempsvencedor = 48h 41' 44 
| segon = {{Bandera|Luxemburg}} [[Mathias Clemens]] {{mida|1= ([[Luxemburg|LUX]]) }} 
| tercer = {{Bandera|Espanya franquista}} [[Marià Cañardo]] {{mida|1= ([[Espanya|ESP]]) }}
| millorescalador = {{Bandera|Espanya franquista}} [[Fermín Trueba]] {{mida|1= ([[Espanya|ESP]]) }}  
|}}
La '''Volta a Catalunya de 1940''' fou la vintena edició de la [[Volta a Catalunya]]. La prova es disputà en nou etapes entre el [[5 de maig|5]] i el [[12 de maig]] de [[1940]], per un total de 1.344 km. El vencedor final fou el [[Luxemburg|luxemburguès]] [[Christophe Didier]], per davant del seu compatriota [[Mathias Clemens]], i [[Marià Cañardo]].

Aquesta edició es disputà als pocs mesos del començament de la [[Segona Guerra Mundial]], i varen participar diversos corredors en que els seus països estaven afectats pel conflicte. Totes les etapes van ser guanyades per corredors estrangers.

==Classificació final==
{| class=wikitable 
|-bgcolor=#CCCCCC 
!Pos.!!Ciclista!!Club!!Temps
|-
|align=center| 1
| {{Bandera|Luxemburg}} [[Christophe Didier]] {{mida|1= ([[Luxemburg|LUX]]) }}
| 
| align=right| 48h 41' 44
|-
|align=center| 2
| {{Bandera|Luxemburg}} [[Mathias Clemens]] {{mida|1= ([[Luxemburg|LUX]]) }}
| 
| align=right| + 4' 26
|-
|align=center| 3
| {{Bandera|Espanya franquista}} [[Marià Cañardo]] {{mida|1= ([[Espanya|ESP]]) }}
| 
| align=right| + 8' 59
|-
|align=center| 4
| {{Bandera|Espanya franquista}} [[Diego Cháfer]] {{mida|1= ([[Espanya|ESP]]) }} 
| 
| align=right| + 14' 04
|-
|align=center| 5
| {{Bandera|Espanya franquista}} [[Joan Gimeno]] {{mida|1= ([[Espanya|ESP]]) }}
| 
| align=right| + 14' 45
|-
|align=center| 6
| {{Bandera|Espanya franquista}} [[Fermín Trueba]] {{mida|1= ([[Espanya|ESP]]) }}
| 
| align=right| + 33' 37
|-
|align=center| 7
| {{Bandera|Espanya franquista}} [[Antonio Andrés Sancho]] {{mida|1= ([[Espanya|ESP]]) }}
| 
| align=right| + 34' 35
|-
|align=center| 8
| {{Bandera|Espanya franquista}} [[Antonio Martín Eguia|Antonio Martín]] {{mida|1= ([[Espanya|ESP]]) }}
| 
| align=right| + 37' 49
|-
|align=center| 9
| {{Bandera|Espanya franquista}} [[Delio Rodríguez Barros]] {{mida|1= ([[Espanya|ESP]]) }}
| 
| align=right| + 39' 03
|-
|align=center| 10
| {{Bandera|Espanya franquista}} [[Manuel Izquierdo]] {{mida|1= ([[Espanya|ESP]]) }}
| 
| align=right| + 54' 40
|-
|}

==Classificació de la muntanya==
{| class=wikitable 
|-bgcolor=#CCCCCC 
!Pos.!!Ciclista!!Punts
|-
|align=center| 1
|{{Bandera|Espanya franquista}} [[Fermín Trueba]]
| align=right| 31
|-
|align=center| 2
|{{Bandera|Luxemburg}} [[Mathias Clemens]]
| align=right| 26
|-
|align=center| 3
|{{Bandera|Espanya franquista}} [[Joan Gimeno]]
| align=right| 17
|-
|}

==Etapes==
{| class=wikitable
! Etapa
! Data
! Recorregut
! km
! Guanyador
! Líder
|-
|-----
| align=center| 1aref name=primera {{ref-web|url= http://hemeroteca.mundodeportivo.com/preview/1940/05/06/pagina-1/659644/pdf.html |títol= Resultats de les dues primeres etapes |consulta=11 de març de 2013 |obra= |editor= Mundo Deportivo |data= 6 de maig de 1940 |llengua= castellà}} /ref || [[5 de maig]] || [[Montjuïc (Barcelona)|Montjuïc]] - [[Montjuïc (Barcelona)|Montjuïc]] || align=right| 38,0 || [[Fitxer:Flag of Italy (1861-1946).svg|20px|Itàlia]] [[Nello Troggi]] {{mida|1= ([[Itàlia|ITA]]) }} || [[Fitxer:Flag of Italy (1861-1946).svg|20px|Itàlia]] [[Nello Troggi]] {{mida|1= ([[Itàlia|ITA]]) }}
|-----
| align=center| 2aref name=primera / || [[5 de maig]] || [[Barcelona]] - [[Vendrell]] || align=right| 86,0 || {{Bandera|Països Baixos}} [[Huub Sijen]] {{mida|1= ([[Països Baixos|NED]]) }} || {{Bandera|Països Baixos}} [[Huub Sijen]] {{mida|1= ([[Països Baixos|NED]]) }} 
|-----
| align=center| 3aref name=segona {{ref-web|url= http://hemeroteca.mundodeportivo.com/preview/1940/05/06/pagina-2/659645/pdf.html |títol= Resultats de la 2a etapa |consulta=11 de març de 2013 |obra= |editor= Mundo Deportivo |data= 6 de maig de 1940 |llengua= castellà}} /ref || [[6 de maig]] || [[Vendrell]] - [[Reus]] || align=right| 147,0 || {{Bandera|Països Baixos}} [[Frans Pauwels]] {{mida|1= ([[Països Baixos|NED]]) }} || {{Bandera|Països Baixos}} [[Frans Pauwels]] {{mida|1= ([[Països Baixos|NED]]) }}
|-----
| align=center| 4aref name=tercera {{ref-web|url= http://hemeroteca.mundodeportivo.com/preview/1940/05/08/pagina-1/659648/pdf.html |títol= Resultats de la 3a etapa |consulta=11 de març de 2013 |obra= |editor= Mundo Deportivo |data= 8 de maig de 1940 |llengua= castellà}}/ref || [[7 de maig]] || [[Reus]] - [[Lleida]] ([[Contrarellotge individual|CRI]])|| align=right| 111,0 || {{Bandera|Luxemburg}} [[Mathias Clemens]] {{mida|1= ([[Luxemburg|LUX]]) }} || {{Bandera|Luxemburg}} [[Mathias Clemens]] {{mida|1= ([[Luxemburg|LUX]]) }}
|-----
|align=center| 5aref name=quarta {{ref-web|url= http://hemeroteca.mundodeportivo.com/preview/1940/05/09/pagina-1/659650/pdf.html |títol= Resultats de la 4a etapa |consulta=11 de març de 2013 |obra= |editor= Mundo Deportivo |data= 9 de maig de 1940 |llengua= castellà}}/ref|| [[8 de maig]] || [[Lleida]] - [[Vielha]] || align=right| 215,0 || {{Bandera|Luxemburg}} [[Christophe Didier]] {{mida|1= ([[Luxemburg|LUX]]) }} || {{Bandera|Luxemburg}} [[Mathias Clemens]] {{mida|1= ([[Luxemburg|LUX]]) }}
|-----
|align=center| 6aref name=cinquena {{ref-web|url= http://hemeroteca.mundodeportivo.com/preview/1940/05/10/pagina-1/659652/pdf.html |títol= Resultats de la 5a etapa |consulta=11 de març de 2013 |obra= |editor= Mundo Deportivo |data= 10 de maig de 1940 |llengua= castellà}}/ref  || [[9 de maig]] || [[Vielha]] - [[La Seu d'Urgell]] || align=right| 266,0 || {{Bandera|Bèlgica}} [[Karel-Lodewijk van Espenhout]] {{mida|1= ([[Bèlgica|BEL]]) }} || {{Bandera|Luxemburg}} [[Christophe Didier]] {{mida|1= ([[Luxemburg|LUX]]) }}
|-----
|align=center| 7aref name=sisena {{ref-web|url= http://hemeroteca.mundodeportivo.com/preview/1940/05/11/pagina-1/659654/pdf.html |títol= Resultats de la 6a etapa |consulta=11 de març de 2013 |obra= |editor= Mundo Deportivo |data= 11 de maig de 1940 |llengua= castellà}}/ref || [[10 de maig]] || [[La Seu d'Urgell]] - [[Figueres]] || align=right| 200,0 || {{Bandera|Bèlgica}} [[Albert Ritserveldt]] {{mida|1= ([[Bèlgica|BEL]]) }} || {{Bandera|Luxemburg}} [[Christophe Didier]] {{mida|1= ([[Luxemburg|LUX]]) }}
|-----
|align=center| 8aref name=setena {{ref-web|url= http://hemeroteca.mundodeportivo.com/preview/1940/05/12/pagina-1/659656/pdf.html |títol= Resultats de la 7a etapa |consulta=11 de març de 2013 |obra= |editor= Mundo Deportivo |data= 12 de maig de 1940 |llengua= castellà}} /ref || [[11 de maig]] || [[Figueres]] - [[Girona]] ([[Contrarellotge individual|CRI]]) || align=right| 93,0 || {{Bandera|Luxemburg}} [[Mathias Clemens]] {{mida|1= ([[Luxemburg|LUX]]) }} || {{Bandera|Luxemburg}} [[Christophe Didier]] {{mida|1= ([[Luxemburg|LUX]]) }}
|-----
|align=center| 9aref name=vuitena {{ref-web|url= http://hemeroteca.mundodeportivo.com/preview/1940/05/13/pagina-1/659658/pdf.html |títol= Resultats de la 8a etapa i final |consulta=11 de març de 2013 |obra= |editor= Mundo Deportivo |data= 13 de maig de 1940 |llengua= castellà}}/ref || [[12 de maig]] || [[Girona]] - [[Barcelona]] || align=right| 188,0 || {{Bandera|Luxemburg}} [[Mathias Clemens]] {{mida|1= ([[Luxemburg|LUX]]) }} || {{Bandera|Luxemburg}} [[Christophe Didier]] {{mida|1= ([[Luxemburg|LUX]]) }}
|-
|}

===Etapa 1 Barcelona - Barcelona. 38,0 km===
{|
|'''Resultats de la 1a etapa'''
{| class=wikitable
|-
!
!Ciclista
!Temps
|-
| '''1'''
| {{Bandera|Itàlia 1861-1946}} [[Nello Troggi]]
| align=right| 1h 01' 55
|-
| '''2'''
| {{Bandera|NED}} [[Huub Sijen]]
| align=right|m.t.
|-
| '''3'''
| {{Bandera|BEL}} [[Albert Ritserveldt]]
| align=right|m.t.
|-
|}
||
|'''Classificació general després de la 1a etapa'''
{| class=wikitable
!
!Ciclista
!Temps
|-
| '''1'''
| {{Bandera|Itàlia 1861-1946}} [[Nello Troggi]]
| align=right| 1h 01' 55
|-
| '''2'''
| {{Bandera|NED}} [[Huub Sijen]]
| align=right|m.t.
|-
| '''3'''
| {{Bandera|BEL}} [[Albert Ritserveldt]]
| align=right|m.t.
|-
|}
|}

===Etapa 2. Barcelona - El Vendrell. 86,0 km===
{|
|'''Resultats de la 2a etapa'''
{| class=wikitable
|-
!
!Ciclista
!Temps
|-
| '''1'''
| {{Bandera|NED}} [[Huub Sijen]]
| align=right| 2h 19' 18
|-
| '''2'''
| {{Bandera|Espanya franquista}} [[Bartomeu Flaquer]]
| align=right|m.t.
|-
| '''3'''
| {{Bandera|Itàlia 1861-1946}} [[Giuseppe Martano]]
| align=right|m.t.
|-
|}
||
|'''Classificació general després de la 2a etapa'''
{| class=wikitable
!
!Ciclista
!Temps
|-
| '''1'''
| {{Bandera|NED}} [[Huub Sijen]]
| align=right| 3h 21' 18
|-
| '''2'''
| {{Bandera|Espanya franquista}} [[Bartomeu Flaquer]]
| align=right|m.t.
|-
| '''3'''
| {{Bandera|BEL}} [[Albert Ritserveldt]]
| align=right|m.t.
|-
|}
|}

===Etapa 3. El Vendrell - Reus. 147,0 km===
{|
|'''Resultats de la 3a etapa'''
{| class=wikitable
|-
!
!Ciclista
!Temps
|-
| '''1'''
| {{Bandera|NED}} [[Frans Pauwels]]
| align=right| 5h 01' 33
|-
| '''2'''
| {{Bandera|Espanya franquista}} [[Joan Gimeno]]
| align=right|m.t.
|-
| '''3'''
| {{Bandera|LUX}} [[Christophe Didier]]
| align=right| + 04' 34
|-
|}
||
|'''Classificació general després de la 3a etapa'''
{| class=wikitable
!
!Ciclista
!Temps
|-
| '''1'''
| {{Bandera|NED}} [[Frans Pauwels]]
| align=right| 8h 22' 46
|-
| '''2'''
| {{Bandera|Espanya franquista}} [[Joan Gimeno]]
| align=right|m.t.
|-
| '''3'''
| {{Bandera|LUX}} [[Christophe Didier]]
| align=right| + 04' 34
|-
|}
|}

===Etapa 4. Reus - Lleida. 111,0 km (CRI)===
{|
|'''Resultats de la 4a etapa'''
{| class=wikitable
|-
!
!Ciclista
!Temps
|-
| '''1'''
| {{Bandera|LUX}} [[Mathias Clemens]]
| align=right| 3h 08' 10
|-
| '''2'''
| {{Bandera|Itàlia 1861-1946}} [[Giuseppe Martano]]
| align=right| + 04' 10
|-
| '''3'''
| {{Bandera|BEL}} [[Albert Ritserveldt]]
| align=right| + 05' 20
|-
|}
||
|'''Classificació general després de la 4a etapa'''
{| class=wikitable
!
!Ciclista
!Temps
|-
| '''1'''
| {{Bandera|LUX}} [[Mathias Clemens]]
| align=right| 11h 39' 37
|-
| '''2'''
| {{Bandera|NED}} [[Frans Pauwels]]
| align=right| + 01' 07
|-
| '''3'''
| {{Bandera|LUX}} [[Christophe Didier]]
| align=right| + 01' 43
|-
|}
|}

===Etapa 5. Lleida - Vielha. 215,0 km===
{|
|'''Resultats de la 5a etapa'''
{| class=wikitable
|-
!
!Ciclista
!Temps
|-
| '''1'''
| {{Bandera|LUX}} [[Christophe Didier]]
| align=right| 8h 38' 36
|-
| '''2'''
| {{Bandera|BEL}} [[Karel-Lodewijk van Espenhout]]
| align=right| + 54
|-
| '''3'''
| {{Bandera|LUX}} [[Mathias Clemens]]
| align=right|m.t.
|-
|}
||
|'''Classificació general després de la 5a etapa'''
{| class=wikitable
!
!Ciclista
!Temps
|-
| '''1'''
| {{Bandera|LUX}} [[Mathias Clemens]]
| align=right| 20h 19' 07
|-
| '''2'''
| {{Bandera|LUX}} [[Christophe Didier]]
| align=right| + 49
|-
| '''3'''
| {{Bandera|NED}} [[Frans Pauwels]]
| align=right| + 01' 07
|-
|}
|}

===Etapa 6. Viella - La Seu d'Urgell. 266,0 km===
{|
|'''Resultats de la 6a etapa'''
{| class=wikitable
|-
!
!Ciclista
!Temps
|-
| '''1'''
| {{Bandera|BEL}} [[Karel-Lodewijk van Espenhout]]
| align=right| 10h 28' 23
|-
| '''2'''
| {{Bandera|Espanya franquista}} [[Marià Cañardo]]
| align=right|m.t.
|-
| '''3'''
| {{Bandera|Espanya franquista}} [[Antonio Martín Eguia|Antonio Martín]]
| align=right|m.t.
|-
|}
||
|'''Classificació general després de la 6a etapa'''
{| class=wikitable
!
!Ciclista
!Temps
|-
| '''1'''
| {{Bandera|LUX}} [[Christophe Didier]]
| align=right| 30h 48' 19
|-
| '''2'''
| {{Bandera|NED}} [[Frans Pauwels]]
| align=right| + 01' 27
|-
| '''3'''
| {{Bandera|Espanya franquista}} [[Marià Cañardo]]
| align=right| + 05' 31
|-
|}
|}

===Etapa 7. La Seu d'Urgell - Figueres. 200,0 km===
{|
|'''Resultats de la 7a etapa'''
{| class=wikitable
|-
!
!Ciclista
!Temps
|-
| '''1'''
| {{Bandera|BEL}} [[Albert Ritserveldt]]
| align=right| 3h 45' 57
|-
| '''2'''
| {{Bandera|Espanya franquista}} [[Antonio Martín Eguia|Antonio Martín]]
| align=right| + 04
|-
| '''3'''
| {{Bandera|Espanya franquista}} [[José Soler]]
| align=right|m.t.
|-
|}
||
|'''Classificació general després de la 7a etapa'''
{| class=wikitable
!
!Ciclista
!Temps
|-
| '''1'''
| {{Bandera|LUX}} [[Christophe Didier]]
| align=right| 39h 19' 24
|-
| '''2'''
| {{Bandera|NED}} [[Frans Pauwels]]
| align=right| + 01' 45
|-
| '''3'''
| {{Bandera|Espanya franquista}} [[Marià Cañardo]]
| align=right| + 05' 49
|-
|}
|}

===Etapa 8. Figueres - Girona. 93,0 km (CRI)===
{|
|'''Resultats de la 8a etapa'''
{| class=wikitable
|-
!
!Ciclista
!Temps
|-
| '''1'''
| {{Bandera|LUX}} [[Mathias Clemens]]
| align=right| 2h 30' 07
|-
| '''2'''
| {{Bandera|LUX}} [[Christophe Didier]]
| align=right| + 05' 23
|-
| '''3'''
| {{Bandera|Espanya franquista}} [[Joan Gimeno]]
| align=right| + 07' 53
|-
|}
||
|'''Classificació general després de la 8a etapa'''
{| class=wikitable
!
!Ciclista
!Temps
|-
| '''1'''
| {{Bandera|LUX}} [[Christophe Didier]]
| align=right| 41h 54' 54
|-
| '''2'''
| {{Bandera|LUX}} [[Mathias Clemens]]
| align=right| + 07' 53
|-
| '''3'''
| {{Bandera|Espanya franquista}} [[Marià Cañardo]]
| align=right| + 08' 59
|-
|}
|}

===Etapa 8. Girona - Barcelona. 188,0 km===
{|
|'''Resultats de la 8a etapa'''
{| class=wikitable
|-
!
!Ciclista
!Temps
|-
| '''1'''
| {{Bandera|LUX}} [[Mathias Clemens]]
| align=right| 6h 43' 23
|-
| '''2'''
| {{Bandera|Espanya franquista}} [[Fermín Trueba]]
| align=right| + 02' 57
|-
| '''3'''
| {{Bandera|Espanya franquista}} [[Antonio Martín Eguia|Antonio Martín]]
| align=right| + 03' 27
|-
|}
||
|'''Classificació general després de la 8a etapa'''
{| class=wikitable
!
!Ciclista
!Temps
|-
| '''1'''
| {{Bandera|LUX}} [[Christophe Didier]]
| align=right| 48h 41' 44
|-
| '''2'''
| {{Bandera|LUX}} [[Mathias Clemens]]
| align=right| + 04' 26
|-
| '''3'''
| {{Bandera|Espanya franquista}} [[Marià Cañardo]]
| align=right| + 08' 59
|-
|}
|}

==Bibliografia==
* {{Ref-llibre|títol= Historia de la Volta a Catalunya |nom= Juan |cognom=Dorronsoro |editorial= Urizar |col·lecció= |lloc= Plentzia |any= 2007 |isbn= 84-611-4511-9}}

== Referències ==
{{Referències|2}}

== Enllaços externs ==
* {{oficial |http://www.voltacatalunya.cat}}
* [http://www.cyclingfever.com/editie.html?editie_id=675 Classificació general]

{{Volta a Catalunya}}
{{ORDENA:Volta A Catalunya De 1940}}
[[Categoria:Edicions de la Volta a Catalunya|1940]]
[[Categoria:Competicions ciclistes del 1940]]
[[Categoria:Competicions esportives del 1940 a Catalunya]]</text>
      <sha1>44ua8rb5sp25kxv2dce1bz1wf61x5aj</sha1>
      <model>wikitext</model>
      <format>text/x-wiki</format>
    </revision>
  </page>