<page>
    <title>Volta a Catalunya de 1941</title>
    <ns>0</ns>
    <id>1075957</id>
    <revision>
      <id>13870562</id>
      <parentid>13681989</parentid>
      <timestamp>2014-07-20T05:14:27Z</timestamp>
      <contributor>
        <username>Herodotptlomeu</username>
        <id>127024</id>
      </contributor>
      <comment>categoria</comment>
      <text>{{ Resum cursa ciclista
| nom = 
| any anterior = Volta a Catalunya de 1940
| any posterior = Volta a Catalunya de 1942
| imatge = [[Fitxer:Volta a Catalunya 1941.jpg|150px|Cartell Volta a Catalunya de 1941]]
| data = [[6 de setembre|6]] al [[14 de setembre]] de [[1941]]
| etapes = 10 etapes
| distància = 1.214 km  
| països = {{CAT}}
| sortida = [[Barcelona]] 
| arribada = [[Barcelona]] 
| inscrits = 94ref name=primera /
| acaben = 51ref name=novena /
| vencedor = {{Bandera|Espanya franquista}} [[Antonio Andrés Sancho]] {{mida|1= ([[Espanya|ESP]]) }} 
| tempsvencedor = 38h 09' 41 
| segon = {{Bandera|Espanya franquista}} [[Andreu Canals Perelló]] {{mida|1= ([[Espanya|ESP]]) }} 
| tercer = {{Bandera|Espanya franquista}} [[Josep Campamà Roca]] {{mida|1= ([[Espanya|ESP]]) }} 
| millorescalador = {{Bandera|Espanya franquista}} [[Fermín Trueba]] {{mida|1= ([[Espanya|ESP]]) }} 
|}}
La '''Volta a Catalunya de 1941''' fou la vint-i-unena edició de la [[Volta a Catalunya]]. La prova es disputà en deu etapes entre el [[6 de setembre|6]] i el [[14 de setembre]] de [[1941]], amb un total de 1.214 km. El vencedor final fou el [[País Valencià|valencià]] [[Antonio Andrés Sancho]], per davant del [[Mallorca|mallorquí]] [[Andreu Canals Perelló|Andreu Canals]], i el [[Catalunya|català]] [[Josep Campamà Roca|Josep Campamà]].

Degut a la [[Segona Guerra Mundial]] no varen participar corredors estrangers. Hi varen competir ciclistes d'equips com el [[FC Barcelona (ciclisme)|FC Barcelona]] i el [[RCD Espanyol]], i el guanyador va rebre un premi de 5.000 pessetes de la casa [[Pirelli]]. El director de la cursa fou [[Sebastià Masdeu]], el primer vencedor de la Volta.

La 9a etapa es divideix en dos sectors, el primer dels quals és una contrarellotge per equips però amb cronometratge individual, i un altre sector en ruta. Justament aquesta etapa fou l'última victòria d'etapa per part de [[Marià Cañardo]].

==Classificació final==
{| class=wikitable 
|-bgcolor=#CCCCCC 
!Pos.!!Ciclista!!Club!!Temps
|-
|align=center| 1
| {{Bandera|Espanya franquista}} [[Antonio Andrés Sancho]] {{mida|1= ([[Espanya|ESP]]) }}
| [[FC Barcelona (ciclisme)|FC Barcelona]]
| align=right| 38h 09' 41
|-
|align=center| 2
| {{Bandera|Espanya franquista}} [[Andreu Canals Perelló]] {{mida|1= ([[Espanya|ESP]]) }}
| [[RCD Espanyol]]
| align=right| + 2' 24
|-
|align=center| 3
| {{Bandera|Espanya franquista}} [[Josep Campamà Roca]] {{mida|1= ([[Espanya|ESP]]) }}
| [[FC Barcelona (ciclisme)|FC Barcelona]]
| align=right| + 4' 16
|-
|align=center| 4
| {{Bandera|Espanya franquista}} [[Julián Berrendero]] {{mida|1= ([[Espanya|ESP]]) }} 
| [[RCD Espanyol]]
| align=right| + 4' 19
|-
|align=center| 5
| {{Bandera|Espanya franquista}} [[Federico Ezquerra]] {{mida|1= ([[Espanya|ESP]]) }}
| [[RCD Espanyol]]
| align=right| + 4' 20
|-
|align=center| 6
| {{Bandera|Espanya franquista}} [[Martín Abadía]] {{mida|1= ([[Espanya|ESP]]) }}
| [[FC Barcelona (ciclisme)|FC Barcelona]]
| align=right| + 4' 26
|-
|align=center| 7
| {{Bandera|Espanya franquista}} [[Antonio Martín Eguia|Antonio Martín]] {{mida|1= ([[Espanya|ESP]]) }}
| [[RCD Espanyol]]
| align=right| + 6' 41
|-
|align=center| 8
| {{Bandera|Espanya franquista}} [[Isidro Bejarano]] {{mida|1= ([[Espanya|ESP]]) }}
| [[UE Sants]]
| align=right| + 12' 12
|-
|align=center| 9
| {{Bandera|Espanya franquista}} [[Joaquim Olmos]] {{mida|1= ([[Espanya|ESP]]) }}
| [[FC Barcelona (ciclisme)|FC Barcelona]]
| align=right| + 13' 13
|-
|align=center| 10
| {{Bandera|Espanya franquista}} [[Delio Rodríguez Barros]] {{mida|1= ([[Espanya|ESP]]) }}
| [[RCD Espanyol]]
| align=right| + 13' 29
|-
|}
== Classificacions secundàries ==
{| width=100%
| valign=top width=50% |
===Classificació de la muntanya===
{| class=wikitable 
|-bgcolor=#CCCCCC 
!Pos.!!Ciclista!!Equip!!Punts
|-
|align=center| 1
|{{Bandera|Espanya franquista}} [[Fermín Trueba]]
| [[RCD Espanyol]]
| align=right| 16
|-
|align=center| 2
|{{Bandera|Espanya franquista}} [[Julián Berrendero]]
| [[RCD Espanyol]]
| align=right| 16
|-
|align=center| 3
|{{Bandera|Espanya franquista}} [[Federico Ezquerra]]
| [[RCD Espanyol]]
| align=right| 8
|-
|}
| valign=top width=50% |
===Classificació per equips===
{| class=wikitable 
|-bgcolor=#CCCCCC 
!Pos.!!Equip!!Temps
|-
|align=center| 1
|{{Bandera|Espanya franquista}} [[FC Barcelona (ciclisme)|FC Barcelona]]
| align=right| 114h 37' 45
|-
|align=center| 2
|{{Bandera|Espanya franquista}} [[RCD Espanyol]]
| align=right| + 2' 21
|-
|align=center| 3
|{{Bandera|Espanya franquista}} [[UE Sants]]
| align=right| + 1h 18' 07
|-
|}
|}

==Etapes==
{| class=wikitable
! Etapa
! Data
! Recorregut
! km
! Guanyador
! Líder
|-
|-----
| align=center| 1aref name=primera {{ref-web|url= http://hemeroteca.mundodeportivo.com/preview/1941/09/07/pagina-1/651394/pdf.html#mode=fullScreen |títol= Resultats de la primera etapa |consulta=16 de març de 2013 |obra= |editor= Mundo Deportivo |data= 7 de setembre de 1941 |llengua= castellà}} /ref || [[6 de setembre]] || [[Montjuïc (Barcelona)|Montjuïc]] - [[Montjuïc (Barcelona)|Montjuïc]] || align=right| 60,0 || {{Bandera|Espanya franquista}} [[Joaquim Olmos]] {{mida|1= ([[Espanya|ESP]]) }} || {{Bandera|Espanya franquista}} [[Joaquim Olmos]] {{mida|1= ([[Espanya|ESP]]) }}
|-----
| align=center| 2aref name=segona {{ref-web|url= http://hemeroteca.mundodeportivo.com/edition.html?bd=08bm=09by=1941ed=em=ey= |títol= Resultats de la 2a, 3a i 4a etapes |consulta=16 de març de 2013 |obra= |editor= Mundo Deportivo |data= 8 de setembre de 1941 |llengua= castellà}} /ref || [[7 de setembre]] || [[Barcelona]] - [[Vilafranca del Penedès]] || align=right| 68,0 || {{Bandera|Espanya franquista}} [[Bartomeu Flaquer Carrió]] {{mida|1= ([[Espanya|ESP]]) }} || {{Bandera|Espanya franquista}} [[Bartomeu Flaquer Carrió]] {{mida|1= ([[Espanya|ESP]]) }} 
|-----
| align=center| 3aref name=segona/ || [[7 de setembre]] || [[Vilafranca del Penedès]] - [[Tarragona]] ([[Contrarellotge individual|CRI]]) || align=right| 51,0 || {{Bandera|Espanya franquista}} [[Antonio Andrés Sancho]] {{mida|1= ([[Espanya|ESP]]) }} || {{Bandera|Espanya franquista}} [[Antonio Andrés Sancho]] {{mida|1= ([[Espanya|ESP]]) }}
|-----
| align=center| 4aref name=segona/ || [[8 de setembre]] || [[Tarragona]] - [[Tortosa]]|| align=right| 97,0 || {{Bandera|Espanya franquista}} [[Delio Rodríguez Barros]] {{mida|1= ([[Espanya|ESP]]) }} || {{Bandera|Espanya franquista}} [[Antonio Andrés Sancho]] {{mida|1= ([[Espanya|ESP]]) }}
|-----
|align=center| 5aref name=tercera {{ref-web|url= http://hemeroteca.mundodeportivo.com/edition.html?bd=10bm=09by=1941ed=em=ey= |títol= Resultats de la 5a etapa |consulta=16 de març de 2013 |obra= |editor= Mundo Deportivo |data= 10 de setembre de 1941 |llengua= castellà}}/ref|| [[9 de setembre]] || [[Tortosa]] - [[Vilanova de Bellpuig]] || align=right| 181,0 || {{Bandera|Espanya franquista}} [[Delio Rodríguez Barros]] {{mida|1= ([[Espanya|ESP]]) }} || {{Bandera|Espanya franquista}} [[Antonio Andrés Sancho]] {{mida|1= ([[Espanya|ESP]]) }}
|-----
|align=center| 6aref name=cinquena {{ref-web|url= http://hemeroteca.mundodeportivo.com/edition.html?bd=11bm=09by=1941ed=em=ey= |títol= Resultats de la 6a etapa |consulta=16 de març de 2013 |obra= |editor= Mundo Deportivo |data= 11 de setembre de 1941 |llengua= castellà}}/ref  || [[10 de setembre]] || [[Vilanova de Bellpuig]] - [[Manresa]] || align=right| 157,0 || {{Bandera|Espanya franquista}} [[Delio Rodríguez Barros]] {{mida|1= ([[Espanya|ESP]]) }} || {{Bandera|Espanya franquista}} [[Antonio Andrés Sancho]] {{mida|1= ([[Espanya|ESP]]) }}
|-----
|align=center| 7aref name=sisena {{ref-web|url= http://hemeroteca.mundodeportivo.com/edition.html?bd=12bm=09by=1941ed=em=ey= |títol= Resultats de la 7a etapa |consulta=16 de març de 2013 |obra= |editor= Mundo Deportivo |data= 12 de setembre de 1941 |llengua= castellà}}/ref || [[11 de setembre]] || [[Manresa]] - [[Olot]] || align=right| 132,0 || {{Bandera|Espanya franquista}} [[Fermín Trueba]] {{mida|1= ([[Espanya|ESP]]) }} || {{Bandera|Espanya franquista}} [[Antonio Andrés Sancho]] {{mida|1= ([[Espanya|ESP]]) }}
|-----
|align=center| 8aref name=setena {{ref-web|url= http://hemeroteca.mundodeportivo.com/edition.html?bd=13bm=09by=1941ed=em=ey= |títol= Resultats de la 8a etapa |consulta=16 de març de 2013 |obra= |editor= Mundo Deportivo |data= 13 de setembre de 1941 |llengua= castellà}} /ref || [[12 de setembre]] || [[Olot]] - [[Girona]] || align=right| 125,0 || {{Bandera|Espanya franquista}} [[Antonio Martín Eguia|Antonio Martín]] {{mida|1= ([[Espanya|ESP]]) }} || {{Bandera|Espanya franquista}} [[Antonio Andrés Sancho]] {{mida|1= ([[Espanya|ESP]]) }}
|-----
|align=center| 9a Aref name=vuitena {{ref-web|url= http://hemeroteca.mundodeportivo.com/edition.html?bd=14bm=09by=1941ed=em=ey= |títol= Resultats de la 9a etapa |consulta=16 de març de 2013 |obra= |editor= Mundo Deportivo |data= 14 de setembre de 1941 |llengua= castellà}} /ref || [[13 de setembre]] || [[Girona]] - [[Palamós]] ([[Contrarellotge per equips|CRE]]) || align=right| 48,0 || {{Bandera|Espanya franquista}} [[Marià Cañardo]] {{mida|1= ([[Espanya|ESP]]) }} || {{Bandera|Espanya franquista}} [[Antonio Andrés Sancho]] {{mida|1= ([[Espanya|ESP]]) }}
|-----
|align=center| 9a Bref name=vuitena/ || [[13 de setembre]] || [[Palamós]] - [[Figueres]] || align=right| 79,0 || {{Bandera|Espanya franquista}} [[Delio Rodríguez Barros]] {{mida|1= ([[Espanya|ESP]]) }} || {{Bandera|Espanya franquista}} [[Antonio Andrés Sancho]] {{mida|1= ([[Espanya|ESP]]) }}
|-----
|align=center| 10aref name=novena {{ref-web|url= http://hemeroteca.mundodeportivo.com/edition.html?bd=15bm=09by=1941ed=em=ey= |títol= Resultats de la 10a etapa i finals |consulta=11 de març de 2013 |obra= |editor= Mundo Deportivo |data= 12 de maig de 1940 |llengua= castellà}} /ref || [[14 de setembre]] || [[Figueres]] - [[Barcelona]] || align=right| 216,0 || {{Bandera|Espanya franquista}} [[Delio Rodríguez Barros]] {{mida|1= ([[Espanya|ESP]]) }} || {{Bandera|Espanya franquista}} [[Antonio Andrés Sancho]] {{mida|1= ([[Espanya|ESP]]) }}
|-
|}

===Etapa 1 Barcelona - Barcelona. 60,0 km===
{|
|'''Resultats de la 1a etapa'''
{| class=wikitable
|-
!
!Ciclista
!Equip
!Temps
|-
| '''1'''
| {{Bandera|Espanya franquista}} [[Joaquim Olmos]]
| [[FC Barcelona (ciclisme)|FC Barcelona]]
| align=right| 1h 31' 46
|-
| '''2'''
| {{Bandera|Espanya franquista}} [[Federico Ezquerra]]
| [[RCD Espanyol]]
| align=right|m.t.
|-
| '''3'''
| {{Bandera|Espanya franquista}} [[Antonio Andrés Sancho]]
| [[FC Barcelona (ciclisme)|FC Barcelona]]
| align=right|m.t.
|-
|}
||
|'''Classificació general després de la 1a etapa'''
{| class=wikitable
!
!Ciclista
!Equip
!Temps
|-
| '''1'''
| {{Bandera|Espanya franquista}} [[Joaquim Olmos]]
| [[FC Barcelona (ciclisme)|FC Barcelona]]
| align=right| 1h 31' 46
|-
| '''2'''
| {{Bandera|Espanya franquista}} [[Federico Ezquerra]]
| [[RCD Espanyol]]
| align=right|m.t.
|-
| '''3'''
| {{Bandera|Espanya franquista}} [[Antonio Andrés Sancho]]
| [[FC Barcelona (ciclisme)|FC Barcelona]]
| align=right|m.t.
|-
|}
|}

===Etapa 2. Barcelona - Vilafranca del Penedès. 68,0 km===
{|
|'''Resultats de la 2a etapa'''
{| class=wikitable
|-
!
!Ciclista
!Equip
!Temps
|-
| '''1'''
| {{Bandera|Espanya franquista}} [[Bartomeu Flaquer]]
| [[RCD Espanyol]]
| align=right| 1h 41' 45
|-
| '''2'''
| {{Bandera|Espanya franquista}} [[Antonio Martín Eguia|Antonio Martín]]
| [[RCD Espanyol]]
| align=right|m.t.
|-
| '''3'''
| {{Bandera|Espanya franquista}} [[Andreu Canals]]
| [[RCD Espanyol]]
| align=right|m.t.
|-
|}
||
|'''Classificació general després de la 2a etapa'''
{| class=wikitable
!
!Ciclista
!Equip
!Temps
|-
| '''1'''
| {{Bandera|Espanya franquista}} [[Bartomeu Flaquer]]
| [[RCD Espanyol]]
| align=right| 3h 13' 31
|-
| '''2'''
| {{Bandera|Espanya franquista}} [[Joaquim Olmos]]
| [[FC Barcelona (ciclisme)|FC Barcelona]]
| align=right|m.t.
|-
| '''3'''
| {{Bandera|Espanya franquista}} [[Antonio Andrés Sancho]]
| [[FC Barcelona (ciclisme)|FC Barcelona]]
| align=right|m.t.
|-
|}
|}

===Etapa 3. Vilafranca del Penedès - Tarragona. 51,0 km (CRI)===
{|
|'''Resultats de la 3a etapa'''
{| class=wikitable
|-
!
!Ciclista
!Equip
!Temps
|-
| '''1'''
| {{Bandera|Espanya franquista}} [[Antonio Andrés Sancho]]
| [[FC Barcelona (ciclisme)|FC Barcelona]]
| align=right| 1h 16' 08
|-
| '''2'''
| {{Bandera|Espanya franquista}} [[Antonio Martín Eguia|Antonio Martín]]
| [[RCD Espanyol]]
| align=right| + 53
|-
| '''3'''
| {{Bandera|Espanya franquista}} [[Delio Rodríguez]]
| [[RCD Espanyol]]
| align=right| + 01' 04
|-
|}
||
|'''Classificació general després de la 3a etapa'''
{| class=wikitable
!
!Ciclista
!Equip
!Temps
|-
| '''1'''
| {{Bandera|Espanya franquista}} [[Antonio Andrés Sancho]]
| [[FC Barcelona (ciclisme)|FC Barcelona]]
| align=right| 4h 29' 39
|-
| '''2'''
| {{Bandera|Espanya franquista}} [[Antonio Martín Eguia|Antonio Martín]]
| [[RCD Espanyol]]
| align=right| + 53
|-
| '''3'''
| {{Bandera|Espanya franquista}} [[Josep Campamà]]
| [[FC Barcelona (ciclisme)|FC Barcelona]]
| align=right| + 01' 34
|-
|}
|}

===Etapa 4. Tarragona - Tortosa. 97,0 km ===
{|
|'''Resultats de la 4a etapa'''
{| class=wikitable
|-
!
!Ciclista
!Equip
!Temps
|-
| '''1'''
| {{Bandera|Espanya franquista}} [[Delio Rodríguez]]
| [[RCD Espanyol]]
| align=right| 2h 32' 58
|-
| '''2'''
| {{Bandera|Espanya franquista}} [[Joaquim Olmos]]
| [[FC Barcelona (ciclisme)|FC Barcelona]]
| align=right|m.t.
|-
| '''3'''
| {{Bandera|Espanya franquista}} [[Josep Gras (ciclista)|Josep Gras]]
| [[UE Sants]]
| align=right|m.t.
|-
|}
||
|'''Classificació general després de la 4a etapa'''
{| class=wikitable
!
!Ciclista
!Equip
!Temps
|-
| '''1'''
| {{Bandera|Espanya franquista}} [[Antonio Andrés Sancho]]
| [[FC Barcelona (ciclisme)|FC Barcelona]]
| align=right| 7h 02' 37
|-
| '''2'''
| {{Bandera|Espanya franquista}} [[Antonio Martín Eguia|Antonio Martín]]
| [[RCD Espanyol]]
| align=right| + 53
|-
| '''3'''
| {{Bandera|Espanya franquista}} [[Josep Campamà]]
| [[FC Barcelona (ciclisme)|FC Barcelona]]
| align=right| + 01' 34
|-
|}
|}

===Etapa 5. Tortosa - Vilanova de Bellpuig. 181,0 km===
{|
|'''Resultats de la 5a etapa'''
{| class=wikitable
|-
!
!Ciclista
!Equip
!Temps
|-
| '''1'''
| {{Bandera|Espanya franquista}} [[Delio Rodríguez]]
| [[RCD Espanyol]]
| align=right| 5h 59' 55
|-
| '''2'''
| {{Bandera|Espanya franquista}} [[Federico Ezquerra]]
| [[RCD Espanyol]]
| align=right|m.t.
|-
| '''3'''
| {{Bandera|Espanya franquista}} [[Joan Gimeno]]
| [[FC Barcelona (ciclisme)|FC Barcelona]]
| align=right|m.t.
|-
|}
||
|'''Classificació general després de la 5a etapa'''
{| class=wikitable
!
!Ciclista
!Equip
!Temps
|-
| '''1'''
| {{Bandera|Espanya franquista}} [[Antonio Andrés Sancho]]
| [[FC Barcelona (ciclisme)|FC Barcelona]]
| align=right| 13h 02' 32
|-
| '''2'''
| {{Bandera|Espanya franquista}} [[Antonio Martín Eguia|Antonio Martín]]
| [[RCD Espanyol]]
| align=right| + 53
|-
| '''3'''
| {{Bandera|Espanya franquista}} [[Josep Campamà]]
| [[FC Barcelona (ciclisme)|FC Barcelona]]
| align=right| + 01' 34
|-
|}
|}

===Etapa 6. Vilanova de Bellpuig - Manresa. 157,0 km===
{|
|'''Resultats de la 6a etapa'''
{| class=wikitable
|-
!
!Ciclista
!Equip
!Temps
|-
| '''1'''
| {{Bandera|Espanya franquista}} [[Delio Rodríguez]]
| [[RCD Espanyol]]
| align=right| 5h 27' 50
|-
| '''2'''
| {{Bandera|Espanya franquista}} [[Julián Berrendero]]
| [[RCD Espanyol]]
| align=right|m.t.
|-
| '''3'''
| {{Bandera|Espanya franquista}} [[Antonio Martín Eguia|Antonio Martín]]
| [[RCD Espanyol]]
| align=right|m.t.
|-
|}
||
|'''Classificació general després de la 6a etapa'''
{| class=wikitable
!
!Ciclista
!Equip
!Temps
|-
| '''1'''
| {{Bandera|Espanya franquista}} [[Antonio Andrés Sancho]]
| [[FC Barcelona (ciclisme)|FC Barcelona]]
| align=right| 18h 30' 22
|-
| '''2'''
| {{Bandera|Espanya franquista}} [[Antonio Martín Eguia|Antonio Martín]]
| [[RCD Espanyol]]
| align=right| + 53
|-
| '''3'''
| {{Bandera|Espanya franquista}} [[Andreu Canals]]
| [[RCD Espanyol]]
| align=right| + 02' 05
|-
|}
|}

===Etapa 7. Manresa - Olot. 132,0 km===
{|
|'''Resultats de la 7a etapa'''
{| class=wikitable
|-
!
!Ciclista
!Equip
!Temps
|-
| '''1'''
| {{Bandera|Espanya franquista}} [[Fermín Trueba]]
| [[RCD Espanyol]]
| align=right| 4h 06' 39
|-
| '''2'''
| {{Bandera|Espanya franquista}} [[Josep Campamà]]
| [[FC Barcelona (ciclisme)|FC Barcelona]]
| align=right| + 06' 53
|-
| '''3'''
| {{Bandera|Espanya franquista}} [[Julián Berrendero]]
| [[RCD Espanyol]]
| align=right| + 06' 56
|-
|}
||
|'''Classificació general després de la 7a etapa'''
{| class=wikitable
!
!Ciclista
!Equip
!Temps
|-
| '''1'''
| {{Bandera|Espanya franquista}} [[Antonio Andrés Sancho]]
| [[FC Barcelona (ciclisme)|FC Barcelona]]
| align=right| 22h 43' 57
|-
| '''2'''
| {{Bandera|Espanya franquista}} [[Antonio Martín Eguia|Antonio Martín]]
| [[RCD Espanyol]]
| align=right| + 53
|-
| '''3'''
| {{Bandera|Espanya franquista}} [[Andreu Canals]]
| [[RCD Espanyol]]
| align=right| + 02' 05
|-
|}
|}

===Etapa 8. Olot - Girona. 125,0 km===
{|
|'''Resultats de la 8a etapa'''
{| class=wikitable
|-
!
!Ciclista
!Equip
!Temps
|-
| '''1'''
| {{Bandera|Espanya franquista}} [[Antonio Martín Eguia|Antonio Martín]]
| [[RCD Espanyol]]
| align=right| 4h 11' 05
|-
| '''2'''
| {{Bandera|Espanya franquista}} [[Delio Rodríguez]]
| [[RCD Espanyol]]
| align=right|m.t.
|-
| '''3'''
| {{Bandera|Espanya franquista}} [[Joaquim Olmos]]
| [[FC Barcelona (ciclisme)|FC Barcelona]]
| align=right|m.t.
|-
|}
||
|'''Classificació general després de la 8a etapa'''
{| class=wikitable
!
!Ciclista
!Equip
!Temps
|-
| '''1'''
| {{Bandera|Espanya franquista}} [[Antonio Andrés Sancho]]
| [[FC Barcelona (ciclisme)|FC Barcelona]]
| align=right| 26h 55' 02
|-
| '''2'''
| {{Bandera|Espanya franquista}} [[Antonio Martín Eguia|Antonio Martín]]
| [[RCD Espanyol]]
| align=right| + 53
|-
| '''3'''
| {{Bandera|Espanya franquista}} [[Andreu Canals]]
| [[RCD Espanyol]]
| align=right| + 02' 05
|-
|}
|}

===Etapa 9. (9A Girona-Palamós 48km) i (9B Palamós-Figueres 79km)===
{|
|'''Resultats de la 9a etapa A (CRE)'''
{| class=wikitable
|-
!
!Ciclista
!Equip
!Temps
|-
| '''1'''
| {{Bandera|Espanya franquista}} [[Marià Cañardo]]
| [[FC Barcelona (ciclisme)|FC Barcelona]]
| align=right| 1h 12' 08
|-
| '''2'''
| {{Bandera|Espanya franquista}} [[Antonio Andrés Sancho]]
| [[FC Barcelona (ciclisme)|FC Barcelona]]
| align=right|m.t.
|-
| '''3'''
| {{Bandera|Espanya franquista}} [[Martín Abadía]]
| [[FC Barcelona (ciclisme)|FC Barcelona]]
| align=right|m.t.
|-
|}
||
|'''Resultats de la 9a etapa B'''
{| class=wikitable
!
!Ciclista
!Equip
!Temps
|-
| '''1'''
| {{Bandera|Espanya franquista}} [[Delio Rodríguez]]
| [[RCD Espanyol]]
| align=right| 2h 25' 43
|-
| '''2'''
| {{Bandera|Espanya franquista}} [[Antonio Martín Eguia|Antonio Martín]]
| [[RCD Espanyol]]
| align=right|m.t.
|-
| '''3'''
| {{Bandera|Espanya franquista}} [[Joaquim Olmos]]
| [[FC Barcelona (ciclisme)|FC Barcelona]]
| align=right|m.t.
|-
|}
|}

{|
|'''Resultats de la 9a etapa'''
{| class=wikitable
|-
!
!Ciclista
!Equip
!Temps
|-
| '''1'''
| {{Bandera|Espanya franquista}} [[Marià Cañardo]]
| [[FC Barcelona (ciclisme)|FC Barcelona]]
| align=right| 3h 37' 51
|-
| '''2'''
| {{Bandera|Espanya franquista}} [[Antonio Andrés Sancho]]
| [[FC Barcelona (ciclisme)|FC Barcelona]]
| align=right|m.t.
|-
| '''3'''
| {{Bandera|Espanya franquista}} [[Martín Abadía]]
| [[FC Barcelona (ciclisme)|FC Barcelona]]
| align=right|m.t.
|-
|}
||
|'''Classificació general després de la 9a etapa'''
{| class=wikitable
!
!Ciclista
!Equip
!Temps
|-
| '''1'''
| {{Bandera|Espanya franquista}} [[Antonio Andrés Sancho]]
| [[FC Barcelona (ciclisme)|FC Barcelona]]
| align=right| 30h 32' 53
|-
| '''2'''
| {{Bandera|Espanya franquista}} [[Antonio Martín Eguia|Antonio Martín]]
| [[RCD Espanyol]]
| align=right| + 01' 12
|-
| '''3'''
| {{Bandera|Espanya franquista}} [[Andreu Canals]]
| [[RCD Espanyol]]
| align=right| + 02' 24
|-
|}
|}

===Etapa 10. Figueres - Barcelona. 216,0 km===
{|
|'''Resultats de la 10a etapa'''
{| class=wikitable
|-
!
!Ciclista
!Equip
!Temps
|-
| '''1'''
| {{Bandera|Espanya franquista}} [[Delio Rodríguez]]
| [[RCD Espanyol]]
| align=right| 7h 36' 48
|-
| '''2'''
| {{Bandera|Espanya franquista}} [[Joaquim Olmos]]
| [[FC Barcelona (ciclisme)|FC Barcelona]]
| align=right|m.t.
|-
| '''3'''
| {{Bandera|Espanya franquista}} [[Josep Campamà]]
| [[FC Barcelona (ciclisme)|FC Barcelona]]
| align=right|m.t.
|-
|}
||
|'''Classificació general després de la 10a etapa'''
{| class=wikitable
!
!Ciclista
!Equip
!Temps
|-
| '''1'''
| {{Bandera|Espanya franquista}} [[Antonio Andrés Sancho]]
| [[FC Barcelona (ciclisme)|FC Barcelona]]
| align=right| 38h 09' 41
|-
| '''2'''
| {{Bandera|Espanya franquista}} [[Andreu Canals]]
| [[RCD Espanyol]]
| align=right| + 02' 24
|-
| '''3'''
| {{Bandera|Espanya franquista}} [[Josep Campamà]]
| [[FC Barcelona (ciclisme)|FC Barcelona]]
| align=right| + 04' 16
|-
|}
|}

==Bibliografia==
* {{Ref-llibre|títol= Historia de la Volta a Catalunya |nom= Juan |cognom=Dorronsoro |editorial= Urizar |col·lecció= |lloc= Plentzia |any= 2007 |isbn= 84-611-4511-9}}

== Referències ==
{{Referències|2}}

== Enllaços externs ==
* {{oficial |http://www.voltacatalunya.cat}} 

{{Volta a Catalunya}}
{{ORDENA:Volta A Catalunya De 1941}}
[[Categoria:Edicions de la Volta a Catalunya|1941]]
[[Categoria:Competicions ciclistes del 1941]]
[[Categoria:Competicions esportives del 1941 a Catalunya]]</text>
      <sha1>1c2gu3kw515wmsktjab5i43220egada</sha1>
      <model>wikitext</model>
      <format>text/x-wiki</format>
    </revision>
  </page>