<page>
    <title>Viquipèdia:Gran Quinzena Anual de la Qualitat/2013</title>
    <ns>4</ns>
    <id>1078706</id>
    <revision>
      <id>13885254</id>
      <parentid>12923282</parentid>
      <timestamp>2014-07-24T07:03:38Z</timestamp>
      <contributor>
        <username>Paucabot</username>
        <id>1960</id>
      </contributor>
      <comment>Cat-a-lot: Movent de [[Categoria:Manteniment]] a [[Categoria:Gran Quinzena Anual de la Qualitat]]</comment>
      <text>{{drecera|[[VP:QQ13]]}}
[[Fitxer:Keeptidy ask.png|thumb|És hora de fer manteniment.]]
== Gran Quinzena Anual de la Qualitat 2013 ==
L'objectiu de la '''Gran Quinzena''' del 2013 és ocupar-se d'aquells articles marcats per una [[:Categoria:Plantilles de manteniment|plantilla de manteniment]], dins categories que no paren de créixer. S'aniran apuntant les millores en una taula per fer un millor seguiment de la feina conjunta. S'inicia oficialment el dia '''21 de desembre de 2013''' i acaba el '''5 de gener de 2014'''.

{{llegenda|PaleGreen|Menys de 10 articles}}
{{llegenda|LemonChiffon|Entre 10 i 100 articles}}
{{llegenda|DarkOrange|Entre 100 i 1000 articles}}
{{llegenda|Red|Més de 1000 articles}}

==Manteniment general d'articles==
{| class=wikitable sortable style=text-align:center width=85% align=center
! width=35% | Tasca a millorar  || Final QQ2012 || Dia 0 || Dia 7 || Dia 15 || Actual || Progrés || Balanç || width=20%| Padrins
|-
| [http://toolserver.org/~sk/cw/cawiki/index.htm Errors de Check Wikipedia] || bgcolor=Red|24935 || bgcolor=Red|22036 || bgcolor=red|11972 || bgcolor=red|9601 || 9601 || bgcolor=PaleGreen|-12435ref group=notaDurant la Quinzena es desactiva l'error 62 (aprox 10000)/ref || -56% || {{u|Solde}}
|-
| [[Viquipèdia:Enllaços incorrectes a pàgines de desambiguació|Enllaços incorrectes a pàgines de desambiguació]] || bgcolor=Red|29904 || bgcolor=Red|37253 || bgcolor=Red|37148 || bgcolor=Red|36830 || 36830 || bgcolor=PaleGreen|-318 || -1% || {{u|Castor}} {{u|MarisaLR}} {{u|Beusson}}
|-
| [[:Categoria:Articles que necessiten un expert|Articles que necessiten un expert]] || bgcolor=LemonChiffon|62 || bgcolor=LemonChiffon|75 || bgcolor=LemonChiffon|76 || bgcolor=LemonChiffon|74 || {{#expr:{{formatnum:{{PAGESINCATEGORY:Articles que necessiten un expert}}|R}}+{{formatnum:{{PAGESINCATEGORY:Articles que necessiten un expert des d'abril de 2013}}|R}}+{{formatnum:{{PAGESINCATEGORY:Articles que necessiten un expert des d'agost de 2013}}|R}}+{{formatnum:{{PAGESINCATEGORY:Articles que necessiten un expert des de novembre de 2013}}|R}}}} || bgcolor=PaleGreen|-1 || -0% ||
|-
| [[:Categoria:Articles amb enllaços interns per millorar|Articles amb enllaços interns per millorar]] || bgcolor=DarkOrange|169 || bgcolor=DarkOrange|159 || bgcolor=DarkOrange|131 || bgcolor=LemonChiffon|89 || {{#expr:{{formatnum:{{PAGESINCATEGORY:Articles amb enllaços interns per millorar}}|R}}+{{formatnum:{{PAGESINCATEGORY:Articles amb enllaços interns per millorar des d'abril de 2013}}|R}}+{{formatnum:{{PAGESINCATEGORY:Articles amb enllaços interns per millorar des d'agost de 2013}}|R}}+{{formatnum:{{PAGESINCATEGORY:Articles amb enllaços interns per millorar des de novembre de 2013}}|R}}+{{formatnum:{{PAGESINCATEGORY:Articles amb enllaços interns per millorar des de desembre de 2013}}|R}}}} || bgcolor=PaleGreen|-42 || -26% || {{u|kxont}}, {{u|QuimGil}} 
|- 
| [[:Categoria:Articles amb enllaços externs per revisar|Articles amb enllaços externs per revisar]] || bgcolor=PaleGreen|0 || bgcolor=LemonChiffon|76 || bgcolor=DarkOrange|511 || bgcolor=DarkOrange|518 || {{#expr:{{formatnum:{{PAGESINCATEGORY:Articles amb enllaços externs per revisar}}|R}}+{{formatnum:{{PAGESINCATEGORY:Articles amb enllaços externs per revisar des de gener de 2014}}|R}}+{{formatnum:{{PAGESINCATEGORY:Articles amb enllaços externs no actius}}|R}}+{{formatnum:{{PAGESINCATEGORY:Articles amb enllaços externs no actius}}|R}}+{{formatnum:{{PAGESINCATEGORY:Articles amb enllaços externs no actius des de novembre de 2013}}|R}}}} || bgcolor=DarkOrange|+442ref group=notaDurant la quinzena s'afegeixen els articles amb enllaços externs no actius (Aprox 400)/ref|| +582% || 
|- 
| [[:Categoria:Articles amb format per millorar|Articles amb format per millorar]] || bgcolor=DarkOrange|903 || bgcolor=DarkOrange|998 || bgcolor=red|1012 || bgcolor=DarkOrange|995 || {{#expr:{{formatnum:{{PAGESINCATEGORY:Articles amb format per millorar}}|R}}+{{formatnum:{{PAGESINCATEGORY:Articles amb format per millorar des d'abril de 2013}}|R}}+{{formatnum:{{PAGESINCATEGORY:Articles amb format per millorar des de maig de 2013}}|R}}+{{formatnum:{{PAGESINCATEGORY:Articles amb format per millorar des de juny de 2013}}|R}}+{{formatnum:{{PAGESINCATEGORY:Articles amb format per millorar des de juliol de 2013}}|R}}+{{formatnum:{{PAGESINCATEGORY:Articles amb format per millorar des d'agost de 2013}}|R}}+{{formatnum:{{PAGESINCATEGORY:Articles amb format per millorar des de setembre de 2013}}|R}}+{{formatnum:{{PAGESINCATEGORY:Articles amb format per millorar des d'octubre de 2013}}|R}}+{{formatnum:{{PAGESINCATEGORY:Articles amb format per millorar des de desembre de 2013}}|R}}}} || bgcolor=PaleGreen|-1 || -0% || {{u|Davidpar}}, {{u|Panotxa}}
|- 
| [[:Categoria:Articles amb estructura per millorar|Articles amb estructura per millorar]] || bgcolor=DarkOrange|356 || bgcolor=DarkOrange|376 || bgcolor=DarkOrange|374 || bgcolor=DarkOrange|354 || {{#expr:{{formatnum:{{PAGESINCATEGORY:Articles amb estructura per millorar}}|R}}+{{formatnum:{{PAGESINCATEGORY:Articles amb estructura per millorar des de novembre de 2012}}|R}}+{{formatnum:{{PAGESINCATEGORY:Articles amb estructura per millorar des de gener de 2013}}|R}}+{{formatnum:{{PAGESINCATEGORY:Articles amb estructura per millorar des de febrer de 2013}}|R}}+{{formatnum:{{PAGESINCATEGORY:Articles amb estructura per millorar des de març de 2013}}|R}}+{{formatnum:{{PAGESINCATEGORY:Articles amb estructura per millorar des d'abril de 2013}}|R}}+{{formatnum:{{PAGESINCATEGORY:Articles amb estructura per millorar des de maig de 2013}}|R}}+{{formatnum:{{PAGESINCATEGORY:Articles amb estructura per millorar des de juny de 2013}}|R}}+{{formatnum:{{PAGESINCATEGORY:Articles amb estructura per millorar des de juliol de 2013}}|R}}}} || bgcolor=PaleGreen|-22 || -6% ||{{u|amadalvarez}} 
|-
| [[:Categoria:Articles de gèneres sense llista d'espècies|Articles de gèneres sense llista d'espècies]] || bgcolor=DarkOrange|477 || bgcolor=DarkOrange|529 || bgcolor=DarkOrange|527 || bgcolor=DarkOrange|528 || {{PAGESINCATEGORY:Articles de gèneres sense llista d'espècies}} || bgcolor=PaleGreen|-1 || -0% ||
|-
| [[:Categoria:Articles amb traducció per millorar|Articles amb traducció per millorar]] || bgcolor=Red|3234 || bgcolor=Red|2254 || bgcolor=Red|2193 || bgcolor=Red|2127 || {{#expr:{{formatnum:{{PAGESINCATEGORY:Categoria:Articles amb traducció per millorar}}|R}}+{{formatnum:{{PAGESINCATEGORY:Articles amb traducció per millorar des de novembre de 2012}}|R}}+{{formatnum:{{PAGESINCATEGORY:Articles amb traducció per millorar des de desembre de 2012}}|R}}+{{formatnum:{{PAGESINCATEGORY:Articles amb traducció per millorar des de gener de 2013}}|R}}+{{formatnum:{{PAGESINCATEGORY:Articles amb traducció per millorar des de febrer de 2013}}|R}}+{{formatnum:{{PAGESINCATEGORY:Articles amb traducció per millorar des de març de 2013}}|R}}+{{formatnum:{{PAGESINCATEGORY:Articles amb traducció per millorar des d'abril de 2013}}|R}}+{{formatnum:{{PAGESINCATEGORY:Articles amb traducció per millorar des de juny de 2013}}|R}}+{{formatnum:{{PAGESINCATEGORY:Articles amb traducció per millorar des de juliol de 2013}}|R}}+{{formatnum:{{PAGESINCATEGORY:Articles amb traducció per millorar des de setembre de 2013}}|R}}+{{formatnum:{{PAGESINCATEGORY:Articles amb traducció per millorar des d'octubre de 2013}}|R}}}} || bgcolor=PaleGreen|-127 || -6% || {{u|Panotxa}}, {{u|Arnaugir}}, {{u|Catalunya1714}}
|-
| [[:Categoria:Articles amb redacció per millorar|Articles amb redacció per millorar]] || bgcolor=DarkOrange|114 || bgcolor=DarkOrange|123 || bgcolor=DarkOrange|124 || bgcolor=DarkOrange|128 || {{PIC|Articles amb redacció per millorar|Articles amb redacció per millorar des de novembre de 2012|Articles amb redacció per millorar des de desembre de 2012|Articles amb redacció per millorar des de gener de 2013|Articles amb redacció per millorar des de febrer de 2013|Articles amb redacció per millorar des de març de 2013|Articles amb redacció per millorar des d'abril de 2013|Articles amb redacció per millorar des de maig de 2013|Articles amb redacció per millorar des de juny de 2013|Articles amb redacció per millorar des de juliol de 2013|Articles amb redacció per millorar des d'agost de 2013}} || bgcolor=LemonChiffon|+5 || +4% ||
|-
| [[:Categoria:Articles sense referències|Articles sense referències]] || bgcolor=Red|5081 || bgcolor=Red|6876 || bgcolor=Red|6882 || bgcolor=Red|6797 || {{#expr:{{formatnum:{{PAGESINCATEGORY:Articles sense referències}}|R}}+{{formatnum:{{PAGESINCATEGORY:Articles sense referències des de novembre de 2012}}|R}}+{{formatnum:{{PAGESINCATEGORY:Articles sense referències des de desembre de 2012}}|R}}+{{formatnum:{{PAGESINCATEGORY:Articles sense referències des de gener de 2013}}|R}}+{{formatnum:{{PAGESINCATEGORY:Articles sense referències des de febrer de 2013}}|R}}+{{formatnum:{{PAGESINCATEGORY:Articles sense referències des de març de 2013}}|R}}+{{formatnum:{{PAGESINCATEGORY:Articles sense referències des d'abril de 2013}}|R}}+{{formatnum:{{PAGESINCATEGORY:Articles sense referències des de maig de 2013}}|R}}+{{formatnum:{{PAGESINCATEGORY:Articles sense referències des de juny de 2013}}|R}}+{{formatnum:{{PAGESINCATEGORY:Articles sense referències des de juliol de 2013}}|R}}+{{formatnum:{{PAGESINCATEGORY:Articles sense referències des d'agost de 2013}}|R}}+{{formatnum:{{PAGESINCATEGORY:Articles sense referències des de setembre de 2013}}|R}}+{{formatnum:{{PAGESINCATEGORY:Articles sense referències des d'octubre de 2013}}|R}}+{{formatnum:{{PAGESINCATEGORY:Articles sense referències des de novembre de 2013}}|R}}}} || bgcolor=PaleGreen|-79 || -1% ||{{u|Peer}}, {{u|Panotxa}}
|-
| [[:Categoria:Articles amb referències puntuals demanades|Articles amb referències puntuals demanades]] || bgcolor=Red|3740 || bgcolor=Red|2309 || bgcolor=Red|2246 || bgcolor=Red|2175 || {{#expr:{{formatnum:{{PAGESINCATEGORY:Articles amb referències puntuals demanades}}|R}}+{{formatnum:{{PAGESINCATEGORY:Articles amb referències puntuals demanades des de novembre de 2012}}|R}}+{{formatnum:{{PAGESINCATEGORY:Articles amb referències puntuals demanades des de setembre de 2013}}|R}}+{{formatnum:{{PAGESINCATEGORY:Articles amb referències puntuals demanades des d'octubre de 2013}}|R}}+{{formatnum:{{PAGESINCATEGORY:Articles amb referències puntuals demanades des de novembre de 2013}}|R}}}} || bgcolor=PaleGreen|-134 || -6% || {{u|Panotxa}}, {{u|Davidpar}}
|-
| [[:Categoria:Articles amb referències per millorar|Articles amb referències per millorar]] || bgcolor=Red|1638 || bgcolor=Red|1710 || bgcolor=Red|1687 || bgcolor=Red|1654 || {{#expr:{{formatnum:{{PAGESINCATEGORY:Articles amb referències per millorar}}|R}}+{{formatnum:{{PAGESINCATEGORY:Articles amb referències per millorar des de novembre de 2012}}|R}}+{{formatnum:{{PAGESINCATEGORY:Articles amb referències per millorar des de desembre de 2012}}|R}}+{{formatnum:{{PAGESINCATEGORY:Articles amb referències per millorar des de gener de 2013}}|R}}+{{formatnum:{{PAGESINCATEGORY:Articles amb referències per millorar des de febrer de 2013}}|R}}+{{formatnum:{{PAGESINCATEGORY:Articles amb referències per millorar des de març de 2013}}|R}}+{{formatnum:{{PAGESINCATEGORY:Articles amb referències per millorar des d'abril de 2013}}|R}}+{{formatnum:{{PAGESINCATEGORY:Articles amb referències per millorar des de maig de 2013}}|R}}+{{formatnum:{{PAGESINCATEGORY:Articles amb referències per millorar des de juny de 2013}}|R}}+{{formatnum:{{PAGESINCATEGORY:Articles amb referències per millorar des de juliol de 2013}}|R}}+{{formatnum:{{PAGESINCATEGORY:Articles amb referències per millorar des d'agost de 2013}}|R}}+{{formatnum:{{PAGESINCATEGORY:Articles amb referències per millorar des de setembre de 2013}}|R}}+{{formatnum:{{PAGESINCATEGORY:Articles amb referències per millorar des d'octubre de 2013}}|R}}+{{formatnum:{{PAGESINCATEGORY:Articles amb referències per millorar des de novembre de 2013}}|R}}}} || bgcolor=PaleGreen|-56 || -3% ||
|-
| [[:Categoria:Articles mancats de referències sobre la seva admissibilitat|Articles mancats de referències sobre la seva admissibilitat]] || bgcolor=Red|1374 || bgcolor=Red|1414 || bgcolor=Red|1395 || bgcolor=Red|1363 || {{#expr:{{formatnum:{{PAGESINCATEGORY:Articles mancats de referències sobre la seva admissibilitat}}|R}}+{{formatnum:{{PAGESINCATEGORY:Articles mancats de referències sobre la seva admissibilitat des de novembre de 2012}}|R}}+{{formatnum:{{PAGESINCATEGORY:Articles mancats de referències sobre la seva admissibilitat des de desembre de 2012}}|R}}+{{formatnum:{{PAGESINCATEGORY:Articles mancats de referències sobre la seva admissibilitat des de gener de 2013}}|R}}+{{formatnum:{{PAGESINCATEGORY:Articles mancats de referències sobre la seva admissibilitat des de febrer de 2013}}|R}}+{{formatnum:{{PAGESINCATEGORY:Articles mancats de referències sobre la seva admissibilitat des de març de 2013}}|R}}+{{formatnum:{{PAGESINCATEGORY:Articles mancats de referències sobre la seva admissibilitat des d'abril de 2013}}|R}}+{{formatnum:{{PAGESINCATEGORY:Articles mancats de referències sobre la seva admissibilitat des de maig de 2013}}|R}}+{{formatnum:{{PAGESINCATEGORY:Articles mancats de referències sobre la seva admissibilitat des de juny de 2013}}|R}}+{{formatnum:{{PAGESINCATEGORY:Articles mancats de referències sobre la seva admissibilitat des de juliol de 2013}}|R}}+{{formatnum:{{PAGESINCATEGORY:Articles mancats de referències sobre la seva admissibilitat des d'agost de 2013}}|R}}}} || bgcolor=PaleGreen|-51 || -4% || {{u|KRLS}}
|-
| [[:Categoria:Articles orfes|Articles orfes]] || bgcolor=Red|2719 || bgcolor=Red|3481 || bgcolor=Red|3492 || bgcolor=Red|3473 || {{#expr:{{formatnum:{{PAGESINCATEGORY:Articles orfes}}|R}}+{{formatnum:{{PAGESINCATEGORY:Articles orfes des de juny de 2013}}|R}}+{{formatnum:{{PAGESINCATEGORY:Articles orfes des de juliol de 2013}}|R}}+{{formatnum:{{PAGESINCATEGORY:Articles orfes des d'agost de 2013}}|R}}}} || bgcolor=PaleGreen|-8 || -0% || {{u|Miquel Girones}}
|-
| [[:Categoria:Articles obsolets|Articles obsolets]] || bgcolor=DarkOrange|183 || bgcolor=DarkOrange|273 || bgcolor=DarkOrange|274 || bgcolor=DarkOrange|271 || {{#expr:{{formatnum:{{PAGESINCATEGORY:Articles obsolets}}|R}}+{{formatnum:{{PAGESINCATEGORY:Articles obsolets des de novembre de 2012}}|R}}+{{formatnum:{{PAGESINCATEGORY:Articles obsolets des de desembre de 2012}}|R}}+{{formatnum:{{PAGESINCATEGORY:Articles obsolets des de febrer de 2013}}|R}}+{{formatnum:{{PAGESINCATEGORY:Articles obsolets des d'abril de 2013}}|R}}+{{formatnum:{{PAGESINCATEGORY:Articles obsolets des de juny de 2013}}|R}}+{{formatnum:{{PAGESINCATEGORY:Articles obsolets des de juliol de 2013}}|R}}+{{formatnum:{{PAGESINCATEGORY:Articles obsolets des de novembre de 2013}}|R}}+{{formatnum:{{PAGESINCATEGORY:Articles obsolets des de desembre de 2013}}|R}}}} || bgcolor=PaleGreen|-2 || -0% ||
|-
| [[:Categoria:Articles amb ortografia per millorar|Articles amb ortografia per millorar]] || bgcolor=DarkOrange|417 || bgcolor=DarkOrange|409 || bgcolor=DarkOrange|405 || bgcolor=DarkOrange|405 || {{#expr:{{formatnum:{{PAGESINCATEGORY:Articles amb ortografia per millorar}}|R}}+{{formatnum:{{PAGESINCATEGORY:Categoria:Articles per millorar-ne l'ortografia}}|R}}+{{formatnum:{{PAGESINCATEGORY:Articles amb ortografia per millorar des d'abril de 2013}}|R}}+{{formatnum:{{PAGESINCATEGORY:Articles amb ortografia per millorar des de maig de 2013}}|R}}+{{formatnum:{{PAGESINCATEGORY:Articles amb ortografia per millorar des de juny de 2013}}|R}}+{{formatnum:{{PAGESINCATEGORY:Articles amb ortografia per millorar des de juliol de 2013}}|R}}+{{formatnum:{{PAGESINCATEGORY:Articles amb ortografia per millorar des d'agost de 2013}}|R}}}} || bgcolor=PaleGreen|-4 || -1% || {{u|Arnaugir}}
|-
| [[:Categoria:Articles amb text per millorar|Articles amb text per millorar]] || bgcolor=DarkOrange|215 || bgcolor=DarkOrange|246 || bgcolor=DarkOrange|247 || bgcolor=DarkOrange|243 || {{#expr:{{formatnum:{{PAGESINCATEGORY:Articles amb text per millorar}}|R}}+{{formatnum:{{PAGESINCATEGORY:Articles amb text per millorar des de novembre de 2012}}|R}}+{{formatnum:{{PAGESINCATEGORY:Articles amb text per millorar des d'abril de 2013}}|R}}+{{formatnum:{{PAGESINCATEGORY:Articles amb text per millorar des de maig de 2013}}|R}}+{{formatnum:{{PAGESINCATEGORY:Articles amb text per millorar des de desembre de 2013}}|R}}}} || bgcolor=PaleGreen|-3 || -1% ||
|-
| [[:Categoria:Articles amb bibliografia per millorar|Articles amb bibliografia per millorar]] || No avaluada || bgcolor=LemonChiffon|26 || bgcolor=LemonChiffon|19 || bgcolor=PaleGreen|7 || {{#expr:{{formatnum:{{PAGESINCATEGORY:Articles amb bibliografia per millorar}}|R}}+{{formatnum:{{PAGESINCATEGORY:Articles amb bibliografia per millorar des d'abril de 2013}}|R}}+{{formatnum:{{PAGESINCATEGORY:Categoria:Articles amb bibliografia per millorar des de maig de 2013}}|R}}}} || bgcolor=PaleGreen|-19 || -73% ||
|-
| [[:Categoria:Articles incomplets|Articles incomplets]] || bgcolor=DarkOrange|200 || bgcolor=DarkOrange|255 || bgcolor=DarkOrange|256 || bgcolor=DarkOrange|242 || {{#expr:{{formatnum:{{PAGESINCATEGORY:Articles incomplets}}|R}}+{{formatnum:{{PAGESINCATEGORY:Articles amb infotaules amb codi ATC no especificat‎}}|R}}+{{formatnum:{{PAGESINCATEGORY:Productes químics que necessiten un número de registre CAS}}|R}}+{{formatnum:{{PAGESINCATEGORY:Articles incomplets des de desembre de 2012}}|R}}+{{formatnum:{{PAGESINCATEGORY: Articles incomplets des d'abril de 2013‎}}|R}}+{{formatnum:{{PAGESINCATEGORY: Articles incomplets des de maig de 2013‎}}|R}}+{{formatnum:{{PAGESINCATEGORY: Articles incomplets des de juny de 2013‎}}|R}}+{{formatnum:{{PAGESINCATEGORY: Articles incomplets des de juliol de 2013‎}}|R}}+{{formatnum:{{PAGESINCATEGORY: Articles incomplets des d'agost de 2013‎}}|R}}}} || bgcolor=PaleGreen|-13 || -5% || 
|-
| [[:Categoria:Llistes incompletes|Llistes incompletes ]] || bgcolor=LemonChiffon|22 || bgcolor=LemonChiffon|27 || bgcolor=LemonChiffon|26 || bgcolor=LemonChiffon|26 || {{PAGESINCATEGORY:Llistes incompletes}} || bgcolor=PaleGreen|-1 || -4% ||
|-
| [[:Categoria:Articles per millorar-ne la introducció|Articles per millorar-ne la introducció]] || bgcolor=DarkOrange|509 || bgcolor=DarkOrange|591 || bgcolor=DarkOrange|555 || bgcolor=DarkOrange|460 || {{PAGESINCATEGORY:Articles per millorar-ne la introducció}} || bgcolor=PaleGreen|-131 || -22% ||{{u|amadalvarez}}
|-
| [[:Categoria:Articles amb contingut evasiu|Articles amb contingut evasiu]] || bgcolor=DarkOrange|327 || bgcolor=DarkOrange|335 || bgcolor=DarkOrange|337 || bgcolor=DarkOrange|328 || {{#expr:{{formatnum:{{PAGESINCATEGORY:Articles amb contingut evasiu}}|R}}+{{formatnum:{{PAGESINCATEGORY:Articles amb contingut evasiu des de febrer de 2013}}|R}}+{{formatnum:{{PAGESINCATEGORY:Articles amb contingut evasiu des d'abril de 2013}}|R}}+{{formatnum:{{PAGESINCATEGORY:Articles amb contingut evasiu des de maig de 2013}}|R}}+{{formatnum:{{PAGESINCATEGORY:Articles amb contingut evasiu des de juny de 2013}}|R}}+{{formatnum:{{PAGESINCATEGORY:Articles amb contingut evasiu des de juliol de 2013}}|R}}}} || bgcolor=PaleGreen|-7 || -2% || 
|-
| [[:Categoria:Articles d'actualitat antics|Articles d'actualitat antics]] || bgcolor=PaleGreen|2 || bgcolor=LemonChiffon|30 || bgcolor=LemonChiffon|12 || bgcolor=PaleGreen|9 || {{PAGESINCATEGORY:Articles d'actualitat antics}} || bgcolor=PaleGreen|-21 || -70% || {{u|Arnaugir}}
|-
| [[:Categoria:Articles discutits|Articles discutits]] || bgcolor=LemonChiffon|38 || bgcolor=LemonChiffon|38 || bgcolor=LemonChiffon|38 || bgcolor=LemonChiffon|35 || {{PAGESINCATEGORY:Articles discutits}} || bgcolor=PaleGreen|-3 || -8% ||
|-
| [[:Categoria:Articles inacabats|Articles inacabats]] || bgcolor=DarkOrange|313 || bgcolor=DarkOrange|416 || bgcolor=DarkOrange|269 || bgcolor=DarkOrange|162 || {{#expr:{{formatnum:{{PAGESINCATEGORY:Articles inacabats}}|R}}+{{formatnum:{{PAGESINCATEGORY:Articles inacabats des de setembre de 2013}}|R}}}} || bgcolor=PaleGreen|-254 || -61% || {{u|Catalunya1714}} i {{u|Kippelboy}}
|-
| [[:Categoria:Articles per desambiguar|Articles per desambiguar]] ||bgcolor=LemonChiffon|30 || bgcolor=LemonChiffon|37 || bgcolor=LemonChiffon|37 || bgcolor=LemonChiffon|37 || {{#expr:{{formatnum:{{PAGESINCATEGORY:Articles per desambiguar}}|R}}+{{formatnum:{{PAGESINCATEGORY: Articles per desambiguar des d'abril de 2013‎}}|R}}+{{formatnum:{{PAGESINCATEGORY:Articles per desambiguar des de maig de 2013}}|R}}}} || = || = || {{u|Arnaugir}}
|-
| [[:Categoria:Articles per fusionar|Articles per fusionar]] || bgcolor=Red|1356 || bgcolor=Red|2313 || bgcolor=Red|2239 || bgcolor=Red|2178 || {{#expr:{{formatnum:{{PAGESINCATEGORY:Articles per fusionar}}|R}}+{{formatnum:{{PAGESINCATEGORY:Articles per fusionar des d'abril de 2013‎}}|R}}+{{formatnum:{{PAGESINCATEGORY:Articles per fusionar des de maig de 2013‎}}|R}}+{{formatnum:{{PAGESINCATEGORY:Articles per fusionar des de desembre de 2013‎}}|R}}}} || bgcolor=PaleGreen|-135 || -6% || 
{{u|amadalvarez}}, {{u|Paucabot}}, {{u|Panotxa}}
|-
| [[:Categoria:Drets d'autor a revisar|Drets d'autor a revisar]] || bgcolor=PaleGreen|6 || bgcolor=LemonChiffon|15 || bgcolor=LemonChiffon|15 || bgcolor=PaleGreen|5 || {{PAGESINCATEGORY:Drets d'autor a revisar}} || bgcolor=PaleGreen|-10 || -67% ||
|-
| [[:Categoria:Pendent|Pendent]] ||bgcolor=LemonChiffon|16 || bgcolor=LemonChiffon|16 || bgcolor=LemonChiffon|16 || bgcolor=LemonChiffon|16 || {{PAGESINCATEGORY:Pendent}} || = || = ||
|-
| [[:Categoria:Articles no neutrals|Articles no neutrals]] ||bgcolor=DarkOrange|161 || bgcolor=DarkOrange|161 || bgcolor=DarkOrange|163 || bgcolor=DarkOrange|154 || {{#expr:{{formatnum:{{PAGESINCATEGORY:Articles no neutrals}}|R}}+{{formatnum:{{PAGESINCATEGORY:Articles no neutrals des d'abril de 2013}}|R}}}} || bgcolor=PaleGreen|-7 || -4% ||
|-
| [[:Categoria:Pàgines creades per bot pendents de revisar|Articles creats per bot pendents de revisar]] || No avaluat || bgcolor=DarkOrange|153 || bgcolor=LemonChiffon|58 || bgcolor=LemonChiffon|26 || {{PAGESINCATEGORY:Pàgines creades per bot pendents de revisar}} || bgcolor=PaleGreen|-95ref group=notaresten 26 pàgs. d'usuari/ref || -62%   ||{{u|amadalvarez}} {{u|Kippelboy}} {{u|Arnaugir}}
|}

==Esborranys==
{| class=wikitable sortable style=text-align:center width=85% align=center
! width=35% | Tasca a millorar  || Final QQ2012 || Dia 0 || Dia 7 || Dia 15 || Actual || Progrés || Balanç || width=20%| Padrins
|-
| [[:Categoria:Esborranys|Esborranys]] || bgcolor=DarkOrange|630 || bgcolor=Red|23601 || bgcolor=Red|23573 || bgcolor=Red|23538 || {{#expr:{{formatnum:{{PAGESINCATEGORY:Esborranys}}|R}}+{{formatnum:{{PAGESINCATEGORY:Esborranys d'art}}|R}}+{{formatnum:{{PAGESINCATEGORY:Esborranys d'arquitectura‎}}|R}}+{{formatnum:{{PAGESINCATEGORY:Esborranys de museus‎}}|R}}+{{formatnum:{{PAGESINCATEGORY:Categoria:Esborranys de cinema‎}}|R}}+{{formatnum:{{PAGESINCATEGORY:Esborranys de pel·lícules}}|R}}+{{formatnum:{{PAGESINCATEGORY:Esborranys de pintura‎}}|R}}+{{formatnum:{{PAGESINCATEGORY:Esborranys d'astrologia‎}}|R}}+{{formatnum:{{PAGESINCATEGORY:Esborranys de biografies}}|R}}+{{formatnum:{{PAGESINCATEGORY:Esborranys d'escriptors}}|R}}+{{formatnum:{{PAGESINCATEGORY:Esborranys d'actors‎}}|R}}+{{formatnum:{{PAGESINCATEGORY:Esborranys de ciclistes‎}}|R}}+{{formatnum:{{PAGESINCATEGORY:Esborranys de científics}}|R}}+{{formatnum:{{PAGESINCATEGORY:Esborranys de futbolistes}}|R}}+{{formatnum:{{PAGESINCATEGORY:Esborranys de músics}}|R}}+{{formatnum:{{PAGESINCATEGORY:Esborranys de filòsofs}}|R}}+{{formatnum:{{PAGESINCATEGORY:Esborranys de sociòlegs}}|R}}+{{formatnum:{{PAGESINCATEGORY:Esborranys de reialesa}}|R}}+{{formatnum:{{PAGESINCATEGORY:Esborranys de africans}}|R}}+{{formatnum:{{PAGESINCATEGORY:Esborranys d'americans}}|R}}+{{formatnum:{{PAGESINCATEGORY:Esborranys de canadencs}}|R}}+{{formatnum:{{PAGESINCATEGORY:Esborranys d'estatunidencs}}|R}}+{{formatnum:{{PAGESINCATEGORY:Esborranys d'uruguaians}}|R}}+{{formatnum:{{PAGESINCATEGORY:Esborranys d'asiàtics}}|R}}+{{formatnum:{{PAGESINCATEGORY:Esborranys d'azerbaidjanesos‎}}|R}}+{{formatnum:{{PAGESINCATEGORY:Esborranys de perses}}|R}}+{{formatnum:{{PAGESINCATEGORY:Esborranys d'europeus}}|R}}+{{formatnum:{{PAGESINCATEGORY:Esborranys d'alemanys}}|R}}+{{formatnum:{{PAGESINCATEGORY:Esborranys d'austrícacs}}|R}}+{{formatnum:{{PAGESINCATEGORY:Esborranys d'anglesos}}|R}}+{{formatnum:{{PAGESINCATEGORY:Esborranys de bascos}}|R}}+{{formatnum:{{PAGESINCATEGORY:Esborranys de belgues}}|R}}+{{formatnum:{{PAGESINCATEGORY:Esborranys de catalans}}|R}}+{{formatnum:{{PAGESINCATEGORY:Esborranys de comtes catalans}}|R}}+{{formatnum:{{PAGESINCATEGORY:Esborranys de biografies de l'antiga Grècia}}|R}}+{{formatnum:{{PAGESINCATEGORY:Esborranys d'espanyols}}|R}}+{{formatnum:{{PAGESINCATEGORY:Esborranys de francesos‎}}|R}}+{{formatnum:{{PAGESINCATEGORY:Esborranys de gal·lesos‎}}|R}}+{{formatnum:{{PAGESINCATEGORY:Esborranys d'italians‎}}|R}}+{{formatnum:{{PAGESINCATEGORY:Esborranys de mallorquins‎}}|R}}+{{formatnum:{{PAGESINCATEGORY:Esborranys de portuguesos‎‎}}|R}}+{{formatnum:{{PAGESINCATEGORY:Esborranys de soviètics‎}}|R}}+{{formatnum:{{PAGESINCATEGORY:Esborranys de valencians‎}}|R}}+{{formatnum:{{PAGESINCATEGORY:Esborranys d'oceànics‎}}|R}}+{{formatnum:{{PAGESINCATEGORY:Esborranys d'àrabs‎}}|R}}+{{formatnum:{{PAGESINCATEGORY:Esborranys de ciència}}|R}}+{{formatnum:{{PAGESINCATEGORY:Esborranys d'astronomia}}|R}}+{{formatnum:{{PAGESINCATEGORY:Esborranys d'estrelles}}|R}}+{{formatnum:{{PAGESINCATEGORY:Esborranys de planetes}}|R}}+{{formatnum:{{PAGESINCATEGORY:Esborranys de sondes espacials}}|R}}+{{formatnum:{{PAGESINCATEGORY:Esborranys de biologia}}|R}}+{{formatnum:{{PAGESINCATEGORY:Esborranys de bacteriologia}}|R}}+{{formatnum:{{PAGESINCATEGORY:Esborranys de bioquímica}}|R}}+{{formatnum:{{PAGESINCATEGORY:Esborranys de metabolisme‎}}|R}}+{{formatnum:{{PAGESINCATEGORY:Esborranys de biotecnologia‎‎}}|R}}+{{formatnum:{{PAGESINCATEGORY:Esborranys d'ecologia‎}}|R}}+{{formatnum:{{PAGESINCATEGORY:Esborranys de fauna‎}}|R}}+{{formatnum:{{PAGESINCATEGORY:Esborranys de cefalòpodes‎‎‎}}|R}}+{{formatnum:{{PAGESINCATEGORY:Esborranys d'amfibis‎}}|R}}+{{formatnum:{{PAGESINCATEGORY:Esborranys d'amfibis prehistòrics‎‎}}|R}}+{{formatnum:{{PAGESINCATEGORY:Esborranys d'artròpodes‎}}|R}}+{{formatnum:{{PAGESINCATEGORY:Esborranys de mamífers‎}}|R}}+{{formatnum:{{PAGESINCATEGORY:Esborranys d'euteris}}|R}}+{{formatnum:{{PAGESINCATEGORY:Esborranys d'afrosorícids‎}}|R}}+{{formatnum:{{PAGESINCATEGORY:Esborranys d'afroteris‎}}|R}}+{{formatnum:{{PAGESINCATEGORY:Esborranys d'artiodàctils‎}}|R}}+{{formatnum:{{PAGESINCATEGORY:Esborranys de cetacis‎}}|R}}+{{formatnum:{{PAGESINCATEGORY:Esborranys de carnívors‎}}|R}}+{{formatnum:{{PAGESINCATEGORY:Esborranys de carnívors prehistòrics‎‎‎}}|R}}+{{formatnum:{{PAGESINCATEGORY:Esborranys de gossos}}|R}}+{{formatnum:{{PAGESINCATEGORY:Esborranys d'erinaceomorfs‎}}|R}}+{{formatnum:{{PAGESINCATEGORY:Esborranys de lagomorfs‎‎‎‎}}|R}}+{{formatnum:{{PAGESINCATEGORY:Esborranys de musaranyes elefant‎‎}}|R}}+{{formatnum:{{PAGESINCATEGORY:Esborranys de pangolins‎‎‎}}|R}}+{{formatnum:{{PAGESINCATEGORY:Esborranys de perissodàctils prehistòrics‎}}|R}}+{{formatnum:{{PAGESINCATEGORY:Esborranys de perissodàctils‎}}|R}}+{{formatnum:{{PAGESINCATEGORY:Esborranys de primats‎}}|R}}+{{formatnum:{{PAGESINCATEGORY:Esborranys primats prehistòrics‎}}|R}}+{{formatnum:{{PAGESINCATEGORY:Esborranys de proboscidis prehistòrics‎}}|R}}+{{formatnum:{{PAGESINCATEGORY:Esborranys de ratpenats‎‎}}|R}}+{{formatnum:{{PAGESINCATEGORY:Esborranys de rosegadors‎‎‎}}|R}}+{{formatnum:{{PAGESINCATEGORY:Esborranys de rosegadors prehistòrics‎}}|R}}+{{formatnum:{{PAGESINCATEGORY:Esborranys de soricomorfs‎}}|R}}+{{formatnum:{{PAGESINCATEGORY:Esborranys de tupaies‎‎‎‎}}|R}}+{{formatnum:{{PAGESINCATEGORY:Esborranys de xenartres‎}}|R}}+{{formatnum:{{PAGESINCATEGORY:Esborranys de xenartres prehistòrics‎‎}}|R}}+{{formatnum:{{PAGESINCATEGORY:Esborranys de mamífers prehistòrics‎‎}}|R}}+{{formatnum:{{PAGESINCATEGORY:Esborranys d'artiodàctils prehistòrics‎‎}}|R}}+{{formatnum:{{PAGESINCATEGORY:Esborranys de condilartres}}|R}}+{{formatnum:{{PAGESINCATEGORY:Esborranys de litopterns‎‎}}|R}}+{{formatnum:{{PAGESINCATEGORY:Esborranys de mesonics‎‎}}|R}}+{{formatnum:{{PAGESINCATEGORY:Esborranys de metateris prehistòrics‎}}|R}}+{{formatnum:{{PAGESINCATEGORY:Esborranys de meridiungulats‎‎}}|R}}+{{formatnum:{{PAGESINCATEGORY:Esborranys d'opòssums‎}}|R}}+{{formatnum:{{PAGESINCATEGORY:Esborranys de dasiüromorfs‎ }}|R}}+{{formatnum:{{PAGESINCATEGORY:Esborranys de peramelemorfs‎‎}}|R}}+{{formatnum:{{PAGESINCATEGORY:Esborranys de pòssums‎}}|R}}+{{formatnum:{{PAGESINCATEGORY:Esborranys de cultura}}|R}}+{{formatnum:{{PAGESINCATEGORY:Esborranys de mitologia‎‎}}|R}}+{{formatnum:{{PAGESINCATEGORY:Esborranys de mitologia grega}}|R}}+{{formatnum:{{PAGESINCATEGORY:Esborranys de mitologia romana}}|R}}+{{formatnum:{{PAGESINCATEGORY:Esborranys de dret}}|R}}+{{formatnum:{{PAGESINCATEGORY:Esborranys d'economia}}|R}}+{{formatnum:{{PAGESINCATEGORY:Esborranys d'entitats financeres}}|R}}+{{formatnum:{{PAGESINCATEGORY:Esborranys d'empreses}}|R}}+{{formatnum:{{PAGESINCATEGORY:Esborranys d'educació}}|R}}+{{formatnum:{{PAGESINCATEGORY:Esborranys d'educació física}}|R}}+{{formatnum:{{PAGESINCATEGORY:Esborranys d'educació superior}}|R}}+{{formatnum:{{PAGESINCATEGORY:Esborranys d'educació en el lleure}}|R}}+{{formatnum:{{PAGESINCATEGORY:Esborranys d'escoltisme‎}}|R}}+{{formatnum:{{PAGESINCATEGORY:Esborranys d'universitats}}|R}}+{{formatnum:{{PAGESINCATEGORY:Esborranys d'esports}}|R}}+{{formatnum:{{PAGESINCATEGORY:Esborranys d'alpinisme‎}}|R}}+{{formatnum:{{PAGESINCATEGORY:Esborranys d'atletisme‎}}|R}}+{{formatnum:{{PAGESINCATEGORY:Esborranys d'educació en el lleure}}|R}}+{{formatnum:{{PAGESINCATEGORY:Esborranys d'escoltisme‎}}|R}}+{{formatnum:{{PAGESINCATEGORY:Esborranys d'universitats}}|R}}+{{formatnum:{{PAGESINCATEGORY:Esborranys d'esports}}|R}}+{{formatnum:{{PAGESINCATEGORY:Esborranys d'alpinisme‎}}|R}}+{{formatnum:{{PAGESINCATEGORY:Esborranys d'escacs}}|R}}+{{formatnum:{{PAGESINCATEGORY:Esborranys d'estadis‎}}|R}}+{{formatnum:{{PAGESINCATEGORY:Esborranys de Fórmula 1‎‎}}|R}}+{{formatnum:{{PAGESINCATEGORY:Esborranys de motociclisme‎}}|R}}+{{formatnum:{{PAGESINCATEGORY:Esborranys de tennis‎‎}}|R}}+{{formatnum:{{PAGESINCATEGORY:Esborranys d'esports d'equip}}|R}}+{{formatnum:{{PAGESINCATEGORY:Esborranys de bàsquet‎}}|R}}+{{formatnum:{{PAGESINCATEGORY:Esborranys de rugbi‎}}|R}}+{{formatnum:{{PAGESINCATEGORY:Esborranys de futbol}}|R}}+{{formatnum:{{PAGESINCATEGORY:Esborranys de futbol americà‎‎}}|R}}+{{formatnum:{{PAGESINCATEGORY:Esborranys d'handbol‎‎‎}}|R}}+{{formatnum:{{PAGESINCATEGORY:Esborranys d'hoquei sobre patins‎}}|R}}+{{formatnum:{{PAGESINCATEGORY:Esborranys de pilota basca‎‎‎}}|R}}+{{formatnum:{{PAGESINCATEGORY:Esborranys de pilota valenciana‎}}|R}}+{{formatnum:{{PAGESINCATEGORY:Esborranys de filosofia‎‎‎}}|R}}+{{formatnum:{{PAGESINCATEGORY:Esborranys de gastronomia‎}}|R}}+{{formatnum:{{PAGESINCATEGORY:Esborranys de rebosteria i enfornat‎‎‎}}|R}}+{{formatnum:{{PAGESINCATEGORY:Esborranys de pilota valenciana‎}}|R}}+{{formatnum:{{PAGESINCATEGORY:Esborranys d'Oceania}}|R}}+{{formatnum:{{PAGESINCATEGORY:Esborranys d'oceànics}}|R}}+{{formatnum:{{PAGESINCATEGORY:Esborranys d'africans}}|R}}+{{formatnum:{{PAGESINCATEGORY:Esborranys d'Algèria}}|R}}+{{formatnum:{{PAGESINCATEGORY:Esborranys d'Egipte}}|R}}+{{formatnum:{{PAGESINCATEGORY:Esborranys de Kenya}}|R}}+{{formatnum:{{PAGESINCATEGORY:Esborranys del Marroc}}|R}}+{{formatnum:{{PAGESINCATEGORY:Esborranys del Sàhara Occidental}}|R}}+{{formatnum:{{PAGESINCATEGORY:Esborranys del Sudan}}|R}}+{{formatnum:{{PAGESINCATEGORY:Esborranys d'Europa}}|R}}+{{formatnum:{{PAGESINCATEGORY:Esborranys d'Alemanya}}|R}}+{{formatnum:{{PAGESINCATEGORY:Esborranys d'Àustria}}|R}}+{{formatnum:{{PAGESINCATEGORY:Esborranys de Bielorússia}}|R}}+{{formatnum:{{PAGESINCATEGORY:Esborranys de Bulgària}}|R}}+{{formatnum:{{PAGESINCATEGORY:Esborranys de Bèlgica}}|R}}+{{formatnum:{{PAGESINCATEGORY:Esborranys de Croàcia}}|R}}+{{formatnum:{{PAGESINCATEGORY:Esborranys de Dinamarca}}|R}}+{{formatnum:{{PAGESINCATEGORY:Esborranys d'Eslovènia}}|R}}+{{formatnum:{{PAGESINCATEGORY:Esborranys d'Eslovènia}}|R}}+{{formatnum:{{PAGESINCATEGORY:Esborranys d'Espanya}}|R}}+{{formatnum:{{PAGESINCATEGORY:Esborranys d'Andalusia}}|R}}+{{formatnum:{{PAGESINCATEGORY:Esborranys de la província d'Almeria‎}}|R}}+{{formatnum:{{PAGESINCATEGORY:Esborranys de la província de Cadis‎}}|R}}+{{formatnum:{{PAGESINCATEGORY:Esborranys de la província de Granada‎}}|R}}+{{formatnum:{{PAGESINCATEGORY:Esborranys de la província de Jaén}}|R}}+{{formatnum:{{PAGESINCATEGORY:Esborranys d'Aragó}}|R}}+{{formatnum:{{PAGESINCATEGORY:Esborranys de la província d'Osca‎}}|R}}+{{formatnum:{{PAGESINCATEGORY:Esborranys de la província de Saragossa‎‎}}|R}}+{{formatnum:{{PAGESINCATEGORY:Esborranys de Terol}}|R}}+{{formatnum:{{PAGESINCATEGORY:Esborranys de Cantàbria‎}}|R}}+{{formatnum:{{PAGESINCATEGORY:Esborranys de Castella - la Manxa‎}}|R}}+{{formatnum:{{PAGESINCATEGORY:Esborranys de Castella i Lleó‎}}|R}}+{{formatnum:{{PAGESINCATEGORY:Esborranys de la Comunitat de Madrid‎‎}}|R}}+{{formatnum:{{PAGESINCATEGORY:Esborranys d'Extremadura}}|R}}+{{formatnum:{{PAGESINCATEGORY:Esborranys de la província de Badajoz‎}}|R}}+{{formatnum:{{PAGESINCATEGORY:Esborranys de la província de Càceres}}|R}}+{{formatnum:{{PAGESINCATEGORY:Esborranys de Galícia}}|R}}+{{formatnum:{{PAGESINCATEGORY:Esborranys de Múrcia}}|R}}+{{formatnum:{{PAGESINCATEGORY:Esborranys del País Basc}}|R}}+{{formatnum:{{PAGESINCATEGORY:Esborranys d'Estònia}}|R}}+{{formatnum:{{PAGESINCATEGORY:Esborranys de Finlàndia}}|R}}+{{formatnum:{{PAGESINCATEGORY:Esborranys de França‎}}|R}}+{{formatnum:{{PAGESINCATEGORY:Esborranys de l'Alta Garona‎}}|R}}+{{formatnum:{{PAGESINCATEGORY:Esborranys de l'Aquitània‎}}|R}}+{{formatnum:{{PAGESINCATEGORY:Esborranys de l'Aude‎}}|R}}+{{formatnum:{{PAGESINCATEGORY:Esborranys de la Baixa Normandia‎}}|R}}+{{formatnum:{{PAGESINCATEGORY:Esborranys de la Catalunya del Nord‎}}|R}}+{{formatnum:{{PAGESINCATEGORY:Esborranys del districte de Perpinyà‎}}|R}}+{{formatnum:{{PAGESINCATEGORY:Esborranys de l'Erau‎‎}}|R}}+{{formatnum:{{PAGESINCATEGORY:Esborranys del Franc Comtat‎‎}}|R}}+{{formatnum:{{PAGESINCATEGORY:Esborranys del Gard‎‎}}|R}}+{{formatnum:{{PAGESINCATEGORY:Esborranys d'història de França‎‎}}|R}}+{{formatnum:{{PAGESINCATEGORY:Esborranys de l'Illa de França‎‎}}|R}}+{{formatnum:{{PAGESINCATEGORY:Esborranys de Mayenne‎‎}}|R}}+{{formatnum:{{PAGESINCATEGORY:Esborranys del Nord‎}}|R}}+{{formatnum:{{PAGESINCATEGORY:Esborranys de l'Erau‎‎}}|R}}+{{formatnum:{{PAGESINCATEGORY:Esborranys del Franc Comtat‎‎}}|R}}+{{formatnum:{{PAGESINCATEGORY:Esborranys del Pas de Calais‎‎‎}}|R}}+{{formatnum:{{PAGESINCATEGORY:Esborranys de la Picardia‎‎‎}}|R}}+{{formatnum:{{PAGESINCATEGORY:Esborranys de Poitou-Charentes‎}}|R}}+{{formatnum:{{PAGESINCATEGORY:Esborranys d'història}}|R}}+{{formatnum:{{PAGESINCATEGORY:Esborranys d'història d'Amèrica‎‎‎‎}}|R}}+{{formatnum:{{PAGESINCATEGORY:Esborranys de jaciments‎‎}}|R}}+{{formatnum:{{PAGESINCATEGORY:Esborranys d'història d'Europa‎‎‎‎‎}}|R}}+{{formatnum:{{PAGESINCATEGORY:Esborranys de l'antiga Grècia‎}}|R}}+{{formatnum:{{PAGESINCATEGORY:Esborranys de l'antiga Roma‎‎‎‎‎}}|R}}+{{formatnum:{{PAGESINCATEGORY:Esborranys d'història de Catalunya‎‎}}|R}}+{{formatnum:{{PAGESINCATEGORY:Esborranys d'història del País Valencià‎}}|R}}+{{formatnum:{{PAGESINCATEGORY:Esborranys de nazisme‎‎‎‎‎‎}}|R}}+{{formatnum:{{PAGESINCATEGORY:Esborranys de guerres}}|R}}+{{formatnum:{{PAGESINCATEGORY:Esborranys de la Segona Guerra Mundial‎}}|R}}+{{formatnum:{{PAGESINCATEGORY:Esborranys de la prehistòria‎}}|R}}+{{formatnum:{{PAGESINCATEGORY:Esborranys de l'URSS}}|R}}+{{formatnum:{{PAGESINCATEGORY:Esborranys de la prehistòria‎}}|R}}+{{formatnum:{{PAGESINCATEGORY:Esborranys de jocs de tauler}}|R}}+{{formatnum:{{PAGESINCATEGORY:Esborranys de literatura}}|R}}+{{formatnum:{{PAGESINCATEGORY:Esborranys de còmics}}|R}}+{{formatnum:{{PAGESINCATEGORY:Esborranys de manga}}|R}}+{{formatnum:{{PAGESINCATEGORY:Esborranys de Pokémon‎‎‎‎‎‎}}|R}}+{{formatnum:{{PAGESINCATEGORY:Esborranys d'escriptors‎}}|R}}+{{formatnum:{{PAGESINCATEGORY:Esborranys de Harry Potter‎‎}}|R}}+{{formatnum:{{PAGESINCATEGORY:Esborranys d'obres literàries‎‎‎‎‎‎‎}}|R}}+{{formatnum:{{PAGESINCATEGORY:Esborranys de poesia‎}}|R}}+{{formatnum:{{PAGESINCATEGORY:Esborranys de llengua}}|R}}+{{formatnum:{{PAGESINCATEGORY:Esborranys de llengües indoeuropees}}|R}}+{{formatnum:{{PAGESINCATEGORY:Esborranys de català}}|R}}+{{formatnum:{{PAGESINCATEGORY:Esborranys d'occità‎}}|R}}+{{formatnum:{{PAGESINCATEGORY:Esborranys de màgia}}|R}}+{{formatnum:{{PAGESINCATEGORY:Esborranys de periodisme}}|R}}+{{formatnum:{{PAGESINCATEGORY:Esborranys de televisió‎}}|R}}+{{formatnum:{{PAGESINCATEGORY:Esborranys de política}}|R}}+{{formatnum:{{PAGESINCATEGORY:Esborranys d'anarquisme‎‎‎‎‎‎‎}}|R}}+{{formatnum:{{PAGESINCATEGORY:Esborranys de socialisme‎}}|R}}+{{formatnum:{{PAGESINCATEGORY:Esborranys de professions‎}}|R}}+{{formatnum:{{PAGESINCATEGORY:Esborranys de religió}}|R}}+{{formatnum:{{PAGESINCATEGORY:Esborranys de cristianisme‎}}|R}}+{{formatnum:{{PAGESINCATEGORY:Esborranys de l'islam}}|R}}+{{formatnum:{{PAGESINCATEGORY:Esborranys de roba‎‎‎‎‎‎‎}}|R}}+{{formatnum:{{PAGESINCATEGORY:Esborranys de sociologia‎}}|R}}+{{formatnum:{{PAGESINCATEGORY:Esborranys de sexualitat}}|R}}+{{formatnum:{{PAGESINCATEGORY:Esborranys de teatre}}|R}}+{{formatnum:{{PAGESINCATEGORY:Esborranys de tecnologia}}|R}}+{{formatnum:{{PAGESINCATEGORY:Esborranys d'armes}}|R}}+{{formatnum:{{PAGESINCATEGORY:Esborranys d'energia}}|R}}+{{formatnum:{{PAGESINCATEGORY:Esborranys de ciència de materials‎}}|R}}+{{formatnum:{{PAGESINCATEGORY:Esborranys de fotografia‎}}|R}}+{{formatnum:{{PAGESINCATEGORY:Esborranys de microordinadors‎}}|R}}+{{formatnum:{{PAGESINCATEGORY:Esborranys d'informàtica‎}}|R}}+{{formatnum:{{PAGESINCATEGORY:Esborranys de videojocs‎}}|R}}+{{formatnum:{{PAGESINCATEGORY:Esborranys d'Internet‎‎}}|R}}+{{formatnum:{{PAGESINCATEGORY:Esborranys perifèrics}}|R}}+{{formatnum:{{PAGESINCATEGORY:Esborranys de programari}}|R}}+{{formatnum:{{PAGESINCATEGORY:Esborranys de programari lliure}}|R}}+{{formatnum:{{PAGESINCATEGORY:Esborranys de nàutica‎}}|R}}+{{formatnum:{{PAGESINCATEGORY:Esborranys de pesca‎}}|R}}+{{formatnum:{{PAGESINCATEGORY:Esborranys de telecomunicacions}}|R}}+{{formatnum:{{PAGESINCATEGORY:Esborranys de transports‎‎}}|R}}+{{formatnum:{{PAGESINCATEGORY:Esborranys d'aeronàutica}}|R}}+{{formatnum:{{PAGESINCATEGORY:Esborranys d'astronàutica}}|R}}+{{formatnum:{{PAGESINCATEGORY:Esborranys de ferrocarril‎‎}}|R}}}} || bgcolor=PaleGreen|-63 || -0% || 
|-
| [[:Categoria:Esborranys d'armes|Esborranys d'armes]] || bgcolor=LemonChiffon|42 || bgcolor=LemonChiffon|41 || bgcolor=LemonChiffon|29 || bgcolor=LemonChiffon|29 || {{PAGESINCATEGORY:Esborranys d'armes}} || bgcolor=PaleGreen|-12 || -29% || {{u|Mbosch}}
|-
| [[:Categoria:Esborranys de museus|Esborranys de museus]] || bgcolor=LemonChiffon|25 || bgcolor=LemonChiffon|24 || bgcolor=LemonChiffon|24 || bgcolor=LemonChiffon|22 || {{PAGESINCATEGORY:Esborranys de museus}} || bgcolor=PaleGreen|-2 || -9% || {{u|Kippelboy}}
|-
| [[:Categoria:Esborranys d'art|Esborranys d'art]] ||bgcolor=LemonChiffon|71 || bgcolor=Red|1661 || bgcolor=Red|1624 || bgcolor=Red|1600 || {{#expr:{{formatnum:{{PAGESINCATEGORY:Esborranys d'art}}|R}}+{{formatnum:{{PAGESINCATEGORY:Esborranys d'arquitectura‎}}|R}}+{{formatnum:{{PAGESINCATEGORY:Categoria:Esborranys de cinema‎}}|R}}+{{formatnum:{{PAGESINCATEGORY:Esborranys d'actors‎}}|R}}+{{formatnum:{{PAGESINCATEGORY:Esborranys de pel·lícules}}|R}}+{{formatnum:{{PAGESINCATEGORY:Esborranys de pintura‎}}|R}}}} || bgcolor=PaleGreen|-61 || -4% || {{u|Kippelboy}}, {{u|ESM}}, {{u|MarisaLR}}
|-
| [[:Categoria:Esborranys de biografies|Esborranys de biografies]] || bgcolor=DarkOrange|533 || bgcolor=Red|3884 || bgcolor=Red|3876 || bgcolor=Red|3871 || {{#expr:{{formatnum:{{PAGESINCATEGORY:Esborranys de biografies}}|R}}+{{formatnum:{{PAGESINCATEGORY:Esborranys d'escriptors}}|R}}+{{formatnum:{{PAGESINCATEGORY:Esborranys d'actors‎}}|R}}+{{formatnum:{{PAGESINCATEGORY:Esborranys de ciclistes‎}}|R}}+{{formatnum:{{PAGESINCATEGORY:Esborranys de científics}}|R}}+{{formatnum:{{PAGESINCATEGORY:Esborranys de futbolistes}}|R}}+{{formatnum:{{PAGESINCATEGORY:Esborranys de futbolistes americans‎}}|R}}+{{formatnum:{{PAGESINCATEGORY:Esborranys de futbolistes argentins}}|R}}
+{{formatnum:{{PAGESINCATEGORY:Esborranys de futbolistes brasilers}}|R}}+{{formatnum:{{PAGESINCATEGORY:Esborranys de futbolistes asiàtics}}|R}}+{{formatnum:{{PAGESINCATEGORY:Esborranys de futbolistes russos}}|R}}+{{formatnum:{{PAGESINCATEGORY:Esborranys de futbolistes africans}}|R}}+{{formatnum:{{PAGESINCATEGORY:Esborranys de futbolistes europeus}}|R}}+{{formatnum:{{PAGESINCATEGORY:Esborranys de futbolistes andalusos}}|R}}+{{formatnum:{{PAGESINCATEGORY:Esborranys de futbolistes alemanys}}|R}}
+{{formatnum:{{PAGESINCATEGORY:Esborranys de futbolistes bascos}}|R}}+{{formatnum:{{PAGESINCATEGORY:Esborranys de futbolistes balears}}|R}}+{{formatnum:{{PAGESINCATEGORY:Esborranys de futbolistes castellanolleonesos‎}}|R}}+{{formatnum:{{PAGESINCATEGORY:Esborranys de futbolistes castellans}}|R}}+{{formatnum:{{PAGESINCATEGORY:Esborranys de futbolistes catalans}}|R}}+{{formatnum:{{PAGESINCATEGORY:Esborranys de futbolistes càntabres}}|R}}+{{formatnum:{{PAGESINCATEGORY:Esborranys de futbolistes gallecs}}|R}}
+{{formatnum:{{PAGESINCATEGORY:Esborranys de futbolistes francesos}}|R}}+{{formatnum:{{PAGESINCATEGORY:Esborranys de futbolistes italians}}|R}}+{{formatnum:{{PAGESINCATEGORY:Esborranys de futbolistes neerlandesos}}|R}}+{{formatnum:{{PAGESINCATEGORY:Esborranys de músics}}|R}}+{{formatnum:{{PAGESINCATEGORY:Esborranys de filòsofs}}|R}}+{{formatnum:{{PAGESINCATEGORY:Esborranys de sociòlegs}}|R}}+{{formatnum:{{PAGESINCATEGORY:Esborranys de reialesa}}|R}}+{{formatnum:{{PAGESINCATEGORY:Esborranys de africans}}|R}}+{{formatnum:{{PAGESINCATEGORY:Esborranys d'americans}}|R}}+{{formatnum:{{PAGESINCATEGORY:Esborranys de canadencs}}|R}}+{{formatnum:{{PAGESINCATEGORY:Esborranys d'estatunidencs}}|R}}+{{formatnum:{{PAGESINCATEGORY:Esborranys d'uruguaians}}|R}}+{{formatnum:{{PAGESINCATEGORY:Esborranys d'asiàtics}}|R}}+{{formatnum:{{PAGESINCATEGORY:Esborranys d'azerbaidjanesos‎}}|R}}+{{formatnum:{{PAGESINCATEGORY:Esborranys de perses}}|R}}+{{formatnum:{{PAGESINCATEGORY:Esborranys d'europeus}}|R}}+{{formatnum:{{PAGESINCATEGORY:Esborranys d'alemanys}}|R}}+{{formatnum:{{PAGESINCATEGORY:Esborranys d'austrícacs}}|R}}+{{formatnum:{{PAGESINCATEGORY:Esborranys d'anglesos}}|R}}+{{formatnum:{{PAGESINCATEGORY:Esborranys de bascos}}|R}}+{{formatnum:{{PAGESINCATEGORY:Esborranys de belgues}}|R}}+{{formatnum:{{PAGESINCATEGORY:Esborranys de catalans}}|R}}+{{formatnum:{{PAGESINCATEGORY:Esborranys de comtes catalans}}|R}}+{{formatnum:{{PAGESINCATEGORY:Esborranys de biografies de l'antiga Grècia}}|R}}+{{formatnum:{{PAGESINCATEGORY:Esborranys d'espanyols}}|R}}+{{formatnum:{{PAGESINCATEGORY:Esborranys de francesos‎}}|R}}+{{formatnum:{{PAGESINCATEGORY:Esborranys de gal·lesos‎}}|R}}+{{formatnum:{{PAGESINCATEGORY:Esborranys d'italians‎}}|R}}+{{formatnum:{{PAGESINCATEGORY:Esborranys de mallorquins‎}}|R}}+{{formatnum:{{PAGESINCATEGORY:Esborranys de portuguesos‎‎}}|R}}+{{formatnum:{{PAGESINCATEGORY:Esborranys de soviètics‎}}|R}}+{{formatnum:{{PAGESINCATEGORY:Esborranys de valencians‎}}|R}}+{{formatnum:{{PAGESINCATEGORY:Esborranys d'oceànics‎}}|R}}+{{formatnum:{{PAGESINCATEGORY:Esborranys d'àrabs‎}}|R}}}} || bgcolor=PaleGreen|-13 || -0% ||
|-
| [[:Categoria:Esborranys de cinema|Esborranys de cinema]] || bgcolor=DarkOrange|153 || bgcolor=Red|1575 || bgcolor=Red|1561 || bgcolor=Red|1550 || {{#expr:{{formatnum:{{PAGESINCATEGORY:Esborranys de cinema}}|R}}+{{formatnum:{{PAGESINCATEGORY:Esborranys de pel·lícules}}|R}}+{{formatnum:{{PAGESINCATEGORY:Esborranys d'actors‎}}|R}}}} || bgcolor=PaleGreen|-25 || -2% ||
|-
| [[:Categoria:Esborranys de ciència|Esborranys de ciència]] || bgcolor=LemonChiffon|85 || bgcolor=Red|5603 || bgcolor=Red|5610 || bgcolor=Red|5624 || {{#expr:{{formatnum:{{PAGESINCATEGORY:Esborranys de ciència}}|R}}+{{formatnum:{{PAGESINCATEGORY:Esborranys d'astronomia}}|R}}+{{formatnum:{{PAGESINCATEGORY:Esborranys d'estrelles}}|R}}+{{formatnum:{{PAGESINCATEGORY:Esborranys de planetes}}|R}}+{{formatnum:{{PAGESINCATEGORY:Esborranys de sondes espacials}}|R}}+{{formatnum:{{PAGESINCATEGORY:Esborranys de biologia}}|R}}+{{formatnum:{{PAGESINCATEGORY:Esborranys de bacteriologia}}|R}}+{{formatnum:{{PAGESINCATEGORY:Esborranys de bioquímica}}|R}}+{{formatnum:{{PAGESINCATEGORY:Esborranys de metabolisme‎}}|R}}+{{formatnum:{{PAGESINCATEGORY:Esborranys de biotecnologia‎‎}}|R}}+{{formatnum:{{PAGESINCATEGORY:Esborranys d'ecologia‎}}|R}}+{{formatnum:{{PAGESINCATEGORY:Esborranys de fauna‎}}|R}}+{{formatnum:{{PAGESINCATEGORY:Esborranys de cefalòpodes‎‎‎}}|R}}+{{formatnum:{{PAGESINCATEGORY:Esborranys d'amfibis‎}}|R}}+{{formatnum:{{PAGESINCATEGORY:Esborranys d'amfibis prehistòrics‎‎}}|R}}+{{formatnum:{{PAGESINCATEGORY:Esborranys d'artròpodes‎}}|R}}+{{formatnum:{{PAGESINCATEGORY:Esborranys de mamífers‎}}|R}}+{{formatnum:{{PAGESINCATEGORY:Esborranys d'euteris}}|R}}+{{formatnum:{{PAGESINCATEGORY:Esborranys d'afrosorícids‎}}|R}}+{{formatnum:{{PAGESINCATEGORY:Esborranys d'afroteris‎}}|R}}+{{formatnum:{{PAGESINCATEGORY:Esborranys d'artiodàctils‎}}|R}}+{{formatnum:{{PAGESINCATEGORY:Esborranys de cetacis‎}}|R}}+{{formatnum:{{PAGESINCATEGORY:Esborranys de carnívors‎}}|R}}+{{formatnum:{{PAGESINCATEGORY:Esborranys de carnívors prehistòrics‎‎‎}}|R}}+{{formatnum:{{PAGESINCATEGORY:Esborranys de gossos}}|R}}+{{formatnum:{{PAGESINCATEGORY:Esborranys d'erinaceomorfs‎}}|R}}+{{formatnum:{{PAGESINCATEGORY:Esborranys de lagomorfs‎‎‎‎}}|R}}+{{formatnum:{{PAGESINCATEGORY:Esborranys de musaranyes elefant‎‎}}|R}}+{{formatnum:{{PAGESINCATEGORY:Esborranys de pangolins‎‎‎}}|R}}+{{formatnum:{{PAGESINCATEGORY:Esborranys de perissodàctils prehistòrics‎}}|R}}+{{formatnum:{{PAGESINCATEGORY:Esborranys de perissodàctils‎}}|R}}+{{formatnum:{{PAGESINCATEGORY:Esborranys de primats‎}}|R}}+{{formatnum:{{PAGESINCATEGORY:Esborranys primats prehistòrics‎}}|R}}+{{formatnum:{{PAGESINCATEGORY:Esborranys de proboscidis prehistòrics‎}}|R}}+{{formatnum:{{PAGESINCATEGORY:Esborranys de ratpenats‎‎}}|R}}+{{formatnum:{{PAGESINCATEGORY:Esborranys de rosegadors‎‎‎}}|R}}+{{formatnum:{{PAGESINCATEGORY:Esborranys de rosegadors prehistòrics‎}}|R}}+{{formatnum:{{PAGESINCATEGORY:Esborranys de soricomorfs‎}}|R}}+{{formatnum:{{PAGESINCATEGORY:Esborranys de tupaies‎‎‎‎}}|R}}+{{formatnum:{{PAGESINCATEGORY:Esborranys de xenartres‎}}|R}}+{{formatnum:{{PAGESINCATEGORY:Esborranys de xenartres prehistòrics‎‎}}|R}}+{{formatnum:{{PAGESINCATEGORY:Esborranys de mamífers prehistòrics‎‎}}|R}}+{{formatnum:{{PAGESINCATEGORY:Esborranys d'artiodàctils prehistòrics‎‎}}|R}}+{{formatnum:{{PAGESINCATEGORY:Esborranys de condilartres}}|R}}+{{formatnum:{{PAGESINCATEGORY:Esborranys de litopterns‎‎}}|R}}+{{formatnum:{{PAGESINCATEGORY:Esborranys de mesonics‎‎}}|R}}+{{formatnum:{{PAGESINCATEGORY:Esborranys de metateris prehistòrics‎}}|R}}+{{formatnum:{{PAGESINCATEGORY:Esborranys de meridiungulats‎‎}}|R}}+{{formatnum:{{PAGESINCATEGORY:Esborranys d'opòssums‎}}|R}}+{{formatnum:{{PAGESINCATEGORY:Esborranys de dasiüromorfs‎ }}|R}}+{{formatnum:{{PAGESINCATEGORY:Esborranys de peramelemorfs‎‎}}|R}}+{{formatnum:{{PAGESINCATEGORY:Esborranys de pòssums‎}}|R}}}} || bgcolor=PaleGreen|-21 || -0% || {{u|Mbosch}}
|-
| [[:Categoria:Esborranys de minerals|Esborranys de minerals]] || No avaluat || bgcolor=DarkOrange|323 || bgcolor=DarkOrange|319 || bgcolor=DarkOrange|304 || {{#expr:{{formatnum:{{PAGESINCATEGORY:Esborranys de minerals}}|R}}}} || bgcolor=PaleGreen|-19 || -6% || {{u|Yuanga}} {{u|Catalunya1714}}
|-
| [[:Categoria:Esborranys d'economia|Esborranys d'economia]] || bgcolor=DarkOrange|236 || bgcolor=DarkOrange|449 || bgcolor=DarkOrange|449 || bgcolor=DarkOrange|446 || {{#expr:{{formatnum:{{PAGESINCATEGORY:Esborranys d'economia}}|R}}+{{formatnum:{{PAGESINCATEGORY:Esborranys d'entitats financeres}}|R}}+{{formatnum:{{PAGESINCATEGORY:Esborranys d'empreses}}|R}}}} || bgcolor=PaleGreen|-3 || -1% ||
|-
| [[:Categoria:Esborranys d'educació|Esborranys d'educació]] || bgcolor=LemonChiffon|56 || bgcolor=DarkOrange|155 || bgcolor=DarkOrange|152 || bgcolor=DarkOrange|152 || {{#expr:{{formatnum:{{PAGESINCATEGORY:Esborranys d'educació}}|R}}+{{formatnum:{{PAGESINCATEGORY:Esborranys d'educació física}}|R}}+{{formatnum:{{PAGESINCATEGORY:Esborranys d'educació superior}}|R}}+{{formatnum:{{PAGESINCATEGORY:Esborranys d'educació en el lleure}}|R}}+{{formatnum:{{PAGESINCATEGORY:Esborranys d'escoltisme‎}}|R}}+{{formatnum:{{PAGESINCATEGORY:Esborranys d'universitats}}|R}}}} || bgcolor=PaleGreen|-3 || -2% ||
|-
| [[:Categoria:Esborranys d'esports|Esborranys d'esports]] ||bgcolor=DarkOrange|224 || bgcolor=Red|1582 || bgcolor=Red|1584 || bgcolor=Red|1581 || {{#expr:{{formatnum:{{PAGESINCATEGORY:Esborranys d'esports}}|R}}+{{formatnum:{{PAGESINCATEGORY:Esborranys de futbolistes}}|R}}+{{formatnum:{{PAGESINCATEGORY:Esborranys de futbolistes americans‎}}|R}}+{{formatnum:{{PAGESINCATEGORY:Esborranys de futbolistes argentins}}|R}}+{{formatnum:{{PAGESINCATEGORY:Esborranys de futbolistes brasilers}}|R}}+{{formatnum:{{PAGESINCATEGORY:Esborranys de futbolistes asiàtics}}|R}}+{{formatnum:{{PAGESINCATEGORY:Esborranys de futbolistes russos}}|R}}+{{formatnum:{{PAGESINCATEGORY:Esborranys de futbolistes africans}}|R}}+{{formatnum:{{PAGESINCATEGORY:Esborranys de futbolistes europeus}}|R}}+{{formatnum:{{PAGESINCATEGORY:Esborranys de futbolistes andalusos}}|R}}+{{formatnum:{{PAGESINCATEGORY:Esborranys de futbolistes alemanys}}|R}}+{{formatnum:{{PAGESINCATEGORY:Esborranys de futbolistes bascos}}|R}}+{{formatnum:{{PAGESINCATEGORY:Esborranys de futbolistes balears}}|R}}+{{formatnum:{{PAGESINCATEGORY:Esborranys de futbolistes castellanolleonesos‎}}|R}}+{{formatnum:{{PAGESINCATEGORY:Esborranys de futbolistes castellans}}|R}}+{{formatnum:{{PAGESINCATEGORY:Esborranys de futbolistes catalans}}|R}}+{{formatnum:{{PAGESINCATEGORY:Esborranys de futbolistes càntabres}}|R}}+{{formatnum:{{PAGESINCATEGORY:Esborranys de futbolistes gallecs}}|R}}+{{formatnum:{{PAGESINCATEGORY:Esborranys de futbolistes francesos}}|R}}+{{formatnum:{{PAGESINCATEGORY:Esborranys de futbolistes italians}}|R}}+{{formatnum:{{PAGESINCATEGORY:Esborranys de futbolistes neerlandesos}}|R}}+{{formatnum:{{PAGESINCATEGORY:Esborranys de futbol americà‎‎}}|R}}+{{formatnum:{{PAGESINCATEGORY:Esborranys d'handbol‎‎‎}}|R}}+{{formatnum:{{PAGESINCATEGORY:Esborranys d'hoquei sobre patins‎}}|R}}+{{formatnum:{{PAGESINCATEGORY:Esborranys de pilota basca‎‎‎}}|R}}+{{formatnum:{{PAGESINCATEGORY:Esborranys de pilota valenciana‎}}|R}}}} || bgcolor=PaleGreen|-1 || -0% ||
|-
| [[:Categoria:Esborranys de filosofia|Esborranys de filosofia]] ||bgcolor=DarkOrange|101 || bgcolor=DarkOrange|141 || bgcolor=DarkOrange|138 || bgcolor=DarkOrange|138 || {{#expr:{{formatnum:{{PAGESINCATEGORY:Esborranys de filosofia}}|R}}+{{formatnum:{{PAGESINCATEGORY:Esborranys de filòsofs}}|R}}}} || bgcolor=PaleGreen|-3 || -0% ||
|-
| [[:Categoria:Esborranys de geografia|Esborranys de geografia]] || No avaluat || bgcolor=Red|6707 || bgcolor=Red|6707 || bgcolor=Red|6737 || {{#expr:{{formatnum:{{PAGESINCATEGORY:Esborranys de geografia}}|R}}+{{formatnum:{{PAGESINCATEGORY:Esborranys d'Amèrica}}|R}}+{{formatnum:{{PAGESINCATEGORY:Esborranys de l'Amèrica Central}}|R}}+{{formatnum:{{PAGESINCATEGORY:Esborranys d'El Salvador}}|R}}+{{formatnum:{{PAGESINCATEGORY:Esborranys de l'Amèrica del Sud}}|R}}+{{formatnum:{{PAGESINCATEGORY:Esborranys del Brasil}}|R}}+{{formatnum:{{PAGESINCATEGORY:Esborranys d'Uruguai}}|R}}+{{formatnum:{{PAGESINCATEGORY:Esborranys de Veneçuela}}|R}}+{{formatnum:{{PAGESINCATEGORY:Esborranys del Canadà}}|R}}+{{formatnum:{{PAGESINCATEGORY:Esborranys de canadencs}}|R}}+{{formatnum:{{PAGESINCATEGORY:Esborranys de Mèxic}}|R}}+{{formatnum:{{PAGESINCATEGORY:Esborranys dels Estats Units}}|R}}+{{formatnum:{{PAGESINCATEGORY:Esborranys d'Alaska‎}}|R}}+{{formatnum:{{PAGESINCATEGORY:Esborranys de Carolina del Nord‎}}|R}}+{{formatnum:{{PAGESINCATEGORY:Esborranys d'Oklahoma‎}}|R}}+{{formatnum:{{PAGESINCATEGORY:Esborranys dels Estats Units}}|R}}+{{formatnum:{{PAGESINCATEGORY:Esborranys d'Alaska‎}}|R}}+{{formatnum:{{PAGESINCATEGORY:Esborranys de Carolina del Nord‎}}|R}}+{{formatnum:{{PAGESINCATEGORY:Esborranys d'Oklahoma‎}}|R}}+{{formatnum:{{PAGESINCATEGORY:Esborranys de Grenlàndia‎}}|R}}+{{formatnum:{{PAGESINCATEGORY:Esborranys d'Àsia‎‎}}|R}}+{{formatnum:{{PAGESINCATEGORY:Esborranys d'asiàtics‎}}|R}}+{{formatnum:{{PAGESINCATEGORY:Esborranys d'azerbaidjanesos‎‎}}|R}}+{{formatnum:{{PAGESINCATEGORY:Esborranys de perses‎‎}}|R}}+{{formatnum:{{PAGESINCATEGORY:Esborranys de l'Índia}}|R}}+{{formatnum:{{PAGESINCATEGORY:Esborranys de l'Iran}}|R}}+{{formatnum:{{PAGESINCATEGORY:Esborranys de l'Iraq}}|R}}+{{formatnum:{{PAGESINCATEGORY:Esborranys d'Israel}}|R}}+{{formatnum:{{PAGESINCATEGORY:Esborranys del Japó}}|R}}+{{formatnum:{{PAGESINCATEGORY:Esborranys de Mongòlia}}|R}}+{{formatnum:{{PAGESINCATEGORY:Esborranys de Pakistan}}|R}}+{{formatnum:{{PAGESINCATEGORY:Esborranys de Rússia‎‎}}|R}}+{{formatnum:{{PAGESINCATEGORY:Esborranys de la Xina}}|R}}+{{formatnum:{{PAGESINCATEGORY:Esborranys d'Oceania}}|R}}+{{formatnum:{{PAGESINCATEGORY:Esborranys d'oceànics}}|R}}+{{formatnum:{{PAGESINCATEGORY:Esborranys d'africans}}|R}}+{{formatnum:{{PAGESINCATEGORY:Esborranys d'Algèria}}|R}}+{{formatnum:{{PAGESINCATEGORY:Esborranys d'Egipte}}|R}}+{{formatnum:{{PAGESINCATEGORY:Esborranys de Kenya}}|R}}+{{formatnum:{{PAGESINCATEGORY:Esborranys del Marroc}}|R}}+{{formatnum:{{PAGESINCATEGORY:Esborranys del Sàhara Occidental}}|R}}+{{formatnum:{{PAGESINCATEGORY:Esborranys del Sudan}}|R}}+{{formatnum:{{PAGESINCATEGORY:Esborranys d'Europa}}|R}}+{{formatnum:{{PAGESINCATEGORY:Esborranys d'Alemanya}}|R}}+{{formatnum:{{PAGESINCATEGORY:Esborranys d'Àustria}}|R}}+{{formatnum:{{PAGESINCATEGORY:Esborranys de Bielorússia}}|R}}+{{formatnum:{{PAGESINCATEGORY:Esborranys de Bulgària}}|R}}+{{formatnum:{{PAGESINCATEGORY:Esborranys de Bèlgica}}|R}}+{{formatnum:{{PAGESINCATEGORY:Esborranys de Croàcia}}|R}}+{{formatnum:{{PAGESINCATEGORY:Esborranys de Dinamarca}}|R}}+{{formatnum:{{PAGESINCATEGORY:Esborranys d'Eslovènia}}|R}}+{{formatnum:{{PAGESINCATEGORY:Esborranys d'Eslovènia}}|R}}+{{formatnum:{{PAGESINCATEGORY:Esborranys d'Espanya}}|R}}+{{formatnum:{{PAGESINCATEGORY:Esborranys d'Andalusia}}|R}}+{{formatnum:{{PAGESINCATEGORY:Esborranys de la província d'Almeria‎}}|R}}+{{formatnum:{{PAGESINCATEGORY:Esborranys de la província de Cadis‎}}|R}}+{{formatnum:{{PAGESINCATEGORY:Esborranys de la província de Granada‎}}|R}}+{{formatnum:{{PAGESINCATEGORY:Esborranys de la província de Jaén}}|R}}+{{formatnum:{{PAGESINCATEGORY:Esborranys d'Aragó}}|R}}+{{formatnum:{{PAGESINCATEGORY:Esborranys de la província d'Osca‎}}|R}}+{{formatnum:{{PAGESINCATEGORY:Esborranys de la província de Saragossa‎‎}}|R}}+{{formatnum:{{PAGESINCATEGORY:Esborranys de Terol}}|R}}+{{formatnum:{{PAGESINCATEGORY:Esborranys de Cantàbria‎}}|R}}+{{formatnum:{{PAGESINCATEGORY:Esborranys de Castella - la Manxa‎}}|R}}+{{formatnum:{{PAGESINCATEGORY:Esborranys de Castella i Lleó‎}}|R}}+{{formatnum:{{PAGESINCATEGORY:Esborranys de la Comunitat de Madrid‎‎}}|R}}+{{formatnum:{{PAGESINCATEGORY:Esborranys d'Extremadura}}|R}}+{{formatnum:{{PAGESINCATEGORY:Esborranys de la província de Badajoz‎}}|R}}+{{formatnum:{{PAGESINCATEGORY:Esborranys de la província de Càceres}}|R}}+{{formatnum:{{PAGESINCATEGORY:Esborranys de Galícia}}|R}}+{{formatnum:{{PAGESINCATEGORY:Esborranys de Múrcia}}|R}}+{{formatnum:{{PAGESINCATEGORY:Esborranys del País Basc}}|R}}+{{formatnum:{{PAGESINCATEGORY:Esborranys d'Estònia}}|R}}+{{formatnum:{{PAGESINCATEGORY:Esborranys de Finlàndia}}|R}}+{{formatnum:{{PAGESINCATEGORY:Esborranys de França‎}}|R}}+{{formatnum:{{PAGESINCATEGORY:Esborranys de l'Alta Garona‎}}|R}}+{{formatnum:{{PAGESINCATEGORY:Esborranys de l'Aquitània‎}}|R}}+{{formatnum:{{PAGESINCATEGORY:Esborranys de l'Aude‎}}|R}}+{{formatnum:{{PAGESINCATEGORY:Esborranys de la Baixa Normandia‎}}|R}}+{{formatnum:{{PAGESINCATEGORY:Esborranys de la Catalunya del Nord‎}}|R}}+{{formatnum:{{PAGESINCATEGORY:Esborranys del districte de Perpinyà‎}}|R}}+{{formatnum:{{PAGESINCATEGORY:Esborranys de l'Erau‎‎}}|R}}+{{formatnum:{{PAGESINCATEGORY:Esborranys del Franc Comtat‎‎}}|R}}+{{formatnum:{{PAGESINCATEGORY:Esborranys del Gard‎‎}}|R}}+{{formatnum:{{PAGESINCATEGORY:Esborranys d'història de França‎‎}}|R}}+{{formatnum:{{PAGESINCATEGORY:Esborranys de l'Illa de França‎‎}}|R}}+{{formatnum:{{PAGESINCATEGORY:Esborranys de Mayenne‎‎}}|R}}+{{formatnum:{{PAGESINCATEGORY:Esborranys del Nord‎}}|R}}+{{formatnum:{{PAGESINCATEGORY:Esborranys de l'Erau‎‎}}|R}}+{{formatnum:{{PAGESINCATEGORY:Esborranys del Franc Comtat‎‎}}|R}}+{{formatnum:{{PAGESINCATEGORY:Esborranys del Pas de Calais‎‎‎}}|R}}+{{formatnum:{{PAGESINCATEGORY:Esborranys de la Picardia‎‎‎}}|R}}+{{formatnum:{{PAGESINCATEGORY:Esborranys de Poitou-Charentes‎}}|R}}}} || bgcolor=LemonChiffon|30 || +0% || {{u|Solde}}, {{u|Catalunya1714}}
|-
| [[:Categoria:Esborranys de videojocs|Esborranys de videojocs]] || No avaluat || bgcolor=DarkOrange|365 || bgcolor=DarkOrange|363 || bgcolor=DarkOrange|364 || {{PAGESINCATEGORY:Esborranys de videojocs}} || bgcolor=PaleGreen|-1 || 1 || {{u|Mbosch}}
|-
| [[:Categoria:Esborranys d'història|Esborranys d'història]] || No avaluat || bgcolor=Red|1783 || bgcolor=Red|1779 || bgcolor=Red|1779 || {{#expr:{{formatnum:{{PAGESINCATEGORY:Esborranys d'història}}|R}}+{{formatnum:{{PAGESINCATEGORY:Esborranys d'història d'Amèrica‎‎‎‎}}|R}}+{{formatnum:{{PAGESINCATEGORY:Esborranys de jaciments‎‎}}|R}}+{{formatnum:{{PAGESINCATEGORY:Esborranys d'història d'Europa‎‎‎‎‎}}|R}}+{{formatnum:{{PAGESINCATEGORY:Esborranys de l'antiga Grècia‎}}|R}}+{{formatnum:{{PAGESINCATEGORY:Esborranys de biografies de l'antiga Grècia‎‎‎‎‎}}|R}}+{{formatnum:{{PAGESINCATEGORY:Esborranys de mitologia grega‎}}|R}}+{{formatnum:{{PAGESINCATEGORY:Esborranys de l'antiga Roma‎‎‎‎‎}}|R}}+{{formatnum:{{PAGESINCATEGORY:Esborranys de mitologia romana‎‎}}|R}}+{{formatnum:{{PAGESINCATEGORY:Esborranys d'història de França‎}}|R}}+{{formatnum:{{PAGESINCATEGORY:Esborranys d'història de Catalunya‎‎}}|R}}+{{formatnum:{{PAGESINCATEGORY:Esborranys de comtes catalans}}|R}}+{{formatnum:{{PAGESINCATEGORY:Esborranys d'història del País Valencià‎}}|R}}+{{formatnum:{{PAGESINCATEGORY:Esborranys de nazisme‎‎‎‎‎‎}}|R}}+{{formatnum:{{PAGESINCATEGORY:Esborranys de guerres}}|R}}+{{formatnum:{{PAGESINCATEGORY:Esborranys de la Segona Guerra Mundial‎}}|R}}+{{formatnum:{{PAGESINCATEGORY:Esborranys de la prehistòria‎}}|R}}+{{formatnum:{{PAGESINCATEGORY:Esborranys de l'URSS}}|R}}+{{formatnum:{{PAGESINCATEGORY: Esborranys de soviètics‎‎}}|R}}+{{formatnum:{{PAGESINCATEGORY:Esborranys de comtes catalans}}|R}}+{{formatnum:{{PAGESINCATEGORY:Esborranys d'història del País Valencià‎}}|R}}}} || bgcolor=PaleGreen|-4 || -0% || 
|-
| [[:Categoria:Esborranys de literatura|Esborranys de literatura]] || No avaluat || bgcolor=Red|1089 || bgcolor=Red|1084 || bgcolor=Red|1086 || {{#expr:{{formatnum:{{PAGESINCATEGORY:Esborranys de literatura}}|R}}+{{formatnum:{{PAGESINCATEGORY:Esborranys de còmics}}|R}}+{{formatnum:{{PAGESINCATEGORY:Esborranys de manga}}|R}}+{{formatnum:{{PAGESINCATEGORY:Esborranys de Pokémon‎‎‎‎‎‎}}|R}}+{{formatnum:{{PAGESINCATEGORY:Esborranys d'escriptors‎}}|R}}+{{formatnum:{{PAGESINCATEGORY:Esborranys de Harry Potter‎‎}}|R}}+{{formatnum:{{PAGESINCATEGORY:Esborranys d'obres literàries‎‎‎‎‎‎‎}}|R}}+{{formatnum:{{PAGESINCATEGORY:Esborranys de poesia‎}}|R}}}} || bgcolor=PaleGreen|-5 || -0% || 
|-
| [[:Categoria:Esborranys de política|Esborranys de política]] || No avaluat || bgcolor=DarkOrange|659 || bgcolor=DarkOrange|660 || bgcolor=DarkOrange|660 || {{#expr:{{formatnum:{{PAGESINCATEGORY:Esborranys de periodisme}}|R}}+{{formatnum:{{PAGESINCATEGORY:Esborranys de televisió‎}}|R}}+{{formatnum:{{PAGESINCATEGORY:Esborranys de política}}|R}}+{{formatnum:{{PAGESINCATEGORY:Esborranys d'anarquisme‎‎‎‎‎‎‎}}|R}}+{{formatnum:{{PAGESINCATEGORY:Esborranys de l'URSS‎}}|R}}+{{formatnum:{{PAGESINCATEGORY:Esborranys de nazisme}}|R}}+{{formatnum:{{PAGESINCATEGORY:Esborranys de socialisme}}|R}}}} || bgcolor=LemonChiffon|+1 || +0% || 
|-
| [[:Categoria:Esborranys de religió|Esborranys de religió]] || No avaluat || bgcolor=DarkOrange|380 || bgcolor=DarkOrange|380 || bgcolor=DarkOrange|364 || {{#expr:{{formatnum:{{PAGESINCATEGORY:Esborranys de religió}}|R}}+{{formatnum:{{PAGESINCATEGORY:Esborranys de cristianisme‎}}|R}}+{{formatnum:{{PAGESINCATEGORY:Esborranys de l'islam}}|R}}}} || bgcolor=PaleGreen|-16 || -4% || {{u|Medol}}
|-
| [[:Categoria:Esborranys de tecnologia|Esborranys de tecnologia]] || No avaluat || bgcolor=Red|2172 || bgcolor=Red|2162 || bgcolor=Red|2170 || {{#expr:{{formatnum:{{PAGESINCATEGORY:Esborranys de tecnologia}}|R}}+{{formatnum:{{PAGESINCATEGORY:Esborranys d'armes}}|R}}+{{formatnum:{{PAGESINCATEGORY:Esborranys de biotecnologia‎}}|R}}+{{formatnum:{{PAGESINCATEGORY:Esborranys d'energia}}|R}}+{{formatnum:{{PAGESINCATEGORY:Esborranys de ciència de materials‎}}|R}}+{{formatnum:{{PAGESINCATEGORY:Esborranys de fotografia‎}}|R}}+{{formatnum:{{PAGESINCATEGORY:Esborranys de microordinadors‎}}|R}}+{{formatnum:{{PAGESINCATEGORY:Esborranys d'informàtica‎}}|R}}+{{formatnum:{{PAGESINCATEGORY:Esborranys de videojocs‎}}|R}}+{{formatnum:{{PAGESINCATEGORY:Esborranys de Pokémon‎}}|R}}+{{formatnum:{{PAGESINCATEGORY:Esborranys d'Internet‎‎}}|R}}+{{formatnum:{{PAGESINCATEGORY:Esborranys perifèrics}}|R}}+{{formatnum:{{PAGESINCATEGORY:Esborranys de programari}}|R}}+{{formatnum:{{PAGESINCATEGORY:Esborranys de programari lliure}}|R}}+{{formatnum:{{PAGESINCATEGORY:Esborranys de nàutica‎}}|R}}+{{formatnum:{{PAGESINCATEGORY:Esborranys de pesca‎}}|R}}+{{formatnum:{{PAGESINCATEGORY:Esborranys de telecomunicacions}}|R}}+{{formatnum:{{PAGESINCATEGORY:Esborranys de televisió}}|R}}+{{formatnum:{{PAGESINCATEGORY:Esborranys de transports‎‎}}|R}}+{{formatnum:{{PAGESINCATEGORY:Esborranys d'aeronàutica}}|R}}+{{formatnum:{{PAGESINCATEGORY:Esborranys d'astronàutica}}|R}}+{{formatnum:{{PAGESINCATEGORY:Esborranys de ferrocarril‎‎}}|R}}}} || bgcolor=PaleGreen|-2 || -0% || 
|}

==Articles sense infotaula==
{| class=wikitable sortable style=text-align:center width=85% align=center
! width=35% | Tasca a millorar  || Final QQ2012 || Dia 0 || Dia 7 || Dia 15 || Actual || Progrés || Balanç || width=20%| Padrins
|-
| [[:Categoria:Articles sense infotaula|Articles sense infotaula]] || bgcolor=DarkOrange|279 || bgcolor=DarkOrange|145 || bgcolor=DarkOrange|116 || bgcolor=DarkOrange|119 || {{PAGESINCATEGORY:Articles sense infotaula}} || bgcolor=PaleGreen|-26 || -18% ||{{u|Jey}}
|-
| [[:Categoria:Articles sense registre fòssil|Articles sense registre fòssil]] || bgcolor=DarkOrange|117 || bgcolor=DarkOrange|129 || bgcolor=DarkOrange|129 || bgcolor=DarkOrange|129 ||  {{PAGESINCATEGORY:Articles sense registre fòssil}} || = || = || 
|-
| [[:Categoria:Articles d'astronomia sense taula|Articles d'astronomia sense taula]] || bgcolor=LemonChiffon|30 || bgcolor=LemonChiffon|30 || bgcolor=LemonChiffon|30 || bgcolor=PaleGreen|0 || {{PAGESINCATEGORY:Articles d'astronomia sense taula}} || bgcolor=PaleGreen|-30 || {{fet}} ||{{u|PepCC}}
|-
| [[:Categoria:Articles d'edificis sense taula|Articles d'edificis sense taula]] || No avaluada || No avaluada || bgcolor=DarkOrange|111 || bgcolor=LemonChiffon|48 || {{#expr:{{formatnum:{{PAGESINCATEGORY:Articles d'edificis sense taula}}|R}}+{{formatnum:{{PAGESINCATEGORY:Articles d'esglésies sense taula}}|R}}+{{formatnum:{{PAGESINCATEGORY:Articles de castells sense taula}}|R}}+{{formatnum:{{PAGESINCATEGORY:Articles de teatres sense taula}}|R}}}} || bgcolor=PaleGreen|-63 || -57% || {{u|Jey}}
|-
| [[:Categoria:Articles d'esglésies sense taula|Articles d'esglésies sense taula]] || bgcolor=PaleGreen|0 || bgcolor=PaleGreen|4 || bgcolor=PaleGreen|0 || bgcolor=PaleGreen|0 || {{PAGESINCATEGORY:Articles d'esglésies sense taula}} || bgcolor=PaleGreen|-4 || {{fet}} ||{{u|amadalvarez}}
|-
| [[:Categoria:Articles de castells sense taula|Articles de castells sense taula]] || bgcolor=PaleGreen|1 || bgcolor=PaleGreen|5 || bgcolor=PaleGreen|0 || bgcolor=PaleGreen|0 || {{PAGESINCATEGORY:Articles de castells sense taula}} || bgcolor=PaleGreen|-5 || {{fet}}  || {{u|Solde}} i {{u|Kippelboy}}
|-
| [[:Categoria:Articles de teatres sense taula|Articles de teatres sense taula]] || bgcolor=PaleGreen|0 || bgcolor=LemonChiffon|53 || bgcolor=PaleGreen|0 || bgcolor=PaleGreen|0 || {{PAGESINCATEGORY:Articles de teatres sense taula}} || bgcolor=PaleGreen|-53 || {{fet}} || {{u|Solde}} i {{u|Kippelboy}}
|-
| [[:Categoria:Articles sense taula lingüística|Articles sense taula lingüística]] || bgcolor=LemonChiffon|11 || bgcolor=LemonChiffon|11 || bgcolor=LemonChiffon|11 || bgcolor=PaleGreen|9 || {{PAGESINCATEGORY:Articles sense taula lingüística}} || bgcolor=PaleGreen|-2 || -18% ||
|-
| [[:Categoria:Articles sense taula geogràfica|Articles sense taula geogràfica]] || bgcolor=DarkOrange|355 || bgcolor=DarkOrange|375 || bgcolor=DarkOrange|316 || bgcolor=DarkOrange|307 || {{PAGESINCATEGORY:Articles sense taula geogràfica}} || bgcolor=PaleGreen|-60 || -18% || {{u|Solde}}
|-
| [[:Categoria:Articles militars sense taula|Articles militars sense taula]] || bgcolor=LemonChiffon|15 || bgcolor=LemonChiffon|24 || bgcolor=PaleGreen|9 || bgcolor=PaleGreen|0 || {{PAGESINCATEGORY:Articles militars sense taula}} || bgcolor=PaleGreen|-24 || {{fet}} || {{u|Panotxa}}
|-
| [[:Categoria:Articles amb infotaules sense dades|Articles amb infotaules sense dades]] || bgcolor=LemonChiffon|57 || bgcolor=DarkOrange|100 || bgcolor=PaleGreen|3 || bgcolor=PaleGreen|1 || {{PAGESINCATEGORY:Articles amb infotaules sense dades}} || bgcolor=PaleGreen|-99 || -99% ||{{u|amadalvarez}}
|}

==Manteniment de coordenades==
{| class=wikitable sortable style=text-align:center width=85% align=center
! width=35% | Tasca a millorar  || Final QQ2012 || Dia 0 || Dia 7 || Dia 15 || Actual || Progrés || Balanç || width=20%| Padrins
|-
| [[:Categoria:Manteniment plantilla coord|Manteniment plantilla coord]] || bgcolor=DarkOrange|370 || bgcolor=LemonChiffon|11 || bgcolor=PaleGreen|4 || bgcolor=PaleGreen|3 || {{PAGESINCATEGORY:Manteniment plantilla coord}} || bgcolor=PaleGreen|-5 || {{fet}}brref group=notaúnicament queden pàgines de prova d'usuaris/ref || {{u|Solde}}
|-
| [[:Categoria:Articles mancats de coordenades|Articles mancats de coordenades]] || bgcolor=DarkOrange|742 || bgcolor=Red|3097 || bgcolor=Red|2952 || bgcolor=Red|2900 || {{PAGESINCATEGORY:Articles mancats de coordenades}} || bgcolor=PaleGreen|-197 || -6% || {{u|PereBot}}  
|-
| [[:Categoria:Articles mancats de coordenades d'Andorra|Articles mancats de coordenades d'Andorra]] || bgcolor=PaleGreen|0 || bgcolor=PaleGreen|4 || bgcolor=PaleGreen|1 || bgcolor=PaleGreen|1 || {{PAGESINCATEGORY:Articles mancats de coordenades d'Andorra}} || bgcolor=PaleGreen|-3 || {{fet}}brref group=notaúnicament queden plantilles, no articles/ref || {{u|Solde}}
|-
| [[:Categoria:Articles mancats de coordenades de Catalunya|Articles mancats de coordenades de Catalunya]] || bgcolor=LemonChiffon|20 || bgcolor=DarkOrange|115 || bgcolor=LemonChiffon|74 || bgcolor=LemonChiffon|42 || {{PAGESINCATEGORY:Articles mancats de coordenades de Catalunya}} || bgcolor=PaleGreen|-73 || -63% || {{u|Pere prlpz}}
|-
| [[:Categoria:Articles mancats de coordenades de Barcelona|Articles mancats de coordenades de Barcelona]] || bgcolor=LemonChiffon|19 || bgcolor=LemonChiffon|23 || bgcolor=PaleGreen|1 || bgcolor=PaleGreen|1 || {{PAGESINCATEGORY:Articles mancats de coordenades de Barcelona}} || bgcolor=PaleGreen|-22 || {{fet}}brref group=notaúnicament queden plantilles, no articles/ref || {{u|Pere prlpz}}
|-
| [[:Categoria:Articles mancats de coordenades de la Franja de Ponent|Articles mancats de coordenades de la Franja de Ponent]] || bgcolor=PaleGreen|0 || bgcolor=PaleGreen|5 || bgcolor=PaleGreen|1 || bgcolor=PaleGreen|1 || {{PAGESINCATEGORY:Articles mancats de coordenades de la Franja de Ponent}} || bgcolor=PaleGreen|-4 || {{fet}}brref group=notaúnicament queden plantilles, no articles/ref || {{u|Pere prlpz}}
|-
| [[:Categoria:Articles mancats de coordenades de les Balears|Articles mancats de coordenades de les Balears]] || bgcolor=LemonChiffon|21 || bgcolor=LemonChiffon|54 || bgcolor=LemonChiffon|54 || bgcolor=LemonChiffon|54 || {{PAGESINCATEGORY:Articles mancats de coordenades de les Balears}} || bgcolor=PaleGreen|-3 || -6% ||
|-
| [[:Categoria:Articles mancats de coordenades del País Valencià|Articles mancats de coordenades del País Valencià]] || bgcolor=LemonChiffon|42 || bgcolor=DarkOrange|267 || bgcolor=DarkOrange|251 || bgcolor=DarkOrange|244 || {{PAGESINCATEGORY:Articles mancats de coordenades del País Valencià}} || bgcolor=PaleGreen|-23 || -9% ||
|-
| [[:Categoria:Articles mancats de coordenades de la Catalunya del Nord|Articles mancats de coordenades de la Catalunya del Nord]] ||bgcolor=PaleGreen|0 || bgcolor=LemonChiffon|20 || bgcolor=LemonChiffon|11 || bgcolor=PaleGreen|7 || {{PAGESINCATEGORY:Articles mancats de coordenades de la Catalunya del Nord}} || bgcolor=PaleGreen|-13 || -65% || 
|-
| [[:Categoria:Articles mancats de coordenades del País Basc|Articles mancats de coordenades del País Basc]] || No avaluat || bgcolor=LemonChiffon|31 || bgcolor=PaleGreen|1 || bgcolor=PaleGreen|1 || {{PAGESINCATEGORY:Articles mancats de coordenades del País Basc}} || bgcolor=PaleGreen|-30 || {{fet}}brref group=notaúnicament queden plantilles, no articles/ref ||{{u|PereBot}}  
|-
| [[:Categoria:Articles mancats de coordenades d'Espanya|Articles mancats de coordenades d'Espanya]] || No avaluat || bgcolor=DarkOrange|125 || bgcolor=PaleGreen|6 || bgcolor=PaleGreen|6 || {{PAGESINCATEGORY:Articles mancats de coordenades d'Espanya}} || bgcolor=PaleGreen|-119 || {{fet}}brref group=notaúnicament queden plantilles, no articles/ref ||{{u|PereBot}}  
|-
| [[:Categoria:Articles mancats de coordenades d'Egipte|Articles mancats de coordenades d'Egipte]] || bgcolor=LemonChiffon|99 || bgcolor=LemonChiffon|91 || bgcolor=LemonChiffon|90 || bgcolor=LemonChiffon|89 || {{PAGESINCATEGORY:Articles mancats de coordenades d'Egipte}} || bgcolor=PaleGreen|-2 || -2% ||  
|-
| [[:Categoria:Municipis amb coordenades a més de 5 km de les de Wikidata|Municipis amb coordenades a més de 5 km de les de Wikidata]] || No avaluat || No avaluat || bgcolor=DarkOrange|293 || bgcolor=DarkOrange|326 || {{PAGESINCATEGORY:Municipis amb coordenades a més de 5 km de les de Wikidata}} || bgcolor=DarkOrange|+33 || +11% ||{{u|Pere prlpz}}  
|}

==Articles a traslladar a d'altres projectes==
{| class=wikitable sortable style=text-align:center width=85% align=center
! width=35% | Tasca a millorar  || Final QQ2012 || Dia 0 || Dia 7 || Dia 15 || Actual || Progrés || Balanç || width=20%| Padrins
|-
| [[:Categoria:Moure a Viquidites|Moure a Viquidites]] || bgcolor=LemonChiffon|19 || bgcolor=LemonChiffon|26 || bgcolor=LemonChiffon|24 || bgcolor=LemonChiffon|23 || {{PAGESINCATEGORY:Moure a Viquidites}} || bgcolor=PaleGreen|-3 || -14% || {{u|Docosong}}
|-
| [[:Categoria:Moure a Viquillibres|Moure a Viquillibres]] || bgcolor=LemonChiffon|28 || bgcolor=LemonChiffon|28 || bgcolor=LemonChiffon|28 || bgcolor=LemonChiffon|27 || {{PAGESINCATEGORY:Moure a Viquillibres}} || bgcolor=PaleGreen|-1 || -4% ||
|-
| [[:Categoria:Moure a Viquinotícies|Moure a Viquinotícies]] || bgcolor=LemonChiffon|66 || bgcolor=LemonChiffon|70 || bgcolor=LemonChiffon|68 || bgcolor=LemonChiffon|66 || {{PAGESINCATEGORY:Moure a Viquinotícies}} || bgcolor=PaleGreen|-4 || -6% ||
|-
| [[:Categoria:Moure a Viquitexts|Moure a Viquitexts]] || bgcolor=PaleGreen|7 || bgcolor=PaleGreen|7 || bgcolor=PaleGreen|7 || bgcolor=PaleGreen|1 || {{PAGESINCATEGORY:Moure a Viquitexts}} || bgcolor=PaleGreen|-6 || -86% ||
|-
| [[:Categoria:Articles per moure al Viccionari|Moure a Viccionari]] || bgcolor=LemonChiffon|39 || bgcolor=PaleGreen|4 || bgcolor=LemonChiffon|17 || bgcolor=LemonChiffon|19 || {{PAGESINCATEGORY:Articles per moure al Viccionari}} || bgcolor=LemonChiffon|+15 || +375% || 
|}

==Manteniment de fitxers ==
{| class=wikitable sortable style=text-align:center width=85% align=center
! width=35% | Tasca a millorar  || Final QQ2012 || Dia 0 || Dia 7 || Dia 15 || Actual || Progrés || Balanç || width=20%| Padrins
|-
| [[Especial:Imatges_no_usades|Fitxer no usats]] || bgcolor=LemonChiffon|62 || bgcolor=LemonChiffon|56 || bgcolor=LemonChiffon|53 || bgcolor=LemonChiffon|59 || 59 || bgcolor=LemonChiffon|+3 ||  ||  
|-
| [[:Categoria:Imatges per traduir|Fitxers per traduir]] || bgcolor=LemonChiffon|94 || bgcolor=LemonChiffon|94 || bgcolor=DarkOrange|106 ||  bgcolor=DarkOrange|106 ||{{PAGESINCATEGORY:Imatges per traduir}} || bgcolor=LemonChiffon|+12 || +5% || 
|-
| [[Especial:Imatges sense categoria|Fitxers sense categoria]] || bgcolor=DarkOrange|185 || bgcolor=DarkOrange|204 || bgcolor=DarkOrange|154 || bgcolor=LemonChiffon|100 || 100 || bgcolor=PaleGreen|-104 || -51% || 
|-
| [[:Categoria:Éssers vius que necessiten una foto|Éssers vius que necessiten una foto]] || bgcolor=Red|1220 || bgcolor=Red|36049 || bgcolor=Red|34604 || bgcolor=Red|34456 || {{#expr:{{formatnum:{{PAGESINCATEGORY:Éssers vius que necessiten una foto}}|R}}+{{formatnum:{{PAGESINCATEGORY:Arqueobacteris que necessiten una foto‎}}|R}}+{{formatnum:{{PAGESINCATEGORY:Eubacteris que necessiten una foto}}|R}}+{{formatnum:{{PAGESINCATEGORY:Virus que necessiten una foto‎}}|R}}+{{formatnum:{{PAGESINCATEGORY:Eucariotes que necessiten una foto}}|R}}+{{formatnum:{{PAGESINCATEGORY:Fongss que necessiten una foto}}|R}}+{{formatnum:{{PAGESINCATEGORY:Animals que necessiten una foto}}|R}}+{{formatnum:{{PAGESINCATEGORY:Plantes que necessiten una foto}}|R}}+{{formatnum:{{PAGESINCATEGORY:Amfibis que necessiten una foto}}|R}}+{{formatnum:{{PAGESINCATEGORY:Artròpodes que necessiten una foto‎‎}}|R}}+{{formatnum:{{PAGESINCATEGORY:Cnidaris que necessiten una foto‎}}|R}}+{{formatnum:{{PAGESINCATEGORY:Esborranys de fauna‎}}|R}}+{{formatnum:{{PAGESINCATEGORY:Esborranys de cefalòpodes‎‎‎}}|R}}+{{formatnum:{{PAGESINCATEGORY:Esborranys d'amfibis‎}}|R}}+{{formatnum:{{PAGESINCATEGORY:Esborranys d'amfibis prehistòrics‎‎}}|R}}+{{formatnum:{{PAGESINCATEGORY:Dinosaures que necessiten una foto‎}}|R}}+{{formatnum:{{PAGESINCATEGORY:Equinoderms que necessiten una foto}}|R}}+{{formatnum:{{PAGESINCATEGORY:Mamífers que necessiten una foto}}|R}}+{{formatnum:{{PAGESINCATEGORY:Mol·luscs que necessiten una foto‎}}|R}}+{{formatnum:{{PAGESINCATEGORY:Peixos que necessiten una foto}}|R}}+{{formatnum:{{PAGESINCATEGORY:Rèptils que necessiten una foto}}|R}}+{{formatnum:{{PAGESINCATEGORY:Platihelmints que necessiten una foto}}|R}}+{{formatnum:{{PAGESINCATEGORY:Ocells que necessiten una foto‎}}|R}}}} || bgcolor=PaleGreen|-1593 || -4% ||‎
|-
| [[:Categoria:Articles de persones que necessiten una foto‎|Articles de persones que necessiten una foto‎]] || bgcolor=Red|3270 || bgcolor=Red|3861 || bgcolor=Red|3813 || bgcolor=Red|3822 || {{#expr:{{formatnum:{{PAGESINCATEGORY:‎Articles de persones que necessiten una foto}}|R}}+{{formatnum:{{PAGESINCATEGORY:Ciclistes que necessiten una foto‎}}|R}}+{{formatnum:{{PAGESINCATEGORY:Polítics que necessiten una foto}}|R}}}} || bgcolor=PaleGreen|-39 || -1% ||‎ {{u|Dvdgmz}}
|-
| [[:Categoria:Articles de geografia que necessiten una foto|Articles de geografia que necessiten una foto]] || bgcolor=Red|1623 || bgcolor=Red|19232 || bgcolor=Red|19182 || bgcolor=Red|18973 || {{#expr:{{formatnum:{{PAGESINCATEGORY:Articles d'Amèrica que necessiten una foto}}|R}}+{{formatnum:{{PAGESINCATEGORY:Articles d'Andorra que necessiten una foto}}|R}}+{{formatnum:{{PAGESINCATEGORY:Articles d'Aragó que necessiten una foto}}|R}}+{{formatnum:{{PAGESINCATEGORY:Articles d'Odèn que necessiten una foto}}|R}}+{{formatnum:{{PAGESINCATEGORY:Articles d'Olius que necessiten una foto}}|R}}+{{formatnum:{{PAGESINCATEGORY:Articles d'Osona que necessiten una foto}}|R}}+{{formatnum:{{PAGESINCATEGORY:Articles de Barcelona que necessiten una foto}}|R}}+{{formatnum:{{PAGESINCATEGORY:Articles de Castellar de la Ribera que necessiten una foto}}|R}}+{{formatnum:{{PAGESINCATEGORY:Articles de Catalunya que necessiten una foto}}|R}}+{{formatnum:{{PAGESINCATEGORY:Articles de Cerdanyola del Vallès que necessiten una foto}}|R}}+{{formatnum:{{PAGESINCATEGORY:Articles de Clariana de Cardener que necessiten una foto}}|R}}+{{formatnum:{{PAGESINCATEGORY:Articles de Guixers que necessiten una foto}}|R}}+{{formatnum:{{PAGESINCATEGORY:Articles de Lladurs que necessiten una foto}}|R}}+{{formatnum:{{PAGESINCATEGORY:Articles de Llobera que necessiten una foto}}|R}}+{{formatnum:{{PAGESINCATEGORY:Articles de Navès que necessiten una foto}}|R}}+{{formatnum:{{PAGESINCATEGORY:Articles de Pinell de Solsonès que necessiten una foto}}|R}}+{{formatnum:{{PAGESINCATEGORY:Articles de Pinós que necessiten una foto}}|R}}+{{formatnum:{{PAGESINCATEGORY:Articles de Riner que necessiten una foto}}|R}}+{{formatnum:{{PAGESINCATEGORY:Articles de Sabadell que necessiten una foto}}|R}}+{{formatnum:{{PAGESINCATEGORY:Articles de Sant Cugat del Vallès que necessiten una foto}}|R}}+{{formatnum:{{PAGESINCATEGORY:Articles de Solsona que necessiten una foto}}|R}}+{{formatnum:{{PAGESINCATEGORY:Articles de Terrassa que necessiten una foto}}|R}}+{{formatnum:{{PAGESINCATEGORY:Articles de València que necessiten una foto}}|R}}+{{formatnum:{{PAGESINCATEGORY:Articles de l'Alt Camp que necessiten una foto}}|R}}+{{formatnum:{{PAGESINCATEGORY:Articles de l'Alt Empordà que necessiten una foto}}|R}}+{{formatnum:{{PAGESINCATEGORY:Articles de l'Alt Penedès que necessiten una foto}}|R}}+{{formatnum:{{PAGESINCATEGORY:Articles de l'Alt Urgell que necessiten una foto}}|R}}+{{formatnum:{{PAGESINCATEGORY:Articles de l'Alta Ribagorça que necessiten una foto}}|R}}+{{formatnum:{{PAGESINCATEGORY:Articles de l'Anoia que necessiten una foto}}|R}}+{{formatnum:{{PAGESINCATEGORY:Articles de l'Urgell que necessiten una foto}}|R}}+{{formatnum:{{PAGESINCATEGORY:Articles de la Baixa Cerdanya que necessiten una foto}}|R}}+{{formatnum:{{PAGESINCATEGORY:Articles de la Catalunya del Nord que necessiten una foto}}|R}}+{{formatnum:{{PAGESINCATEGORY:Articles de la Coma i la Pedra que necessiten una foto}}|R}}+{{formatnum:{{PAGESINCATEGORY:Articles de la Conca de Barberà que necessiten una foto}}|R}}+{{formatnum:{{PAGESINCATEGORY:Articles de la Fenolleda que necessiten una foto}}|R}}+{{formatnum:{{PAGESINCATEGORY:Articles de la Franja de Ponent que necessiten una foto}}|R}}+{{formatnum:{{PAGESINCATEGORY:Articles de la Garrotxa que necessiten una foto}}|R}}+{{formatnum:{{PAGESINCATEGORY:Articles de la Molsosa que necessiten una foto}}|R}}+{{formatnum:{{PAGESINCATEGORY:Articles de la Noguera que necessiten una foto}}|R}}+{{formatnum:{{PAGESINCATEGORY:Articles de la Ribera d'Ebre que necessiten una foto}}|R}}+{{formatnum:{{PAGESINCATEGORY:Articles de la Segarra que necessiten una foto}}|R}}+{{formatnum:{{PAGESINCATEGORY:Articles de la Selva que necessiten una foto}}|R}}+{{formatnum:{{PAGESINCATEGORY:Articles de la Terra Alta que necessiten una foto}}|R}}+{{formatnum:{{PAGESINCATEGORY:Articles de la Vall d'Aran que necessiten una foto}}|R}}+{{formatnum:{{PAGESINCATEGORY:Articles de la província de Barcelona que necessiten una foto}}|R}}+{{formatnum:{{PAGESINCATEGORY:Articles de la província de Girona que necessiten una foto}}|R}}+{{formatnum:{{PAGESINCATEGORY:Articles de la província de Lleida que necessiten una foto}}|R}}+{{formatnum:{{PAGESINCATEGORY:Articles de la província de Tarragona que necessiten una foto}}|R}}+{{formatnum:{{PAGESINCATEGORY:Articles de les Balears que necessiten una foto}}|R}}+{{formatnum:{{PAGESINCATEGORY:Articles de les Garrigues que necessiten una foto}}|R}}+{{formatnum:{{PAGESINCATEGORY:Articles del Bages que necessiten una foto}}|R}}+{{formatnum:{{PAGESINCATEGORY:Articles del Baix Camp que necessiten una foto}}|R}}+{{formatnum:{{PAGESINCATEGORY:Articles del Baix Ebre que necessiten una foto}}|R}}+{{formatnum:{{PAGESINCATEGORY:Articles del Baix Empordà que necessiten una foto}}|R}}+{{formatnum:{{PAGESINCATEGORY:Articles del Baix Llobregat que necessiten una foto}}|R}}+{{formatnum:{{PAGESINCATEGORY:Articles del Baix Penedès que necessiten una foto}}|R}}+{{formatnum:{{PAGESINCATEGORY:Articles del Barcelonès que necessiten una foto}}|R}}+{{formatnum:{{PAGESINCATEGORY:Articles del Berguedà que necessiten una foto}}|R}}+{{formatnum:{{PAGESINCATEGORY:Articles del Garraf que necessiten una foto}}|R}}+{{formatnum:{{PAGESINCATEGORY:Articles del Gironès que necessiten una foto}}|R}}+{{formatnum:{{PAGESINCATEGORY:Articles del Maresme que necessiten una foto}}|R}}+{{formatnum:{{PAGESINCATEGORY:Articles del Moianès que necessiten una foto}}|R}}+{{formatnum:{{PAGESINCATEGORY:Articles del Montsià que necessiten una foto}}|R}}+{{formatnum:{{PAGESINCATEGORY:Articles del Pallars Jussà que necessiten una foto}}|R}}+{{formatnum:{{PAGESINCATEGORY:Articles del Pallars Sobirà que necessiten una foto}}|R}}+{{formatnum:{{PAGESINCATEGORY:Articles del País Valencià que necessiten una foto}}|R}}+{{formatnum:{{PAGESINCATEGORY:Articles del Pla d'Urgell que necessiten una foto}}|R}}+{{formatnum:{{PAGESINCATEGORY:Articles del Pla de l'Estany que necessiten una foto}}|R}}+{{formatnum:{{PAGESINCATEGORY:Articles del Priorat que necessiten una foto}}|R}}+{{formatnum:{{PAGESINCATEGORY:Articles del Ripollès que necessiten una foto}}|R}}+{{formatnum:{{PAGESINCATEGORY:Articles del Segrià que necessiten una foto}}|R}}+{{formatnum:{{PAGESINCATEGORY:Articles del Solsonès que necessiten una foto}}|R}}+{{formatnum:{{PAGESINCATEGORY:Articles del Tarragonès que necessiten una foto}}|R}}+{{formatnum:{{PAGESINCATEGORY:Articles del Vallès Occidental que necessiten una foto}}|R}}+{{formatnum:{{PAGESINCATEGORY:Articles del Vallès Oriental que necessiten una foto}}|R}}+{{formatnum:{{PAGESINCATEGORY:Articles del metro de Barcelona que necessiten una foto}}|R}}+{{formatnum:{{PAGESINCATEGORY:Articles dels Països Catalans que necessiten una foto}}|R}}+{{formatnum:{{PAGESINCATEGORY:Collades del Solsonès que necessiten una foto}}|R}}+{{formatnum:{{PAGESINCATEGORY:Collades que necessiten una foto}}|R}}+{{formatnum:{{PAGESINCATEGORY:Esglésies que necessiten una foto}}|R}}+{{formatnum:{{PAGESINCATEGORY:Estacions de ferrocarril que necessiten una foto}}|R}}+{{formatnum:{{PAGESINCATEGORY:Fonts de Catalunya que necessiten una foto}}|R}}+{{formatnum:{{PAGESINCATEGORY:Fonts del Pallars Jussà que necessiten una foto}}|R}}+{{formatnum:{{PAGESINCATEGORY:Fonts que necessiten una foto}}|R}}+{{formatnum:{{PAGESINCATEGORY:Gorgs que necessiten una foto}}|R}}+{{formatnum:{{PAGESINCATEGORY:Masies de Catalunya que necessiten una foto}}|R}}+{{formatnum:{{PAGESINCATEGORY:Masies de l'Alt Empordà que necessiten una foto}}|R}}+{{formatnum:{{PAGESINCATEGORY:Masies que necessiten una imatge}}|R}}+{{formatnum:{{PAGESINCATEGORY:Muntanyes d'Odèn que necessiten una foto}}|R}}+{{formatnum:{{PAGESINCATEGORY:Muntanyes d'Olius que necessiten una foto}}|R}}+{{formatnum:{{PAGESINCATEGORY:Muntanyes d'Osona que necessiten una foto}}|R}}+{{formatnum:{{PAGESINCATEGORY:Muntanyes de Castellar de la Ribera que necessiten una foto}}|R}}+{{formatnum:{{PAGESINCATEGORY:Muntanyes de Catalunya que necessiten una foto}}|R}}+{{formatnum:{{PAGESINCATEGORY:Muntanyes de Clariana de Cardener que necessiten una foto}}|R}}+{{formatnum:{{PAGESINCATEGORY:Muntanyes de Guixers que necessiten una foto}}|R}}+{{formatnum:{{PAGESINCATEGORY:Muntanyes de Lladurs que necessiten una foto}}|R}}+{{formatnum:{{PAGESINCATEGORY:Muntanyes de Llobera que necessiten una foto}}|R}}+{{formatnum:{{PAGESINCATEGORY:Muntanyes de Navès que necessiten una foto}}|R}}+{{formatnum:{{PAGESINCATEGORY:Muntanyes de Pinell de Solsonès que necessiten una foto}}|R}}+{{formatnum:{{PAGESINCATEGORY:Muntanyes de Pinós que necessiten una foto}}|R}}+{{formatnum:{{PAGESINCATEGORY:Muntanyes de Riner que necessiten una foto}}|R}}+{{formatnum:{{PAGESINCATEGORY:Muntanyes de l'Alt Camp que necessiten una foto}}|R}}+{{formatnum:{{PAGESINCATEGORY:Muntanyes de l'Alt Empordà que necessiten una foto}}|R}}+{{formatnum:{{PAGESINCATEGORY:Muntanyes de l'Alt Penedès que necessiten una foto}}|R}}+{{formatnum:{{PAGESINCATEGORY:Muntanyes de l'Alt Urgell que necessiten una foto}}|R}}+{{formatnum:{{PAGESINCATEGORY:Muntanyes de l'Alta Ribagorça que necessiten una foto}}|R}}+{{formatnum:{{PAGESINCATEGORY:Muntanyes de l'Anoia que necessiten una foto}}|R}}+{{formatnum:{{PAGESINCATEGORY:Muntanyes de l'Urgell que necessiten una foto}}|R}}+{{formatnum:{{PAGESINCATEGORY:Muntanyes de la Cerdanya que necessiten una foto}}|R}}+{{formatnum:{{PAGESINCATEGORY:Muntanyes de la Coma i la Pedra que necessiten una foto}}|R}}+{{formatnum:{{PAGESINCATEGORY:Muntanyes de la Conca de Barberà que necessiten una foto}}|R}}+{{formatnum:{{PAGESINCATEGORY:Muntanyes de la Garrotxa que necessiten una foto}}|R}}+{{formatnum:{{PAGESINCATEGORY:Muntanyes de la Noguera que necessiten una foto}}|R}}+{{formatnum:{{PAGESINCATEGORY:Muntanyes de la Ribera d'Ebre que necessiten una foto}}|R}}+{{formatnum:{{PAGESINCATEGORY:Muntanyes de la Segarra que necessiten una foto}}|R}}+{{formatnum:{{PAGESINCATEGORY:Muntanyes de la Selva que necessiten una foto}}|R}}+{{formatnum:{{PAGESINCATEGORY:Muntanyes de la Terra Alta que necessiten una foto}}|R}}+{{formatnum:{{PAGESINCATEGORY:Muntanyes de la Vall d'Aran que necessiten una foto}}|R}}+{{formatnum:{{PAGESINCATEGORY:Muntanyes de les Garrigues que necessiten una foto}}|R}}+{{formatnum:{{PAGESINCATEGORY:Muntanyes del Bages que necessiten una foto}}|R}}+{{formatnum:{{PAGESINCATEGORY:Muntanyes del Baix Camp que necessiten una foto}}|R}}+{{formatnum:{{PAGESINCATEGORY:Muntanyes del Baix Ebre que necessiten una foto}}|R}}+{{formatnum:{{PAGESINCATEGORY:Muntanyes del Baix Empordà que necessiten una foto}}|R}}+{{formatnum:{{PAGESINCATEGORY:Muntanyes del Baix Llobregat que necessiten una foto}}|R}}+{{formatnum:{{PAGESINCATEGORY:Muntanyes del Baix Penedès que necessiten una foto}}|R}}+{{formatnum:{{PAGESINCATEGORY:Muntanyes del Barcelonès que necessiten una foto}}|R}}+{{formatnum:{{PAGESINCATEGORY:Muntanyes del Berguedà que necessiten una foto}}|R}}+{{formatnum:{{PAGESINCATEGORY:Muntanyes del Garraf que necessiten una foto}}|R}}+{{formatnum:{{PAGESINCATEGORY:Muntanyes del Gironès que necessiten una foto}}|R}}+{{formatnum:{{PAGESINCATEGORY:Muntanyes del Maresme que necessiten una foto}}|R}}+{{formatnum:{{PAGESINCATEGORY:Muntanyes del Montsià que necessiten una foto}}|R}}+{{formatnum:{{PAGESINCATEGORY:Muntanyes del Pallars Jussà que necessiten una foto}}|R}}+{{formatnum:{{PAGESINCATEGORY:Muntanyes del Pallars Sobirà que necessiten una foto}}|R}}+{{formatnum:{{PAGESINCATEGORY:Muntanyes del Pla d'Urgell que necessiten una foto}}|R}}+{{formatnum:{{PAGESINCATEGORY:Muntanyes del Pla de l'Estany que necessiten una foto}}|R}}+{{formatnum:{{PAGESINCATEGORY:Muntanyes del Priorat que necessiten una foto}}|R}}+{{formatnum:{{PAGESINCATEGORY:Muntanyes del Ripollès que necessiten una foto}}|R}}+{{formatnum:{{PAGESINCATEGORY:Muntanyes del Segrià que necessiten una foto}}|R}}+{{formatnum:{{PAGESINCATEGORY:Muntanyes del Solsonès que necessiten una foto}}|R}}+{{formatnum:{{PAGESINCATEGORY:Muntanyes del Tarragonès que necessiten una foto}}|R}}+{{formatnum:{{PAGESINCATEGORY:Muntanyes del Vallès Occidental que necessiten una foto}}|R}}+{{formatnum:{{PAGESINCATEGORY:Muntanyes del Vallès Oriental que necessiten una foto}}|R}}+{{formatnum:{{PAGESINCATEGORY:Muntanyes que necessiten una foto}}|R}}+{{formatnum:{{PAGESINCATEGORY:Refugis que necessiten una foto}}|R}}+{{formatnum:{{PAGESINCATEGORY:Rius que necessiten una foto}}|R}}+{{formatnum:{{PAGESINCATEGORY:Roques que necessiten una foto}}|R}}+{{formatnum:{{PAGESINCATEGORY:Serres d'Odèn que necessiten una foto}}|R}}+{{formatnum:{{PAGESINCATEGORY:Serres d'Olius que necessiten una foto}}|R}}+{{formatnum:{{PAGESINCATEGORY:Serres de Castellar de la Ribera que necessiten una foto}}|R}}+{{formatnum:{{PAGESINCATEGORY:Serres de Clariana de Cardener que necessiten una foto}}|R}}+{{formatnum:{{PAGESINCATEGORY:Serres de Guixers que necessiten una foto}}|R}}+{{formatnum:{{PAGESINCATEGORY:Serres de Lladurs que necessiten una foto}}|R}}+{{formatnum:{{PAGESINCATEGORY:Serres de Llobera que necessiten una foto}}|R}}+{{formatnum:{{PAGESINCATEGORY:Serres de Navès que necessiten una foto}}|R}}+{{formatnum:{{PAGESINCATEGORY:Serres de Pinell de Solsonès que necessiten una foto}}|R}}+{{formatnum:{{PAGESINCATEGORY:Serres de Pinós que necessiten una foto}}|R}}+{{formatnum:{{PAGESINCATEGORY:Serres de Riner que necessiten una foto}}|R}}+{{formatnum:{{PAGESINCATEGORY:Serres de la Coma i la Pedra que necessiten una foto}}|R}}+{{formatnum:{{PAGESINCATEGORY:Serres de la Molsosa que necessiten una foto}}|R}}+{{formatnum:{{PAGESINCATEGORY:Serres del Solsonès que necessiten una foto}}|R}}+{{formatnum:{{PAGESINCATEGORY:Torrents que necessiten una foto}}|R}}+{{formatnum:{{PAGESINCATEGORY:Volcans que necessiten una foto}}|R}}}} || bgcolor=PaleGreen|-259 || -1% ||!-- No complet, falten les subcategories--
|-
| [[:Categoria:Minerals que necessiten una imatge|Minerals que necessiten una imatge]]|| No avaluat || bgcolor=LemonChiffon|67 || bgcolor=LemonChiffon|67 || bgcolor=LemonChiffon|43 || {{PIC|Minerals que necessiten una imatge‎}} || bgcolor=PaleGreen|-24 || -36% ||{{u|Yuanga}}
|-
| [[:Categoria:Articles que necessiten una foto|Altres articles que necessiten una foto]]|| bgcolor=Red|2433 || bgcolor=Red|2392 || bgcolor=Red|2384 || bgcolor=Red|2356 || {{PIC|Articles que necessiten una foto|Castells que necessiten una foto‎|Masies que necessiten una imatge‎|Minerals que necessiten una imatge|Articles de pintures que necessiten una foto‎|Articles sobre proteïnes que necessiten una foto‎}} || bgcolor=PaleGreen|-36 || -2% || 
|}

==Manteniment de plantilles==
{| class=wikitable sortable style=text-align:center width=85% align=center
! width=35% | Tasca a millorar || Final QQ2012 || Dia 0 || Dia 7 || Dia 15 || Actual || Progrés || Balanç || width=20%| Padrins
|-
| [[:Categoria:Plantilles sense informació d'ús|Plantilles sense informació d'ús]] || bgcolor=DarkOrange|846 || bgcolor=DarkOrange|914 || bgcolor=DarkOrange|917 || bgcolor=DarkOrange|922 || {{PAGESINCATEGORY:Plantilles sense informació d'ús}} || bgcolor=LemonChiffon|+8 ||  || 
|-
| [[Especial:Plantilles sense categoria|Plantilles sense categoria]] || bgcolor=DarkOrange|835 || bgcolor=DarkOrange|923 || bgcolor=DarkOrange|511 || bgcolor=DarkOrange|431 ||  || bgcolor=PaleGreen|-492 || -53% || {{u|Paucabot}}
|-
| [[:Categoria:Plantilles sense TemplateData|Plantilles sense TemplateData]] || No avaluada || No avaluada || bgcolor=DarkOrange|667 || bgcolor=DarkOrange|697 || {{PAGESINCATEGORY:Plantilles sense TemplateData}} || bgcolor=LemonChiffon|+30 || +4% ||
|-
| [[:Categoria:Manteniment plantilla commonscat|Manteniment plantilla commonscat]]|| No avaluada || bgcolor=Red|2758 || bgcolor=Red|2659 || bgcolor=Red|2428 || {{PAGESINCATEGORY:Manteniment plantilla commonscat}} || bgcolor=PaleGreen|-330 || -12% || {{u|Pere prlpz}}
|}

== Manteniment de categories ==
{| class=wikitable sortable style=text-align:center width=85% align=center
! width=35% | Tasca a millorar  || Final QQ2012 || Dia 0 || Dia 7 || Dia 15 || Actual || Progrés || Balanç || width=20%| Padrins
|-
| [[:Categoria:Propostes de categories per moure|Propostes de categories per moure]] || bgcolor=LemonChiffon|78 || bgcolor=LemonChiffon|53 || bgcolor=LemonChiffon|21 || bgcolor=LemonChiffon|26 || {{PAGESINCATEGORY:Propostes de categories per moure}} || bgcolor=PaleGreen|-27 || -51% || {{u|Paucabot}}
|-
| [[Especial:Categories demanades|Categories demanades]] || bgcolor=LemonChiffon|85 || bgcolor=DarkOrange|134 || bgcolor=LemonChiffon|47 || bgcolor=LemonChiffon|30 ||  || bgcolor=PaleGreen|-104 || -78% || {{u|Paucabot}}, {{u|Panotxa}}
|-
| [[:Categoria:Categories per indexar|Categories per indexar]] || bgcolor=LemonChiffon|43 || bgcolor=DarkOrange|131 || bgcolor=DarkOrange|134 || bgcolor=DarkOrange|137 || {{PAGESINCATEGORY:Categories per indexar}} || bgcolor=LemonChiffon|+6 || +5% || {{u|Townie}}
|-
| [[:Categoria:Categories massa plenes|Categories massa plenes]] || bgcolor=DarkOrange|112 || bgcolor=DarkOrange|115 || bgcolor=LemonChiffon|93 || bgcolor=LemonChiffon|91 || {{PAGESINCATEGORY:Categories massa plenes}} || bgcolor=PaleGreen|-24 || -21% || {{u|Paucabot}}, {{u|Habicht}}
|-
| [[:Categoria:Categories per omplir|Categories per omplir]] || bgcolor=DarkOrange|465 || bgcolor=DarkOrange|486 || bgcolor=DarkOrange|477 || bgcolor=DarkOrange|477 || {{PAGESINCATEGORY:Categories per omplir}} || bgcolor=PaleGreen|-9 || -2% || 
|-
| [[Especial:Pàgines sense categoria|Pàgines sense categoria]] || LemonChiffon|16 || bgcolor=PaleGreen|5 || bgcolor=PaleGreen|6 || bgcolor=PaleGreen|0 ||  || bgcolor=PaleGreen|-5 || {{fet}} || {{u|Kippelboy}}
|-
| [[Especial:Categories sense categoria|Categories sense categoria]] || bgcolor=PaleGreen|1 || bgcolor=PaleGreen|0 || bgcolor=PaleGreen|0 || bgcolor=PaleGreen|0 ||  || = || {{fet}}  || {{u|Kippelboy}}
|-
| [[:Categoria:Categories massa curtes|Categories amb menys de cinc elements]] || bgcolor=PaleGreen|2 || bgcolor=LemonChiffon|91 || bgcolor=DarkOrange|114 || bgcolor=PaleGreen|1 || {{PAGESINCATEGORY:Categories massa curtes}} || bgcolor=PaleGreen|-90 || -99% || {{u|Panotxa}} 
|}

==Notes==
{{Reflist|group=nota}}

[[Categoria:Gran Quinzena Anual de la Qualitat|Gran Quinzena Anual de la Qualitat]]</text>
      <sha1>c8zebll22h4sxiga2tonvjuj3194dus</sha1>
      <model>wikitext</model>
      <format>text/x-wiki</format>
    </revision>
  </page>