<page>
    <title>Neerlandesos</title>
    <ns>0</ns>
    <id>1079474</id>
    <revision>
      <id>13998184</id>
      <parentid>13894009</parentid>
      <timestamp>2014-09-02T07:27:09Z</timestamp>
      <contributor>
        <username>Langtoolbot</username>
        <id>128552</id>
      </contributor>
      <minor></minor>
      <comment>Corregit: total o parcialment  totalment o parcialment</comment>
      <text>{{Infobox ethnic group
| group = Neerlandesos br ''{{lang|nl|Nederlanders}}'' {{Audio|Nl-Nederlanders2.ogg|''{{lang|nl|Nederlanders|nocat=true}}''}}) 
| image = [[Fitxer:Famous Dutch People.jpg|300px|Selecció d'imatges de neerlandesos destacats.]]
| caption = Selecció d'imatges de neerlandesos destacats.br / {{mida|85%|1a fila: [[Erasme de Rotterdam]] • [[Guillem I d'Orange-Nassau]] • [[Johan van Oldenbarnevelt]] • [[Maurici de Nassau]] • [[Piet Pieterszoon Hein|Piet Heyn]]br2a fila: [[Hugo Grotius|Grotius]] • [[Frederic Enric d'Orange]] • [[Jan Leeghwater]] • [[Rembrandt]] • [[Michiel de Ruyter]]br3a fila: [[Johan de Witt]] • [[Baruch Spinoza|Spinoza]] • [[Christiaan Huygens]] • [[Guillem III d'Anglaterra|Guillem III d'Orange]] • [[Antonie van Leeuwenhoek]] br 4a fila: [[Isabelle de Charrière|Belle van Zuylen]] • [[Johan Thorbecke|Thorbecke]] • [[Multatuli]] • [[Vincent van Gogh]] • [[Johannes Diderik van der Waals|Johannes van der Waals]] br 5a fila: [[Hendrik Lorentz]] • [[Aletta Jacobs]] • [[Guillemina I dels Països Baixos|Guillemina ]] • [[Willem Drees]] • [[Johan Cruyff]]}}
| poptime = '''The Dutch'''br 16 - 28 milions (est.)refIn the 1950s (the peak of traditional emigration) about 350.000 people left the Netherlands, mainly to [[Austràlia]], [[Nova Zelanda]], [[Canadà]], els [[EUA]] i [[Sud-àfrica]]. About one-fifth returned. The maximum Dutch-born emigrant stock for the 1950s is about 300.000 (some have died since). The maximum emigrant stock (Dutch-born) for the period after 1960 is 1.6 million. Discounting pre-1950 emigrants (who would be about 85 or older), at most around 2 million people born in the Netherlands are now living outside the country. Combined with the 13,1 million ethnically Dutch inhabitants of the Netherlands, there are about 16 million people who are Dutch, in a minimally accepted sense. ''Autochtone population at 1 January 2006, Central Statistics Bureau, ''Integratiekaart 2006'''', [http://www.cbs.nl/NR/rdonlyres/4336C8A9-8E06-46BE-B1C0-CB0B21AD1AD4/0/2006integratiekaartpub.pdf (external link)] {{nl}}/ref br (~23 million native Dutch speakers worldwide)
| region1 = {{flagcountry|Netherlands}}
|pop1 = 13.236.618br sup(Ethnic Dutch)/supbr ~472.600refAccording to a 1990 study by [[Statistics Netherlands]] there were 472,600 Dutch Indonesians residing in the Netherlands. They are the descendants of both Dutchmen and native peoples of [[Indonèsia]]./ref br sup([[Eurasian (mixed ancestry)|Dutch Indonesians]])/sup
|region2 = {{flagcountry|South Africa}}
| pop2 =7.000.000 {{mida|85%|(Dutch ancestry)}}ref name=autogenerated6//sup
|ref2 = {{lower|refBased on adding together [[Afrikaner]] and [[Coloured]] populations./ref}}
|region3 = {{flagcountry|USA}}
| pop3 =
|region4 = {{flagcountry|Australia}}
|pop4 = 335.500 {{mida|85%|(Dutch ancestry)}}
| ref4 = {{lower|ref{{cite web |url=http://www.abs.gov.au/ausstats/abs@.nsf/Lookup/2071.0main+features902012-2013 |title=ABS Ancestry |year=2012}}/ref}}
|region5 = {{flagcountry|Belgium}}
|pop5=120.970ref[http://www.cbs.nl/NR/rdonlyres/564DE063-D369-4042-A502-0F4FF5DFC939/0/2007k4b15p47art.pdf Number of people with the Dutch nationality in Belgium as reported by Statistic Netherlands] {{nl}}/ref
|ref5=
|region6 = {{flagcountry|New Zealand}}
|pop6 =supest./sup 100.000
|ref6 = {{lower|ref{{cite web|url=http://www.teara.govt.nz/en/dutch/4 |title=New Zealand government website on Dutch-Australians |publisher=Teara.govt.nz |date=2009-03-04 |accessdate= }}/ref}}
|region7 = {{flagcountry|Denmark}}
|pop7=supest./sup 30.000
|ref7 = {{lower|ref name=joshuaproject.net/}}
|region8 = {{flagcountry|Turkey}}
|pop8=supest./sup 20,000
|ref8 = {{lower|ref{{cite web|url=http://www.cbs.nl/nr/exeres/E4FCE219-D72D-47C6-A867-7D7EC9ED0BF0.htm |title=CBS - One in eleven old age pensioners live abroad - Web magazine |publisher=Cbs.nl |date=2007-02-20 |accessdate= }}/ref}}
|region9 = {{flagcountry|Switzerland}}
|pop9=supest./sup 20,000
|ref9 = {{lower|refhttp://www.bfs.admin.ch/bfs/portal/de/index/themen/01/22/publ.Document.88215.pdf/ref}}
|region10 = {{flagcountry|Norway}}
|pop10=supest./sup 13.000
|ref10 = {{lower|ref{{cite web|url=http://www.ssb.no/english/subjects/02/01/10/innvbef_en/arkiv/tab-2009-04-30-05-en.html |title=Table 5 Persons with immigrant background by immigration category, country background and sex. 1 January 2009 |publisher=Ssb.no |date=2009-01-01 |accessdate= }}/ref}}
|region11 = {{flagcountry|Indonesia}}
|pop11=15.000
|ref11 = {{lower|ref name=joshuaproject.net{{cite web|author=Joshua Project |url=http://www.joshuaproject.net/peoples.php?rop3=102787 |title=Dutch Ethnic People in all Countries |publisher=Joshua Project |date= |accessdate= }}/ref}}
|region12 = {{flagcountry|Sweden}}
|pop12=supest./sup 10.000
|region13 = {{lower|ref name=joshuaproject.net/}}
}}
Els '''neerlandesos''' (''nederlanders'' en [[neerlandès]]) són els habitants dels [[Països Baixos (topònim)|Països Baixos]]ref name=StatsAutochtone population at 1 January 2006, Central Statistics Bureau, ''Integratiekaart 2006'', [http://www.cbs.nl/NR/rdonlyres/4336C8A9-8E06-46BE-B1C0-CB0B21AD1AD4/0/2006integratiekaartpub.pdf (external link)] This includes the Frisians as well./ref que comparteixen una cultura comuna i parlen la llengua neerlandesa. Els neerlandesos i els seus descendents es troben a comunitats de migrants d'arreu del món, especialment al [[Surinam]], [[Xile]], [[Brasil]], [[Canadà]], [[Austràlia]],ref name=autogenerated1{{cite web|url=http://www.ausstats.abs.gov.au/Ausstats/subscriber.nsf/0/AD2222ECE5AD4396CA25712500161734/$File/29330_2001.pdf |title=2001CPAncestryDetailed (Final) |format = {{PDF }}|date= |accessdate= }}/ref [[Sud-àfrica]],ref name=autogenerated4Basat en nombres donats pel Professor J. A Heese al seu llibre ''Die Herkoms van die Afrikaner'' (Els Orígens dels Afrikaners), que uns 35% dels 4,5 milions d'Afrikaners tenen ancestres neerlandesos. [http://africanhistory.about.com/od/southafrica/p/AfrikanerGene.htm How 'Pure' was the Average Afrikaner?]/ref [[Nova Zelanda]] i els [[Estats Units]].ref name=autogenerated8According to [http://factfinder.census.gov/servlet/ADPTable?_bm=y-geo_id=01000US-qr_name=ACS_2004_EST_G00_DP2-ds_name=ACS_2004_EST_G00_-_lang=en-_sse=on Factfinder.census.gov]/ref

L'art i la cultura tradicional dels neerlandesos abasta diverses formes de la [[música tradicional]], [[ball]]s, estils arquitectònics i el vestit, algunes de les quals són globalment reconegudes. A escala internacional, pintors neerlandesos com [[Rembrandt]], [[Vermeer]] i [[Vincent van Gogh]] es troben en alta estima. La religió dominant dels neerlandesos és el [[cristianisme]] ([[catòlic]] i [[protestant]]), encara que en els temps moderns la majoria ja no és religiosa. Percentatges significatius de neerlandesos són partidaris de l'[[humanisme]], l'[[agnosticisme]], l'[[ateisme]] o l'[[individualisme|espiritualitat individual]].ref name=CBS statline Church membership{{cite web|url=http://statline.cbs.nl/StatWeb/publication/?VW=TDM=SLNLPA=37944D1=aHD=080528-1938HDR=TSTB=G1 |title=CBS statline Church membership |publisher=Statline.cbs.nl |date=2009-12-15 |accessdate= }}/refref name=Religion in the Netherlands[http://www.rivm.nl/vtv/object_map/o1204n22742.html Religion in the Netherlands]. {{nl}}/ref

A l'edat mitjana, els Països Baixos eren al voltant de la frontera de [[França]] i el [[Sacre Imperi]], formant part de les seves respectives perifèries, i els diversos territoris de què consistien esdevingueren virtualment autònoms cap al segle XIII.ref''Winkler Prins Geschiedenis der Nederlanden'' I (1977), p. 150; I.H. Gosses, ''Handboek tot de staatkundige geschiedenis der Nederlanden'' I (1974 [1959]), 84 ff./ref sota els [[Ducat de Borgonya|Burgundis]], les [[Disset Províncies]] que prenguèren aleshores per a la primera vegada el nom de [[Països Baixos (topònim)]] estaven organitzats en una sola unitat administrativa. Durant els segles XVI i XVII les províncies septentrionals s'independitzaren d'[[Espanya]] a la [[províncies Unides|República de les Set Províncies Unides]].ref group=nbLa independència va ser acceptada pel [[tractat de Munster]] de 1648, a la pràctica la república neerlandesa havia estat independent des de l'última dècada del segle XVI./ref 
l'alt grau d'urbanització característica de la societat neerlandesa es va aconseguir en un temps relativament primerenc.refD.J. Noordam, «Demografische ontwikkelingen in West-Europa van de vijftiende tot het einde van de achttiende eeuw» a H.A. Diederiks e.a., ''Van agrarische samenleving naar verzorgingsstaat'' (Leiden 1993), 35-64, esp. 40 (en català: Desenvolupaments demogràfics a Europa Occidental del segles XV fins a la fi del segle XVIII)/ref Durant la República de la primera sèrie de migracions neerlandeses gran escala fora d'Europa va tenir lloc.

El seu nombre total es pot definir en aproximadament de dues formes. Prenent el total de totes les persones amb ascendència neerlandesa completa, d'acord amb la definició actual del [[Centraal Bureau voor de Statistiek]], el que resulta en una estimació de 16 milions de neerlandesos,refAls anys 1950 (pic paradigmàtic d'emigració) uns 350.000 deixaren els Països Baixos, principalment cap a [[Austràlia]], [[Nova Zelanda]], [[Canadà]], els [[Estats Units d'Amèrica]] i [[Sud-àfrica]]. Al voltant d'una cinquena part retornaren. El màxim estoc d'emigrants neerlandesos dels anys 50 era d'uns 300.000. El màxim estoc d'emigrants neerlandesos per al període després de 1960 és de 1,6 milions. Discounting pre-1950 emigrants (who would be about 85 or older), at most around 2 million people born in the Netherlands are now living outside the country. Combined with the 13,1 million ethnically Dutch inhabitants of the Netherlands, there are about 16 million people who are Dutch, in a minimally accepted sense. ''[http://www.cbs.nl/NR/rdonlyres/4336C8A9-8E06-46BE-B1C0-CB0B21AD1AD4/0/2006integratiekaartpub.pdf Autochtone population at 1 January 2006], Central Statistics Bureau, ''Integratiekaart 2006'', {{nl}}/ref o per la suma de totes les persones amb ascendència neerlandesa, tant total com parcial, que donaria lloc a una xifra aproximada de 25 milions.

==Història==
{{main|Història dels Països Baixos|història de Bèlgica}}
Igual que amb tots els grups ètnics de la gènesi dels neerlandesos (i els seus predecessors) ha estat un procés llarg i complex. Encara que la majoria de les característiques definitòries (com l'idioma, la religió, l'arquitectura o la cuina) de l'ètnia neerlandesa s'han acumulat al llarg dels segles, és difícil (si no impossible) identificar clarament el sorgiment exacte dels neerlandesos, la interpretació dels quals resulta sovint controvertida. El text que segueix, per tant, se centra en la història de l'ètnia neerlandesa, si desitgeu aprofundir en la història nacional neerlandesa, vegeu [[història dels Països Baixos]].

===Orígens===
{{AP|Invasions bàrbares|foederati|germànics|francs}}
Als darrers segles de l'[[edat antiga]], les tribus germàniques formaven societats tribals sense aparentment cap forma d'[[autocràcia]] (essent els cabdills elegits només en temps de guerra), les creences basades [[paganisme germànic]] i parlant dialectes poc diferenciats del [[protogermànic]]. Després del final del període de migracions cap a l'oest cap a l'any 500, amb grans federacions (com els [[francs]], [[vàndals]], [[alamans]] i [[saxons]]) establint-se sobre els territoris perifèrics del decadent [[imperi romà]], es produïren una sèrie de canvis monumentals dins d'aquestes societats germàniques. Entre els més importants d'ells foren la seva conversió del [[paganisme germànic]] al cristianisme, l'aparició d'un nou sistema polític, centrat en els reis, i un procés continu d'in[[intel·ligibilitat mútua]] dels seus diversos dialectes.

[[File:Clovis crop.jpg|thumb|333px|La [[conversió religiosa]] del rei franc [[Clovis I|Clovis]] al cristianisme tindria gran importància per ajudar a donar forma a la identitat dels futurs dels neerlandesos.ref
La conversió de Clodoveu al cristianisme, independentment dels seus motius, és un punt d'inflexió en la història ja que l'elit canvià de creences. La seva elecció davallaria cap a la gent comuna, dels quals molts (sobretot al Brabant i Flandes punt originari dels francs) tot i que d'una forma menys entusiasta que la classe dominant. Vegeu Pieter Geyl, « Una nova religió» a ''Geschiedenis van de Nederlandse stam, part I: fins a 1648''. Wereldbibliotheek Amsterdam/Antwerp 1959, pàgina 204 /ref ]]

Aquesta situació general és aplicable a la majoria, si no a tots els grups ètnics europeus moderns amb orígens en les tribus germàniques, com els [[frisons]], els [[alemanys]] o els [[anglesos]] i els pobles germànics del nord. Als Països Baixos, aquesta fase va començar quan els francs, sorgits de la unió de diverses tribus més petites (entre ells els [[bataus]], els [[caucs]], els [[camaus]] i els ''[[chattuarii]]'', que ja vivien als Països Baixos abans de la formació de la confederació dels francs), començaren a fer incursions a les províncies del nord-oest de l'[[Imperi Romà d'Occident]]. Finalment, l'any [[358]], els francs [[salis]], una de les tres subdivisions principals entre l'aliança francarefEs van dividir en tres grups: els salis, els ripuaris i els cats ([http://www.britannica.com/EBchecked/topic/217113/Frank Britannica])/ref s'establiren a les terres del sud de la zona com a ''[[foederati]]''; aliats romans encarregats de la defensa de les fronteres.ref ''Els francs, que s'havien assentat a [[Kempfen (regió)|Toxàndria]], al Brabant, se'ls va donar la tasca de defensar les zones de frontera, el que van fer fins a mitjan segle V''; [http://www.britannica.com/EBchecked/topic/349677/history-of-Low-Countries article 'History of the Low Countries' ];Encyclopædia Britannica Online; . 10 May. 2009/ref

Lingüísticament el [[fràncic]] es va convertir progressivament en l'antic neerlandès,ref ''deriva del baix fràncic, el discurs dels francs occidentals, que va ser reestructurada a través del contacte amb parlants a la costa del Mar del Nord germànic al llarg del
It derives from Low Franconian, the speech of the Western Franks, which was restructured through contact with speakers of North Sea Germanic along the coast.''[http://www.britannica.com/EBchecked/topic/409930/Dutch-language Encyclopædia Britannica Online; article 'Dutch language' 10 May. 2009];/refref''restructured Frankish—i.e., Dutch; ''[http://www.britannica.com/EBchecked/topic/640154/West-Germanic-languages/74783/Characteristics#ref=ref603810 Encyclopædia Britannica Online; entry 'West Germanic languages'. 10 May. 2009];/ref
mentre que religiosament els francs (començant amb la classe alta) es van convertir al cristianisme a partir d'al voltant de 500 a 700. A nivell polític, els senyors de la guerra francs abandonats tribalismeref''The administrative organization of the Low Countries (...) was basically the same as that of the rest of the Frankish empire.'' [http://www.britannica.com/EBchecked/topic/349677/history-of-Low-Countries Encyclopædia Britannica Online; entry 'History of the Low Countries'. 10 May. 2009] /ref i van fundar diversos regnes, culminant finalment en l'[[regne Franc|Imperi Franc]] de [[Carlemany]].

Tot i que la població formava part de l'imperi franc, o fins i tot regnes francs primerencs com [[Nèustria]] i [[Austràsia]], no va ser dominat pels francs. Encara que els líders francs controlaven la major part d'Europa Occidental, els mateixos francs es limitaven a la part nord-oest de l'Imperi (és a dir, els [[Països Baixos]] i el nord de l'actual [[França]]).refDuring the 6th century, Salian Franks had settled in the region between the Loire River in present-day France and the Coal Forest in the south of present-day Belgium. From the late 6th century, Ripuarian Franks pushed from the Rhineland westward to the Schelde. Their immigration strengthened the Germanic faction in that region, which had been almost completely evacuated by the Gallo-Romans.'' [http://www.britannica.com/EBchecked/topic/349677/history-of-Low-Countries Encyclopædia Britannica Online; article 'History of the Low Countries'];'' 10 May 2009. /ref
Amb el temps, els francs al nord de França van ser assimilats pels [[cultura gal·loromana|gal·loromàns]] en general població, i es va fer càrrec dels seus dialectes (que es van convertir en el [[francès]]), mentre que els francs a la zona costenca septentrional van mantenir la seva llengua el [[substrat]] del futur neerlandès. L'actual frontera lingüística neerlandesa-francesa té (amb l'excepció de la regió de [[Nord-Pas-de-Calais]] a França, [[Brussel·les]] i uns municipis a la frontera lingüística intrabelga es va mantenir pràcticament idèntiques des de llavors, i podria ser vist com un senyal del clar més llunyà de francesització els francs.ref''The northern Franks retained their Germanic language (which became modern Dutch), whereas the Franks moving south rapidly adopted the language of the culturally dominant Romanized Gauls, the language that would become French. The language frontier between northern Flemings and southern Walloons has remained virtually unchanged ever since.'' [http://www.britannica.com/EBchecked/topic/209945/Fleming Encyclopædia Britannica Online; entry 'Fleming and Walloon'. 12 May. 2009];/ref

===Convergència===
Les ciutats medievals dels Països Baixos, que experimentaren un creixement considerable durant els segles XI i XII, jugar un paper decisiu en la descomposició de la forma local i a una relativament feble de [[feudalisme]]. A mesura que es van fer cada vegada més poderosa, que utilitza la seva força econòmica per influir en la política de la seva noblesa.ref[http://www.britannica.com/EBchecked/topic/349677/history-of-Low-Countries Encyclopædia Britannica Online; entry 'History of the Low Countries'. 10 May. 2009]; ''Thus, the town in the Low Countries became a communitas (sometimes called corporatio or universitas)—a community that was legally a corporate body, could enter into alliances and ratify them with its own seal, could sometimes even make commercial or military contracts with other towns, and could negotiate directly with the prince.''/refref''The development of a town’s autonomy sometimes advanced somewhat spasmodically as a result of violent conflicts with the prince. The citizens then united, forming conjurationes (sometimes called communes)—fighting groups bound together by an oath—as happened during a Flemish crisis in 1127–28 in Ghent and Brugge and in Utrecht in 1159, ''[http://www.britannica.com/EBchecked/topic/349677/history-of-Low-Countries Encyclopædia Britannica Online; entry 'History of the Low Countries'. 10 May. 2009]/refrefAll the towns formed a new, non-feudal element in the existing social structure, and from the beginning merchants played an important role. The merchants often formed guilds, organizations that grew out of merchant groups and banded together for mutual protection while traveling during this violent period, when attacks on merchant caravans were common.'', [http://www.britannica.com/EBchecked/topic/349677/history-of-Low-Countries Encyclopædia Britannica Online; entry 'History of the Low Countries'. 10 May. 2009];''/ref
Durant el segle XIV, a partir de i inspirats pel [[Comtat de Flandes]], [ 22 ] les ciutats dels Països Baixos guanyat gran autonomia i, en general dominada o influenciada en gran mesura els diversos assumptes polítics del feu, incloent-hi la successió del matrimoni.

Mentre les ciutats guanyaren importància política i foren els motors de la cultura neerlandesa medieval. El comerç florí, la població augmentà en gran mesura, i l'educació superior ja no estava limitada al clergat; la literatura [[èpica]] neerlandesa com ''[[Elegast]]'' (1150), el ''[[Cançó de Rotllà|Roelantslied]]'' i ''[[roman de Renard|Van den vos Reynaerde]]'' (1200) van ser àmpliament gaudit. Els diferents [[gremi]]s de la ciutat, així com la necessitat de ''[[waterschap]]s'' (juntes d'aigua) que es feien càrrec de la construcció i manteniment de [[dic]]s i [[Canal hidràulic|canals]] al delta holandès i les regions costaneres com a resultat un grau excepcionalment alt d'organització comunal. És també en aquesta època, que sorgeixen [[endònim]]s com ara ''Diets'' i ''Nederlands''.ref name=ReferenceAEtymologisch Woordenboek van het Nederlands entry ''Diets'' {{nl}}/ref

A la segona meitat del segle XIV, els ducs de Borgonya es van afermar als Països Baixos a través de la unió en 1369 de [[Felip II de Borgonya|Felip l'Ardit]] de Borgonya amb l'hereva del [[comte de Flandes]]. A aquest seguiren una sèrie de matrimonis, guerres i herències entre els altres feus neerlandesos i al voltant de 1450 els feus més importants restaven sota el domini de Borgonya, aconseguint-se un control complet el 1503, unificant així els feus dels Països Baixos sota el domini d'un sol sobirà. Aquest procés marcà l'inici d'un nou episodi en el desenvolupament dels neerlandesos, amb la unitat política consolidada s'enfortí el procés d'unificació cultural i lingüística.

===Consolidació===
{{AP|Primitius flamencs}}
[[File:Plakkaat van Verlatinghe.jpg|thumb|333px|L'[[Acta d'abjuració]], signada el [[26 de juliol]] de [[1581]], va ser la declaració formal d'independència dels [[Països Baixos del nord]] ]]
Tot i la unitat lingüística i política, i (en el cas de [[comtat de Flandes|Flandes]], [[ducat de Brabant|Brabant]] i [[comtat d'Holanda|Holanda]]) similituds econòmiques, encara hi havia poc sentiment d'unitat entre els neerlandesos.ref{{Cite book |url=http://books.google.nl/books?id=F3cxooRES2sCpg=PA183lpg=PA183dq=Johan+Huizinga+1960:62source=blots=z1RJgwwxxfsig=k-3FNV-k6Hh7eYsMbFTi-y7u5Qshl=nlei=XpZtSpLvIo3p-Qbr4umLCwsa=Xoi=book_resultct=resultresnum=1 |title=J. Huizinga (1960: 62) |publisher= |date= |accessdate= }}/ref
No obstant això, les polítiques centralistes de Borgonya als segles XIV i XV, en un primer moment amb una violenta oposició de les ciutats dels Països Baixos, tingueren un impacte profund i canviar això. Sota el regnat de [[Carles el Temerari]] hi hagué moltes guerres, que causaren una important despesa econòmica per als Països Baixos borgonyons, les tensions van augmentar lentament. El 1477, any de la mort sobtada de Carles a [[batalla de Nancy|Nancy]], els Països Baixos es va revoltar en contra del seu nou senyor, [[Maria de Borgonya]] i li presentaren una sèrie de demandes.

Després del matrimoni de Maria amb l'emperador [[Maximilià I del Sacre Imperi Romanogermànic]], els Països Baixos esdevingueren part de les terres dels Àustries. Les polítiques centralitzades dels Àustries (de la mateixa manera que les dels seus predecessors de Borgonya) causaren també molta resistència, però, al mateix temps que es formaven els concilis col·laterals de 1531 i la [[Pragmàtica Sanció]] de [[1549]], s'acabaren implementant. L'imperi de [[Felip II d'Espanya]] va sol·licitar de nou més reformes centralistes, que, acompanyades pels dictats religiosos i els [[impost]]os excessius, originà la [[rebel·lió neerlandesa]]. Les províncies neerlandeses, encara que lluitant només ara, per primera vegada en la seva història es trobaven lluitant contra un enemic comú. Això, juntament amb el creixent nombre d'intel·lectuals neerlandesos i l'[[Edat d'Or neerlandesa]] en què la cultura neerlandesa, en el seu conjunt, obtindria prestigi internacional, consolidà els neerlandesos com un grup ètnic.

===Identitat nacional===
A mitjan segle XVI la identitat nacional (més que no pas “ètnica”) semblava en el desenvolupament dels Àustries als Països Baixos, quan els habitants van començar a referir-se a ella com la seva pàtria i començava a ser vista com una entitat col·lectiva a l'estranger, però, la persistència de les barreres idiomatiques, els conflictes tradicionals entre les viles i el particularisme provincial impedí una unificació més profunda.refCf. G. Parker, ''The Dutch Revolt'' (1985), 33-36, and Knippenberg  De Pater, ''De eenwording van Nederland'' (1988), 17 ff./ref A causa dels impostos excessius, juntament amb els intents de disminuir la tradicional autonomia de les ciutats i estats als Països Baixos, seguit de l'opressió religiosa després de ser traslladat a l'Espanya dels Àustries, els neerlandesos es van rebel·lar, en el que seria la [[Guerra dels Vuitanta Anys]]. Per primera vegada en la seva història, els neerlandesos eren independents de la dominació per monarques estrangers.ref name=GrNedSource, the aforementioned 3rd chapter (p3), together with the initial paragraphs of chapter 4, on the establishment of the Dutch Republic./ref
No obstant això, durant la guerra es va fer evident que l'objectiu d'alliberar totes les províncies i ciutats que havien signat la [[Unió d'Utrecht]], que correspon aproximadament a la part de parla neerlandesa dels Països Baixos espanyols, era inabastable. Les províncies del nord estaven lliures, però durant la dècada de 1580 el sud va ser recapturat per Espanya, i, malgrat diversos intents, els exèrcits de la República no van poder expulsar-los. El 1648, la [[Pau de Münster]], que finalitzava la Guerra dels Vuitanta Anys, va reconèixer la independència de la [[República d'Holanda]], però va mantenir el control espanyol dels [[Països Baixos del sud|Països Baixos meridionals]]. A part d'una breu reunificació entre 1815 i 1830, al [[Regne Unit dels Països Baixos]] (que incloïa els [[valons]] francòfons) els neerlandesos han estat separats dels [[flamencs]] fins avui.

==Identitat ètnica==
[[File:Dutch street.jpg|thumb|333px|Paisatge típic de novembre a [[Middelburg]] ([[Països Baixos]]) ]]
Les ideologies associades amb el [[nacionalisme romàntic]] dels segles XIX i XX en realitat mai calà als Països Baixos, i això, juntament unit al fet de ser una societat relativament homogènia des del punt de vista [[ètnia|ètnic]] fins a finals de 1950, ha portat a un ús relativament obscur dels termes nació i etnicitat, ja que tots dos se superposen a la pràctica en gran part. Avui en dia, tot i que altres ètnies representen el 19,6 % de la població dels Països Baixos, aquesta obscuritat continua sent d'ús col·loquial, en el qual el terme ''nederlander'' de vegades es fa servir per a referir-se als neerlandesos ètnics, de vegades a tota persona que tingui la ciutadania neerlandesa.refFigures basades en una [http://www.rivm.nl/vtv/object_map/o2194n21847.html publicació] de l'Institut Nacional Neerlandès de Salut Pública i Medi Ambient./ref A més d'això, molts neerlandesos que no viuen en les dues províncies [[Holanda Meridional]] i [[Holanda Septentrional]] s'oposen a ser anomenats holandesos com a denominador nacional de la mateixa manera que molts [[gal·lesos]] o [[escocesos]] objectarien ser anomenats [[anglesos]] o [[Regne Unit|britànics]]. Com durant segles el [[comtat d'Holanda]] va ser la província de les [[Set Províncies Unides]] dominant al nivell internacional, en moltes llengües Holanda o holandès va esdevenir una denominació ''[[pars pro toto]].''

No obstant això, la redefinició de la identitat cultural dels Països Baixos s'ha convertit en un tema de debat públic en els últims anys arran de la creixent influència de la [[Unió Europea]] i l'afluència d'immigrants no occidentals en el període posterior a la [[Segona Guerra Mundial]]. En aquest debat s'han posat « tradicions típicament neerlandeses» al primer pla.refShetter (2002), 201/ref

En estudis sociològics i informes governamentals, l'origen ètnic es refereix sovint amb els termes i autòcton i al·locton.refJ. Knipscheer and R. Kleber, ''Psychologie en de multiculturele samenleving'' (en català Piscologia i la societat multicultura), Amsterdam 2005), pàgines 76 i ss./ref Aquests conceptes jurídics es refereixen al lloc de naixement i [[ciutadania]] en comptes del rerefons cultural familiar i no coincideixen amb els conceptes més fluids d'origen ètnic que utilitzen els [[antropologia cultural|antropòlegs culturals]].

===''Groot Nederland'' o la gran nació neerlandesa===
[[File:Groot-Nederland in Europa.PNG|thumb|333px|esquerra|Mapa d'Europa representant l'extensió territorial de la Gran Nació Neerlandesa]]
Com per moltes pobles europees durant el segle XIX,refcf. [[pangermanisme]], [[paneslavisme]] i a molts altres moviments [[pannacionalisme|pannacionalistes]]./ref els neerlandesos tambén va veure el sorgiment de diversos moviments que tracten d'unir els pobles de parla neerlandesa a tot el continent. Durant la primera meitat del segle XX, hi va haver una onada prolífica d'escrits en relació amb el tema. Un dels seus defensors més actius va ser l'historiador [[Pieter Geyl]], que va escriure ''De Geschiedenis van de Nederlandsche stam'' (en neerlandès: “La història de la tribu / poble dels neerlandesos”), així com nombrosos [[assaig]]s sobre el tema.

Durant la Segona Guerra Mundial, quan tant Bèlgica i com els Països Baixos van caure sota l'ocupació alemanya, elements [[feixisme|feixistes]] (com el [[Moviment Nacional Socialista dels Països Baixos|NSB]] i [[Verdinaso]]) van tractar de convèncer als [[nazis]] d'unificar els Països Baixos i les zones de parla neerlandesa de [[Bèlgica]]. Els alemanys, però es van negar a fer-ho, ja que això entrava en conflicte amb l'objectiu final d'una “Europa germànica”.refI. Schöffer, [http://books.google.nl/books?id=SmQ-gj50D4kCpg=PA92dq=%22nederlanders+en+Vlamingen%22lr=client=firefox-a ''Het nationaal-socialistische beeld van de geschiedenis der Nederlanden'']. Amsterdam University Press. 2006. pàg. 92./ref Durant tota l'ocupació nazi, els alemanys negaren qualsevol mena d'ajut al nacionalisme panneerlandès i, per decret del mateix [[Hitler]], s'oposà activament a ell.refPer exemple, va donar ordres explícites de no crear una divisió de voluntaris de la Gran Holanda dins de les [[Waffen SS]] composta de soldats dels Països Baixos i Flandes. http://www.gutenberg-e.org/esk01/images/esk02c.html /ref

Ja des del [[1851]] es va fer un acord cultural sobre l'ortagrafia única del neerlandès en el Grand Diccionari de la Llengua Neerlandesa entre científics belgues i neerlandesos. El [[1947]], amb la signatura del pacte del [[Benelux]], la col·laboració política i econòmica entre fa{{què}} formalitzar-se. La dècada de 1970 va marcar l'inici de la cooperació cultural i lingüística formal entre la [[Subdivisions de Bèlgica#Regions|regió]] [[Flandes|flamenca]] de Bèlgica i els Països Baixos a escala internacional.

==Lingüística==
{{Main|neerlandès}}
el neerlandès és l'idioma parlat per la majoria dels neerlandesos. És una [[llengua germànica occidental]] parlada per uns 22 milions de persones. El llenguatge es documenta per primera vegada al voltant de 500,ref''Maltho thi afrio lito'' és la frase més antiga documentada en neerlandès antic, a la [[Llei Sàlica]], text legal escrit cap al 500, vegeu [http://books.google.nl/books?id=8e1HAAAAMAAJq=Maltho+thi+afrio+litodq=Maltho+thi+afrio+lito Old Dutch dictionary] {{nl}}/ref en un text legal dels francs, la [[Llei Sàlica]], i té un registre escrit de més de 1.500 anys, si bé el material anterior al 1200 és fragmentari i discontinu. Com a llengua germànica occidental, el neerlandès està relacionat amb altres idiomes d'aquest grup, com el [[frisó]], l'[[anglès]] i l'[[alemany]] ocupant una posició central dins de les llengües germàniques occidentals. 

El neerlandès estàndard té un inventari de so de 13 [[vocal]]s, 6 [[diftong]]s i 23 [[consonant]]s, de les quals la [[fricativa velar sorda]] es considera un so ben conegut, típic de l'idioma. Altres característiques relativament ben conegudes de la llengua neerlandesa i els dígrafs d'ús freqüent com oo, ee, uu i aa, la capacitat de formar llargs [[Composició (gramàtica)|compostos]] i l'ús de les malalties com a [[paraulota|paraulotes]].

El consens general entre els lingüistes és que la llengua neerlandesa compta amb 28 dialectes principals. Aquests dialectes solen agrupar-se en sis categories principals: [[holandès]], [[flamenc occidental]], [[flamenc oriental]], [[brabantí]], [[limburguès]] i [[baix saxó neerlandès]]ref[http://taalunieversum.org/taal/vragen/antwoord/8/ Taaluniversum website] on the Dutch dialects and main groupings. {{nl}}/ref D'aquests dialectes, el brabantí i el flamenc occidental el parlen exclusivament pels neerlandesos del sud, mentre que l'holandès i el baix saxó neerlandès només es parlen al nord. El flamenc occidental i limburguès són dialectes transfronterers en aquest sentit. Finalment, la situació dialectal es tipifica sobretot per la [[isoglossa]] de la realització de la 'g forta' i 'g suau'.

Els immigrants neerlandesos també exportaren la llengua neerlandesa. El neerlandès es parlava als Estats Units com a llengua materna des de l'arribada dels primers colons permanents en [[1615]], sobrevivint als poblaments ètnics aïllats fins cap al 1900, quan va deixar de ser parlat amb l'excepció dels immigrants de primera generació. El neerlandès, però, va tenir un impacte significatiu en la regió al voltant de [[Nova York]] (alguns d'ells traçables per la toponímia: p.ex.: [[Hoboken]] a Nova Jersey). Per exemple, la [[llengua materna]] del president nord-americà [[President dels Estats Units]] [[Martin Van Buren]] era el neerlandès.ref{{cite web|author=Michael Medved's Biography |url=http://www.townhall.com/Columnists/MichaelMedved/2007/10/10/no,_americas_never_been_a_multicultural_society |title=No, America's never been a multicultural society |publisher=Townhall.com |date= |accessdate= }}/ref La majoria dels immigrants neerlandesos del segle XX ràpidament van començar a parlar l'idioma del seu nou país. Per exemple, dels habitants de Nova Zelanda, el 0,7% afirma que la seva llengua materna és el neerlandès,ref2006 New Zealand Census/ref tot i que el percentatge de l'herència neerlandesa és considerablement més alta.refhttp://www.teara.govt.nz/NewZealanders/NewZealandPeoples/Dutch/4/en As many as 100.000 New Zealanders are estimated to have Dutch blood in their veïns] (some 2% of the current population of New Zealand)./ref

El neerlandès és actualment [[llengua oficial]] als [[Països Baixos]], [[Bèlgica]], [[Surinam]], [[Aruba]], [[Sint Maarten]], [[Curaçao]], la [[Unió Europea]] i la [[Unió de Nacions Sud-americanes]] (a causa del fet que Surinam n'és membre). A [[Sud-àfrica]], es parla [[afrikaans]], una llengua filla del neerlandès, que en si era una llengua oficial de Sud-àfrica fins a 1983. Els neerlandesos, flamencs i els governs de Surinam coordinar les seves activitats de llenguatge al ''Nederlandse Taalunie'' ([[Unió de la Llengua Neerlandesa]]), una institució també s'encarrega de governar l'idioma neerlandès estàndard, per exemple en matèria d'ortografia.

===Etimologia d'autònims i exònims===
Els orígens de la llengua neerlandesa es remunten al [[protogermànic]], l'avantpassat de totes les llengües germàniques, ''*theudo'' (que significa del poble); similar a ''dietsc'' en neerlandès antic, ''diutsch'' en l'[[alt alemany antic]], ''þeodisc'' en l'[[anglès antic]] i ''þiuda'' en [[Llengua gòtica|gòtic]] tots significant «(de) la gent ([[germànics|germànica]])». A mesura que les tribus dels pobles germànics es començaren a diferenciar el seu significat també començà a divergir. Entre els [[anglosaxons]] d'[[Anglaterra]], per exemple, gradualment passaren a referir-se a ells mateixos ''þeodisc'' declinant el seu ús cap al terme ''Englisc''. Al continent ''*theudo'' evolucionà en dos sentits: ''Diets'' (que significa neerlandesos (arcaic)refFins a la Segona Guerra Mundial, les dues paraules ''Diets'' i ''Nederlands'' eren utilitzat com a sinónims, tot i que le ressemblança entre ''Diets'' i ''Duits'', molt utilitzat pels feixistes per a accentuar els arrels germànics o arians comuns de «les dues branques del mateix poble» (font: ''Etymologisch Woordenboek'') {{nl}} com el partit feixista [[Verdinaso]], ''Verbond der Dietse Nationalsocialisten'', o Lliga dels nacionalsocialistes ''diets''/ref
i ''Duits'' (alemany). Al principi la llengua anglèsa utilitza la paraule ''Dutch'' per a referir-se a qualsevol parlant de llengües germàniques del continent europeu (per exemple, els neerlandesos, els frisons i els - diversos- alemanys). A poc a poc el seu significat va canviar als pobles germànics amb qui tenien més contacte, tant per la seva proximitat geogràfica, sinó també per la rivalitat en els territoris d'ultramar i de comerç: poble de la República dels Països Baixos, el neerlandès.refhttp://www.etymonline.com/ (anglès) and Etymologisch Woordenboek van het Nederlands (Dutch) entries ''Dutch'' and ''Diets''./ref

Es refereixen a si mateixos com ''Nederlander'', (pl. ''Nederlanders)'' un mot compost de ''neder'' o ''neer'' que significa baix, prop del mar, ''land'' que significa país i el súfix ''-er'' utilitzat per fer molt gentilicis.refVegeu J. Verdam, ''Middelnederlandsch handwoordenboek'' (Diccionari concís del neerlandès mitjà) Den Haag, 1932 (nova impressió 1994): ''«Nederlant, znw. o. I) Laag of aan zee gelegen land. 2) het land aan den Nederrijn; Nedersaksen, -Duitschland.» ''{{nl}}/refrefM. Vanhalme, [http://users.pandora.be/michel.vanhalme/hermes29.htm ''De Nederlanden''] {{nl}} (en català: Els països Baixos)/refref''neder-'' o ''neer-'' correspon al català ''baix''/ref Encara que no és tan antic com ''Diets'', el terme ''Nederlands'' ha estat usat continuadament des de 1250.ref name=ReferenceA/

===Noms===
Els cognoms neerlandesos (i cognoms d'origen neerlandès) són generalment fàcils de reconèixer. Hi ha diversos tipus principals dels cognoms en neerlandès:

; Cognoms patronímics: El nom es basa en el nom personal del pare del portador. Històricament aquest ha estat, de lluny, la forma més dominant. Aquest tipus de noms fluctuen d'una generació a la següent de manera que el cognom no és constant. P.ex.: L'home anomenat [[Willem Janszoon]] (Guillem, fill de Joan) va tenir un fill anomenat Jacob, que seria conegut com a [[Jacob Willemszoon de Wet|Jacob Willemsen]] (Jacob, fill de Guillem). Després del [[registre civil]], el cognom en temps de registre es va convertir en permanent. D'aquí que avui dia molts neerlandesos porten el nom dels avantpassats que vivien a principis del segle XIX, quan s'establí el registre civil als Països Baixos. Aquests noms poques vegades duen ''[[tussenvoegsel]]s'' (p.ex.: Vincent ''van'' Gogh o Hugo ''de'' Vries).
; Cognoms toponímics: el nom es basa en la ubicació en la qual el portador viu o va viure. En neerlandès aquesta forma de cognom gairebé sempre inclou una o diverses ''tussenvoegsels'', usualment ''van'', ''van de'' i variants. Mentre que van denota (procedent) de, els cognoms neerlandesos s'associen de vegades amb la classe alta de la societat o de l'aristocràcia (p. ex.: Guillem d'Orange). No obstant això, a Van Dutch reflecteix sovint el lloc d'origen inicial (Van Der Bilt - aquell qui procedeix de [[De Bilt]]), més que no pas denota cap estatus aristocràtic.refÉs un error comú entre els americans, o els anglofons en general, creure que el terme 'van' davant d'un nom neerlandès significa noblesa. ([http://www.last-names.net/Articles/Place.asp Font.]); ''Von'' apareix en els noms alemanys on si que denota algun nivell de noblesa, mentre que el ''van'', ''van der'', ''van de'' i ''van den'' (escrit tan de manera separada com junta, o amb majúscules o sense) constata que el portador és holandès i significa simplement 'a', 'al', 'de' o 'provinent de' ([http://www.genealogy.com/18_smith.html Font: Genealogy.com]), ([http://www.meertens.knaw.nl/nfd/component.php?act=detailnaam=van+de+/+den+/+der Institute for Dutch surnames], {{Nl}}/ref

; Cognoms d'ocupació: el nom es basa en l'ocupació del portador. Exemples ben coneguts inclouen Molenaar, Visser i Smit. Aquesta pràctica és similar als cognoms anglesos (els noms d'exemple es tradueixen perfectament als Miller (moliner), Fisher (pescador) i Smith (ferrer) anglesos).refMost common names of occupational origin. Source 1947 Dutch census. {{nl}}/ref
; Cognoms d'aparença o caràcter: basats en sobrenoms relacionats amb l'aparença / altres trets físics, l'aparença o caràcter de portador (almenys en el moment de la inscripció). Per exemple, De Lange (l'alt), De Groot (el gros), De Dappere  (el valent).

Altres cognoms poden estar relacionades amb els animals. Per exemple, De Leeuw (el lleó), Vogels (aus), Koekkoek (cucut) i Devalck (el falcó), a un estatus social desitjat, per exemple, Prins (princep), De Koninck / Koning (rei), De Keyzer / Keizer (emperador). També hi ha una sèrie de noms compostos o descriptius, per exemple, Naaktgeboren (nascut nu).

Els noms neerlandesos poden diferir en gran mesura en l'ortografia. El cognom Baks, per exemple, també s'escriu també com Backs, Bacxs, Bakx, Baxs, Bacx, Backx, Bakxs i Baxcs. Encara que escrit de manera diferent, la pronunciació segueix sent idèntica. Varietat dialectal també passa comunament, amb De Smet i De Smit tant significat “ferrer”, per exemple. Cognoms dels immigrants neerlandesos en ambients estrangers (principalment l'anglofonia i francofonia) s'adapten sovint, no només en la pronunciació, sinó també en l'ortografia.

==Cultura==
[[File:Pieter Bruegel the Elder - The Dutch Proverbs - Google Art Project.jpg|thumb|433px| «Els proverbis neerlandesos» [[Pieter Brueghel el Vell]] ]]
Abans de l'arribada del [[cristianisme]], els avantpassats dels neerlandesos practicaven una forma de [[mitologia germànica|paganisme germànic]] augmentada amb diversos elements [[celtes]]. A l'inici del segle VI, els missioners primer (missió hiberno-escocesa) van arribar. Més tard van ser reemplaçats pels missioners anglosaxons, que finalment van tenir èxit en convertir la majoria dels habitants al segle VIII.ref[http://www.newadvent.org/cathen/01505a.htm The Anglo-Saxon Church] article a Catholic Encyclopedia /ref Des de llavors, el cristianisme ha estat la religió predominant a la regió.

A principis del segle XVI, la [[Reforma protestant]] va començar a formar-se i es va estendre ràpidament al [[Westhoek]] i el [[Comtat de Flandes]], on es van celebrar els sermons secrets a l'aire lliure, anomenats ''hagenpreken'' (oracions de la tanca/bardissa). El governant de les [[Disset Províncies]], [[Felip II d'Espanya]], va sentir que era el seu deure moral lluitar contra el [[protestantisme]] i, després de l'onada d'[[iconoclàstia]], va enviar tropes per a esclafar la rebel·lió i fer de nou dels Països Baixos una regió catòlica.ref name=autogenerated5The Dutch Republic Its Rise, Greatness, and Fall 1477-1806, ISBN 0-19-820734-4/ref
Els protestants als Països Baixos del sud fugiren massivament cap al nord.ref name=autogenerated5 / La majoria dels protestants neerlandesos estaven ara concentrats a les províncies lliures al nord del [[Rin]], mentre que els neerlandesos catòlics estaven al sud - sota domini espanyol. Després de la [[Pau de Westfàlia]] el 1648, el protestantisme no es va estendre cap al sud, el que resulta en una diferència en les pràctiques religioses que dura fins als nostres dies.

La població neerlandesa contemporània és generalment nominalment cristiana.refA 2004 study conducted by Statistics Netherlands shows that 50% of the population claim to belong to a Christian denomination, 9% to other denominations and 42% to none. In the same study, 19% of the people claim go to church at least once a month, another 9% less than once a month, and 72% hardly ever or never. [http://www.cbs.nl/nr/rdonlyres/775b8373-86f8-4a17-8872-c4ecfbcb2766/0/2006a3pub.pdf Statistical Yearbook of the Netherlands 2006, pàg. 43]/refLa gent d'ascendència neerlandesa als Estats Units són generalment més religiosos que els seus homòlegs europeus. Per exemple, les nombroses comunitats a l'oest del [[riu Michigan]] segueixen sent baluards de l'[[Església Reformada a Amèrica]] i l'[[Església Cristiana Reformada]], tots dos descendents de l'[[Església Reformada Neerlandesa]].

Una divisió cultural dins la cultura neerlandesa és la que hi ha entre el nord protestant i el sud catòlic, que abasta diverses diferències culturals entre els neerlandesos del nord per una banda i els neerlandesos del sud per l'altre. Aquest tema ha rebut històricament l'atenció dels historiadors, en particular [[Pieter Geyl]] (1887-1966) i [[Carel Gerretson]] (1884-1958). La diversitat històrica del paisatge cultural holandès ha originat diverses teories dirigides tant a identificar com a explicar les divergències culturals entre les diferents regions. Una teoria, proposada per A. J. Wichers el 1965, planteja diferències de mentalitat entre el sud-est, o superior, i el nord-oest, o regions inferiors als Països Baixos, i tracta d'explicar aquestes fent referència als diferents graus en què es [[feudalisme|feudalitzà]] aquestes àrees durant l'[[Edat Mitjana]].refA.M. van der Woude, ''Nederland over de schouder gekeken'' (Utrecht 1986), 11-12. {{nl}}/ref Una altra divisió cultural més recent és que entre el [[Randstad]], l'aglomeració urbana a l'oest del país, i la resta de províncies dels Països Baixos.

En holandès, la divisió cultural entre nord i sud és també coneguda pel terme col·loquial per sota / per sobre dels grans rius «''Grote rivieren''», ja que els rius [[Rin]] i [[Mosa]] formen més o menys una frontera natural entre els neerlandesos al nord i al sud. A aquesta separació geogràfica s'hi afegeix una divisió cultural, parcialment deguda a les diferències religioses, entre el nord predominantment protestant, i el sud de majoria catòlica; les diferències dialectals al llarg dels rius Rin / Mosa; i, en menor mesura, el desenvolupament econòmic històric d'ambdues regions són també elements importants en aquesta dissimilitud.

A menor escala la diversitat cultural també es manifesta en l'arquitectura local o diferències de caràcter. Aquesta àmplia gamma d'identitats regionals dins d'una àrea relativament petita, sovint s'ha atribuït al fet que moltes de les actuals províncies neerlandeses eren ''[[de facto']]'' estats independents durant gran part de la seva història, així com la importància dels dialectes neerlandesos locals (que sovint corresponen en gran mesura amb les mateixes províncies).refDutch Culture in a European Perspective; by D. Fokkema, 2004, Assen./ref

===Cultura neerlandesa del nord===
La cultura neerlandesa del nord està marcada pel [[protestantisme]]. Encara que avui dia molts no practiquen el protestantisme, o són només nominalment part d'una congregació, són presents els valors i costums protestants. En general, es pot dir dels neerlandesos del nord que són més pragmàtics, prefereixen un enfocament directe, i mostren un estil de vida menys exuberant, en comparació amb els del sud.ref name=autogenerated2Voor wie Nederland en Vlaanderen wil leren kennen''. By J. Wilmots/ref A escala global, els neerlandesos del nord han constituït l'avantguarda dominant de la llengua neerlandesa i la cultura des del [[setge d'Anvers]], exemplificat per l'ús del terme Dutch com a [[gentilici]] per al país en els quals eren una majoria, els [[Països Baixos]]. Lingüísticament, els neerlandesos del nord parlen algun dels dialectes: [[holandès]], [[zelandès]] i [[baix saxó neerlandès]] de forma nativa, o estan influenciats per ells quan parlen l'[[Llengua estàndard|estàndard]] de la llengua neerlandesa. Econòmicament i culturalment, el centre tradicional de la regió han estat les províncies del nord i sud, o avui, el [[Randstad]], encara que per un breu període durant els segles XIII o XIV aquest centre motor fou a l'est, quan diverses viles i ciutats de l'est es van alinear amb la [[Lliga Hanseàtica]]. Tota l'àrea cultural neerlandesa del nord és als Països Baixos, la seva població ètnicament holandèsa s'estima en una mica menys de 10 milions.ref group=nbEstimacions basades based on the population of the Netherlands, without the Southern Provinces and non-Ethnic Dutch./ref

====Frisis====
{{Main|Província de Frísia|frisis|frisó occidental}}
Els [[frisons]], concretament els frisons occidentals, són un grup ètnic present al nord dels Països Baixos que es concentren principalment a la [[província de Frísia]]. Culturalment, els frisons moderns i els neerlandesos del nord són força similars, la diferència principal i generalment més important és que els frisons parlen [[frisó occidental]], una de les tres subdivisions de les [[frisó|llengües frisones]], diferent del [[neerlandès]].

Els frisons occidentals en general no es perceben a si mateixos com a part d'un grup més gran dels frisons, i, d'acord amb una investigació de 1970, s'identifiquen més amb els neerlandesos que amb aquest o [[frisó septentrional|frisons del nord]] o de l'[[frisó oriental|est]].refD. Tamminga. ''Frisia. 'Facts and fiction''' (1970) {{nl}}/ref A causa de segles de convivència i de participació activa en la societat neerlandesa, a més de ser bilingües, els frisons no són tractats com un grup separat en les estadístiques oficials neerlandeses.

===Cultura neerlandesa meridional===
L'esfera meridional neerlandesa en general es compon d'àrees en què la població era de tradició catòlica. Durant l'[[Alta Edat Mitjana]] fins a la rebel·lió neerlandesa durant la [[Guerra dels Vuitanta Anys]], les regions del sud eren més poderoses, així com més desenvolupada culturalment i econòmicament.ref name=autogenerated2/ Al final de la rebel·lió neerlandesa, es va fer evident que els [[Dinastia dels Habsburg|Àustries]] eren incapaços de reconquerir el nord, de la mateixa manera que els militars del nord eren massa dèbils per conquerir el sud, on sota la influència de la [[Contrareforma]], s'havia començat a forjar una identitat política i cultural pròpia.refCf. Geoffrey Parker, ''The Dutch Revolt'':
“A poc a poc va sorgir una actitud coherent, una espècie d'identitat col·lectiva, que era diferent i capaç de resistir les incursions, intel·lectuals i militars, tant dels neerlandesos del nord (especialment durant la crisi de 1632) i els francesos. Aquesta 'identitat nacional' embrionària va ser un monument impressionant al govern dels arxiducs, i va sobreviure gairebé quaranta anys de guerra esgotadora (1621-1659) i les invasions de Lluís XIV, fins que, el 1700, els Habsburg espanyols es van extingir.” (Penguin edition 1985, p. 260). Vegeu també J. Israel, ''The Dutch Republic, 1477-1806'', 461-463 (en neerlandès). /ref
Els neerlandesos del sud, incloent-hi els neerlandesos del [[Ducat de Brabant|Brabant]] i [[Ducat de Limburg|Limburg]], es mantingueren catòlics o retornaren al catolicisme. Els dialectes parlats pels neerlandesos aquest grup són el [[brabançó]], el [[limburguès]] i el [[flamenc oriental]] i [[flamenc occidental|occidental]]. Als Països Baixos, hi ha un adagi usat sovint per a indicar aquesta frontera cultural; és la frase ''boven/onder de rivieren'' (en holandès: a dalt / a baix dels rius), en què els rius fa referència als rius [[Rin]] i [[Mosa]]. La cultura neerlandesa meridional també ha estat influenciada per la [[francesos|cultura francesa]] en contraposició a una la major influència [[alemanys|alemanya]] en l'àrea de la cultura neerlandesa septentrional.

====Flamencs====
En el camp de l'[[etnografia]], s'argumenta que les poblacions de parla neerlandesa dels [[Països Baixos]] i [[Bèlgica]] tenen una sèrie de característiques comunes, amb un llenguatge comú sobretot, alguns [[costum]]s generalment similars o idèntics, i sense un origen ancestral o mite d'origen clarament separat.refNational minorities in Europe, W. Braumüller, 2003, pàg. 20./ref

No obstant això, la percepció popular de ser un sol grup és molt variable, depenent de la matèria, localitat, i antecedents personals. En general, els flamencs poques vegades s'identifiquen com a neerlandesos i viceversa, sobretot a escala nacional.refNederlandse en Vlaamse identiteit, Civis Mundi 2006 by S.W Couwenberg. ISBN 90-5573-688-0. pàg. 62. cita: Er valt heel wat te lachen om de wederwaardigheden van Vlamingen in Nederland en Nederlanders in Vlaanderen. Ze relativeren de verschillen en beklemtonen ze tegelijkertijd. Die verschillen zijn er onmiskenbaar: in taal, klank, kleur, stijl, gedrag, in politiek, maatschappelijke organisatie, maar het zijn stuk voor stuk varianten binnen één taal-en cultuurgemeenschap. The opposite opinion is stated by L. Beheydt (2002): Al bij al lijkt een grondiger analyse van de taalsituatie en de taalattitude in Nederland en Vlaanderen weinig aanwijzingen te bieden voor een gezamenlijke culturele identiteit. Dat er ook op andere gebieden weinig aanleiding is voor een gezamenlijke culturele identiteit is al door Geert Hofstede geconstateerd in zijn vermaarde boek ''Allemaal andersdenkenden'' (1991). L. Beheydt, Delen Vlaanderen en Nederland een culturele identiteit?, in P. Gillaerts, H. van Belle, L. Ravier (eds.), ''Vlaamse identiteit: mythe én werkelijkheid'' (Leuven 2002), 22-40, esp. 38. {{nl}}/ref
Això es deu en part als estereotips populars tant als Països Baixos com a Flandes, basats principalment en extrems culturals i tant al nord com al sud. Nogensmenys, aquests estereotips tendeixen a ignorar la zona de transició formada per les províncies del sud dels Països Baixos i la majoria dels confins del nord de Bèlgica, el que resulta en generalitzacions excessives.refDutch Culture in a European Perspective: Accounting for the past, 1650-2000; by D. Fokkema, 2004, Assen./ref

En el cas de Bèlgica, hi ha la influència addicional del nacionalisme com la llengua i la cultura neerlandesa van ser oprimits pel govern de parla francesa. Això va ser seguit per una reacció nacionalista a finals del segle XIX i principis del segle XX que va veure poc d'ajuda del [[govern dels Països Baixos]] (que durant molt temps després de la [[Revolució belga]] va tenir una relació reticent i contenciosa amb la Bèlgica recentment formada i una actitud en gran mesura indiferent cap als seus habitants de parla neerlandesa)refJ.C.H Blom and E. Lamberts, ''Geschiedenis van de Nederlanden'', pàg. 383, {{nl}}, ISBN 978-90-5574-475-6/ref
i, per tant, es va centrar aenfrontar a la cultura flamenca en contra de «la cultura francesa», el que resulta en la formació de la [[nació]] flamenca a Bèlgica, una consciència nacional molt marcada entre alguns belgues de parla neerlandesa.ref{{Cite book |url=http://books.google.com/books?id=BNnm-Bog4awCpg=PA50lpg=PA50dq=Flemish+monolingualssource=blots=s4DxsTFB4Dsig=NTR8lASNkRbuD2tsToZ9RxwjuE0#v=onepageq=Flemish%20monolingualsf=false |title=Languages in contact and conflict... |publisher= |date= |accessdate= }}/ref

==Diàspora neerlandesa==
[[File:Dutch Migrant 1954 MariaScholte=50000thToAustraliaPostWW2.jpg|thumb|333px|[[migració|Emigrants]] neerlandesos arribant a [[Austràlia]] el 1954 ]]
Des de la Segona Guerra Mundial, neerlandesos emigraren principalment als Estats Units, Canadà, Austràlia, Nova Zelanda, i (fins a 1970) a Sud-àfrica. Avui els immigrants neerlandesos es poden trobar a la majoria dels països desenvolupats. En diverses antigues [[colònies]] holandeses i assentaments comercials, hi ha grups ètnics aïllats d'ascendència totalment o parcialment neerlandesa.

===Europa Central i Oriental===
Durant l'''[[ostsiedlung]]'', l'expansió cap a l'est d'Alemanya ocorreguda principalment entre els segles X i XIII,refTaschenatlas Weltgeschichte, part 1, by H. Kinder and W. Hilgemann. ISBN 978-90-5574-565-4, pàg. 171. {{de}}/ref un nombre de neerlandesos es va traslladar també. Després de la captura de territori al llarg dels rius [[Riu Elba|Elba]] i [[Saale]] en la dècada de 1160, els colons neerlandesos de les regions inundades a [[Holanda (regió)|Holanda]] van usar la seva experiència per a construir dics a Brandenburg, i també es van establir en i al voltant de les principals ciutats alemanyes com [[Bremen]] i [[Hamburg]] i regions alemanyes de [[Mecklemburg]] i [[Brandenburg]].ref[http://home.planet.nl/~artrako/Historie/NedKoloniesDld-NL.html Voortrekkers van Oud-Nederland; from Nederlands Geschiedenis buiten de grenzen by J. Dekker] {{nl}}/ref Entre els segles XIII i XV, [[Prússia]] acollí diverses onades de neerlandesos i frisons per a colonitzar arreu del país (principalment al llarg de la costa del [[Mar Bàltic]]).refJames Westfall Thompson, [http://www.jstor.org/pss/2763957 D''utch and Flemish Colonization in Mediaeval Germany'']/ref

A mitjans del segle XVI, els [[mennonites]] començaren a passar dels [[Països Baixos (topònim)|Països Baixos]] (especialment [[Frísia]] i [[Flandes]]) a la regió del delta del [[Vístula]] a la [[Prússia Reial]], a la recerca de la [[llibertat religiosa]] i l'exempció del [[servei militar]].ref{{cite web |url=http://www.pgsa.org/Inter/dutch_populace.php |title=Article on Dutch settlers in Poland published by the Polish Genealogical Society of America and written by Z. Pentek |publisher=Pgsa.org |date= |accessdate= }}/ref La mateixa capital russa, [[Moscou]], també tenia un nombre d'immigrants neerlandesos, majoritàriament treballant com a artesans. Possiblement el més famós dels quals era [[Anna Mons]], l'amant de [[Pere el Gran]].

Històricament els neerlandesos també van viure directament en el costat oriental de la frontera amb Alemanya, la majoria han estat assimilats (a part de ~40.000 migrants limítrofs recents), sobretot des de la creació de la mateixa [[Alemanya]] en 1872. Marques culturals encara es poden trobar però. En alguns pobles i ciutats d'una església reformada neerlandesa està present, i un nombre de districtes fronterers (com [[Cleves]], [[Borken]] i [[Viersen]]) tenen les ciutats i poble amb un origen etimològic holandès. A l'àrea al voltant de [[Clèveris]] (en alemany ''Kleve'', en neerlandès ''Kleef'') el dialecte tradicional és el [[neerlandès]], comparat amb el de la rodalia ([[alt alemany|alt]] / [[baix alemany|baix]]) alemany. Més al sud, ciutats històricament habitatge molts comerciants neerlandesos han conservat exònims neerlandesos per exemple [[Aquisgrà]] (Aken) i [[Colònia (Alemanya)]] (Keulen) fins als nostres dies.

===Sud-àfrica===
{{Main|afrikaans|bòer}}
Encara que els exploradors portuguesos entraren en contacte amb el [[Cap de Bona Esperança]], ja en 1488, gran part de l'actual Sud-àfrica ha estat ignorada pels europeus fins a l'holandès{{què}} [[Companyia Neerlandesa de les Índies Orientals]] fundaren el seu primer assentament a [[Ciutat del Cap]] en 1652.ref name=vaque1989{{cite book |editor1-first=Charles C. |editor1-last=Thomas McGhee |editor2-first=N/A |editor2-last=N/A |title=The plot against South Africa |year=1989|edition=2nd |publisher=Varama Publishers |location=Pretoria |isbn=0-620-14537-4}}/refref name=swapo{{cite book |last=Fryxell|first=Cole|title=To Be Born a Nation|pages=9–327}}/ref
Els colons neerlandesos començaren a arribar poc després, fent del Cap l'assentament de civilització occidental més antiga al sud del [[Sàhara]].ref name=zastudy{{cite book|last=Kaplan|first=Irving|title=Area Handbook for the Republic of South Africa|page=42-591}}/ref
Algunes de les comunitats més antigues dels [[mulat]]s al país es van formar per les unions entre els colons, els seus esclaus, i diverses tribus [[hotentots]].ref name=zimstudy{{cite book|last=Nelson|first=Harold|title=Zimbabwe: A Country Study |pages=237–317}}/ref
Això va portar al desenvolupament d'un important grup ètnic de Sud-àfrica, els [[mestissos del Cap]], que adoptaren la llengua i la cultura neerlandesaref name=swapo/ a mesura que el nombre d'europeus - sobretot dones - s'incrementava, els blancs sud-africans van fer pinya com una comunitat per tal de protegir la seva situació privilegiada, amb el temps marginant els mestissos com a grup racial diferent i inferior.ref name=roskinstudies{{cite book |last=Roskin|first=Roskin|title=Countries and concepts: an introduction to comparative politics |pages=343–373}}/ref

Atès que els empleats de la companyia van resultar agricultors ineptes, es van atorgar extensions de terra als camperols neerlandesos i [[alemanys]] sota l'enteniment que el desenvolupament de les seves granges com a vassalls.ref name=zastudy/ En el moment de la revocació de l'[[Edicte de Nantes]] en 1685, se'ls van unir els [[hugonots]] francesos que fugien la persecució religiosa al país, que intercalen entre els homes lliures originals.ref name=vaque1989/ Alguns [[trekboers]] finalment va tornar a la [[ramaderia]], creant la seva pròpia [[subcultura]] diferent al voltant d'una forma de vida seminòmada i comunitats patriarcals aïllades.ref name=zastudy/ al segle XVIII es havia sorgit un nou poble d'Àfrica que es van identificar com [[afrikaner]]s que, literalment, en neerlandès es traduïx com “africà”, en lloc d'identificar-se com a neerlandesos, després que havien adoptat aquella terra de forma permanent.ref name=Dowden{{cite book | author = Dowden, Richard | title = Africa: Altered States, Ordinary Miracles|year= 2010|pages= 380-415 | publisher = Portobello Books| isbn= 978-1-58648-753-9}}/ref

Els afrikaners estan dominats per dos grups principals, els [[neerlandesos del Cap]] i els [[bòers]], que es defineix en part per les diferents tradicions de la societat, les lleis i les bases econòmiques històriques.ref name=zastudy/ Malgrat la seva llengua - l'[[afrikaans]] - i la seva religió segueixen estant innegablement lligades a la dels Països Baixos,ref{{cite web |url=http://www.dutchtoday.com/content/view/20/25/ |title=Is Afrikaans Dutch? |publisher=DutchToday.com |date= |accessdate= }}/ref la cultura afrikaner ha estat influïda per tres segles d'habitació al sud d'Àfrica.ref name=Dowden/ L'afrikaans, que va desenvolupar a partir del [[neerlandès mitjà]], ha estat influenciat per l'[[anglès]], el [[francès]], l'[[alemany]], el [[crioll]] malaioportuguès i diverses llengües africanes. Encara l'holandès s'ensenyà als estudiants sud-africans fins al 1914, i alguns afrikaners de classe alta el va utilitzar en l'alta societat, la primera literatura afrikaans ja havia aparegut en 1861.ref name=zastudy/ La [[Unió Sud-africana]] va concedir estatut oficial neerlandès des de la seva creació, però en 1925 el Parlament reconegué obertament l'afrikaans com una llengua independent reconeguda.ref name=zastudy/ Es diferencia del neerlandès estàndard per diverses pronunciacions prestades del [[francès]], el [[malai]], l'[[alemany]] o l'[[anglès]], la pèrdua del [[cas]] i les distincions de [[Gènere (gramàtica)|gènere]], i en l'extrem de la simplificació la gramàtica (per exemple ''voël'' esdevé ''vogel'', i ''reën'' esdevé ''regen'').ref{{cite web|url=http://www.britannica.com/EBchecked/topic/8437/Afrikaans-language |title=Afrikaans language - Britannica Online Encyclopedia |publisher=Britannica.com |date= |accessdate= }}/ref Els dialectes ja no es consideren [[Mútua intel·ligibilitat|mútuament intel·ligibles]] entre si.ref name=kwintessential.co.uk{{cite web| url=http://www.kwintessential.co.uk/language/about/afrikaans.html |title=The Afrikaans Language #124; about #124; language |publisher=Kwintessential.co.uk |date= |accessdate= }}/ref

===Sud-est asiàtic===
{{Main|Índies Orientals Neerlandeses|burghers}}
[[File:COLLECTIE TROPENMUSEUM Rijsttafel TMnr 60053682.jpg|thumb|Família neerlandesa a [[Java]] (1927) ]]
Des del segle XVI, hi ha hagut una presència neerlandesa al sud-est asiàtic, [[Taiwan]] i [[Japó]]. En molts casos, els neerlandesos van ser els primers europeus als indígenes trobarien. Entre 1602 i 1796, la [[VOC]] va enviar gairebé un milió d'europeus per treballar en la regió d'Àsia.refhttp://portal.unesco.org/ci/en/files/22635/11546101681netherlands_voc_archives.doc/netherlands%2Bvoc%2Barchives.doc/ref La majoria moriren de malaltia o retornaren a Europa, però alguns d'ells feren de les Índies a la seva nova llar.ref{{cite web|url=http://www.dutchmalaysia.net/press/Easternization.html |title=Easternization of the West: Children of the VOC |publisher=Dutchmalaysia.net |date= |accessdate= }}/ref LA interacció entre la població neerlandesa i la nativa ocorregué principalment a [[Sri Lanka]] i les modernes illes d'[[Indonèsia]]. La majoria de les vegades els soldats neerlandesos es van casar amb dones locals i es van establir a les colònies. A través dels segles es va desenvolupar una població relativament gran de parla neerlandesa d'origen mixta holandès i indonesi, coneguda com a [[indoneerlandesos]] o indos. L'expulsió dels neerlandesos després de la [[Revolució Nacional Indonèsia]], feu que en l'actualitat la majoria d'aquest grup visqui als Països Baixos. Les estadístiques mostren que els indos són, de fet, el grup minoritari més gran als Països Baixos i el nombre de prop de mig milió (amb exclusió de la tercera generació).refWillems, Wim, ’De uittocht uit Indie 1945-1995’ (Uitgeverij Bert Bakker, Amsterdam, 2001) {{nl}} ISBN 90-351-2361-1/ref

===Amèrica del Nord===
[[File:Census Bureau Dutch in the United States 2000.png|thumb|333px|esquerra|Percentatge de [[neerlandesos estatunidencs]] per [[comtat dels Estats Units]] d'acord al [[cens dels Estats Units del 2000]] ]]
Els neerlandesos s'havien establert a Amèrica molt abans de l'establiment dels [[Estats Units d'Amèrica]].ref group=nbEls EUA declararen la seva independència el 1776; el primer assentament holandès fou construït el 1614: [[Fort Nassau]], sobre el que es posicionà l'actual [[Albany]], capital de l'[[Estat de Nova York]]./ref
Durant molt temps, els neerlandesos vivien en colònies neerlandeses, propietat i regulada per la república neerlandesa, que més tard formaren part de les [[Tretze Colònies]]. No obstant això, moltes comunitats neerlandeses es mantingueren pràcticament aïllades de la resta d'Amèrica fins a la [[Guerra Civil dels Estats Units]], en la qual els neerlandesos van lluitar pel [[Unió dels Estats Units|Nord]] i va adoptar moltes formes nord-americanes.ref{{cite web|url=http://library.thinkquest.org/C005615/data/english_text/vanraalte8.html |title=How the Dutch became Americans, American Civil War |publisher=Library.thinkquest.org |date= |accessdate= }}/ref

La majoria de les onades futures d'immigrants neerlandesos van ser assimilades ràpidament. Hi ha hagut tres presidents nord-americans d'ascendència neerlandesa: [[Martin Van Buren]] (primer president que no era d'origen britànic), [[Franklin D. Roosevelt]] (32è elegit per quatre mandats en el càrrec, que exercí des de 1933 fins a 1945) i [[Theodore Roosevelt]] (26è).

A Canadà 923.310 canadencs afirmen tenir ascendència neerlandesa total o parcial. Els primers neerlandesos per venir a Canadà eren neerlandesos de les Tretze Colònies entre els [[loyalistes]]. L'onada més gran va ser a finals dels segles XIX i XX, quan un gran nombre de neerlandesos van ajudar a poblar l'oest canadenc. Durant aquest període, un nombre significatiu s'assentà a les principals ciutats com [[Toronto]].

Tot i que interrompuda per la Primera Guerra Mundial, aquesta migració va tornar en la dècada de 1920, però de nou es va aturar durant la [[Gran Depressió]] i la [[Segona Guerra Mundial]]. Després de la guerra un gran nombre d'immigrants neerlandesos es va traslladar a Canadà, entre ells algunes esposes dels soldats canadencs que alliberaren els Països Baixos.

==Vegeu també==
* [[Nous Països Baixos]]

==Notes==
{{Reflist|group=nb}}

==References==
{{Reflist|3}}

==Bibliografia==
{{refbegin|2}}
* Blom, J. C. H. and E. Lamberts, eds. ''[http://www.amazon.com/dp/1845452720 excerpt and text search]; also [http://www.questia.com/read/1379132 History of the Low Countries]'' (2006) 504pp
* Bolt, Rodney.''The Xenophobe's Guide to the Dutch''. Oval Projects Ltd 1999, ISBN 1-902825-25-X
* Boxer. Charles R. ''The Dutch in Brazil, 1624-1654''. By The Clarendon Press, Oxford, 1957, ISBN 0-208-01338-5
* Burke, Gerald L. ''The making of Dutch towns: A study in urban development from the 10th-17th centuries'' (1960)
*De Jong, Gerald Francis. ''The Dutch in America, 1609–1974''.Twayne Publishers 1975, ISBN 0-8057-3214-4
*Hunt, John. ''Dutch South Africa: early settlers at the Cape, 1652–1708''. By John Hunt, Heather-Ann Campbell. Troubador Publishing Ltd 2005, ISBN 1-904744-95-8
* Koopmans, Joop W., and Arend H. Huussen, Jr. ''Historical Dictionary of the Netherlands'' (2nd ed. 2007)[http://www.amazon.com/Historical-Dictionary-Netherlands-Dictionaries-Europe/dp/0810856271/ excerpt and text search]
*Kossmann-Putto, J. A. and E. H. Kossmann. ''The Low Countries: History of the Northern and Southern Netherlands'' (1987)
*Kroes, Rob. ''The Persistence of Ethnicity: Dutch Calvinist pioneers''. University of Illinois Press 1992, ISBN 0-252-01931-8
* Stallaerts, Robert. ''The A to Z of Belgium'' (2010), a historical encyclopedia
*White  Boucke. ''The UnDutchables''. ISBN 978-1-888580-44-0
*''Voor wie Nederland en Vlaanderen wil leren kennen''. By J. Wilmots and J. De Rooij, 1978, Hasselt/Diepenbeek. {{Nl}}
*''Handgeschreven wereld. Nederlandse literatuur en cultuur in de middeleeuwen''. By D. Hogenelst and Frits van Oostrom, 1995, Amsterdam. {{Nl}}
{{refend}}

{{Projectes germans|commons=Notable Dutch people over the ages}}

{{Autoritat}}
[[Categoria:Grups germànics]]
[[Categoria:Grups humans d'Europa]]</text>
      <sha1>2b1koilnzyli2ddq8o96h7ezufffu2g</sha1>
      <model>wikitext</model>
      <format>text/x-wiki</format>
    </revision>
  </page>