<page>
    <title>James O'Meara</title>
    <ns>0</ns>
    <id>1080225</id>
    <revision>
      <id>13892255</id>
      <parentid>13654644</parentid>
      <timestamp>2014-07-26T19:28:22Z</timestamp>
      <contributor>
        <username>Langtoolbot</username>
        <id>128552</id>
      </contributor>
      <minor></minor>
      <comment>Corregit: 4 provables i  4 probables i</comment>
      <text>{{Plantilla:Infotaula biografia militar
|name= James Joseph O'Meara
|lived= {{Data naixement|1919|2|20}} – 1974 (als 54-55 anys)  
|placeofbirth=[[Fitxer:Flag of England.svg|23px|Anglaterra]] [[Barnsley]], [[Yorkshire]]  
|image= James Omeara.jpg
|caption= James Joseph O'Meara
|nickname= Orange
|allegiance= [[Fitxer:Flag of the United Kingdom.svg |23px|Bandera del Regne Unit]] [[Regne Unit]]
|branch=[[Fitxer:Ensign of the Royal Air Force.svg|23px|Estendard de la Royal Air Force]] [[Royal Air Force|RAF]]
|serviceyears= 
|rank= [[Fitxer: UK-Air-OF3 infobox.svg|30px|Oficial de vol]] [[Cap d'Esquadró]]
|commands= [[131è Esquadró de la RAF]]
|battles= [[Batalla d'Anglaterra]]  
|awards= [[Orde del Servei Distingit]]
|laterwork= 
|portrayedby=
}}

El [[Cap d'Esquadró]] '''James Joseph O'Meara''' [[Orde del Servei Distingit|DSO]], [[Creu dels Vols Distingits (Regne Unit)|DFC  Barra]] (1919-1974) va ser un [[Llista d'asos de l'aviació de la Segona Guerra Mundial amb 19-10 victòries|as de l'aviació]] pilotant un [[Supermarine Spitfire ]] durant la [[Batalla d'Anglaterra]] amb 11 victòries, 2 victòries compartides, un destruït sense confirmació, quatre probables, 11 malmesos i un malmès compartit.refPrice 1966, p. 92/ref

== Biografia ==
O'Meara ([[Barnsley]], [[Yorkshire]] el 20 de febrer) de 1919, ingressant a la [[Royal Air Force]] a l'abril de 1938, amb només 19 anys.ref name=Aces High 1994, p.470Aces High 1994, p. 470/ref El 18 de juny va ser destinat a 9 FTS, [[RAF Hullavington]].

==Servei durant la II Guerra Mundial ==
El seu primer destí operatiu va ser el [[64è Esquadró de la RAF|64è Esquadró]], amb base a [[RAF Hornchurch]], on obtingué la seva primera victòria mentre que volava sobre [[Dunkerque]] el 31 de maig de 1940, en abatre un [[Bf 109]]. El dia 21 ja havia malmès un [[Ju 88]] a [[Calais]].ref name=Aces High 1994, p.470/

La següent victòria va ser un [[Bf 109]] del [[JG 51]], abatut enmig de flames sobre el [[Canal de la Mànega]] el 19 de juny i, 10 dies després, mentre que interceptava un atac sobre [[Dover]], reclamà haver abatut dos [[Ju 87]]s.ref name=Aces High 1994, p.470/ L'11 d'agost reclamà 2 Bf 109 com a probables, destruint un més l'endemà. El 13 d'agost reclamà un nou Bf 109, i el 15 danyà tres [[Heinkel He 111]].ref name=Aces High 1994, p.470/  El 18 d'agost O'Meara reclamà un [[Ju 88]] compartit i un [[He 111]] destruït en solitari.ref name=Aces High 1994, p.470/

Poc després, O'Meara va ser enviat al [[72è Esquadró de la RAF|72è Esquadró]] a [[Biggin Hill]], malmetent un [[Do 17]] el 27 de setembre. Aquell mateix mes se li concedí la [[Creu dels Vols Distingits (Regne Unit)|Creu dels Vols Distingits]] i va ser enviat a un període de descans al [[421è (Reconeixement) Flight RAF]] a [[Hawkinge]], treballant amb pilots novells que formarien el nucli del [[91è Esquadró de la RAF|91è Esquadró]].

O'Meara va abatre un [[Heinkel He 59|He. 59]] del ''Seenotgruppe'' 3 el 26 de novembre, un Bf 109 del [[LG 2]] que estava atacant un dragamines de la [[Royal Navy]] el 5 de desembre, i en danyà un altre immediatament.ref name=Aces High 1994, p.470/ Mentre que estava al 91è va ser abatut per un Bf 109 i va fer un aterratge d'emergència prop de Folkstone el 17 de febrer de 1941. El 18 de març de 1941 afegí una barra a la seva Creu dels Vols Distingits.

A finals d'abril de 1941 va destruir un nou [[Heinkel He 59|He. 59]] del Seenotgruppe 3. El 3 de setembre va ser promogut a [[Tinent de Vol]] i tornà temporalment al 64è Esquadró com a Comandant de Vol, amb el seu marcador indicant 12 victòries confirmades. A l'octubre de 1941 abandonà les operacions de combat, sent destinat a [[Tain]].ref name=Aces High 1994, p.470/

Al juliol de 1942, després d'una temporada al [[164è Esquadró de la RAF|164è Esquadró]], va ser enviat a [[Nigèria]], servint amb el 1432 Vol fins a l'agost. En tornar al Regne Unit O'Meara va ser nomenat oficial d'enllaç de la RAF al [[Cap de l'Estat Major Imperial General|Cap de l'Estat Major de l'Exèrcit]].ref name=Aces High 1994, p.470/  Al gener de 1943 O'Meara s'uní al [[234è Esquadró de la RAF|234è Esquadró]] fins al març. A l'abril de 1943 va rebre el comandament del [[131è Esquadró de la RAF|131è Esquadró]] a [[Castletown]] fins al març de 1944. Realitzà 170 sortides i reclamà un [[Fw 190]] malmès a l'agost de 1943.ref name=Aces High 1994, p.470/

Va ser destinat al Quarter General del [[Grup 10 de la RAF|Grup 10]], i a l'octubre de 1944 va ser recomanat per rebre una segona barra per la seva Creu dels Vols Distingits, però el [[Vicemariscal de l'Aire]] [[Trafford Leigh-Mallory]] aprovà en comptes un [[Orde del Servei Distingit]] el 27 d'octubre de 1944, en considerar que seu llarg servei actiu sense interrupcions mereixia un reconeixement major.ref name=Aces High 1994, p.470/

Acabà la guerra amb 11 destruïts en solitari i 2 compartits, 1 destruït sense confirmar, 4 probables i 11 malmesos en solitari i 1 compartit.ref name=Aces High 1994, p.470/

==Anys de postguerra ==
En finalitzar la guerra es llicencià de la RAF, i després de treballar en diverses feines civils, el 1950 tornà a la RAF, on romangué fins al 1959, retirant-se amb el rang de [[Cap d'Esquadró]].

Després del seu retir treballà com a arquitecte per a Wimpey Homes abans d'emprendre diversos negocis. La seva filla va ser atropellada per un cotxe el 1969 i la seva relació amb la seva esposa es deteriorà, acabant en divorci. Acabà portant un restaurant abans de comprar un hotel a [[Port Gaverne]], Cornwall.

Va morir el 1974 al Barnstaple Hospital de North Devon, després de patir durant anys d'una infecció hepàtica causada per un paràsit mentre que estava destinat a l'[[Raj Britànic|Índia]]. Està enterrat al cementiri d'Old Town, [[Bideford]].

== Condecoracions ==
* [[Fitxer:DSO stripe.svg|50px|Orde del Servei Distingit]] [[Orde del Servei Distingit]]
* [[Fitxer:UK DFC w bar BAR.svg|50px|Creu dels Vols Distingits amb Barra]] [[Creu dels Vols Distingits (Regne Unit)|Creu dels Vols Distingits amb Barra]]
* [[Fitxer:39-45 Star w BoB clasp BAR.svg|50px|Estrella de 1939-45 amb roseta - Batalla d'Anglaterra]] [[Estrella de 1939-45| Estrella de 1939-45 amb roseta Batalla d'Anglaterra]]
* [[Fitxer:Air Crew Europe BAR.svg|50px|Estrella de les Tripulacions Aèries d'Europa]] [[Estrella de les Tripulacions Aèries d'Europa]]
* [[Fitxer:Burma Star BAR.svg|50px|Estrella de Birmània]] [[Estrella de Birmània]]
* [[Fitxer:Defence Medal BAR.svg|50px|Medalla de la Defensa]] [[Medalla de la Defensa]]
* [[Fitxer:War Medal 39-45 w MID BAR.svg|50px|Medalla de la Guerra 1939-1945]] [[Medalla de la Guerra 1939-1945]] amb una [[Menció als Despatxos]]

El seu nom figura al [[Monument a la Batalla d'Anglaterra de Londres]].

== Referències==
references /

==Fonts ==
* Pilot's flying log book (Form 414) J.J. O'Meara. 
* ''Aces High'' by C. Shores  C. Williams (1994), p. 470 
* Price, Dr Alfred. ''Mark I/II Spitfire Aces 1939-1941''. Osprey Publishing, London: 1996; ISBN 978-1-85532-627-9

== Enllaços externs ==
* [http://www.jjomeara.com Pàgina web dedicada a la memòria del Cap d'Esquadró James Joseph Orange O'Meara D.S.O., D.F.C.]

{{ORDENA:O'Meara}}
[[Categoria:Militars anglesos]]
[[Categoria:Militars britànics de la Segona Guerra Mundial]]
[[Categoria:Personal de la RAF]]
[[Categoria:Companys de l'Orde del Servei Distingit]]
[[Categoria:Guardonats amb la Creu dels Vols Distingits (Regne Unit)]]
[[Categoria:Asos de l'aviació de la Segona Guerra Mundial]]
[[Categoria:Persones de Yorkshire]]</text>
      <sha1>bbcq93d314gb7auronscf3a9dbg79av</sha1>
      <model>wikitext</model>
      <format>text/x-wiki</format>
    </revision>
  </page>