<page>
    <title>John Crocker</title>
    <ns>0</ns>
    <id>1080618</id>
    <revision>
      <id>13655136</id>
      <parentid>13553053</parentid>
      <timestamp>2014-06-23T15:35:35Z</timestamp>
      <contributor>
        <username>Langtoolbot</username>
        <id>128552</id>
      </contributor>
      <minor></minor>
      <comment>Correcció tipogràfica: espais sobrants</comment>
      <text>{{VPHISMILCAT Infotaula biografia militar 
|name= John Tredinnick Crocker
|lived=   {{data naixement|1896|01|4|df=yes}} - {{data defunció i edat|1963|03|9|1896|01|4|df=yes}}
|placeofbirth=  {{bandera|Anglaterra}} [[Lewishan]], [[Gran Londres]] 
|placeofdeath=  
|image=  [[Fitxer:John Crocker.JPG|200px| Crocker a França, agost de 1944, com a comandant del [[I Cos (Regne Unit)|I Cos]]]]
|caption= Crocker a França, agost de 1944, com a comandant del [[I Cos (Regne Unit)|I Cos]]
|nickname=   ''Honest John''
|allegiance= {{UK}}  
|branch=[[Fitxer:Flag of the British Army.svg|23px|Exèrcit britànic]] [[Exèrcit britànic]]
|serviceyears=1915 - 1953
|rank=[[File:UK Army OF9.png|General|35px]] [[General]] 
|unit=[[Artists' Rifles]], [[Machine Gun Corps]], [[Middlesex Regiment]], [[Royal Tank Corps]]
|commands= [[3a Brigada Cuirassada]]br[[6a Divisió Cuirassada (Regne Unit)|6a Divisió Cuirassada]]br[[11è Cos (Regne Unit)|XI Corps]]br[[9è Cos (Regne Unit)|IX Corps]]br[[1r Cos (Regne Unit)|I Corps]]br[[Comandament Meridional (Regne Unit)|Comandament Meridional]]br[[Comandament de l'Orient Mitjà]]
|battles=[[Primera Guerra Mundial]] br[[Segona Guerra Mundial]]:
* [[Batalla de França]]
* [[Campanya de Tunísia]]
* [[Operació Overlord|Campanya de Normandia]]
* [[Batalla de l'Escalda]]  
|awards= [[Orde del Bany|Gran Creu de l'orde del Bany]] br [[Orde de l'Imperi Britànic|Cavaller Comandant de l'Imperi Britànic]]
|laterwork= Vicepresident de la [[Comissió de Tombes de Guerra de la Commonwealth]] br [[Lord Lieutenant de Middlesex]]
}}

El general '''Sir John Tredinnick Crocker''' [[Orde del Bany|GCB]] [[Orde de l'Imperi Britànic|KBE]] [[Orde del Servei Distingit|DSO]] [[Creu Militar|MC]] (4 de gener de 1896 – 9 de març de 1963) va ser un oficial de l'[[exèrcit britànic]], comandant d'un [[cos d'exèrcit]] durant la [[Segona Guerra Mundial]].

== Biografia ==
=== I Guerra Mundial ===
En esclatar la [[I Guerra Mundial]] Crocker s'allistà com a [[soldat ras]] al [[Artists' Rifles]], un cos d'entrenament per a oficials, abans d'unir-se al [[Cos de Metralladores]] (MGC) com a [[oficial (forces armades)|oficial]]. Va tenir una carrera distingida a la guerra, guanyant l'[[orde del Servei Distingit]] i la [[Creu Militar]] amb la 174a Companyia de Metralladores de la [[59a Divisió d'Infanteria (Staffordshire) |59a Divisió (Staffordshire)]] a França.

=== Període d'entreguerres ===
Després de l'[[Armistici de Compiègne de 1918|armistici]], Crocker abandonà l'exèrcit per preparar-se com a [[procurador als tribunals|procurador]], però no gaudí amb aquesta nova professió i decidí tornar a l'exèrcit. Després d'un breu període com a oficial d'[[infanteria]] al [[Regiment de Middlesex]], Crocker s'especialitzà en el llavors nou camp de la [[guerra cuirassada]], unint-se al [[Regiment Reial de Tancs|Royal Tank Corps]] el 1923. Ocupà diversos càrrec de camp i d'estat major, incloent el de [[Brigade Major]] de [[Percy Hobart]] i [[estat major|oficial d'estat major general de 1r grau]] (GSO1) d'[[Alan Brooke]], quan aquest comandà la [[1a Divisió Cuirassada (Regne Unit)|Divisió Mòbil]]. Quan esclatà la [[Segona Guerra Mundial]] era oficial d'estat major al [[Comandament Meridional (Regne Unit)|Comandament Meridional]].

=== II Guerra Mundial ===
A l'abril de 1940 va ser nomenat comandant de la [[3a Brigada Cuirassada (Regne Unit)|3a Brigada Cuirassada]] a la [[1a Divisió Cuirassada (Regne Unit)|1a Divisió Cuirassada]] a França. La brigada, com li succeí a la major part del [[Cos Expedicionari Britànic]] (BEF), va quedar virtualment destruïda durant la [[batalla de França]]. Desembarcat a [[Cherbourg]], igual que la resta de la BEF es retirà fins a [[Batalla de Dunkerque|Dunkerque]], on la 1a Divisió atacà sense èxit els caps de pont alemanys al [[riu Somme]] abans de tornar a Cherbourg, on les restes de la divisió (incloent els darrers 13 tancs de la brigada) van ser evacuats.

De tornada a Anglaterra, Crocker va rebre el comandament de la nova [[6a Divisió Cuirassada (Regne Unit)|6a Divisió Cuirassada]] al setembre de 1940, del [[11è Cos (Regne Unit)|XI Cos]] a [[East Anglia]] al març de 1942 i del [[9è Cos (Regne Unit)|IX Cos]] al setembre de 1942,ref[http://www.gulabin.com/armynavy/pdf/Army%20Commands%201900-2011.pdf Army Commands]/ref  abans de tornar a ser enviat a l'estranger el 1943, aquest temps a [[campanya de Tunísia|Tunísia]]. Crocker mostrà impaciència al Pas de Fondouk el 8 d'abril de 1943 en intentar fer passar la 6a Cuirassada i la [[34a Divisió d'Infanteria (Estats Units)|34a divisió d'infanteria estatunidenca]] per una escletxa enmig de defenses molt ben preparades pels alemanys. Va ser ferit en un accident d'entrenament, durant una demostració amb un [[PIAT]] antitanc, poc abans de la [[campanya de Tunísia#Final|batalla final per Tunis]] i ja no tornà a entrar en acció al [[Campanya del nord d'Àfrica|nord d'Àfrica]]. Malgrat tot, creà certa controvèrsia en criticar l'actuació de les tropes [[Estats Units|estatunidenques]] a la premsa.

En tornar al servei actiu a l'agost de 1943 va rebre el comandament del [[1r Cos (Regne Unit)|I Cos]], part del [[2n Exèrcit (Regne Unit)|Segon Exèrcit]] del general [[Miles Dempsey]], entrenant-se per l'[[operació Overlord]], la invasió aliada de França. Malgrat que el Crocker era un comandant experimentat en la guerra cuirassada, el I Cos va ser predominantment una formació d'infanteria, però el general [[Bernard Montgomery|Montgomery]], comandant del [[21è Grup d'Exèrcits]], confiava en les seves habilitats organitzatives i li encarregà la difícil tasca de conquerir [[Caen]]. Durant el [[Dia-D]], Crocker tenia més feina que cap altre comandant de cos: havia de controlar dues platges de desembarcament ([[Juno Beach|Juno]] i [[Sword Beach|Sword]]) i un assalt aerotransportat. 

Malgrat l'èxit del desembarcament, Caen no va caure el Dia-D, i el cos de Crocker participà en la sagnant [[batalla de Caen]] que s'estengué durant dos mesos, incloent l'[[operació Charnwood]]. Passant sota el comandament del [[1r Exèrcit (Canadà)|Primer Exèrcit Canadenc]] del tinent general [[Harry Crerar]] a l'agost de 1944, el I Cos avançà fins al Sena i participà en les operacions de neteja de la costa francesa i belga. Quan arribà la [[Actes de capitulació del Tercer Reich|rendició alemanya]] al maig de 1945, el I Cos encara estava a la riba sud del riu [[Oude Maas|Maas]], fent front al [[25è Exèrcit (Alemany)|XV. Armee]]. L'únic fill de John Croocker, Wilfrid, un tanc oficial al [[5è Royal Inniskilling Dragoon Guards]], va morir el 20 d'octubre de 1944 mentre que lluitava a Holanda.refDelany p. 203/ref

=== Darrers anys ===
El 1945, esdevingué comandant en cap del [[Comandament Meridional (Regne Unit)|Comandament Meridional]]ref name=nz[http://www.nzetc.org/tm/scholarly/tei-WH2-2Doc-c10-15.html Documents Relating to New Zealand's Participation in the Second World War 1939–45]/ref  i el 1947 va ser nomenat comandant en cap de les [[Forces Terrestres de l'Orient Mitjà]] i,ref name=nz/ el 1950, culminà la seva en esdevenir [[Adjunt General de les Forces]], abans de retirar-se el 1953. El 1949 Montgomery recomanà a John Crocker perquè el succeís com a [[Cap de l'Estat Major Imperial General]], però el [[Primer Ministre del Regne Unit|Primer Ministre]] [[Clement Attlee]] nomenà a Sir [[William Slim]], més conegut. La contribució més important de Crocker durant la postguerra va ser la redacció dels manuals d'entrenament que dictaren la doctrina de la guerra cuirassada de l'exèrcit britànic durant els anys de la [[Guerra Freda]].refDelany pp.204-5/ref

Després de retirar-se esdevingué vicepresident de la [[Comissió Imperial de Tombes de Guerra]] i [[Lord Lieutenant de Middlesex]].

== Condecoracions ==
* [[Fitxer:Order of the Bath (ribbon).svg|50px|Orde del Bany]]  [[Orde del Bany|Gran Creu de Cavaller de Molt Honorable Orde del Bany]] – 1948 
** Cavaller de l'orde del Bany – 1947
** Company de l'orde del Bany – 5/8/1943
* [[Fitxer:Order BritEmp rib.png|50px|Orde de l'Imperi Britànic]] [[Orde de l'Imperi Britànic|Cavaller Comandant de l'Imperi Britànic]] – 28/9/1944
** Comandant de l'Imperi Britànic – 27/9/1940
* [[Fitxer:Dso-ribbon.png|50px|Orde del Servei Distingit]] [[Orde del Servei Distingit]] – 1918  
* [[fitxer: Military Cross ribbon.png|vora|50px|vora]] [[Creu Militar]] - 1918  
* [[Fitxer:British War Medal BAR.svg|50px|Medalla Britànica de la Guerra]] [[Medalla Britànica de la Guerra 1914-20]]
* [[Fitxer:Victory Medal MID ribbon bar.svg|50px|Medalla de la Victòria de 1914-1918]] [[Medalla de la Victòria 1914-1918 (Regne Unit)|Medalla de la Victòria 1914-1918]]
* [[Fitxer:39-45 Star BAR.svg|50px|Estrella de 1939-45]] [[Estrella de 1939-45]] 
* [[Fitxer:Africa Star BAR.svg|50px|Estrella d'Àfrica]] [[Estrella d'Àfrica]] 
* [[Fitxer:France and Germany Star BAR.svg|50px|Estrella de França i Alemanya]] [[Estrella de França i Alemanya]] 
* [[Fitxer:War Medal 39-45 w MID BAR.svg|50px|Medalla de la Guerra 1939-1945]] [[Medalla de la Guerra 1939-1945]]
* [[Fitxer:UK MID 1920-94.svg|50px|Menció als Despatxos]] [[Menció als Despatxos]] (9/8/1945 – 8/11/1945)

==Notes==
{{referències}}

==Referències==
*''Biographical Dictionary of British Generals of the Second World War'', Nick Smart. ISBN 1-84415-049-6.
*''Crusade in Europe'', [[Dwight D. Eisenhower]]. ISBN 0-8018-5668-X
*''D-Day 1944'', Ken Ford. ISBN 1-84176-368-3.
*{{cite journal
| last = Delany
| first = Douglas
| title = A Quiet Man of Influence: General Sir John Crocker
| journal = Journal of the Society for Army Historical Research
| volume = 85
| pages = 185–207
| date = Autumn 2007
| year = 2007}} 

{{Inicia taula}}
{{Filera de successions|títol= [[Fitxer:6th Armoured Division flash.svg|40px|6a Divisió Cuirassada]] br Comandant de la  [[6a Divisió Cuirassada (Regne Unit)|6a Divisió Cuirassada]]
|abans= Nova creació
|després= [[Herbert Lumsden]]
|anys= setembre de 1940 – octubre de 1941}}
{{Filera de successions|títol= Comandant del [[11è Cos (Regne Unit)|XI Cos]]  
|abans= [[Noel Irwin]]
|després= [[Gerard Bucknall]]
|anys= març de 1942 – setembre de 1942 }}
{{Filera de successions|títol= Comandant del [[9è Cos (Regne Unit)|IX Cos]]  
|abans= [[Francis Nosworthy]]
|després= [[Brian Horrocks]]
|anys= setembre de 1942 – maig de 1943 }}
{{Filera de successions|títol= Comandant del [[1r Cos (Regne Unit)|I Cos]]  
|abans= [[Gerard Bucknall]]
|després= [[Sidney Kirkman|Sir Sidney Kirkman]]
|anys= 1943 – 1945 }}
{{Filera de successions|títol= Cap del [[Comandament Meridional (Regne Unit)|Comandament Meridional]]
|abans= [[Sidney Kirkman|Sir Sidney Kirkman]]
|després= [[John Harding |Sir John Harding]]
|anys= 1945 – 1947 }}
{{Filera de successions|títol= Cap del [[Comandament de l'Orient Mitjà]]  
|abans= [[Miles Dempsey|Sir Miles Dempsey]]
|després= [[Brian Robertson |Sir Brian Robertson]]
|anys= 1947 – 1950 }}
{{Filera de successions|títol= [[Adjunt General de les Forces]]
|abans= [[James Steele (oficial britànic)|Sir James Steele]]
|després= [[Cameron Nicholson|Sir Cameron Nicholson]]
|anys= 1950 – 1953 }}
{{Filera de successions|títol= [[Fitxer:Flag of Middlesex.svg|50px|Lord Lieutenant of Middlesex]] br [[Lord Lieutenant de Middlesex]]
|abans= [[James Steele (British Army officer)|Sir James Steele]]
|després= [[Gerard Bucknall]]
|anys= 1961 – 1963 }}
{{Finalitza taula}}

{{ORDENA:Crocker, John}}
[[Categoria:Militars britànics de la Primera Guerra Mundial]]
[[Categoria:Generals britànics]]
[[Categoria:Militars britànics de la Segona Guerra Mundial]]
[[Categoria:Companys de l'Orde del Servei Distingit]]
[[Categoria:Cavallers Comandants de l'Imperi Britànic]]
[[Categoria:Gran Creu de Cavaller de l'Orde del Bany]]</text>
      <sha1>lpwjms0u1u2vl3rdkln5lvys9rq9uyo</sha1>
      <model>wikitext</model>
      <format>text/x-wiki</format>
    </revision>
  </page>