<page>
    <title>Adlertag</title>
    <ns>0</ns>
    <id>1081177</id>
    <revision>
      <id>13919643</id>
      <parentid>13918830</parentid>
      <timestamp>2014-08-06T11:41:05Z</timestamp>
      <contributor>
        <username>ArnauBot</username>
        <id>90823</id>
      </contributor>
      <comment>Robot catalanitza noms i paràmetres de plantilles</comment>
      <text>{{2L|data=agost de 2014}}
{{FixHTML|begin}}
{{VPHISMILCAT Infotaula conflicte militar
|imatge=[[Fitxer:British and German aircraft a dog fight.jpg|350px|alt=A picture of a piece of sky with several clouds and many condensation trails caused by many aircraft. Each trail curves around the other indicated an air battle|An air battle, 1940]]
|peu_de_foto= Una batalla aèria, 1940 
|nom_de_la_batalla= Adlertag 
|front=[[Batalla d'Anglaterra]]
|conflicte=[[Front Occidental de la Segona Guerra Mundial|Front Occidental]] de la [[Segona Guerra Mundial]]
|data=[[13 d'agost]] de [[1940]]ref name=Bungay 2000, p. 207Bungay 2000, p. 207./ref
|localitat = [[Anglaterra]] i el [[Canal de la Mànega]] 
|resultat = Victòria britànicaref name=Bungay 2000, p211Bungay 2000, p. 211./ref 
|mapa = 
|bàndol1 = {{UK}} 
|bàndol2 = [[Fitxer:Flag_of_Germany_1933.svg|25px|Alemanya nazi]] [[Alemanya Nazi]] 
|general1 = {{bandera|Regne Unit}} [[Hugh Dowding]]br /{{ bandera|Regne Unit}} [[Keith Park]] br /{{ bandera|Regne Unit}} [[Charles Portal]]
|general2 = [[Fitxer:Flag_of_Germany_1933.svg|25px|Alemanya nazi]] [[Hermann Göring]]br /[[Fitxer:Flag_of_Germany_1933.svg|25px|Alemanya nazi]] [[Albert Kesselring]]br /[[Fitxer:Flag_of_Germany_1933.svg|25px|Alemanya nazi]] [[Hugo Sperrle]]
| força1 = 
| força2 = 
|força_numèrica1 =[[Fitxer:RAF Type A1 Roundel Variant.svg|30px|RAF]] [[Comandament de Bombarders de la RAF|Comandament de Bombaders]]br /[[Fitxer:RAF Type A1 Roundel Variant.svg|30px|RAF]] [[Comandament de Caces de la RAF|Comandament de Caces]] 
|força_numèrica2 = [[Fitxer:Chef einer Luftflotte Version 1.svg|20px|Luftflotte]] ''[[Luftflotte 2]]''br /[[Fitxer:Chef einer Luftflotte Version 1.svg|20px|Luftflotte]] ''[[Luftflotte 3]]'' |baixes1 = [[Comandament de Caces de la RAF|Comandament de Caces]]:br / 13 caces (aire)ref name=Bungay 2000, p371Bungay 2000, p. 371./refbr /1 caça (terra)ref name=Bungay 2000, p211Bungay 2000, p. 211./refbr /3 pilots de caça mortsref name=Bungay 2000, p211Bungay 2000, p. 211./refbr /[[Comandament de Bombarders de la RAF|Comandament de Bombaders]]:br /11 bombaders (aire)ref name=Bungay 2000, p211Bungay 2000, p. 211./refbr /24 aviadors mortsref name=Bungay 2000, p211Bungay 2000, p. 211./refbr /9 capturedref name=Donnelly 2004, p88–89Donnelly 2004, pp. 88–89./refbr /Alres:br /47 avions diversos (terra)ref name=Bungay 2000, p211Bungay 2000, p. 211./refbr /diversos centenars de civils 
|baixes2 = 47ref name=Bungay 2000, p371Bungay 2000, p. 371./refrefTaylor and Moyes 1968, p. 23./ref–48ref name=Hough and Richards 2007, p162Hough and Richards 2007, p. 162./ref avions destruïts (aire)br /39 molt danyatsref name=Hough and Richards 2007, p162/br /[[circa]] 200 pilots morts o capturats incloent:br /44 mortsbr / 23 ferits br / un mínim de 45 desaparegutsrefMason 1969, pp. 240–243./ref
|batalla_anterior= 
|batalla_posterior=
}}
{{FixHTML|mid}}
{{FixHTML|end}}

'''Adlertag''' ('''Dia de l'Àliga''')refHough and Richards 2007, p. 154./refrefMurray 1983, p. 50./refrefBungay 2000, p. 203./refrefFiest 1993, p. 28./refrefMason 1969, p. 236./ref va ser el primer dia de la ''Unternehmen Adlerangriff'' (operació ''Àliga Ataca''), que va ser el nom en clau d'una operació de la [[Luftwaffe]] [[Tercer Reich|alemanya]] per destruir la [[Royal Air Force]] [[Regne Unit|britànica]]. Pel juny de 1940, els Aliats havien estat derrotats a l'[[Europa Occidental]] i [[Escandinàvia]]. En lloc d'arribar a un acord amb Alemanya, els britànics rebutjaren totes les propostes d'una pau negociada.

Hitler donà a la ''[[Wehrmacht]]'' la Directiva N.16, que ordenava la preparació per l'atac aeri i pacificació del [[Regne Unit]].refTrevor-Roper 2004, pp. 74–79./ref La invasió militar de la Gran Bretanya rebé el nom en codi d'[[operació Lleó Marí|operació ''Lleó Marí'']] (''Unternehmen Seelöwe''). Abans que es pogués portar a terme, es requeria assolir la [[superioritat aèria]]: calia que la Luftwaffe destruís la RAF per tal d'evitar que ataqués la flota d'invasió o oferís protecció a la [[Home Fleet]] de la [[Royal Navy]], que podria intentar evitar el desembarcament. Hitler ordenà al comandant en cap de la Luftwaffe, el ''[[Reichsmarschall]]'' [[Hermann Göring]] i al ''[[Oberkommando der Luftwaffe]]'' (Alt Comandament de la Luftwaffe) que preparés l'assalt.

L'objectiu essencial era el [[Comandament de Caces de la RAF]]. La seva destrucció negaria la superioritat aèria als britànics. Durant juliol i inicis d'agost, els alemanys realitzaren preparatius pel ''Adlertag''. La data de l'assalt es retardà en diverses ocasions a causa del mal temps. Finalment, l'atac es llançà el 13 d'agost de 1940. Els atacs causaren danys significatius a terra però, entelada per un pobre servei d'intel·ligència i comunicació, no causaren una impressió significativa sobre la capacitat del Comandament de Caces per defensar l'espai aeri britànic.ref name=Bungay 2000, p. 210Bungay 2000, p. 210./ref

Göring prometé a Hitler que el ''Adlertag'' i el ''Adlerangriff'' assoliria els resultats requerits en pocs dies o, en el pitjor dels casos, en setmanes.ref name=Mackay 2003, p71Mackay 2003, p. 71./ref Havia de ser l'inici del final del Comandament de Caces de la RAF, però ''Adlertag'' i la resta d'operacions que la seguiren fracassaren en el seu objectiu de destruir la RAF.ref name=Bungay 2000, p. 210Bungay 2000, p. 210./ref Els combats resultants de es coneixerien com la [[batalla d'Anglaterra]]. Durant el curs de la campanya, la Luftwaffe no aconseguí la superioritat aèria sobre la RAF; i com a resultat, l'operació Lleó Marí es cancel·là.

== Rerefons ==
=== Visió estratègica ===
{{principal|Ocupació alemanya de Luxemburg durant la Segona Guerra Mundial|Batalla dels Països Baixos|Batalla de Bèlgica|Batalla de França}}
Després que [[Tercera República Francesa|França]] i el [[Regne Unit]] declaressin la guerra a [[Tercer Reich|Alemanya]] després de la [[invasió de Polònia (1939)|invasió alemanya de Polònia]], van tenir lloc 9 mesos d'estancament al [[Front Occidental de la Segona Guerra Mundial|Front Occidental]]. Després de la [[campanya de Polònia]] de l'octubre de 1939, els planificadors del ''[[Oberkommando der Luftwaffe]]'' (Alt Comandament de la Luftwaffe) i del ''[[Oberkommando der Wehrmacht]]'' (Comandament Suprem de les Forces Armades) miraren cap a l'[[Europa Occidental]].refHealy 2007, pp. 3–5./ref

L'ofensiva alemanya, sota nom clau ''Unternehmen Gelb'' ([[Operació Groc]], i també coneguda com a [[Pla Manstein]], començà el 10 de maig de 1940. La campanya central, la [[campanya de França]], acabà amb la derrota aliada i la destrucció de les forces principals de l'[[exèrcit francès]]. El [[Cos Expedicionari Britànic]] aconseguí fugir durant la [[batalla de Dunkerque]], però la Wehrmacht capturà [[París]] el 14 de juny i ocupà dos terços de França. [[Armistici del 22 de juny de 1940|França es rendí el 22 de juny de 1940]].refHooton 2007, pp. 47–48, p. 77, p. 86./ref


Amb l'Europa Occidental neutralitzada, l'OKL i l'OKW dirigí la seva atenció cap a les [[illes britàniques]], en aquells moments llar de la base d'operacions aliades a Europa. Hitler esperava que el Regne Unit negociaria un [[armistici]], estant disposat a oferir uns termes generosos; però les temptatives d'oferiments fets per Hitler van ser rebutjats pel [[govern de coalició del Regne Unit (1940-1945)|govern de coalició britànic]] presidit per [[Winston Churchill]].refParker 2000, pp. 98–99./ref Davant d'aquestes circumstàncies, Hitler ordenà a la Luftwaffe i a la [[Kriegsmarine]] que es preparés per llançar un [[assalt amfibi]] sobre Gran Bretanya, sota nom clau operació ''Lleó Marí''. La Luftwaffe havia d'eliminar el poder aeri enemic, mentre que la Kriegsmarine havia de fer tots els preparatius necessaris per transportar el [[Heer]] pel [[Canal de la Mànega]]. La missió de la Luftwaffe era la prioritària. Un cop la RAF hagués quedat impotent, Göring i Hitler esperaven que no calgués la invasió.refMurray 1983, p. 45./ref Si això no fos així, llavors la Luftwaffe hauria de donar suport a l'exèrcit i evitar que la [[Royal Navy]] impedís el tràfic naval alemany.refHooton 1997, p. 17–18./refrefParker 2000, p. 93./ref Göring batejà l'ofensiva contra la RAF com '''operació ''Àliga Ataca''''' (''Adlerangriff'').refHooton 2010, p. 75./ref

=== Les primeres batalles ===
Les pèrdues de la campanya de primavera havien afeblit la Luftwaffe abans de la batalla d'Anglaterra, de manera que es va veure obligada a esperar fins que s'assolissin uns nivells acceptables abans que es pogués llançar un gran assalt contra la RAF.refMurray 1983, p. 44./ref
La primera fase de l'ofensiva aèria alemanya va tenir lloc sobre el Canal de la Mànega. No es produïren atacs contra els aeròdroms de la RAF, sinó que provocava que les unitats de la RAF es llancessin al combat quan s'atacaven els combois que navegaven pel Canal. Aquestes operacions van tenir lloc entre el 10 de juliol i el 8 d'agost.refJames 2000, p. 17./ref The Els atacs contra la navegació, però, no van tenir gaire èxit, enfonsant-se només 24.500 [[tonelades llargues|tl]] (24.900 [[Tona (unitat)|t]] ). Les operacions de llançar mines des dels avions es demostraren més útils, enfonsant-se 38.000 tl (39.000 t).refJames 2000, p. 43./ref L'impacte sobre el Comandament de Caces va ser mínim: va perdre 74 pilots de caces morts o desapareguts i 48 ferits al juliol, comptant amb 1.429 efectius pel 3 d'agost. En aquells moments, només li mancaven 124 pilots.refJames 2000, p. 45./ref

En la segona fase dels atacs, que va tenir lloc entre el 8 i el 18 d'agost, els objectius van passar a ser la navegació, els aeròdroms de la costa i les estacions de radar del sud de Londres. La Luftwaffe vaanar incrementant gradualment la freqüència dels atacs. Els bombarders alemanys també atacaren objectius molt més al nord com [[Liverpool]] durant la nit.refJames 2000, pp. 49–62./ref El primer gran atac al interior i contra els aeròdroms de la RAF va ser el 12 d'agost: [[RAF Hawkinge]], [[RAF Lympne|Lympne]], [[RAF Manston|Manston]] i les estacions de radar de [[Pevensey]], [[Rye, East Sussex|Rye]] i [[Dover]] van ser destruïdes; a més del port de [[Portsmouth]], que també va ser atacat.refJames 2000, pp. 63–64, 70./ref Els resultats dels atacs van ser diversos: l'estació de radar a [[Ventnor]] va quedar molt malmesa, i d'altres marcades com a objectiu també van quedar malmeses, però no destruïdes, i l'endemà al matí tornaven a estar en funcionament. Els atacs contra el port i les bases de la RAF tornaren a funcional l'endemà al matí. Ignorat per la intel·ligència alemanya, Lympne no era operativa. Aquests fracassos d'intel·ligència contribuïren al fracàs de ''Adlertag''.refJames 2000, p. 70./ref

Els alemanys no havien assolit un grau d'èxit commensurat als seus esforços. Malgrat tot, en la creença que estaven causant un efecte considerable sobre el Comandament de Caces, es prepararen per llançar el seu assalt absolut l'endemà.refJames 2000, p. 71./ref Pel 12 d'agost, la força aèria alemanya havia assolit uns nivells acceptables. Després de fer créixer les seves taxes d'unitats de servei, la Luftwaffe començà ''Adlertag'' amb el 71% de la seva força de bombarders, el 85% de les seves unitats de [[Bf 109]]s i el 83% de les seves unitats de [[Bf 110]]s operatius.refMurray 1983, p. 51./ref

== Preparatius de la Luftwaffe ==
=== Intel·ligència ===
[[Fitxer:Battle of Britain map.svg|thumb|right|200px|alt=A map of Great Britain showing the range of its radar. The ranges reach out into the North Sea, English Channel and over northern France|Cobertura de l'espai aeri pel radar.]]
La manca d'intel·ligència va ser el component que comportà majoritàriament el fracàs de ''Adlertag''. Mentre que la separació entre britànics i alemanys no era massa àmplia en aquest punt, els britànics començaren guanyant un pas decisiu pel que fa a la intel·ligència. El desxiframent de les claus de la [[màquina Enigma]] i la pobre disciplina de senyals de la Luftwaffe permeté als britànics un fàcis accés al tràfic de les comunicacions alemany. L'impacte d'Ultra sobre la batalla d'Anglaterra és una qüestió de disputa. Els historiadors oficials afirmen que no té cap impacte directe. Sigui quina sigui la veritat, Ultra i el [[servei Y]] en particular donaren als britànics una imatge cada vegada més acurada de l'[[orde de batalla]] alemany.ref name=Murray 1983, p47Murray 1983, p. 47./ref

[[Joseph Schmid|Joseph Beppo Schmid]] era l'oficial d'intel·ligència de la Luftwaffe. Durant aquells moments, Schmid va cometre una sèrie d'errors. Al juliol de 1940, Schmid sobreestimà la força de la Luftwaffe i subestimà la de la RAF. Els errors més importants van ser relatius al radar, la identificació dels aeròdroms i llocs de producció. Schmid afirmà que el nombre d'aeròdroms operatius al sud d'Anglaterra era limitat; estimà que els britànics només podien fabricar entre 180 i 330 caces mensualment (la xifra real era de 496) i que la xifra minvaria, indicant que la RAF no podria mantenir una llarga batalla de desgast. Schmid també senyalà que el comandament a tots els nivells era rígid i inflexible, amb els caces quedant lligats a les seves bases. A la seva llista d'omissions, Schmid no mencionà les operacions de manteniment i organització de la RAF, que tornaven al servei els avions danyats ràpidament. Anticipà una batalla curta. Crucialment, Schmid no senyalà el [[radar]].ref name=Bungay 2000, pp. 187–188Bungay 2000, pp. 187–188./refref name=Hooton 1994, pp19–20Hooton 1994, pp. 19–20./refrefRay 2009, pp. 46–47./ref

En no realitzar atacs continuats i concentrats sobre el radar el deixà lliure per ajudar directament al desplegament de les unitats de caces en el moment oportú. Les seves alertes contínues dels atacs que s'apropaven van ser d'un benefici crucial pel Comandament de Caces. La Luftwaffe també tenia uns pobres informes d'intel·ligència sobre el tipus d'aeròdroms de la RAF. Va cometre errors de manera reiterativa, sovint identificant malament els aeròdroms com a bases del Comandament de Caces, i que finalment resultava que eren del [[Comandament Costaner de la RAF|Comandament Costaner]] i al [[Comandament de Bombarders de la RAF|Comandament de Bombarders]]. A lnowiki'/nowiki''Adlertag'', la majoria dels objectius de la llista de Luftwaffe, encara que quedessin destruïts, no haurien deteriorat en absolut el Comandament de Caces.refMason 1969, pp. 236–237./ref

=== Orde de batalla i objectius ===
{{principal|Organització de la Luftwaffe (1933-1945)|Orde de batalla del Comandament de Caces de la RAF 1940|Orde de batalla de la Luftwaffe agost 1940}}
El 13 d'agost de 1940 s'escolliren els següents objectius per a ser atacats:
{{col-begin}}
{{col-break}}
{| class=wikitable style=width:700px; margin-centre:5pt; margin-Bottom:0; margin-centre:0; margin-Top:0;
|-
!colspan=2|Objectius pel 13 d'agost de 1940br /
|-
!Unitat de bombarders de la Luftwaffe 
!Objectiu 
|-
|[[Kampfgeschwader 1]] (KG 1)
|[[RAF Biggin Hill]]ref name=de Zeng 2007 Vol 1, p. 14de Zeng 2007 Vol 1, p. 14./ref
|-
|[[Kampfgeschwader 76]] (KG 76)ref name=de Zeng 2007 Vol 2, p228de Zeng 2007 Vol 2, p. 228./ref
|[[RAF Kenley]]ref name=de Zeng 2007 Vol 2, p228/ [[RAF Debden]]ref name=de Zeng 2007 Vol 2, p228//RAF Biggin Hillrefde Zeng 2007 Vol 2, p. 225./ref/ Altres objectius desconegutsrefde Zeng 2007 Vol 2, p. 236./ref
|-
|[[Kampfgeschwader 2]] (KG 2)
|[[RAF Hornchurch]]ref name=de Zeng 2007 Vol 1, p24de Zeng 2007 Vol 1, p. 24./ref/[[RAF Eastchurch]]refde Zeng 2007 Vol 1, p. 33./ref/[[RAF Manston]]
|-
|[[Kampfgeschwader 3]] (KG 3)
|RAF Eastchurchref name=de Zeng 2007 Vol 1, p. 14/ref group=Notesde Zeng writes there is nothing published on KG 3. It was one of the most obscure bomber units and owing to the loss of most of its records at the end of the war. Their work is the most detailed available./refref name=de Zeng 2007 Vol 1, p. 48de Zeng 2007 Vol 1, p. 48./ref
|-
|[[Kampfgeschwader 53]] (KG 53)
|[[RAF North Weald]]refde Zeng 2007 Vol 1, p. 171./ref
|-
|[[Erprobungsgruppe 210]]
|Estacions de radar; [[Rye]], [[Pevensey]], [[Dover]]. [[RAF Hawkinge]]/[[RAF Manston]]/RAF KenleyrefBungay 2000, pp. 203–212./ref
|-
|[[Kampfgeschwader 4]] (KG 4)
|Objectius desconeguts (manca de registres)/operacions de mines al Canalrefde Zeng 2007 Vol 1, pp. 49–54./ref
|-
|[[Kampfgeschwader 40]] (KG 40)
|[[RAF Dishforth]]
|-
|[[Kampfgeschwader 26]] (KG 26)
|RAF Dishforthrefde Zeng 2007 Vol 1, p. 75./ref/[[Linton-on-Ouse]]ref name=de Zeng 2007 Vol 1, p. 48/
|-
|[[Kampfgeschwader 30]] (KG 30)
|[[RAF Driffield]]refde Zeng 2007 Vol 1, p. 118./ref
|-
|[[Kampfgeschwader 27]] (KG 27)
|Ports de [[Bristol]]/[[Birkenhead]]/[[Liverpool]]refde Zeng 2007 Vol 1, p. 104./ref
|-
|[[Lehrgeschwader 1]] (LG 1)ref name=de Zeng 2007 Vol 2, p360de Zeng 2007 Vol 2, p. 360./ref
|[[RAF Worthy Down]]ref name=de Zeng 2007 Vol 2, p360// Ports de [[Southampton]], [[Portsmouth]] i aeròdroms circumdantsrefde Zeng 2007 Vol 2, p. 266./ref/[[RAF Detling]]refde Zeng 2007 Vol 2, p. 370./refref name=Ward 2004, p. 105Ward 2004, p. 105./ref/D'altres operacions sense especificarrefde Zeng 2007 Vol 2, p. 354./ref
|-
|[[Sturzkampfgeschwader 3]] (StG 3)
|El StG 3 no va prendre part. Per motius desconeguts va ser eliminat de l'ordre de batalla el 13 d'agost.refde Zeng 2010, p. 100./ref Algunes fonts indiquen que es cancel·laren les missions a causa de les expectatives de mal temps.ref name=Goss 2000, p. 79Goss 2000, p. 79./ref
|-
|[[Kampfgeschwader 51]] (KG 51)
|[[RAF Bibury]]refde Zeng 2007 Vol 1, p. 155./ref/Port de [[Spithead]]refde Zeng 2007 Vol 1, p. 146./ref/Estació de radar de [[Ventnor]] 
|-
|[[Kampfgeschwader 54]] (KG 54)
|Base del Braç Aeri de la Flota de [[Gosport]]ref name=de Zeng 2007 Vol 1, p. 179de Zeng 2007 Vol 1, p. 179./ref/[[RAF Croydon]]ref name=de Zeng 2007 Vol 1, p. 184de Zeng 2007 Vol 1, p. 184./ref [[RAF Farnborough]]ref name=Bungay 2000, p. 208Bungay 2000, p. 208./ref [[RAF Odiham]]refJames 2000, p. 74./ref
|-
|[[Kampfgeschwader 55]] (KG 55)
|[[Plymouth]]refde Zeng 2007 Vol 1, p. 195./ref/[[Feltham]]refde Zeng 2007 Vol 1, p. 198./ref/[[RAF Middle Wallop]]refde Zeng 2007 Vol 1, p. 193./ref
|-
|[[Sturzkampfgeschwader 1]] (StG 1)
|[[RAF Warmwell]]ref name=Bungay 2000, p. 210Bungay 2000, p. 210./ref/RAF Detlingref name=Ward 2004, p. 105Ward 2004, p. 105./ref
|-
|I., and II./[[Sturzkampfgeschwader 2]] (StG 2)
|Zona circumdant de [[Portland]] i aeròdromsref name=Bungay 2000, p. 210Bungay 2000, p. 210./ref/RAF Middle Wallop/RAF Warmwellref name=Bungay 2000, p. 210Bungay 2000, p. 210./ref/[[Yeovil]]
|-
|[[Sturzkampfgeschwader 77]] (StG 77)
|RAF Warmwell/Portlandref name=Bungay 2000, p. 208Bungay 2000, p. 208./ref
|}
{{col-break}}
[[Fitxer:Bundesarchiv Bild 183-R93434, Albert Kesselring.jpg|thumb|right|180px|alt=Head-and-shoulders portrait of a uniformed Nazi German air force general in his 50s wearing an Iron Cross|Albert Kesselring comandant de la ''Luftflotte'' 2.]]
[[Fitxer:Bundesarchiv Bild 146-1987-121-30A, Hugo Sperrle.jpg|thumb|right|180px|alt=Head-and-shoulders portrait of a uniformed Nazi German air force general in his 50s wearing an Iron Cross|[[Hugo Sperrle]], comandant de la ''Luftflotte'' 3.]]
{{col-end}}

== Preparatius de la RAF ==
=== Detecció ===
[[Fitxer:Hugh Dowding.jpg|thumb|right|180px|alt=Head-and-shoulders portrait of a uniformed British air force general in his 50s wearing|[[Hugh Dowding]], Comandant en Cap del Comandant de Caces.]]
La clau de la defensa britànica era la complexa infraestructura de detecció, comandament i control que funcionà durant la batalla. Era anomenat el ''Dowding System'' (''Sistema Dowding''), batejat així en honor del seu arquitecte en cap, el [[Mariscal en Cap de l'Aire]] Sir [[Hugh Dowding|H.C.T. Stuffy Dowding]], el comandant en cap del Comandament de Caces de la RAF. Dowding modernitzà un sistema creat des del 1917 pel [[Major General]] [[Edward Ashmore (militar britànic)|E B Ashmore]].refBungay 2000, pp. 62, 447 Note 23./ref El nucli del ''Dowding's system'' va ser implementat pel mateix Dowdin: l'ús del Localitzador de Direcció per Ràdio (''Radio Direction Finding'' – RDF) o [[radar]] estava sota el seu comandament, i el seu ús, suplementat per la informació del [[Royal Observer Corps]] (ROC), va ser crucial per la capacitat de la RAF per interceptar eficientment els avions enemics. La tecnologia va ser anomenada RDF amb l'objectiu que la vaga descripció que se'n feia amagaria la veritable naturalesa del sistema a l'enemic si se'n coneixia l'existència.refHough and Richards 2007. p. 51./refrefParker 2000, p. 117./ref

Les primeres indicacions dels atacs aeris que s'apropaven van ser rebuts per les instal·lacions de la [[Chain Home]] Radio Direction Finding que estaven situades per tota la costa d'Anglaterra. En la majoria de les ocasions, la RDF detectava formacions d'avions de la Luftwaffe mentre que s'organitzaven sobre els seus aeròdroms al nord de França i Bèlgica. Un cop els avions avançaven terra endins eren detectats també pel ROC. Tota aquesta informació era enviada a la principal sala d'operacions del Quarter General del Comandament de Caces a [[RAF Bentley Priory]]. Els gràfics eren avaluats per determinar quins eren hostils o amics. Si eren hostils, la informació s'enviava a la principal sala d'operacions, situada en un gran búnquer subterrani.ref name=Bungay 2000, pp61–69Bungay 2000, pp. 61–69./ref

=== Traçat dels atacs ===
Aquí, el curs de la informació de cada atac era traçat per la [[Força Aèria Auxiliar Femenina]] (WAAF), que rebien la informació per telèfon.refParker 2000, p. 123./ref El [[Servei Y]] proveïa d'informació addicional, interceptant les comunicacions radiofòniques enemigues, i el centre de decodificació d'[[Ultra (criptografia)|''Ultra'']] situat a [[Bletchley Park]], que donava a la intel·ligència de la RAF l'[[orde de batalla]] alemany.refBungay 2000, p. 192./ref Comptadors d'un codi de colors representant cada atac se situaven en una gran taula, que tenia un mapa de la Gran Bretanya amb la [[British national grid reference system|Plantilla Britànica Modificada]]. A mesura que els quadres dels avions atacants es movien, els comptadors s'empenyien sobre el mata mitjançant uns rastrells magnètics. Aquest sistema permetia al principal Controlador de Caces i a Dowding veure on es dirigia cada formació, a quina alçada i amb quina força. Això permetia que es poguessin estimar els possibles objectius. El temps de la informació es veia pel color del comptador. La simplicitat del sistema significava que es poguessin prendre decisions ràpides.ref name=Bungay 2000, pp61–69Bungay 2000, pp. 61–69./ref

=== Comunicació i intercepció ===
Aquesta informació s'enviava simultàniament al quarter general de cada Grup, on es creuava amb a una cambra de filtratge abans de ser enviada a una altra sala d'operacions, situada a un búnquer soterrat. Com que cada Grup tenia el control tàctic de la batalla la sala d'operacions era diferent en el disseny del Quarter General a Bentley Priory. El mapa principal de la sala de traçats representava la zona del grup i els seus aeròdroms associats. Un extensiu equipament de ràdio i telèfon transmetien i rebien un flux constant d'informació dels diversos aeròdroms del sector, així com del Cos d'Observadors, del Comandament Antiaeri i de la Marina. El controlador dels caces de servei era el representant del grup de Comandament, la tasca del qual era controlar quan i com s'interceptaria cada atac. Si el sistema telefònic fallava, en minuts arribaven enginyers per reparar els cables trencats.ref name=Bungay 2000, pp61–69Bungay 2000, pp. 61–69./ref

== La batalla ==
=== Atac KG 2 ===
[[Fitxer:Bundesarchiv Bild 101I-342-0603-25, Belgien-Frankreich, Flugzeuge Dornier Do 17.jpg|thumb|left|250px|[[Dornier Do 17]]s. Aquests avions van ser emprats pel KG 2 durant la [[batalla d'Anglaterra]].]]
El matí del 13 d'agost, el temps era dolent i Göring ordenà que els atacs es posposessin.ref name=Bungay 2000, p. 208Bungay 2000, p. 208./ref Malgrat això, els [[Dornier Do 17]]s del KG 2 no van ser informats i van enlairar-se a les 04:50 per dirigir-se als seus objectius. Havien de reunir-se amb els seus escortes del ZG 26 sobre el Canal. El ZG 26 rebé l'ordre de cancel·lació, però el II. I el III./KG 2 no. El KG 2 es formà a les 05:10, liderat pel ''Geschwaderkommodore'' [[Johannes Fink]]. Part de la formació ZG 26 s'havia enlairat, encapçalada pel ''[[Oberstleutnant]]'' [[Joachim Huth]], intentant advertir als Dorniers de la cancel·lació; però incapaç de contactar amb ells per ràdio, Huth intentà fer-los senyals volat davant d'ells i realitzant acrobàcies. Fink l'ignorà i seguí volant. El KG 2 volà seguint la costa cap al seu objectiu, l'aeròdrom d'[[Eastchurch]] a l'[[illa de Sheppey]]. [[Albert Kesselring]] havia donat ordres als bombarders que abandonessin les missions si els seus escortes no apareixien, però Kink no volia que l'acusessin que no havia complert les seves ordres i continuà endavant encara que els Bf 110 van girar cura. La tornada portaria el KG 2 pel territori del [[Grup 11 de la RAF|Grup 11]], que podria haver estat desastrós sense una escorta de caces. Però creient que el Cos d'Observadors havia jutjat malament la direcció dels bombarders, a causa dels núvols baixosrefCollier 1980, p. 51./ref i que el radar no seguí la direcció dels bombarders alemanys, el WAAF senyalà malament el curs de l'atac i la RAF no evità que l'objectiu fos atacat.ref name=Bungay 2000, p. 207/

Durant una hora després de l'alba del 13 d'agost, només havia alguns alemanys pannells alemanys sobre les taules de les sales d'operacions, i cap al Canal Central i Oriental. Els primers senyals de concentracions, però, arribaren abans de l'habitual, entre les 05:30 i les 05:40 es localitzaren dues formacions de 30 ó més avions sobre la zona d'[[Amiens]]. Durant 30 minuts van seguir sobre la terra, però a les 06:10 començaren a avançar. El [[Cos d'Observador]] i els radars dirigiren i guiaren les unitats de la RAF per interceptar-lo. Desconeixedors de l'intent alemany, els controladors van dirigir tres esquadrons complets, i a les 06:15 s'alertaren tres més. L'[[Esquadró 151è de la RAF|Esquadró 151]] es trobava protegint un comboi al Tàmesi; el [[Esquadró 111è de la RAF|111]] estava protegint [[RAF Hawkinge]]; i el [[74è Esquadró de la RAF|74è Esquadró]] estava cobrint [[RAF Manston]]. Parts del [[85è Esquadró de la RAF|esquadrons 85è]], [[43è Esquadró de la RAF|43è]] i [[238è Esquadró de la RAF|238è]] estaven sobrevolant la zona propera a Londres. A les 06:25 les formacions alemanyes ja es trobaven sobre el Canal. L'[[238è Esquadró de la RAF|esquadró 238]] es traslladà a cobrir la seva pròpia base a [[RAF Warmwell]]. S'ordenà al [[257è Esquadró de la RAF|257è]] que s'enlairés a les 06:20 per patrullar [[Canterbury]]; i no satisfets amb la força que ja havia a l'aire, els controladors enviaren els esquadrons [[601è Esquadró de la RAF|601]], [[213è Esquadró de la RAF|213]], [[64è Esquadró de la RAF|64]] i [[87è Esquadró de la RAF|87]] a interceptar-los entre les 06:30 i les 06:35. Els primers combats començaren a les 06:30.refJames 2000, pp. 71–73./ref

A causa del error del Cos d'Observadors, i del ''Geschwader'' perdut mentre que s'apropava per l'est, en canvi del Canal central pel radar, el KG 2 atacà l'aeròdrom de la RAF. El KG2 reclamà 10 [[Spitfire]]s destruïts a terra. Realment, el Comandament de Caces no en va perdre cap. Durant algun temps després, aquesta reclamació errònia va convèncer la intel·ligència alemanya que Eastchurch era una estació de caces i la Luftwaffe hi enviaria 7 atacs inútils durant les setmanes següents. Conjuntament a aquest error estava el fracàs a mantenir la pressió. Els atacs spaced out and the field time to recover.ref name=Bungay 2000, pp207–208Bungay 2000, pp. 207–208./ref L'estació va ser emprada pel [[Comandament Costaner de la RAF]] que perdé 5 [[Bristol Blenheim]]s durant l'atac i un Spitfire. Malgrat això, la infraestructura patí greus danys; es destruí una gran quantitat d'equipament i de munició, a més de 16 morts entre el personal del comandament.refMason 1969, p. 238./ref RAF Eastchurch ja estava en funcionament de nou a les 16:00.refJames 2000, p. 73./refrefHough and Richards 2007, p. 157./ref

Finalment s'aconseguí interceptar els bombarders. El KG 2 va perdre cinc [[Do 17]]s durant l'atac, a més de sis més que quedaren molt malmesos. A canvi, el foc dels artillers dels Dornier van abatre dos [[Hurricane]]s dels esquadrons atacants, 111, 151 i 74, liderats per [[Adolph Malan]]. El mateix Malan va abatre un Do 17.refHough and Richards 2007, pp. 155–157./ref D'altres fonts suggereixen la destrucció de cinc Do 17s, a més de 7 més danyats.refGoss 2005, p. 60./ref Les pèrdues alemanyes van ascendir a 11 [[mort en acció|morts]] i 9 [[presoner de guerra|presoners]].ref name=Goss 2000, p. 79/

=== Aeròdroms costaners i ports ===
[[Fitxer:Bundesarchiv Bild 101I-427-0412-033, Flugzeug Messerschmitt Me 110.jpg|thumb|right|250px|Messerschmitt Bf 110s. Aquesta classe d'avions patí greus pèrdues durant el 'Adlertag''.]]
La major part de les unitats de la Luftflotte 2 van rebre l'ordre d'abandonar les operacions de matí, però alguns començaren els seus atacs dirigits als aeròdroms i els ports de l'Anglaterra meridional. El KG 76 abandonà el seu atac sobre Debdenref name=de Zeng 2007 Vol 2, p232de Zeng 2007 Vol 2, p. 232./ref però atacà [[RAF Kenley]] i d'altres aeròdroms a [[Kent]] i [[Essex]]. Les pèrdues i resultats són desconeguts.ref name=de Zeng 2007 Vol 2, p228/ El KG 27 també abandonà la major part de les seves operacions. III./KG 27 intentà atacar els ports de [[Bristol]], perdent un [[He 111]] a mans del [[87è Esquadró de la RAF|87è Esquadró]] al intent, causant pocs danys.refMason 1969, p. 241./ref

L'ordre de cancel·lació no arribà al quarter general de la [[Luftflotte 3]]. El seu comandant, [[Hugo Sperrle]], ordenà que s'iniciessin els atacs. A les 05:00, 20 [[Junkers Ju 88]]s del I./KG 54 s'enlairaren per bombardejar l'aeròdrom del [[Royal Aircraft Establishment]] a RAF Farnborough. A les 05:05, 18 Ju 88s del II./KG 54 s'enlairaren per atacar [[RAF Odiham]]. A les 05:50, 88 [[Junkers Ju 87]]s del StG77 començaren a dirigir-se cap al port de [[Portland]]. Els atacs anaven escortats per 60 Bf 110s del [[Zerstörergeschwader 2|''Zerstörergeschwader'' 2]] i V./LG 1 i 173 Bf 109s del [[Jagdgeschwader 27|''Jagdgeschwader'' 27]] (JG 27), [[Jagdgeschwader 53|JG 53]] i [[Jagdgeschwader 3|JG 3]], que volaren per davant de la formació de bombarders per netejar l'espai aeri de caces enemics. L'objectiu del StG 77 va quedar enfosquit pels núvols, però el KG 54 continuà cap al seu objectiu. Els caces de la RAF [[RAF Northolt]], [[RAF Tangmere]] i [[RAF Middle Wallop]] es llançaren a interceptar-los. Quatre Ju 88s i un Bf 109 del JG 2 van ser abatuts. Els caces alemanys reclamaren sis caces de la RAF i els bombarders 14 més. En realitat, els bombarders només en van danyar cinc. Els Bf 109s destruïren només un caça i en van malmetre un altre. Dels cinc caces de la RAF malmesos pels bombarders, dos van ser cancel·lats. Dels 20 reclamats, només es perderen 3 caces i 3 pilots van quedar ferits; sense que hi hagués cap mort.ref name=Bungay 2000, p. 208Bungay 2000, p. 208./refrefMacKay 2001, p. 31./ref

Les posteriors missions del II./KG 54 cap a [[RAF Croydon]] van cancel·lar-se.ref name=de Zeng 2007 Vol 1, p. 184/ El I./KG 54 atacà la base de [[Gosport]] del [[Braç Aeri de la Flota]] (FAA).ref name=de Zeng 2007 Vol 1, p. 179/ El ZG 2 se suposava que donaria escorta durant aquests atacs, i en un trencament de les comunicacions, arribaren a l'objectiu sense els seus Ju 88s, als quals s'ordenà que es quedessin a terra. Un Bf 110 va ser abatut pel [[238è Esquadró de la RAF|238è Esquadró]].refMason 1969, pp. 238–239./ref

A les 11:10, els Bf 110 del V./LG 1 s'enlairaren en avanç d'un atac del KG 54, possiblement per temptar els caces de la RAF al combat abans de l'assalt principal, de manera que la RAF estiguessin fora de lloc. La missió dels bombarders es cancel·là. L'ordre no arribà al V./LG 1, que continuaren cap al seu objectiu. Els 23 Bf 110s continuaren cap al seu objectiu a Portland. Van ser interceptats pels Hurricanes [[601è Esquadró de la RAF]], perdent sis Bf 110s i tres més quedaren malmesos. A canvi només van aconseguir abatre un Hurricane i en van deixar un altre malmès.ref name=Bungay 2000, p. 208Bungay 2000, p. 208./ref Una segona font indica que només es van destruir quatre Bf 110s,refde Zeng 2007 Vol 2, p. 372./ref mentre que una tercera dóna la xifra de 5 destruïts i 5 danyats.refMackay 2000, p. 51./ref El ''Zerstörergeschwader'' reclamà optimísticament 30 caces de la RAF destruïts (en realitat, les pèrdues de caces de la RAF en combats aeris van ser només 13 en tot el dia), davant una pèrdua de 13 Bf 110s.refWeal 1999, p. 47./ref L'esforç del matí va ser un fiasco:ref name=Bungay 2000, p. 210Bungay 2000, p. 210./ref els atacs mostraren un seriós fracàs tècnic alemany a les comunicacions aire-aire.ref name=Mackay 2003, p71Mackay 2003, p. 71./ref

=== Atacs renovats ===
[[Fitxer:Bundesarchiv Bild 101I-363-2258-11, Flugzeug Junkers Ju 88.jpg|thumb|left|220px|Junkers Ju 88s. A mitja tarda, aquest avió formà l'espina dorsal de les formacions de bombarders alemanys.]]
L'ordre oficial d'iniciar l'atac va donar-se a les 14:00. A les 15:30, entre 58 i 80 Ju 88s de I., II., i III./LG 1, escortats per 30 Bf 110s del V./LG 1 s'enlairaren també per bombardejar [[Boscombe Down]] i [[Worthy Down]]. [[RAF Andover]] també havia de ser bombardejat, amb el suport de 52 Ju 87s del StG 1 i StG2, que estaven atacant a RAF Warmwell i Yeovil. El I./JG 53 va començar a penetrar a l'interior d'Anglaterra a les 16:00; però fallaren en la seva missió d'atraure i distreure els esquadrons de la RAF. En canvi, en el que sí que va tenir èxit va ser en alertar les defenses de la RAF cinc minuts abans. Quan les onades principals del LG 1 i del StG 2 arribaren sobre la costa anglesa, van ser rebuts per 77 caces de la RAF.refMason 1969, p. 239./ref

El II. I el III./JG 53 i el III./ZG 76 volaven escortant els Ju 87s. El ZG 2 i el JG 27 escortaven el LG 1. Com a resposta tot el [[Grup 10 de la RAF]] els interceptà. Un Staffel (esquadró) del II./StG 2 va ser molt mal ferit pel [[606è Esquadró de la RAF]], i sis dels nou Ju 87s van ser abatuts.ref name=Bungay 2000, p. 210Bungay 2000, p. 210./ref El StG 1 i 2 no van poder atacar els seus objectius originals a causa dels núvols. En comptes d'això, es dirigiren cap a Portland.ref name=Bungay 2000, p. 210Bungay 2000, p. 210./ref

El I./LG 1 abandonà Boscombe Down i bombardejà en canvi [[Southampton]]. El [[238è Esquadró de la RAF]] havia estat destacat per interceptar-los, però l'escorta de caces era massa forta i els bombarders no s'apartaren del seu curs. Es destruïren diversos magatzems, així com una planta d'emmagatzematge de fred. Al vespre tots els incendis ja estaven sota control.refJames 2000, p. 77./ref Un III./LG 1 llançà les seves bombes a l'estació de sector de RAF Middle Wallop per error. Només va rebre l'aeròdrom d'Andover, que s'emprava per a operacions de bombarders, no pas de caces.ref name=Bungay 2000, p. 210Bungay 2000, p. 210./ref El III./LG 1 va perdre dos Ju 88s.ref name=Goss 2000, p. 79/ Els tretze Gruppen de Ju 88 havien perdut sis avions i molts més quedaren danyats.refWeal 2000. p. 54./ref El bombardeig aconseguí destruir una fàbrica de bicicletes, una magatzem de mobles i un dipòsit refrigerant de carn.refKorda 2009, p. 167./ref La intel·ligència de la Luftwaffe no havia identificat la fàbrica de [[Spitfire]]s de Southampton, situada a la línia de la costa prop dels ports, com un objectiu important. No va ser fins al setembre en que va ser atacada, quedant molt malmesa. Malgrat tot, ni tan sols llavors els alemanys no se n'adonaren del dany ocasionat a la producció de Spitfires. La fàbrica posteriorment seria desmantellada i la producció es dispersaria.refMason 1969, p. 237./ref

=== Operacions dels Ju 87 ===
[[Fitxer:Bundesarchiv Bild 183-1987-1210-502, Polen, Stukas.jpg|thumb|Ju 87Bs. Els [[Ju 87]]s van danyar severament [[RAF Detling]].]]
El StG 77 va entrar també en acció, escortat pels Bf 109s del JG 27. Als 52 Ju 87s del StG77 se'ls uniren els 40 Ju 88s del KG 54. Ambdues formacions es dirigien contra els aeròdroms del [[Grup 10 de la RAF|Grup 10]]: el StG 77 es dirigia contra [[RAF Warmwell]]. El ''Geschwader'' no aconseguí trobar el seu objectiu, llançant les seves bombes a l'atzar. Les altres unitats del Ju 87 havien atret molt l'atenció de la RAF, i el StG 77 aconseguí escapar sense ser descobert.refMason 1969, pp. 239–240./ref

El ''Erprobungsgruppe'' 210 va ser enviat més a l'est per atacar objectius prop de [[Southend]]. Van enlairar-se a les 15:15 i van ser escortats pel ZG 76. Desafortunadament van trobar un cel clar sobre [[Essex]]. El ''Erprobungsgruppe'' 210 va ser enviat més a l'est per atacar objectius prop de [[Southend]]. Van enlairar-se a les 15:15 i van ser escortats pel ZG 76. Desafortunadament van trobar un cel clar sobre [[Essex]]. El [[56è Esquadró de la RAF]] els interceptà, però el ''Erprobungsgruppe'' 210 aconseguí llançar les seves bombes sobre [[Canterbury]]. II./StG 1 va ser enviat a bombardejar els aeròdroms propers a [[Rochester]]. No aconseguí trobar l'objectiu i tornà sense incidents. El IV./LG 1, també equipat amb Ju 87s, va ser enviat contra [[RAF Detling]]. JG 26 va sent after went out on a fighter sweep to clear the skies in advance of the attack. El JG 26 va perdre un Bf 109 sobre [[Folkestone]] per causes desconegudes. Els Ju 87s bombardejaren l'estació i 40 B 109s també l'atacaren, matant el comandant i 67 homes més sense patir cap pèrdua.ref name=Bungay 2000, p211Bungay 2000, p. 211./ref L'edifici d'operacions va ser tocat, causant grans pèrdues. Les pèrdues van ser desastroses pel [[53è Esquadró de la RAF]], que perdé diversos Blenheims a terra.refWarner 2005, p. 258./ref El comandant mort va ser el [[capità de grup]] E P M Davis.ref[http://www.rafweb.org/Stations/Station%20OCs-SE.htm RAF Station Commanders – South East England]/ref Malgrat això, Detling no era una estació del Comandament de Caces i l'atac no afectà en absolut el [[Grup 11 de la RAF|Grup 11]].refMason 1969, p. 240./ref

=== Atacs al sud-est ===
El I., II., i el III./KG 55 també entraren en acció. El III./KG 55 bombardejà l'[[aeròdrom de Heathrow]]. Els resultats són desconeguts. El KG 55 havia patit greus pèrdues el dia anterior, de manera que les seves operacions van quedar limitades. El 12 d'agost va perdre 13 [[Heinkel He 111]]s i les seves tripulacions. El dia següent, van pedre el seu ''[[Geschwaderkommodore]]'' ([[Comandant d'Ala]]) [[Alois Stoeckl]].refDierich 1975, p. 39./refrefHall and Quinlan 2000, p. 18./ref

Al vespre, 80 [[Do 17]]s del KG 3, escortats pel JG 51, el JG 52, el JG 54 i 60 Bf 109s del JG 26 (uns 270 avions en total) es dirigiren cap a l'aeròdrom d'Eastchurch i la fàbrica de Rochester de [[Short Brothers]]. El III./KG 3 se separà de la formació principal i atacà Eastchurch mentre que el II./KG 3 es dirigí cap a Rochester. Es causaren danys significatius a la fàbrica que produïa els [[bombarder pessat|bombarders pessats]] [[Short Stirling]]. Van ser interceptats pels esquadrons [[3r Esquadró de la RAF|3]], [[64è Esquadró de la RAF|64]], [[111è Esquadró de la RAF|111]], [[151è Esquadró de la RAF|151]], [[234è Esquadró de la RAF|234]], [[249è Esquadró de la RAF|249]], [[601è Esquadró de la RAF|601]] i [[609è Esquadró de la RAF|609]]. D'acord a les xifres del JG 26, els caces britànics no van causar una gran impressió sobre els bombarders.refBaker 1996, p. 113./ref Tres Bf 109s del [[JG 51]] van ser abatuts en combats contra els caces de la RAF.refMason 1969, p. 242./ref

El [[Comandament de Bombarders de la RAF]] també va prendre part en els combats. Tot i que [[Charles Portal]] havia protestat contra la inutilitat d'atacar aeròdroms a [[Escandinàvia]], el [[Ministeri de l'Aire]] insistí en aquests atacs. El [[82è Esquadró de la RAF]] envià 12 [[Bristol Blenheim]]s per bombardejar els aeròdroms del KG 30 a [[Aalborg]] ([[Dinamarca]]). Un pilot tornà al·legant problemes de combustible i va ser sotmès a consell de guerra. Aquest bombarder va ser l'únic en tornar. La resta van caure víctimes del foc antiaeri i dels caces.ref name=Bungay 2000, p211Bungay 2000, p. 211./ref 24 aviadors van resultar morts i 9 van ser capturats.ref name=Donnelly 2004, p88–89/

=== Atacs nocturns ===
A mesura que queia la nit, Sperrle envià nou He 111s del [[Kampfgruppe 100|''Kampfgruppe'' 100]] per realitzar una missió de [[bombardeig estratègic]] contra la fàbrica de Supermarine Spitfire a [[Castle Bromwich]], [[Birmingham]]. Malgrat que el grup era una unitat especialitzada en bombardeig nocturn que tenia gran experiència en la navegació nocturna, només quatre de les tripulacions aconseguiren trobar els seus objectius. Les onze bombes de 250 kg no van ser suficient per interrompre la producció de caces. Cinc dels onze van caure dins del recinte. Les baixes van ser poques entre els treballadors. Només s'ocasionaren danys greus a les oficines i a una sala d'eines, i a més una benzinera va quedar malmesa.ref name=James 2000, p. 80James 2000, p. 80./ref Un altre grup, comandat pel [[capità|''Gruppenkommandeur'']] Friedrich Achenbrenner envià 15 He 111s des de les seves bases a [[Bretanya]] a través del [[mar d'Irlanda]] per atacar la fàbrica de [[Short Brothers]] a [[Queen's Island]], [[Belfast]] ([[Irlanda del Nord]]). Cinc [[Short Stirling]] van ser destruïts. El [[KG 27]] també va prendre part a les missions, bombardejant [[Glasgow]] durant la nit, tot i que el seu objectiu específic no està clar. Altres bombarders, començant l'etapa nocturna dnowiki'/nowiki''Adlertag'', volaren per tot el Regne Unit, bombardejant [[Bristol]], [[Cardiff]], [[Swansea]], [[Liverpool]], [[Sheffield]], [[Norwich]], [[Edinburgh]] i [[Aberdeen]]; encara que causaren pocs danys, encara que algunes vies ferroviàries van quedar tallades i van haver un centenar de víctimes.refMason 1969, p. 243./refrefGoss 2000, p. 80./ref No se sap si els alemanys van perdre cap avió. Un aviador alemany va ser trobat caminant pel camp prop de [[Balcombe]], [[Somerset]]. No hi ha cap altra traça d'avions o tripulants.ref name=James 2000, p. 80/

== Després de la batalla ==
=== Efectes dels atacs ===
Els alemanys van mantenir els atacs sobre els aeròdroms del sud-oest d'Anglaterra que havien començat el dia abans. El 12 d'agost, la majoria dels aeròdroms de Kentish havien estat atacats; i el 13 d'agost els alemanys es concentraren en la segona línia d'aeròdroms al sud de Londres. La concentració sobre Detling i Eastchurch va ser un fracàs, car totes dues eren estacions del Comandament Costaner i no tenien relació amb el Comandament de Caces. Els alemanys podien haver raonat que si bases com Manston, Hawkinge i Lympne havien estat neutralitzades durant els atacs del 12 d'agost, el Comandament de Caces podria haver-se traslladat a aquestes bases. De fet, el bombardeig del 12 d'agost no havia aconseguit destruir aquests objectius, i ''Adlertag'' va fracassar en l'objectiu de destruir o en deixar inoperatius Detling o Eastchurch.refJames 2000, p. 79./ref A causa de la pobre intel·ligència, les condicions atmosfèriques i la resistència de la RAF, els atacs sobre altres objectius van fracassar o no van assolir tot l'èxit que calia.

=== Comptes de més ===
{{principal|Confirmació i comptabilització de victòries aèries}}
Demanar més victòries de les reals a la [[guerra aèria]] no és rar. Durant la [[II Guerra Mundial]] i la Batalla d'Anglaterra, ambdós bàndols afirmaren haver abatut i destruït més avions enemics a terra i aire del que havien fet en realitat. El Comandament de Caces de la RAF reclamà 78 avions alemanys abatuts el 13 d'agost de 1940.ref name=Bungay 2000, p211Bungay 2000, p. 211./ref Una altra font oficial en reclama 64;refBishop 2010, p. 179./ref però la xifra real només va ser de 47ref name=Bungay 2000, p371Bungay 2000, p. 371./ref–48ref name=Hough and Richards 2007, p162/ avions destruïts i 39 molt malmesos.ref name=Hough and Richards 2007, p162/

Per contra, la Luftwaffe reclamà haver destruït 70 Hurricanes i Spitfires i 18 Blenheim a l'aire. Va ser una exageració del 700%.refAddison and Crang 2000, p. 58./refrefTerraine 1985, p. 186./ref A més, es reclamaren 84 caces de la RAF destruïts a terra.ref name=Bungay 2000, p. 210Bungay 2000, p. 210./ref Les pèrdues reals de la RAF van ser de 13 caces i 11 bombarders; a més de 47 de diversos tipus a terra.ref name=Bungay 2000, p211Bungay 2000, p. 211./ref

=== La Batalla d'Anglaterra ===
El fracàs dnowiki'/nowiki''Adlertag'' no va aturar la Luftwaffe de continuar amb la seva campanya. L'assalt contra els aeròdroms de la RAF continuà durant l'agost i setembre de 1940. A les batalles hi participaren grans quantitats d'avions en ambdós bàndols amb greus pèrdues per tots. La Luftwaffe no aconseguí desenvolupar cap estratègia enfocada per derrotar el Comandament de Caces de la RAF. En un inici, intentà destruir les bases de la RAF, llavors passà al [[Bombardeig estratègic durant la Segona Guerra Mundial|bombardeig estratègic]] dia i nit. Intentà assolir la destrucció de diverses indústries britàniques al mateix temps, passant de bombardejar fàbriques aeronàutiques a atacar indústries de suport i punts d'importació i distribució com els ports. Fins i tot s'intentà atacar objectius intangibles com la moral de la població britànica.refMurray 1983, p. 54./ref

El fracàs de la Luftwaffe per identificar la cadena de radar i distingir les bases de caces de les dels altres comandaments de la RAF determinaren la seva incapacitat per destruir les defenses de caces britànics. La Luftwaffe subestimà el radar britànic, i no s'havien adonat de la seva importància en el sistema operatiu britànic.refParker 2000, p. 311./refrefBungay 2000, pp. 68–69./ref Al contrari, l'[[OKL]] creia que el sistema de radar jugaria a favor de l'esforç alemany, car enviaria les forces de la RAF a batalles a gran escala on podrien ser delmats. La indústria aeronàutica s'esforçà per minimitzar les pèrdues i els seus pilots eren substituïts suficientment per limitar el declivi de la seva força i negar la victòria als alemanys. Al contrari, la RAF va poder assegurar taxes de servei i les xifres de tripulants de la Luftwaffe declinà entre agost i setembre.{{#tag:ref|Bungay notes that by between 27 August to 4 September 1940 that German bomber unit strength had shrunk to an average of 20 out of 35–40. Bf 109 units had declined to 18 out of 35–40 and Bf 110 units had shrunk even lower. Bungay also notes that the RAF pilot losses were 125 a week and the force was short by 150 pilots by 31 August 1940. Only 150 pilots could be replaced up to 21 September. Bomber pilots were converted to cope. Overall trend was up from July 1940. Murray focuses on German crew losses. Bf 109 units were running at 67 percent, Bf 110 units 46 percent, and bombers were at 59 percent establishment by 14 September. One week later it was 64, 52 and 52 percent respectively. It seemed the Germans were running out of aircraft. Wood and Dempster assert that RAF operational strength hardly declined, from 64.8 percent on 24 August to 64.7 percent on 31 August, and finally 64.25 percent on 7 September 1940.refBungay 2000, p. 298./refrefMurray 1983, p. 52/refrefParker 2000, p. 309./refrefWood and Dempster 2003, p. 306./ref|group=Notes}}

En fracassar en derrotar la RAF, la Luftwaffe adoptà una estratègia diferent de [[bombardeig estratègic]] coneguda com [[El Blitz|El ''Blitz'']]. Malgrat tot, com ja havia succeït contra la RAF, els objectius diferien radicalment i no va mantenir la pressió sobre un tipus d'objectiu.refOvery 1980, pp. 34, 36./ref Les disputes a l'estat major de l'OKL es centraren més en la tàctica que no pas en l'estratègia.refHooton 1997, p. 38./ref Aquest mètode condemnà l'ofensiva sobre Gran Bretanya al fracàs abans fins i tot de començar.refBungay 2000, p. 379./ref El resultat final de la campanya contra Gran Bretanya entre 1940 i 1941 va ser un fracàs decisiu al final de la guerra. A mesura que Hitler anava involucrant a Alemanya en noves aventures militars, la [[Wehrmacht]] cada cop més estava més sobrecarregada i era incapaç de fer front a una guerra amb múltiples fronts. El 1944 els Aliats estaven preparats per llançar l'[[operació Overlord|operació ''Overlord'']], la invasió de l'Europa Occidental. La Batalla d'Anglaterra assegurà que els Aliats Occidentals disposessin d'una base des d'on llançar la campanya i que hi hagués presència dels Aliats Occidentals al camp de batalla per trobar-se amb l'[[Exèrcit Roig]] [[Unió Soviètica|soviètic]] a l'Europa Central al final de la guerra al maig de 1945.refAddison and Crang 2000, p. 270./refrefBungay 2000, pp. 393–394./ref

==Notes==
{{referències|grup=Notes}}

==Referències==
===Citacions===
{{referències|2}}

===Bibliografia===
{{Refbegin}}
* Addison, Paul and Jeremy Crang. ''The Burning Blue: A New History of the Battle of Britain''. London: Pimlico. 2000. ISBN 978-0-7126-6475-2.
* Bishop, Ian. ''Battle of Britain: A Day-to-day Chronicle, 10 July – 31 October 1940''. Quercus Publishing, London. 2009. ISBN 978-1-84916-989-9
* [[Brian Bond|Bond, Brian]]. ''France and Belgium, 1939–1940''. Davis-Poynter, London. 1990 ISBN 978-0-7067-0168-5
* [[Stephen Bungay|Bungay, Stephen]]. ''The Most Dangerous Enemy: A History of the Battle of Britain''. London: Aurum Press. 2000. ISBN 978-1-85410-721-3 (hardcover), 2002, ISBN 978-1-85410-801-2 (paperback)
* Collier, Richard. ''Eagle Day: The Battle of Britain, 6 August – 15 September 1940''. J.M Dent and Sons Ltd. 1980. ISBN 0-460-04370-6
* Dierich, Wolfgang. ''Kampfgeschwader Edelweiss: The history of a German bomber unit, 1935–45''. Allan; London. 1975. ISBN 978-0-7110-0601-0
* de Zeng, Henry L., Doug G. Stankey and Eddie J. Creek. ''Bomber Units of the Luftwaffe 1933–1945: A Reference Source, Volume 1''. Hersham, Surrey, UK: Ian Allan Publishing. 2007. ISBN 978-1-85780-279-5.
* de Zeng, Henry L., Doug G. Stankey and Eddie J. Creek. ''Bomber Units of the Luftwaffe 1933–1945: A Reference Source, Volume 2''. Hersham, Surrey, UK: Ian Allan Publishing. 2007. ISBN 978-1-903223-87-1.
* de Zeng, Henry L., Doug G. Stankey and Eddie J. Creek. ''Dive Bomber and Ground Attack Units of the Luftwaffe 1933–45, Volume 1''. Hersham, Surrey, UK: Ian Allan Publishing. 2009. ISBN 978-1-906537-08-1
* Donnelly, Larry. ''The Other Few: Bomber and Coastal Command Operations in the Battle of Britain''. Red Kite. 2004. ISBN 978-0-9546201-2-7
* Feist, Uwe. ''The Fighting Me 109''. London: Arms and Armour Press. 1993. ISBN 978-1-85409-209-0.
* Goss, Chris.'' Dornier 17: In Focus''. Surrey, UK: Red Kite Books. 2005. ISBN 978-0-9546201-4-1.
* Goss, Chris. ''The Luftwaffe Bombers' Battle of Britain''. Crecy Publishing. 2000. ISBN 978-0-947554-82-8
* Hall, Stephen and Lionel Quinlan. ''KG55''. Red Kite. 2000. ISBN 978-0-9538061-0-2.
* Hough, Richard and Denis Richards. ''The Battle of Britain'': Pen  Sword. 2007. ISBN 978-1-84415-657-3
* [[E.R. Hooton|Hooton, E.R.]]. ''Phoenix Triumphant: The Rise and Rise of the Luftwaffe''. Arms  Armour Press. 1994. ISBN 978-1-86019-964-6
* [[E.R. Hooton|Hooton, E.R.]]. ''Eagle in Flames: The Fall of the Luftwaffe''. Arms  Armour Press. 1997. ISBN 978-1-86019-995-0
* James, T.C.G and [[Sebastian Cox|Cox, Sebastian]]. ''The Battle of Britain''. Frank Cass, London. 2000. ISBN 978-0-7146-8149-8
* Korda, Micheal. ''With Wings Like Eagles: A History of the Battle of Britain''. Harper Books, London. 2009. ISBN 978-0-06-112535-5
* Mason, Francis. ''Battle Over Britain''. McWhirter Twins Ltd, London. 1969. ISBN 978-0-901928-00-9
* Murray, Willamson. ''Strategy for Defeat. The Luftwaffe 1935–1945.'' Princeton, New Jersey: University Press of the Pacific, 2002. ISBN 978-0-89875-797-2.
* Taylor, John and Moyes, Phillip. ''Pictorial History Of The R.A.F.: Volume One 1918–1939''. Ian Allan. 1968. ASIN: B000QIV8AM
* [[Hugh Trevor-Roper|Trevor-Roper, Hugh]]. ''Hitler's War Directives; 1939–1945''. Birlinn Ltd. 2004. ISBN 978-1-84341-014-0
* Overy, Richard. ''The Air War, 1939–1945''. Potomac Books, Washington. 1980. ISBN 978-1-57488-716-7
* Parker, Mathew. ''Battle of Britain, July – October 1940''. Headline, London, 2001. ISBN 978-0-7472-3452-4
* [[John Terraine|Terraine, John]]. ''The Right of the Line: The Royal Air Force in the European War, 1939–1945''. London: Sceptre Publishing, 1985. ISBN 978-0-340-41919-9
* Ward, John. ''Hitler's Stuka Squadrons: The Ju 87 at war, 1936–1945''. London: Eagles of War. 2004. ISBN 978-1-86227-246-0.
* Weal, John. ''Messerschmitt Bf 110 ''Zerstōrer'' Aces of World War 2''. Botley, Oxford UK: Osprey Publishing. 1999. ISBN 978-1-85532-753-5.
* Weal, John. Junkers Ju 87 ''Stukageschwader 1937–41''. Oxford: Osprey. 1997. ISBN 978-1-85532-636-1.
* Wood, Derek and Derek Dempster. ''The Narrow Margin: The Battle of Britain and the Rise of Air Power''. London: Tri-Service Press, third revised edition, 1990. ISBN 978-1-85488-027-7.
{{Refend}}

{{cal coor}}
[[Categoria:Batalles del Front Occidental de la Segona Guerra Mundial]]
[[Categoria:Royal Air Force]]
[[Categoria:Luftwaffe]]

{{Link GA|en}}</text>
      <sha1>dun88r0kvwnb38wtmqgt4v3mp3saqw0</sha1>
      <model>wikitext</model>
      <format>text/x-wiki</format>
    </revision>
  </page>