<page>
    <title>Carles Bosch i Garcia</title>
    <ns>0</ns>
    <id>1083091</id>
    <revision>
      <id>13890400</id>
      <parentid>13161233</parentid>
      <timestamp>2014-07-26T06:47:13Z</timestamp>
      <contributor>
        <username>Paucabot</username>
        <id>1960</id>
      </contributor>
      <comment>Cat-a-lot: Movent de [[Categoria:Historiadors barcelonins]] a [[Categoria:Historiadors barcelonins contemporanis]]</comment>
      <text>'''Carles Bosch i Garcia''' ([[Barcelona]], [[22 de desembre]] de [[1919]] - [[Ciutat de Mèxic]], [[22 de febrer]] de [[1994]]) va ser un [[historiador]], [[investigador]], [[Catedràtic d'universitat|catedràtic]] i [[acadèmic]] català nacionalitzat [[Mèxic|mexicà]]. Les seves àrees de recerca es van centrar en temes de la [[Història precolombina de Mèxic]], de la [[Conquesta de Mèxic]], però especialment de la història diplomàtica entre [[Estats Units]] i [[Mèxic]].

== Bioogràfica ==

Va ser fill de l'historiador [[Pere Bosch i Gimpera]] i de Josefina García Díaz. Va començar els seus estudis professionals d'història a la [[Universitat de Barcelona|Universitat Autònoma de Barcelona]] però va haver d'interrompre'ls per l'inici de la [[Guerra Civil Espanyola]]. Es va mudar a [[França]] i posteriorment a [[Anglaterra]] on va ingressar a la [[Universitat d'Oxford]], però novament va abandonar la carrera, aquesta vegada, a causa de l'inici de la [[Segona Guerra Mundial]]. Va residir a [[Panamà]] i després es va traslladar a la [[Ciutat de Mèxic]] on va continuar els seus estudis a [[El Colegio de México]], en l'[[Escola Nacional d'Antropologia i Història]] (ENAH) i en la [[Facultat de Filosofia i Lletres (Universitat Nacional Autònoma de Mèxic)|Facultat de Filosofia i Lletres]] de la [[Universitat Nacional Autònoma de Mèxic]] obtenint un [[doctorat]] en 1960.refTerrazas, 1992; 131/ref

Va ser professor d'història al Col·legi Americà de Mèxic, al Mexico City College, a la [[Facultat de Filosofia i Lletres (Universitat Nacional Autònoma de Mèxic)|Facultat de Filosofia i Lletres]] i en la [[Facultat de Ciències Polítiques i Socials (Universitat Nacional Autònoma de Mèxic)|Facultat de Ciències Polítiques i Socials]] de la UNAM, a l'[[Escola Nacional d'Antropologia i Història]] i a [[El Colegio de México]]. 

Va ser investigador de l'Institut de Recerques Històriques de la UNAM, director del Centro Interamericano de Libros Académicos. Va ser nomenat membre de nombre de l'[[Acadèmia Mexicana de la Història]] en 1989, va ocupar la butaca N° 19. Es casà amb la historiadora de l'art i acadèmica [[Elisa Vargaslugo Rangel]]. Va morir l'1 d'agost de 1994 en la Ciutat de Mèxic.ref{{citar web |url=http://www.acadmexhistoria.org.mx/miembrosANT/res_carlos_bosh.pdf |títol=Carlos Bosch García (1919-1994) |dataaccés=24 de gener de 2011|autor=[[Gisela von Wobeser|Wobeser, Gisela von]] |data= |obra=[[Academia Mexicana de la Historia]] |idioma= |cita= }}/ref

== Premis i distincions ==
*[[Beca Guggenheim]].
*Beca per la [[Fundació Rockefeller]].
*Investigador Emèrit per l'Institut de Recerques Històriques de la [[Universitat Nacional Autònoma de Mèxic]] en 1989.
*[[Premi Universitat Nacional (UNAM)|Premi Universitat Nacional]] en Docència en Ciències Socials per la Universitat Nacional Autònoma de Mèxic, en 1991.

== Obres publicades ==
 
*''La esclavitud prehispánica entre los aztecas'', en 1944.
*''Material para la historia diplomática de México'', en 1957.
*''Relaciones entre México y Estados Unidos'', en 1961.
*''Latinoamérica. Una interpretación global de la dispersión en el siglo XIX'', en 1978.
*''México frente al mar: el conflicto histórico entre la novedad marinera y la tradición terrestre'', en 1981.
*''El mester político de Poinsett: noviembre de 1824 - diciembre de 1829'', en 1983.
*''Tres ciclos de navegación mundial se concentraron en América'', en 1985.
*''De las reclamaciones, la guerra y la paz: 1 de diciembre de 1843 - 22 de diciembre de 1848'', en 1985.
*''Problemas diplomáticos del México independiente'', en 1986.
*''Sueño y ensueño de los conquistadores'', en 1987.
*''La polarización regalista de la Nueva España'', en 1990.
*''El descubrimiento y la integración iberoamericana'', en 1991.
*''Documentos de la relación de México con los Estados Unidos'', en cinc volums, en 1992.
*''México en la historia 1770-1865'', en 1993.

== Refèrencies ==
{{referències}}

== Bibliografia ==

*{{citar llibre |cognom= Terrazas Basante|nom=Marcela |títol=Nuestros Maestros |url=http://books.google.com.mx/books?id=r_2_0-3NOCkCpg=PA131dq=Carlos+Bosch+Garc%C3%ADahl=esei=TuM9TcoyjPqwA7KTlKgDsa=Xoi=book_resultct=resultresnum=6ved=0CD4Q6AEwBQ#v=onepageq=Carlos%20Bosch%20Garc%C3%ADaf=false |dataaccés=24 de gener de 2011 |any=1992 |editor=Dirección General de Asuntos del Personal Académico |editorial=Universidad Nacional Autónoma de México |lloc=México |isbn=968-36-2299-2 |capítol= Carlos Bosch García|pàgines=131-133 |cita= }}

== Enllaços externs ==

*{{citar web |url=http://100.unam.mx/index.php?option=com_contentview=articleid=921Itemid=199 |títol= Bosch García, Carlos |dataaccés=24 de gener de 2011|obra=Universidad Nacional Autónoma de México |idioma= |cita= }}
*{{citar llibre |cognom=Terrazas |nom=Marcela |cognom2= Mayer González |nom2=Alicia |títol= Carlos Bosch García. El maestro, el amigo, el hombre |url=http://books.google.com.mx/books?id=CZKf7BWz_AsCprintsec=frontcoverdq=Carlos+Bosch+Garc%C3%ADasource=blots=SxZ9DfJSKbsig=0ye5L4zNtOsFr7BjPCa1wKnaPKEhl=esei=-PA9TfuHMZPmsQPUuv3pAwsa=Xoi=book_resultct=resultresnum=2ved=0CBgQ6AEwAQ#v=onepageqf=false |dataaccés=24 de gener de 2011 |any=2004 |editorial=Instituto de Investigaciones Históricas de la Universidad Nacional Autónoma de México |lloc=México |isbn=970-32-1441-X |}}

{{ORDENA:Bosch I Garcia, Carles}}
[[Categoria:Historiadors catalans del sud contemporanis]]
[[Categoria:Historiadors barcelonins contemporanis]]
[[Categoria:Mexicans]]
[[Categoria:Exiliats del franquisme catalans]]</text>
      <sha1>0tbo04vvr9nhaei0ayl747h523gh3bl</sha1>
      <model>wikitext</model>
      <format>text/x-wiki</format>
    </revision>
  </page>