<page>
    <title>Emilio de Bono</title>
    <ns>0</ns>
    <id>1085925</id>
    <revision>
      <id>13976753</id>
      <parentid>13924296</parentid>
      <timestamp>2014-08-27T16:10:05Z</timestamp>
      <contributor>
        <username>JoRobot</username>
        <id>24498</id>
      </contributor>
      <minor></minor>
      <comment>Robot treu caràcters de control Unicode</comment>
      <text>{{MT|data=febrer de 2014}}{{Infotaula biografia militar 
| name                = Emilio de Bono
| image               = [[Fitxer:De Bono1.jpg|200px|Emilio de Bono]]
| caption             = 
| born                = {{Data naixement|1866|3|19}}
| died                = {{Data defunció i edat|1944|1|1|1866|3|19}} 
| placeofbirth        = [[Cassano d'Adda]], [[Itàlia]]
| placeofdeath        = [[Verona]]
| placeofburial       = 
| placeofburial_label = 
| nickname            = 
| allegiance          = 
| branch              = [[Regio esercito]]
| serviceyears        = 1884 - 1920; 1935 - 1943
| rank                = [[Mariscal d'Itàlia]]
| unit                = 
| commands            = 
| battles             = [[Guerra Ítalo-turca]]br /[[Primera Guerra Mundial]]br /[[Segona Guerra Ítalo-etíope]]br /[[Segona Guerra Mundial]]
| awards              = 
| relations           = 
| laterwork           = 
}}
'''Emilio de Bono''' ([[Cassano d'Adda]], [[19 de març]] de [[1866]] - [[Verona]], [[11 de gener]] de [[1944]]) va ser un militar i [[polític]] [[Itàlia]] no [[feixisme|feixista]] de primera hora, va ser director de la Seguretat Pública.

== Vida primerenca ==
De Bono va néixer a [[Cassano d'Adda]]. Va entrar al [[Regio Esercito]] en 1884 com [[sotstinent]] i es va obrir camí fins a l'Estat Major per a l'inici de la [[guerra italo-turca]] de 1911. De Bono lluitaria després a la [[Primera Guerra Mundial]], on es va distingir contra els [[Àustria-Hongria | austríacs]] a [[Gorizia]] en 1916 i en [[Muntanya Grappa]] a l'octubre de 1918. En 1920, va ser llicenciat amb el rang de [[comandant]].

== Ajuda al feixisme ==
{{Principal | Marxa sobre Roma | Imperi colonial italià | Gran Premi de Trípoli}}
A principis dels [[anys 20]], De Bono va ajudar a organitzar el [[Partit Nacional Feixista]]. En 1922, com un dels quatre [[Quadrumvirs]], va organitzar i participar en la [[Marxa sobre Roma]], l'esdeveniment que va marcar l'inici del [[Itàlia feixista | règim feixista a Itàlia]].
Després de la marxa, De Bono va servir com a Cap de Policia i Comandant de la Milícia Feixista.

El 1924, De Bono va ser jutjat pel seu paper en la mort del polític esquerrà [[Giacomo Matteotti]]. Es va negar a implicar els seus superiors i va ser inesperadament absolt en 1925. Aquest mateix any, De Bono va ser nomenat Governador de [[Trípoli]], a [[Líbia]].

En 1929 va ser nomenat [[Ministeri de les Colònies (Itàlia) | Ministre d'Afers Colonials]] (també anomenat Ministre de les Colònies). En 1932, el rei [[Víctor Manuel III d'Itàlia|Victor Manuel III]] i De Bono visitar [[Eritrea]] i van trobar, segons les seves pròpies paraules, una colònia pacífica, lleial i satisfeta.

== Abissínia ==
Al novembre de 1932, a petició de Mussolini, De Bono va escriure un pla per a una invasió a Etiòpia. El pla es resumia en el tradicional mètode d'incursió: una força relativament petita es mouria gradualment cap al sud des Eritrea, establiria bases fortes i avançaria contra uns enemics cada vegada més febles i desorganitzats. La invasió prevista per De Bono seria barata, fàcil, segura i lenta. 

Mussolini va involucrar separadament l'Exèrcit en el pla i, en els dos anys, l'Exèrcit va desenvolupar la seva pròpia campanya massiva en què es van usar cinc o sis vegades més tropes del nombre requerit per De Bono. El 1934, Mussolini va unir els plans descoordinats en un que emfatitzava la idea militarista de la [[guerra total]]. 

El 1935, De Bono es va convertir en [[comandant en cap]] de l'operació italiana contra [[Etiòpia]] durant la [[Segona Guerra Ítalo-Etíop]], a més de comandant de les forces invasores de [[Eritrea]], en el que es va conèixer com front nord. De Bono va tenir sota les seves ordres directes nou divisions de tres cossos de l'Exèrcit: el I Cos Italià, el II Cos Italià i el Cos d'Eritrea. 

El 3 d'octubre, les forces sota el comandament de De Bono van creuar a Etiòpia des Eritrea. El 6 d'octubre, les seves forces van prendre [[Adowa]], venjant oficialment la humiliant [[batalla de Adwa | derrota italiana de 1896]]. Poc després, De Bono va entrar a la [[Regne d'Aksum | històrica ciutat]] de [[Aksum]], muntant un cavall blanc. Després d'aquests triomfs inicials, però, l'avanç de De Bono es va fer més lent.

El 8 de novembre, el I Cos i el Cos d'Eritrea capturar [[Mek'ele]]. Aquest va ser el límit dels avenços italians sota el comandament de De Bono. L'increment de la pressió internacional cap Mussolini va portar a la necessitat de victòries ràpides i brillants, sense lloc per obstacles o retards. 

El 16 de novembre, De Bono va ser ascendit a [[Mariscal d'Itàlia]], però Mussolini, cada vegada més impacient pels lents progressos de la invasió, el va rellevar del seu càrrec el 17 de desembre mitjançant el Telegrama d'Estat 13181, en què constava que, amb la captura de Mek'ele cinc setmanes abans, havia complert la seva missió. [[Pietro Badoglio]] va ocupar el seu lloc, i De Bono va ser nomenat Inspector de les Tropes d'Ultramar.

== Segona Guerra Mundial ==
[[Fitxer:Bundesarchiv Bild 121-2051, Rom, Beisetzung italienischer Polizeichef Bocchini.jpg|300px|thumbnail|dreta|Una foto de De Bono presa a Roma el 21 de novembre de 1940. Està entre [[Heinrich Himmler]] i [[Rodolfo Graziani]], i és fàcilment identificable per la seva barba.]]

El 1940, De Bono va dirigir una divisió de defensa estacionada a [[Sicília]]. Es va oposar a l'entrada d'Itàlia a la [[Segona Guerra Mundial]], però va mantenir un baix perfil i, en 1942, va ser nomenat [[Ministre d'Estat]].

El 24 i 25 de juliol de 1943, De Bono va ser un dels membres del [[Gran Consell Feixista]] que va votar destituir Benito Mussolini quan [[Dino Grandi]], en col·laboració amb [[Pietro Badoglio]] i Víctor Manuel III, el va proposar com a moció pública per votar en el Consell. Això va portar a la caiguda, arrest i empresonament del dictador.

Aquest mateix any, Mussolini va ser rescatat de la presó del Gran Sasso i rehabilitat al poder per l'[[Alemanya nazi]] com'' Duce de la Nació'' de la nova [[República Social Italiana]] o RSI. Un cop de nou al poder, Mussolini va arrestar a tots els que havien votat contra ell i va fer que [[Alessandro Pavolini]] els jutgés per [[traïció]] a [[Verona]], en el que es coneix com el [[procés de Verona]]. De Bono va ser condemnat en un judici en el qual es coneixia el resultat abans del començament. 

L'11 de gener de 1944, De Bono va ser executat, als seus 77 anys, per afusellament, a Verona, al costat de [[Galeazzo Ciano]], [[Luciano Gottardi]], [[Giovanni Marinelli]] i [[Carlo Pareschi ]]. Ciano era el Ministre d'Afers Exteriors, gendre de Mussolini. Gottardi era l'ex president de la Confederació Feixista de Treballadors Industrials. Marinelli havia estat cap de la milícia feixista, i Pareschi ministre d'Agricultura. L'únic acusat en els processos que va escapar de la pena capital va ser [[Tullio Cianetti]], el ministre de societats, que va ser condemnat a trenta anys de presó pels tribunals de la RSI. 

== Honors ==
: [[fitxer: Order of the Most Holy Annunciation BAR.svg|50px]] [[Orde Suprem de la Santíssima Anunciació|Cavaller de l'orde Suprem de la Santíssima Anunciació]] – 3 d'octubre de 1937
: [[fitxer: Grande ufficiale SSML Regno BAR.svg|50px]] [[Orde de Sant Maurici i Sant Llàtzer|Gran Oficial de l'orde de Sant Maurici i Sant Llàtzer]] – 8 d'abril de 1923
: [[fitxer: Cavaliere di gran croce OMS BAR.svg|50px]] [[Orde Militar de Savoia|Gran Creu de Cavaller de l'orde militar de Savoia]] – 19 de juny de [[1936]]ref name= quirinale [http://www.quirinale.it/elementi/DettaglioOnorificenze.aspx?decorato=3458 Sito web del Quirinale: dettaglio decorato.]/ref
: [[fitxer: Cavaliere_di_Gran_Croce_OCI_Kingdom_BAR.svg|50px]] [[Orde de la Corona d'Itàlia|Gran Creu de Cavaller de l'orde de la Corona d'Itàlia]] – 14 de setembre de 1920
: [[fitxer: ITA OCSI Cavaliere-di-Gran-Croce BAR.svg|50px]] [[Orde Colonial de l'Estrella d'Itàlia| Gran Creu de Cavaller amb Gran Cordó de l'orde colonial de l'Estrella d'Itàlia]]
: [[fitxer: SMOM-cf.svg|50px]] [[Orde Sobirana i Militar de Malta|Gran Creu de Cavaller Magistral de l'orde de Malta]]
: [[fitxer: Campaigns in Africa medal BAR.svg|50px]] [[Medalla commemorativa de la campanya d'Àfrica (1882-1935)|Medalla commemorativa de la campanya d'Àfrica]]
: [[fitxer: 40anzianitàdiservizio-RegnoItalia.PNG|50px]] [[Creu per l'antiguitat al servei (Itàlia)|Creu  d'or per l'antiguitat al servei]] (40 anys)
: [[fitxer: ItaloTurca.png|50px]] [[Medalla commemorativa de la Guerra Italo-Turca (1911-1912) |Medalla commemorativa de la Guerra Italo-Turca]]   
: [[fitxer: Valor militare silver medal BAR.svg|50px]] [[Medalla al Valor Militar (Itàlia)|Medalla de Plata al Valor Militar]]
: [[fitxer: MeritoMilitare.png|50px]] [[Creu al Mèrit de Guerra (Itàlia)|Creu al Mèrit de Guerra]]
: [[fitxer: Mauriziana BAR.svg|50px]] [[Medalla Mauriciana al Mèrit pels 50 anys de Carrera Militar]]
: [[fitxer: MarchoverRomeMedalRibbon.gif|50px]] [[Medalla Commemorativa de la Marxa sobre Roma]] – 28 d'octubre de 1922
: [[fitxer: 1GMx2.png|50px]] [[Medalla commemorativa de la guerra 1915-1918]] (2 anys de campanya)
: [[fitxer: Medaglia a ricordo dell'Unità d'Italia BAR.svg|50px]] [[Medalla commemorativa de la Unitat d'Itàlia 1848-1918]]

== Referències ==
{{referències}}

== Bibliografia ==
* {{Cita llibre | nom = George W. | Cognoms = Baer | títol = Test Case: Italy, Ethiopia, and the League of Nations | editorial = Hoover Institute Press, Stanford University | any = 1976 | localització = Stanford, Califòrnia | isbn = 0-8179-6591-2 | pàgines =}}
* {{Cita llibre | nom = AJ | cognoms = Barker | títol = Rap of Ethiopia, 1936 | editorial = Ballantine Books | any = 1971 | ubicació = New York | isbn = 978-0-345-02462-6}}
* {{Cita llibre | nom = RJB | cognoms = Bosworth | títol = Mussolini s Italy: Life Under the Fascist Dictatorship, 1915-1945 | editorial = Penguin Books | any = 2005 | localització = New York | isbn = 978-0-14 -303.856-6}}
* {{Cita llibre | nom = Anthony | cognoms = Mockler | títol = Haile Sellassie s war | editorial = Olive Branch Press | any = 2003 | localització = New York | isbn = 978-1-56656-473-1}}
* {{Cita llibre | nom = David | cognoms = Nicolle | títol = The Italian Invasion of Abyssinia 1935-1936 | editorial = Osprey | any = 1997 | localització = [[Westminster, MD | Westminster]] | isbn = 978-1 -85532-692-7}}

== Enllaços externs ==
{{Projectes germans|Viquidites=Emilio de Bono|commonscat=Emilio De Bono}}
{{Autoritat}}
{{ORDENA:Emilio De Bono}}
[[Categoria:Militars italians]]
[[Categoria:Militars italians de la Primera Guerra Mundial]]
[[Categoria:Mariscals de camp]]
[[Categoria:Feixistes italians]]
[[Categoria:Afusellats]]
[[Categoria:Cavallers de l'Orde Suprem de la Santíssima Anunciació]]
[[Categoria:Guardonats amb la Medalla al Valor Militar (Itàlia)]]
[[Categoria:Maçons]]
[[Categoria:Receptors de Orde de Sant Maurici i Sant Llàtzer]]</text>
      <sha1>kjfknl233jht129lytk7x7pvfjr56am</sha1>
      <model>wikitext</model>
      <format>text/x-wiki</format>
    </revision>
  </page>