<page>
    <title>Església de Saint Barnabas (Erdington)</title>
    <ns>0</ns>
    <id>1085743</id>
    <revision>
      <id>13878134</id>
      <parentid>12684323</parentid>
      <timestamp>2014-07-21T22:02:32Z</timestamp>
      <contributor>
        <username>PereBot</username>
        <id>118448</id>
      </contributor>
      <minor></minor>
      <comment>Robot indexant l'article a les categories Esglésies  amb l'índex 'Saint Barnabas Erdington'</comment>
      <text>{{Església 
| nom               = Església de Saint Barnabas
| imatge            = St. Barnabas Church, Erdington - 2013-01-12.jpg
| peu               = L'església després de la seva reconstrucció
| estat             = {{UK}}
| territori         = {{ENG}}
| província         = [[Província de Canterbury|Canterbury]]
| municipi          = Birmingham
| localitzacio      = 
| coordenades       = {{Coord|52.5232|-1.8392|display=inline,title|region:GB_scale:1000}} 
| altitud           = 
| diocesi           = Diòcesi anglicana de Birmingham
| construccio       = 
| estil             = 
| estil-f           = 
| documentat        = 
| començament       = 
| acabament         = 
| consagració       = 
| categoria         = 
| festivitat        = [[Bernabé apòstol|Sant Bernabé]]
| arquitecte        = 
| llargaria         = 
| amplaria          = 
| material          = 
| estat d'ús        = 
| planta            = 
| data_pla          = 
| claustre          = 
| data_cla          = 
| campanar          = 
| data_cam          = 
| portalada         = 
| data_por          = 
| retaule           = 
| data_ret          = 
| altres            = 
| data_alt          = 
}}
L{{'}}'''església de Saint Barnabas''' és l'[[església parroquial]] d'[[Erdington]], àrea situada al nord de la ciutat de [[Birmingham]] ([[Anglaterra]]). Es troba al High Street, al centre comercial d'Erdington, i és un edifici protegit de grau II.ref{{ref-web|url=http://www.imagesofengland.org.uk/Details/Default.aspx?id=217292|títol=Details for IoE Number: 217292|editor=[[Images of England]]|llengua=anglès}}/ref

== Història ==
L'església va ser dissenyada per [[Thomas Rickman]] i construïda entre 1822 i 1823 com a capella.ref{{ref-llibre|nom=John|cognom=Betjeman|títol=An American's Guide to English Parish Churches|any=1959|editorial=McDowell, Obolensky|llengua=anglès}}/refref{{ref-llibre|autor=A. W. Skempton|editor=Institution of Civil Engineers Staff|títol=A Biographical Dictionary of Civil Engineers in Great Britain and Ireland|data=2002|editorial=Thomas Telford|llengua=anglès}}/ref L'església va ser famosa per les seves setze vidrieres que representen escenes de la vida de Jesús i històries de les Escriptures, com la [[resurrecció de Llàtzer]], la [[resurrecció de Jesús]], la [[paràbola del bon samarità]] i [[Pau de Tars|Sant Pau]] i [[Bernabé apòstol|Sant Bernabé]],ref name=arson / que també van ser dissenyats per Thomas Rickman.ref name=mail''[[Birmingham Mail]]'', 4 d'octubre de 2007/ref Va ser consagrada el 23 de juliol de 1824.ref{{ref-llibre|nom=Walter|cognom=Powell|nom2=Herbert Maurice|cognom2=Cashmore|títol=A Catalogue of the Birmingham Collection|data=1918|editorial=Cornish Brothers Ltd.|llengua=anglès}}/ref L'església va ser construïda pels membres de la Comissió (en anglès, ''Commissioners'') a un cost de cinc mil lliures, mil de les quals van ser recollides a través de donacions públiques.ref{{ref-llibre|nom=Francis|cognom=White|títol=History, gazetteer, and directory, of Warwickshire|data=1850|editorial=F. White|llengua=anglès}}/ref
[[Fitxer:Erdington church after fire - 2007-10-05.jpg|thumb|esquerra|L'església després de l'incendi]]
El matí del 4 d'octubre de 2007 s'hi va produir un incendi, que va deixar l'església severament danyada. El servei de bombers va rebre l'avís a les 6 del matí. Uns 75 bombers i 15 camions van treballar per apagar el foc. Es va destruir el sostre i es van perdre tots els vitralls, menys un, mentre que el rellotge i la torre del campanar i les parets es van mantenir intactes.ref{{ref-web|url=http://news.bbc.co.uk/2/hi/uk_news/england/west_midlands/7027313.stm|títol=Fire destroys 150-year-old church|editor=BBC News|data=4 d'octubre de 2007|llengua=anglès}}/ref David Urquhart, bisbe de Birmingham, va afirmar que estava decidit a reconstruir l'església.ref{{ref-publicació|títol=Church is gutted in blaze - with video|publicació=Birmingham Mail|data=4 d'octubre de 2007|url=http://www.birminghammail.co.uk/news/local-news/church-is-gutted-in-blaze---with-video-45568|llengua=anglès}}/ref Es creu que l'incendi va ser causat per [[piròman]]s.ref name=arson{{ref-publicació|títol=Arson suspected as blaze wrecks church|publicació=''Birmingham Post''|data=5 d'octubre de 2007|url=http://icbirmingham.icnetwork.co.uk/birminghampost/news/tm_headline=arson-suspected-as-blaze-wrecks-churchmethod=fullobjectid=19902070siteid=50002-name_page.html|llengua=anglès}}/ref

La reconstrucció de l'església va començar el gener de 2011 i es va acabar el 2012. El temple va ser tornat a consagrar el desembre de 2012 pel bisbe de Birmingham.

== Cementiri ==
El cementiri conté tombes disperses de 66 [[soldat]]s, 29 de la [[Primera Guerra Mundial]] i 37, de la [[Segona Guerra Mundial|Segona]]. Un monument commemoratiu enumera les persones enterrades en fosses de l'antic terreny que no van poder ser marcades en làpides individuals.ref{{ref-web|url=http://www.cwgc.org/find-a-cemetery/cemetery/45012/ERDINGTON%20%28ST.%20BARNABAS%29%20CHURCHYARD|títol=Erdington (St. Barnabas) Chuchyard|editor=CWGC Cemetery Report|llengua=anglès}}/ref

== Referències ==
{{referències|2}}

== Enllaços externs ==
{{commonscat|St Barnabas' Church, Erdington}}
* [http://www.stbarnabaserdington.org.uk/ Lloc web oficial de St. Barnabas]
* [http://www.birmingham.gov.uk/erdingtonhistory The History of Erdington], Birmingham City Council


{{ORDENA:Esglesia De Saint Barnabas Erdington}}	!--ORDENA generat per bot--
[[Categoria:Esglésies d'Anglaterra|Saint Barnabas Erdington]]
[[Categoria:Birmingham]]</text>
      <sha1>pf97l769wgtp5u4uqa1bpgdlycgj3n9</sha1>
      <model>wikitext</model>
      <format>text/x-wiki</format>
    </revision>
  </page>