<page>
    <title>USS Iowa (BB-61)</title>
    <ns>0</ns>
    <id>1085759</id>
    <revision>
      <id>13679228</id>
      <parentid>13597418</parentid>
      <timestamp>2014-06-24T14:44:58Z</timestamp>
      <contributor>
        <username>Langtoolbot</username>
        <id>128552</id>
      </contributor>
      <minor></minor>
      <comment>Correcció tipogràfica: espais sobrants</comment>
      <text>{{VPHISMILCAT Infotaula vaixell de guerra
| nom = USS ''Iowa'' (BB-61)
| imatge = BB61 USS Iowa BB61 broadside USN.jpg|300px
| peu = El USS ''Iowa'' dispara els seus canons de 16 polzades/calibre 50 el 15 d'agost de 1984 durant una demostració de la seva potència de foc després de la seva modernització  
| altres noms = The Big Stick
| tipus = [[Cuirassat]]
| classe = [[Cuirassat clase Iowa|Iowa]]
| flota = [[Fitxer:US Naval Jack.svg|25px|Royal Navy]] [[U.S. Navy]]
| encarregat per = {{EUA}}
| encarregat = [[1 de juliol]] de [[1939]]
| quilla = 
| botadura = [[27 de juny]] de [[1940]]
| allistament = [[22 de febrer]] de [[1943]]
| creuer inaugural  
| estat = retirat del servei el 26 d'octubre de 1990 br vaixell museu
| eslora = 270,43 m
| mànega = 32,97 m
| calat = 11,33 m
| desplaçament = 45.000t 
| port en lourd =
| tonatge =
| propulsió =  
| potència = 
| velocitat = 33 [[nus (unitat)|nusos]] (61 km/h)
| profunditat =
| autonomia =  
| tripulació = 151 oficials, 2.637 sots-oficials i mariners
| protecció = Cintura: de 307,03 mm br
Coberta: 190,50 mm br
Torretes: 500 mm br
Barbetes: 294.6 a 439.4 mm
| armament = 1943:br /9 × [[16-50 Mark 7|canons 406mm/50 cal Mark 7]]br /20 × [[canó de 127mm/calibre 38|canons Mark 12 de 127mm/calibre 38]]br /80 × [[canó Bofors de 40 mm|canons antiaeris de 40 mm/calibre 56]]br /49 × [[canó Oerlikon de 20 mm|canons antiaeris de 20 mm/calibre 70]]br /1984:br /9 × [[16-50 Mark 7|canons Mark 7 de 406mm/50 cal Mark 7]]]sbr /12 × canons Mark 12 de 127mm/calibre 38br /32 × [[míssil Tomahawk|míssils de creuer BGM-109 ''Tomahawk'']]br /16 × [[RGM-84 Harpoon|míssils anti vaixell RGM-84 ''Harpoon'']]br /4 × [[Phalanx CIWS]] 20 mm/76 cal
| aeronaus = [[hidroavió|hidroavions]], [[helicòpter]]sbr/UAVs 
| electrònica =
| drassanes = [[Brooklyn Navy Yard|New York Naval Yard]]
| port =
| indicatiu =Our Liberties We Prize, Our Rights We Will Maintain br [[Fitxer:Bronze-service-star-3d.png|18px|Estrella de Batalla]] 11 [[Estrella de Servei|Estrelles de Batalla]]
| comandant1 = 
| anys comandant1= 
| comandant2 =
| anys comandant2= 
| comandant3 = 
| anys comandant3= 
| comandant4 = 
| anys comandant4=
| comandant5 = 
| anys comandant5= 
}}
[[File:USS Iowa COA 2.png|150px|thumb|Insígnia del USS ''Iowa'']]
El '''USS'' Iowa'' (BB-61)''' va ser el líder de la [[Classe Iowa|seva classe]] de [[cuirassat]]s i el quart vaixell de l'[[Armada dels Estats Units]] a ser nomenat en honor de l'estat d'[[Iowa]]. A causa de la cancel·lació dels cuirassats classe ''Montana'', lnowiki'/nowiki''Iowa'' és l'últim líder d'una classe de cuirassats dels Estats Units i va ser l'únic vaixell de la seva classe que va operar a l'[[Oceà Atlàntic|Atlàntic]] durant la [[Segona Guerra Mundial]].

Durant la Segona Guerra Mundial va transportar al president [[Franklin D. Roosevelt]] a través de l'Atlàntic fins a [[Casablanca]] per una important trobada en 1943 amb el Primer Ministre del [[Regne Unit]] [[Winston Churchill]] i el líder soviètic [[Ióssif Stalin]]. És l'únic vaixell de l'armada nord-americana amb banyera, un accessori instal·lat per a Roosevelt juntament amb un ascensor per desplaçar entre les cobertes del cuirassat. Quan va ser transferit a la Flota del Pacífic a 1944, lnowiki'/nowiki''Iowa'' va bombardejar els caps de platja a [[Kwajalein]] i [[Eniwetok]] en l'avanç dels desembarcaments amfibis Aliats i va donar cobertura als [[portaavions]] que operaven a les [[Illes Marshall]]. També va ser vaixell insígnia de l'almirall William F. Halsey en la rendició de l'Imperi del Japó a la Badia de Tòquio. Durant la [[Guerra de Corea]] el cuirassat va estar implicat en incursions contra la costa nord-coreana, després va ser posat fora de comissió a la [[Flotes de reserva de l'Armada dels Estats Units|flota de reserva]], coneguda com a «Flota d'Emmagatzematge». Va ser reactivat el 1984 com a part del pla de 600 vaixells de l'armada dels Estats Units i va operar tant en les Flotes del Pacífic com l'Atlàntic per contrarestar la recentment expandida [[Armada Soviètica]]. A l'abril de 1989 01:00 [[Explosió de la torreta de l'USS Iowa|explosió]] d'origen indeterminat destrossar va destrossar la[[torreta]] número 2 i va matar a 47 tripulants.

Lnowiki'/nowiki''Iowa'' va ser donat de baixa definitivament el 1990 i va ser inicialment retirat del registre de vaixells de l'armada nord-americana l'any 1995. Va ser reingressat entre 1999 i 2006 per complir amb les lleis federals que requereixen la retenció i el manteniment de dos cuirassats classe ''Iowa''. El 2011 el cuirassat va ser donat al Pacific Battleship Center amb base a [[Los Angeles]] i fou  traslladat de manera permanent al port d'aquesta ciutat per a servir com a museu i monument.

== Segona Guerra Mundial ==
Va realitzar les seves proves de mar el [[24 de febrer]] de [[1943]], a la [[badia Chesapeake]] i al llarg de la costa atlàntica. Va ser desplegat a l'Atlàntic per neutralitzar l'amenaça del [[cuirassat Tirpitz |Tirpitz]], que operava en aigües noruegues.

A la tardor, va transportar al president dels Estats Units [[Franklin D. Roosevelt]] a [[Casablanca]], al [[Protectorat francès del Marroc|Marroc francès]], en la primera etapa fins a la [[Conferència de Teheran]] al novembre. Després de la conferència, va retornar al president fins als [[Estats Units]]. En el transcurs del viatge d'anada, un dels vaixells de la seva escorta, el [[USS William D. Porter (DD-579)|William D. Porter]] li va llançar accidentalment un torpede, encara que va poder evitar finalment l'impacte.

Com vaixell insígnia de la setena divisió de cuirassats, lnowiki'/nowiki''Iowa'' va partir dels Estats Units el [[2 de gener]] de [[1944]] amb rumb al teatre d'operacions del Pacífic, debutant en combat en la campanya de les [[Illes Marshall]]. Des del [[29 de gener]] a [[3 de febrer]], va proporcionar suport als atacs llançats pels portaavions de l'almirall [[Frederick C. Sherman]] contra els atols [[Kwajalein]] i [[Eniwetok]]. El següent destí de lnowiki'/nowiki''Iowa'' va ser proporcionar cobertura als atacs aeris contra la base naval japonesa de [[Truk]], a les [[Illes Carolines]]. En companyia d'altres vaixells, lnowiki'/nowiki''Iowa'' es va separar de grup de suport el [[16 de febrer]] de [[1944]] per realitzar un escombrat al voltant de Truk per destruir els vaixells enemics que escapaven amb rumb nord. El [[21 de febrer]], va atacar [[Saipan]], [[Tinian]], [[Rota (illa)|Rota]], i [[Guam]] a les [[Illes Mariannes]] com a part de la força ràpida de portaavions que depenia de la cinquena flota.

El [[18 de març]],lnowiki'/nowiki''Iowa'', va hissar la insígnia del vicealmirall [[Willis A. Llegeix]], comandant dels cuirassats del pacífic i es va unir al bombardeig de [[Mili Atoll]] a les illes Marshall. Encara que va ser impactat per projectils japonesos de 120 mm durant l'acció, lnowiki'/nowiki''Iowa'' va patir només danys insignificants. Es va unir a la Task Force 58 el [[30 de març]] i va donar protecció contra els atacs aeris a les [[Illes Palau]] i [[Woleai]] a les Carolines.

Des del [[22 d'abril]] al [[28 d'abril]] de 1944, lnowiki'/nowiki''Iowa'' va donar cobertura als atacs aeris sobre les illes [[Jayapura]], [[Aitape]], i [[Wakde]], i va donar cobertura amb la seva artilleria a les forces de l'[[Exèrcit dels Estats Units|exèrcit nord-americà]] a Aitape, [[badia Tanahmerah]], i [[Teluk Yos Sudarso]] a [[Nova Guinea]]. El cuirassat, es va unir a la segona força d'atac en Truk el [[29 d'abril]] i el [[30 d'abril]], i va bombardejar posicions japoneses a [[Pohnpei]] a les Carolines l'[[1 de maig]].

En les fases inicials de la campanyes de les Mariannes, lnowiki'/nowiki''Iowa'' protegir als portaavions durant els atacs aeris contra les illes de Saipan, Tinian, Guam, Rota i [[Illa de Pagán|Paguen]] el [[12 de juny]]. Lnowiki'/nowiki''Iowa'' es va separar després per bombardejar les posicions enemigues en Saipan i Tinian el [[13 de juny]] i el [[14 de juny]]. El [[19 de juny]], en un enfrontament conegut com la [[batalla del mar de Filipines]], lnowiki'/nowiki''Iowa''', com a part de la línia de batalla de la Task Force 58, va col·laborar per repel·lir un raid aeri a gran escala llançat per la flota japonesa. Aquest enfrontament, va finalitzar amb la completa destrucció de la flota d'aeronaus japoneses en portaavions. Lnowiki'/nowiki''Iowa'' es va unir posteriorment a la persecució de la flota enemiga, abatent un [[Avió torpediner|torpediner]] i col·laborant a abatre'n un altre.

Durant el juliol, lnowiki'/nowiki''Iowa'' romandre a les Mariannes, donant cobertura als atacs aeris a Palau i als desembarcaments de Guam. Després, va ser destinat a la tercera flota i va ajudar amb la seva cobertura als desembarcaments de [[Peleliu]] el [[17 de setembre]]. Després, el cuirassat, va protegir als portaavions durant els atacs aeris contra [[Filipines]] per neutralitzar el potencial aeri enemic tot esperant la invasió de les Filipines. El [[10 d'octubre]], lnowiki'/nowiki''Iowa'' va arribar a [[Prefectura d'Okinawa|Okinawa]] per realitzar una sèrie d'atacs contra les [[Illes Ryukyu]] i [[Taiwan|Formosa]]. Després, va donar  cobertura en els atacs contra [[Luzón]] el [[18 d'octubre]] la seva activitat durant el [[Batalla de Leyte|desembarcament de Leyte]] el [[20 d'octubre]].

En una intent desesperat d'aturar la campanya dels Estats Units per recobrar les Filipines, la marina imperial japonesa va intentar amb un atac de tres fronts que tenia com a objectiu la destrucció de les forces amfíbies americanes en Golf de Leyte. Lnowiki'/nowiki''Iowa'' acompanyat de la Task Force 38 va ser utilitzat per aturar la força central japonesa. Va navegar a través del mar de Sibuyan cap a l'[[estret de Sant Bernardino]]. Els informes dels resultats d'aquests atacs, indicaven l'aparent retirada de la força central japonesa. L'almirall [[William F. Halsey]] va creure que la força central, estava neutralitzada com a força efectiva de combat. Lnowiki'/nowiki''Iowa'', amb la task force 38, va navegar després a la recerca de la força nord fins a [[Cap Engany (Luzón)|terme Engany]], Luzón. el [[25 d'octubre]] de [[1944]], quan els vaixells de la força nord estaven gairebé dins de l'abast dels canons de lnowiki'/nowiki''Iowa'', van arribar notícies que la força central, havia atacat un grup de [[portaavions d'escorta]] nord-americans a[[illa de Samar|Samar]]. Aquesta amenaça per a les platges de desembarcament americanes va forçar al cuirassat a invertir el curs i acudir a donar suport als vulnerables portaavions d'escorta. No obstant això, la lluita valerosa començada pels petits portaavions i els seus escortes a Samar havia fet retirar-se als japonesos i lnowiki'/nowiki''Iowa''' es participar en una acció contra vaixells de superfície. Després de la [[Batalla del Golf de Leyte]], lnowiki'/nowiki''Iowa'' va romandre a les aigües de Filipines protegint als portaavions durant els seus atacs contra Luzón i Formosa. Va retornar a la costa oest al desembre de 1944.

Lnowiki'/nowiki''Iowa'' va arribar a [[San Francisco (Califòrnia)|San Francisco]], el [[15 de gener]] de [[1945]], per a posada a punt. El vaixell, va partir el [[19 de març]] cap a Okinawa, arribant el [[15 d'abril]]. Lnowiki'/nowiki''Iowa'', va començar el [[24 d'abril]], a donar suport als portaavions que asseguraven a les tropes nord-americanes la vital superioritat aèria. Després, el cuirassat, va donar suport als atacs aeris al sud de [[Kyūshū]] des del [[25 de maig]] al [[13 de juny]]. Lnowiki'/nowiki''Iowa'' va participar en els atacs al Japó el [[14 de juliol|14]] i [[15 de juliol]] i va bombardejar [[Muroran]], [[Hokkaidō]], destruint fàbriques de metall i altres objectius. La ciutat d'[[Hitachi]] a [[Honshū]] va tenir el mateix tractament la nit del [[17 de juliol|17]] al [[18 de juliol]]. Lnowiki'/nowiki''Iowa'' continu donant suport antiaeri a la flota de portaavions ràpids fins al cessament de les hostilitats el [[15 d'agost]].

Lnowiki'/nowiki''Iowa'' entrar a la badia de [[Tòquio]] amb les forces d'ocupació del [[29 d'agost]]. Després de servir com a vaixell insígnia de l'almirall Halsey en la cerimònia de rendició del [[2 de setembre]], lnowiki'/nowiki''Iowa'' va partir de Tòquio el [[20 de setembre]] amb rumb als Estats Units

Va arribar a [[Seattle]] el [[15 d'octubre]], lnowiki'/nowiki''Iowa'' retornar a aigües japoneses al gener de 1946 com a vaixell insígnia de la cinquena flota, fins que va retornar als Estats Units el [[25 de març]]. Des d'aquest moment fins a setembre de [[1948]], lnowiki'/nowiki''Iowa'' operar en ports de la costa oest a la reserva naval en tasques d'entrenament amb la flota. Va ser donat de baixa el [[24 de març]] de [[1949]].

== Guerra de Corea ==
[[Fitxer: USS Iowa firing.jpg|thumb|left| USS ''Iowa'' disparant els seus canons de 406 mm contra posicions nord-coreanes en 1952.]]
[[Fitxer: USSIowa.jpg|thumb| El USS ''Iowa'' disparant els seus canons de 406 mm contra posicions nord-coreanes en 1952.]]
Quan els Estats Units es van veure embolicats en la [[Guerra de Corea]] Liderant l'expansió a la flota activa, lnowiki'/nowiki''Iowa'' va ser posat en actiu el [[25 d'agost]] de [[1951]]. Opero a la costa oest fins a març de [[1952]], Quan va partir cap a llunyà orient. L'[[1 d'abril]] de [[1952]], lnowiki'/nowiki''Iowa'' va ser designat com a vaixell insígnia del Vicealmirall Robert P. Briscoe, comandant de la setena flota, i va partir de [[Yokosuka (Kanagawa)|Yokosuka]], [[Japó]], per donar suport a les tropes de les [[Nacions Unides]] a [[Corea]]. Lnowiki'/nowiki''Iowa'' es va veure embolicat en operacions de combat a la costa est de Corea. La missió principal, va consistir en bombardejos a les posicions en terra enemigues en [[Ch'ŏngjin]], [[Hungnam]], i [[Kojo (Corea del nord)|Kojo]]. Durant aquest període, el comandant de la setena flota, va ser rellevat pel vicealmirall Joseph J. Clark, El nou comandant, va continuar usant lnowiki'/nowiki''Iowa'' com el seu vaixell insígnia fins al [[17 d'octubre]] de [[1952]]. Lnowiki'/nowiki''Iowa'' va partir de Yokosuka, Japó, el [[19 d'octubre]] de [[1952]] per realitzar missions d'entrenament al [[mar Carib]].

== 1953-1958 ==
L{{'}}''Iowa'' partir per a un creuer d'entrenament de guardiamarinas a [[Lisboa]] i [[Cherbourg-Octeville|Cherbourg]]. Durant aquest viatge, l{{'}}'' Iowa'' se li van unir els altres tres cuirassats de la classe, USS'' New Jersey'', USS'' Wisconsin'', i USS ''Missouri'', l'única vegada que els quatre vaixells, van navegar junts.ref {{ref-llibre|títol= Battleship | nom = Philip | cognom = Kaplan | lloc = Annapolis, Maryland | editorial = Naval Institute Press | any = 2004 | isbn = 9781591140382 | oclc = 56052489 | pàgina = 166}} /ref Al juliol de 1953, i va prendre part en l'Operació Mariner, unes maniobres de l'[[OTAN]] en la qual va servir de vaixell insígnia del Vicealmirall Edmund T. Wooldridge, comandant de la Segona flota.

Des de gener a abril de 1955, el'' Iowa'' va realitzar un extens creuer pel [[mar Mediterrani]] com el primer cuirassat regularment assignat per comandar la sisena flota. El'' Iowa'' va partir en un creuer d'entrenament de guardiamarinas l'[[1 de juny]] de [[1955]] després de la qual cosa, va retornar a Norfolk, Virginia. Després actualitzacions i tornar a passar per la sisena flota a la Mediterrània, va tornar a fer un creuer d'instrucció de guardiamarines d'Amèrica de sud, després d'això, va participar en la revista naval internacionals de [[Hampton Roads (canal)|Hampton Roads]], [[Virgínia]], el [[13 de juny]] de [[1957]].

El [[3 de setembre]] de [[1957]], el'' Iowa'' va navegar fins a [[Escòcia]] per a l'Operació Strikeback de l'OTAN. Lnowiki'/nowiki''Iowa'' retornar a Norfolk el [[28 de setembre]] de [[1957]] i va partir per Hampton Roads a les drassanes [[Philadelphia Naval Shipyard]] el [[22 d'octubre]] de [[1957]]. Va ser donat de baixa el [[24 de febrer]] de [[1958]], i assignat a la flota de reserva de l'Atlàntic a [[Filadèlfia]].

== 1985-1988 ==
Després d'un quart de segle a la reserva, lnowiki'/nowiki''Iowa'' va ser modernitzat en les drassanes [[Avondale Shipyards]] prop de [[New Orleans]], [[Louisiana]] com a part del programa del president [[Ronald Reagan]] 600 vaixells de guerra i donat d'alta el [[28 d'abril]] de [[1984]]. Els seus bessons ''New Jersey'','' Missouri'', i'' Wisconsin'' patir modernitzacions similars i van ser també reactivats en aquesta època. Lnowiki'/nowiki''Iowa'' estar en aigües europees en [[1985]], [[1986]], [[1987]] i [[1988]], continuant l'última travessia continuant en l'Oceà Índic i mar d'Aràbia. Durant aquesta travessia, lnowiki'/nowiki''Iowa'' va participar en l'operació Earnest Will, escortant vaixells de càrrega de gas i de petroliers de [[Kuwait]] sota bandera dels Estats Units com si fossin mercants nord-americans a través de l'[[estret d'Ormuz]]. Durant els anys 80, l'[[Armada dels Estats Units]] va proposar crear un port base a Stapleton, a New York, perquè fos la base de lnowiki'/nowiki''Iowa'' i altres vaixells, però el projecte va ser cancel·lat abans de la seva finalització.

== Explosió de la torreta de 1989 ==

[[Fitxer: USS Iowa BB61 Iowa Explosion 1989.jpg | thumb | després de l'[[explosió]] del [[19 d'abril]] de [[1989]].]]
El [[19 d'abril]] de [[1989]], va tenir lloc una explosió a la torreta número dos del 406 mm que va matar 47 membres de la tripulació. La ràpida actuació del mariner [[John Mullahy]], va evitar un dany catastròfic per al vaixell. Els primers investigadors, teoritzar amb la possibilitat que un dels morts en l'explosió, [[Clayton Hartwig]], havia provocat l'explosió per suïcidar al · legant un [[aventura|affair]] homosexual amb un altre mariner. Aquesta teoria, va ser abandonada posteriorment Hartwig va resultar exculpat. La causa de l'explosió, mai va ser totalment aclarida, encara que es creu, que va poder ser degut a l'electricitat estàtica, que va poder fer entrar en ignició la pólvora.

Les proves realitzades al Centre Naval de Guerra de Superfície (Naval Surface Warfare Center) a Dahlgren, Virginia amb pólvora en la mateixa proporció podia reproduir la combustió espontània de la pólvora, que havia estat mòlta en els anys 30 i emmagatzemada originalment durant l'estada l'Iowa en el dic sec 1988 en una llanxa a remolc en Yorktown, Virginia. La pólvora emet èter mentre es degrada, l'èter és altament inflamable, i es pot incendiar amb una espurna. L'Armada, va canviar els procediments de manipulació de la pólvora després de la investigació. El'' Iowa'' va ser desplegat a Europa i al mar mediterrani a meitat d'any amb la torreta número dos sense reparar.

== 1990-2001 ==

El'' Iowa'' va ser donat de baixa per última vegada en Norfolk el [[26 d'octubre]] de [[1990]]. El 1999 l{{'}}'' Iowa'' reemplaçar al [[USS New Jersey (BB-62)|'' New Jersey'']] en el registre de vaixells com a part de l'acta d'autorització de defensa. El'' New Jersey'' havia estat seleccionat inicialment com un dels dos cuirassats que havien de romandre a la reserva. En convertir en un vaixell museu, l{{'}}''Iowa'', va romandre en la reserva naval

Com a part de la flota de reserva, l{{'}}''Iowa'', va ser atracat al costat del portaavions [[USS Forrestal (CVA-59)|''USS Forrestal'']] al centre d'entrenament i educació naval a Newport. Va romandre allí des del [[24 de setembre]] de [[1998]] al [[8 de març]] de [[2001]], quan el vaixell va ser remolcat a Califòrnia. Va arribar a la badia de Suisun prop de Sant Francisco el [[21 d'abril]] de [[2001]] on roman a la flota de reserva.

== Vaixell Museu (2001-present) ==
[[Fitxer: Iowa-26-03-2006.jpg | thumb | El USS ''Iowa'', a Suisun Bay com a part de la flota de reserva.]]
La ciutat de San Francisco, va rebutjar per 8 vots contra 3 la possibilitat de tenir el cuirassat com a vaixell museu per estar en contra de la Guerra d'Iraq i contra les polítiques contra els homosexuals de l'Armada.

Les ciutats de Vallejo i Stockton competeixen pel vaixell. L'organització, Historic Ships Memorial at Pacific Square (HSMPS), que va ser la que va iniciar les gestions per posar-lo a San Francisco, treballa amb Mare Island i Vallejo. Les dues comunitats han identificat els punts d'atracada on localitzar el cuirassat i han sotmès ofertes al [[Departament de l'Armada dels Estats Units|Departament de l'Armada]] per obrir el [[vaixell]] als turistes i els grups educatius com un monument i museu.

El [[2006]] es va aprovar el treure els ''Iowa'' i [[USS Wisconsin (BB-64)|'' Wisconsin'']] del registre naval, preparant amb això el camí per donar el vaixell com a museu.

El [[2007]] El congrés va sol·licitar que es prenguessin les mesures per assegurar-se que, si cal, els ''Iowa'' i ''Wisconsin'' puguin tornar al servei actiu:

* Els'' Iowa'' i'' Wisconsin'' no han d'alterar de cap manera que deteriora la seva utilitat militar.
* Els cuirassats s'han de preservar en les seves actuals condicions amb l'ús continuat de la protecció catòdica, els sistemes de la deshumidificació, i de qualsevol altre mètode de la preservació segons el necessari.
* Les parts de recanvi i l'equip únic tal com els tubs i els projectils de l'arma de 406 mil·límetres es preservin en nombres adequats per mantenir els'' Iowa'' i'' Wisconsin'', si són reactivats.
* L'Armada americana ha de preparar els plans per a la reactivació ràpida dels'' Iowa'' i'' Wisconsin'' per si es tornessin a l'Armada en el cas d'una emergència nacional.

== Recompenses ==
El'' Iowa'' va rebre nou [[estrella de combat|estrelles de combat]] pels seus serveis durant la [[Segona Guerra Mundial]] i dues pels seus serveis durant la guerra de Corea.ref name=Iowa-DANFS/ A més ha guanyat les següents distinctions:ref name=Photograph of USS Iowa's Bridge/ref{{ref-web|url=http://www.navsource.org/archives/01/0161029.jpg|títol=Official U.S. Navy Photograph # DN-SC-90-02980|cognom=Sansberg|nom=Joseph C.|data= 11 octubre 1988|obra=Department of Defense Still Media Collection|editor=United States Navy|consulta= 22 octubre 2010}}/ref

center
{|
|colspan=3 align=center | [[Fitxer:Navy Meritorious Unit Commendation ribbon.svg|106px|Elogi d'Unitat Naval Meritòria]] [[Fitxer:Battle-e-ribbon 3rd award.png|106px|Cinta 'E' de la Marina amb 3 insígnies de batalla]]
|-
|[[Fitxer:American Campaign Medal ribbon.svg|106px|Medalla de la Campanya Americana]]
|[[Fitxer:Asiatic-Pacific Campaign ribbon.svg|106px|Medalla de la Campanya Asiàtica-Pacífica]]
|[[Fitxer:World War II Victory Medal ribbon.svg|106px|Medalla de la Victòria a la II Guerra Mundial]]
|-
|[[Fitxer:Army of Occupation ribbon.svg|106px|Medalla de l'Exèrcit del Servei d'Ocupació]]
|[[Fitxer:National Defense Service Medal ribbon.svg|106px|Medalla del Servei a la Defensa Nacional]]
|[[Fitxer:Korean_Service_Medal_-_Ribbon.svg|106px|Medalla de Servei a Corea]]
|-
|[[Fitxer:AFEMRib.svg|106px|Medalla Expedicionària de les Forces Armades]]
|[[Fitxer:Sea Service Deployment Ribbon.svg|106px|Galó del Desplegament de Servei al Mar]]
|[[Fitxer:Presidential Unit Citation (Philippines).svg|106px|Citació presidencial d'unitat]]
|-
|[[Fitxer:Presidential Unit Citation (Korea).svg|106px|Citació Presidencial Coreana d'Unitat]]
|[[Fitxer:Phliber rib.png|106px|Medalla de l'Alliberament]]
|[[Fitxer:United Nations Service Medal for Korea ribbon.png|106px|Medalla de les Nacions Unides pel Servei a Corea]]
|}
{| class=wikitable
|-
|colspan=3 align=center | [[Elogi d'Unitat Meritòria|Elogi d'Unitat Naval Meritòria]] {{·}}  [[Cinta E de la Marina]] amb 3 [[Insígnia E de batalla]]
|-
|[[Medalla de la Campanya Americana]]
|[[Medalla de la Campanya Asiàtica-Pacífica]] amb 9 [[estrella de servei|estrelles de servei]]
|[[Medalla de la Victòria a la II Guerra Mundial (Estats Units)| Medalla de la Victòria a la II Guerra Mundial]]
|-
|[[Medalla de l'Armada del Servei d'Ocupació]]
|[[Medalla del Servei a la Defensa Nacional]] amb 1 [[estrella de servei]]
|[[Medalla del Servei a Corea]] amb 2 [[estrella de servei|estrelles de servei]]
|-
|[[Medalla Expedicionària de les Forces Armades]]
|[[galó del Servei al Mar|Galó del Desplegament de Servei al Mar]]
|[[Citació Presidencial d'Unitat (Filipines)|Citació Presidencial Filipina d'Unitat]]
|-
|[[Citació Presidencial d'Unitat (Corea)|Citació Presidencial Coreana d'Unitat]]
|[[Medalla de l'Alliberament de Filipines]]
|[[Medalla de les Nacions Unides pel Servei a Corea]]
|}
/center

== Referències ==
* [Http://www.nvr.navy.mil/nvrships/details/BB61.htm www.nvr.navy.mil]
* [Http://www.history.navy.mil/danfs/i2/iowa-iii.htm www.history.navy.mil]
{{Referències }}

== Enllaços externs ==
{{Commonscat | USS Iowa (BB-61) | USS ''Iowa'' (BB-61)}}
* [Http://www.navsource.org/archives/01/61d.htm Galeria fotogràfica en NAVSOURCE]
* [Http://www.combie.net/webharbor/museum/bb61-2.html Informació de l'explosió de la torreta (anglès)]
* [Http://www.maritimequest.com/warship_directory/us_navy_pages/uss_iowa_bb61.htm galleria fotogràfica a Maritimequest]

{{Coord|38|04|04|N|122|05|52|W|scale:500000}}
{{ORDENA:Iowa}}
[[Categoria:Cuirassats]]
[[Categoria:Vaixells estatunidencs de la Segona Guerra Mundial]]
[[Categoria:Vaixells museu]]

{{Enllaç AD|de}}
{{Enllaç AD|en}}</text>
      <sha1>q7wdumz17kl159j0rdghxo534mz8s8l</sha1>
      <model>wikitext</model>
      <format>text/x-wiki</format>
    </revision>
  </page>