<page>
    <title>Roland Freisler</title>
    <ns>0</ns>
    <id>1086644</id>
    <revision>
      <id>13925165</id>
      <parentid>13353677</parentid>
      <timestamp>2014-08-08T20:00:54Z</timestamp>
      <contributor>
        <username>PereBot</username>
        <id>118448</id>
      </contributor>
      <minor></minor>
      <comment>Robot inserta {{Autoritat}}</comment>
      <text>{{Infotaula President 
| nom           = Roland Freisler
| image         =Bundesarchiv Bild 151-17-15, Volksgerichtshof, Roland Freisler.jpg|thumbnail
| caption       = 
| order         = [[Fitxer:Reichsadler der Deutsches Reich (1933–1945).svg|50px|center|Alemanya nazi]]  [[President Del Tribunal Del Poble]] 
| term_start    = [[20 d'agost]] de [[1942]]
| term_end      = [[3 de febrer]] de [[1945]]
| president     = [[Adolf Hitler]]
| predecessor   = [[Otto Georg Thierack]]
| successor     =  [[Harry Haffner]]
| order2        = 
| term_start2   = 
| term_end2     = 
| predecessor2  = 
| successor2    = 
| order3        = 
| term_start3   = 
| term_end3     = 
| predecessor3  = 
| successor3    = 
| birth_date    = {{Data naixement|1893|10|30}} 
| birth_place   = [[Celle]] [[Fitxer:Flag of the German Empire.svg|20px|Imperi Alemany]] [[Imperi Alemany]]
| dead          = 
| death_date    = {{Data defunció i edat|1945|2|3|1893|10|30}} 
| death_place   = [[Berlín]] [[Fitxer:Flag of Germany 1933.svg|border|20px|Alemanya nazi]] [[Alemanya nazi]]
| spouse        = [[Marion Russegger]]
| party         =  [[NSDAP]]
| vicepresident = 
| profession    = [[Advocat]], [[jutge]]
| nationality    = 
| religion      = 
| signature     = 
}}

'''Roland Freisler''' ([[Celle]], [[Alemanya]], [[30 d'octubre]] de [[1893]] - [[Berlín]], [[3 febrer]] de [[1945]]) va ser un [[advocat]], [[militar]], [[polític]] [[nazi]] i President del '''Tribunal Popular o Cort del Poble''' (''[[Volksgerichtshof]]'') de l'[[Alemanya Nazi]], va ser un dels més temuts i implacables jutges del [[nazisme]]; escenificava [[farsa judicia|farses judicials]] amb la seva manera grollera i humiliant de dirigir-se als encausats i la prohibició d'usar cinturons (a fi que se li caiguessin els pantalons ridiculitzant davant de l'audiència) va ocasionar que fins als mateixos [[nazis]] de l'entorn de [[Hitler]] el rebutgessin. 



== Biografia ==
=== Inicis ===
Fill d'un enginyer, Freisler va ser combatent durant la [[Primera Guerra Mundial]] en què va aconseguir el rang de tinent a [[1915]]. Va ser capturat pels russos i enviat a la [[Imperi Rus|rereguarda]] com [[presoner de guerra]] on va aprendre [[Idioma rus|rus]] i es va interessar pel [[marxisme]]; Els [[bolxevics]] el van utilitzar per portar al camp carregaments de menjar. Després de la guerra va tornar a [[República de Weimar|Alemanya]] el [[1920]] com a fervent [[comunista]].

Va estudiar [[jurisprudència]] a la [[Universitat de Jena]], va treballar en [[Kassel]] com a advocat i com a regidor de la ciutat en el'' Völkisch-Sozialer Block'', un grup extremadament nacionalista. A [[1928]] es va casar amb Marion Russegger i va tenir dos fills.

=== Carrera sota el nazisme ===

S'uneix al [[Partit Nazi]] al juliol de [[1925]] amb el número 9679, com enemic acèrrim de la [[República de Weimar]], i en 1933 és designat ''Secretari d'Estat del Ministeri Prussià de Justícia'' del [[Reich Alemany|Reich]] alemany. Malgrat la seva indiscutible eficàcia legal, rapidesa mental i oratòria fervorosa no se li permetia accedir al càrrec de ministre. Segons Uwe Wesel, l'[[elit]] [[nazi]] el veia compromès amb les ofenses del seu germà [[Oswald Freisler]] en contra del partit, a més el seu passat bolxevic ho feia altament sospitós als ulls d'Hitler i oficials.Aparentment només gaudia de la simpatia de [[Goebbels]], qui el va proposar com a ministre successor a la mort de [[Franz Gürtner]] en 1941. Segons fonts la resposta de Hitler va ser ¿Aquest antic bolxevic? No!.

El [[1939]] va introduir el decret criminals juvenils precoços que permetia per primera vegada en la història judicial alemanya sentenciar a pena capital a joves. A causa d'aquest decret més de 72 joves van ser sentenciats a mort, entre ells [[Helmuth Hübener]], de 16 anys, per repartir pamflets antibèl·lics a [[1942]]. També va introduir el terme ''perpetrador al Decret contra els paràsits nacionals de setembre de 1939, afegint carácteristicas racials i biològiques a la legislació justificant major ús de força.
Freisler participa com a representant del [[Ministeri de Justícia]] a la [[Conferència de Wannsee]], on es va decidir dur a terme la [[Solució Final]] de l'anomenat problema jueu a [[Europa]].

=== President del Tribunal del Poble ===

El [[20 agost]] de [[1942]], Hitler promou a [[Otto Thierack]] a [[Ministre de Justícia]] i Freisler passa a reemplaçar com a president del Tribunal Popular (Volksgerichtshof). Freisler actuava com a jutge, jurat i fiscal al mateix temps així com anotador, controlant totes les sentències escrites de la seva Cort criminal Nacional-Socialista. Es calcula que aproximadament el 90% de les sentències van ser de mort i estaven determinades per endavant sent el judici una [[farsa judicial]]. Entre [[1942]] i [[1945]] es calculen en més de 5.000 execucions, de les quals 2.600 a mínim són directament responsabilitzades a Freisler. Sota el seu comandament tenia més de 200 jutges inquisidors. El [[febrer]] de [[1943]], Freisler va dirigir els judicis contra els joves estudiants de [[Munic]], que conformaven a l'organització dissident la [[Rosa Blanca]], ordena l'execució sumària dels germans [[Sophie Scholl|Sophie]] i [[Hans Scholl]], així com dels altres membres de l'organització. Aquestes execucions van ser dutes a terme immediatament a la [[guillotina]] per exigència directa de Freisler.

Després del [[Atemptat del 20 de juliol 1944|fallit atemptat i cop d'estat]] del coronel comte [[Claus von Stauffenberg]] contra [[Hitler]] del [[20 juliol]] de [[1944]], va ser l'encarregat de jutjar els aproximadament 200 membres de la resistència alemanya anti-nazi com a president del Tribunal Popular (Volksgerichtshof), que van ser humiliats per ell de manera extrema; hi filmacions que proven el maltractament a: [[Erwin von Witzleben|Witzleben]], Hoepner, Hofacker, Goerdeler, Leber, Leuschner, Trott, Moltke, Berthold von Stauffenberg, Schwanenfeld, i el reverend [[Dietrich Bonhoeffer]], el seu germà [[Klaus Bonhoeffer]] i els seus cunyats [[Hans von Dohnanyi]] i [[Rüdiger Schleicher]]. Durant el judici de 1944 a [[Ulrich Wilhelm Graf Schwerin von Schwanenfeld]] cridava tant que els enginyers de so tenien problemes amb els micròfons. 

=== Final ===
El [[3 febrer]] de [[1945]] es trobava jutjant a [[Berlín]] al [[tinent]] [[Fabian von Schlabrendorff]]; Li va assenyalar que ''us enviaria directe a l'infern'', al que von Schlabrendorff li va respondre que'' amb gust li permet anar davant''. Abans que acabés l'audiència, es va desencadenar sobre la ciutat un [[bombardeig]] aeri dels aliats tan sobtat que va impedir evacuar la sala. Després del bombardeig, Freisler va ser trobat mort sota d'una columna amb l'expedient de Schlabrendorff a la mà. Va ser el major bombardeig que patís Berlín des del començament de la guerra, gran part de la infraestructura del centre de la ciutat va resultar destruïda i es van suspendre els serveis de llum i aigua. Des del carrer Prinz Albrechtstrasse fins a l'estació de trens Anhalter Bahnhof Berlin estaven tots els edificis en flames. El jutge [[Harry Haffner]] (1900-1969), que va succeir a Freisler en la causa, va absoldre [[Fabian von Schlabrendorff]] per falta de proves.

Segons un corresponsal estranger Ningú ha lamentat la seva mort i segons Luise Jodl, la vídua del general [[Alfred Jodl]], quan el seu cadàver va ser portat a l'hospital de Luetzow algú va exclamar: És el veredicte de Déu. Freisler va ser enterrat al mausoleu familiar de la manera més anònima i no se li van reunir funerals d'estat per ordres expresses de Hitler, probablement per la seva antiga filiació comunista.

Els seus dos fills (Harald i Roland) van deixar d'utilitzar el cognom després de la seva mort. Després de la [[Segona Guerra Mundial|guerra]] la seva vídua Marion Russegger ([[1910]] - [[1997]]) va cobrar la pensió estatal per viduïtat fins a 1952.

== Llegat ==

Freisler està vist com un dels personatges que va encarnar l'abús del poder judicial durant un règim arbitrari i dictatorial. Freisler admirava [[Andréi Vyshinski]].

A [[Munic]], alguns dels seus condemnats són avui recordats:
* [[Hans i Sophie Scholl]] donen nom a la plaça principal enfront de la universitat on van ser detinguts: Geschwister-Scholl-Platz.
* El seu amic [[Christoph Probst]] amb un carrer contigu, Christoph-Probst-Strasse.
* El seu professor [[Kurt Huber]] amb una altra plaça propera a la universitat: Professor-Huber-Platz.

== En cinema i televisió ==
Almenys cinc vegades ha estat interpretat a la pantalla:

* 1984 - Rainer Steffen a'' [[Wannseekonferenz]]'', tv alemanya.
* 1996 - Brian Cox a'' Witness Against Hitler'', tv anglesa
* 2001 - Owen Teale'' [[Conspiracy]]''
* 2005 - [[André Hennicke]] a'' [[Sophie Scholl - The Final Days]]''
* 2008 - [[Helmut Stauss]] a'' [[Valkyrie]]''.

A la novel·la de [[Hans Fallada]], ''Every Man Dies Alone'' (''Jeder stirbt für sich allein''), és esmentat com a Jutge Feilser.

== Fonts ==

=== Bibliografia ===
* Guido Knopp, The Hanging Judge, in Hitler s Hitmen, Sutton Publishing, 2000, pàg. 213-251.
* H. W. Koch, In the Name of the Volk: Political Justice in Hitler s Germany, I. B. Tauris, London, 1989.
* Wayne Geerling, Protecting the National Community From Juvenile Delinquency: Nazification of Juvenile Criminal Law in the Third Reich, Melbourne University, 2001.
* Gert Buchheit:'' Richter in roter Robi. Freisler, Präsident des Volksgerichtshofes''. List, München 1968.
* Beatrice und Helmut Heiber (Hrg.):'' Die Rückseite des Hakenkreuzes. Absonderliches aus donin Akten des Dritten Reiches''. 1993, ISBN 978-3-423-02967-4.
* Ingo Müller:'' Furchtbare Juristen. Die unbewältigte Vergangenheit unserer Justiz''. Kindler, München 1987, ISBN 978-3-463-40038-9.
* Guido Knopp, Oliver Dott, Andrea Glückert:'' Hitlers Helfer''. Goldmann, 1999. ISBN 3-442-15017-5. S. 281 ff.
* Helmut Ortner:'' Der Hinrichter. Roland Freisler, Mörder im Dienste Hitlers''. Steidl, Göttingen 1995, ISBN 978-3-88243-355-5
* Arnim Ramm:'' Der 20. Juli vor dem Volksgerichtshof''. Wissenschaftlicher Verlag Berlin, Berlin 2007, ISBN 978-3-86573-264-4.

== Enllaços externs ==
* {{Commonscat}}
* [Http://www.dhm.de/lemo/html/biografien/FreislerRoland/index.html Chronologische Biografie bei dhm.de]
* [Http://www.fkoester.de/kreiten/freisler/seite1.html Ausführlichere Dokumentation (13 Unterseiten incl. Biographie, Dokumenten und Bildmaterial):'' Freisler und der Volksgerichtshof'']
* [Http://www.bpb.de/themen/8WDQTH, 0,0, Roland_Freisler.html'' Roland Freisler - Präsident des Volksgerichtshofs'', Artikel von Kirsten Schulz für die Bundeszentrale für politische Bildung]
* [Http://www.whoswho.de/templ/te_bio.php?PID=1241RID=1 Biografie bei whoswho.de]
* [Http://www.zeit.de/2005/06/A-Freisler Uwe Wesel:'' Drei Todesurteile pro Tag'' Artikel über Roland Freisler bei www.zeit.de, 3. Februar 2005]
* [Http://www.box.net/shared/kwyk3tjc44 Link zu pdf-Reader (54 Kb)]
{{Autoritat}}

[[Categoria:Jutges]]
[[Categoria:Nazis]]
[[Categoria:Militars de la Primera Guerra Mundial]]</text>
      <sha1>hq1ppiixsaybvakbac7xvig5wn5cdyn</sha1>
      <model>wikitext</model>
      <format>text/x-wiki</format>
    </revision>
  </page>