<page>
    <title>Arnold Denker</title>
    <ns>0</ns>
    <id>1086240</id>
    <revision>
      <id>13849739</id>
      <parentid>12928560</parentid>
      <timestamp>2014-07-16T21:23:10Z</timestamp>
      <contributor>
        <username>PereBot</username>
        <id>118448</id>
      </contributor>
      <minor></minor>
      <comment>Robot inserta {{Autoritat}}</comment>
      <text>{{Infotaula persona
| nom = Arnold Denker
| imatge = 
| mida_imatge = 
| peu = 
| nom_naix = [[Bronx]], [[Nova York]]
| data_naix = {{Data naixement|1914|2|20}}
| lloc_naix = 
| data_mort = {{Data defunció i edat|2005|1|2|1914|2|20}}
| lloc_mort = [[Fort Lauderdale]]
| causa_mort = 
| lloc_enterrat = 
| coordenades_lloc_enterrat = !-- {{coord|LAT|LONG|display=inline}} --
| residència = 
| nacionalitat = {{USA}}
| altres_noms = 
| conegut_per = 
| coneguda_per = 
| educació = 
| alma_mater =
| ocupador = 
| ocupació = Jugador i escriptor d'[[escacs]]
| títol = [[Gran Mestre d'escacs|Gran Mestre]] (1981)br2 cops [[Campionat d'escacs dels Estats Units|Campió dels Estats Units]]
| salari = 
| valor_net = 
| alçada = 
| pes = 
| term = 
| predecessor = 
| successor = 
| partit = 
| religió = 
| pares = 
| muller = 
| marit = 
| fills = 
| senyal de crida = 
| parent = 
| guardons = ''Dean of American Chess'' (2004)
| signatura = 
| lloc_web = 
| notes = 
}}
'''Arnold Sheldon Denker''' ([[Nova York]], [[20 de febrer]] de [[1914]] - [[Fort Lauderdale]], [[2 de gener]] de [[2005]]) va ser un jugador i escriptor d'[[escacs]] [[estatunidenc]], que ostentà el títol de [[Gran Mestre Internacional|Gran Mestre]] des de 1981. Va ser [[Campionat d'escacs dels Estats Units|Campió dels Estats Units]] dos cops, els anys 1945 i 1946.ref{{citar web|url=http://graeme.50webs.com/chesschamps/us/index.htm|títol=Historial i quadres de classificació de les edicions del Campionat d'escacs dels Estats Units|editor=Graeme Cree's|consulta= 21 d'abril de 2013|llengua=anglès}}/refref name=CGbio{{citar web |url= http://www.chessgames.com/perl/chessplayer?pid=20546 |títol=Nota biogràfica d{{'}}{{PAGENAME}}|consulta= 3 de maig de 2013 |obra= |editor= Chessgames.com |data= |llengua=anglès}}/ref 

Els darrers anys de la seva vida va col·laborar amb diverses organitzacions d'escacs, i va rebre el reconeixement de la [[Federació d'Escacs dels Estats Units]], inclòs el 2004, el seu més alt honor, ''Dean of American Chess'' («Degà dels escacs americans»).

== Resultats destacats en competició ==
=== Primers anys ===
Denker va néixer al [[Bronx]], a Nova York,ref name=obit{{citar web|cognom=McClain|nom=Dylan Loeb|títol=Arnold Denker, 90, Champion And a Chronicler of Chess|url=http://select.nytimes.com/gst/abstract.html?res=F60617FB395D0C778CDDA80894DD404482|editor=The New York Times|llengua= anglès|consulta= 21 d'abril de 2013}}/ref al si d'una família [[jueu|jueva]] [[ortodoxa]]. Segons el propi Denker, va aprendre a jugar a escacs el 1923, observant com jugaven els seus germans, però de manera seriosa en el seu primer any a l'Escola Secundària Theodore Roosevelt (''Theodore Roosevelt High School''), on els seus companys jugaven a la cafeteria per cinc centaus la partida. Després de perdre sempre els diners de l'esmorzar en aquestes partides, Denker va llegir el llibre ''Common Sense in Chess'', de l'ex[[Campions del món d'escacs|campió del món]] [[Emanuel Lasker]], que va trobar a la biblioteca de l'escola, i aviat les monedes van retornar produint interessos.ref{{citar web| url= http://www.denkerchess.com/?page_id=1294 |títol= Arnold Denker: the beginning|llengua= anglès| editor= denkerchess.com| consulta= 21 d'abril de 2013}}/ref

Denker, que era un prometedor [[boxejador]] en els seus anys de joventut, es va donar a conèixer en els escacs en guanyar el campionat interescolar de Nova York el 1929, als 15 anys. En la dècada següent, es va assentar com a un rival a tenir en compte per jugadors com [[Samuel Reshevsky]], [[Reuben Fine]] i [[Isaac Kashdan]] per la consideració d'escaquista més potent dels Estats Units. Els anys 1938 i 1939 es proclamà campió de l'[[Estat de Nova York]].ref{{citar web| url= http://userpages.monmouth.com/~colonel/chess/nyschamps.html |títol= Historial de guanyadors del Campionat de l'Estat de Nova York (1878-1972)| llengua= anglès| editor= The Colonel's Chess Page| consulta= 10 d'agost de 2013}}/ref

El 1940 Denker va guanyar el primer dels seus sis Campionats del ''[[Manhattan Chess Club]]''. Esdevingué [[Campionat d'escacs dels Estats Units|campió dels Estats Units]] el 1944,ref name=obit / guanyant catorze partides (inclosa una contra Fine), empatant-ne 3 i sense perdre'n cap (aquesta puntuació del 91 per cent va ser el millor percentatge de victòries en la història del Campionat dels Estats Units, fins que [[Bobby Fischer]] va puntuar 11-0 el 1963-1964). Denker va defensar amb èxit el seu títol dels EUA en un matx el 1946 contra [[Herman Steiner]], guanyant 6-4 a [[Los Angeles]].

El 1950 va rebre el títol de [[Mestre Internacional]] per part de la [[FIDE]].

=== Els anys de la Segona Guerra Mundial ===
Durant la [[Segona Guerra Mundial]], Denker va jugar exhibicions en bases militars i a bord de [[portaavions]]. El 1945 va jugar al [[Glossari de termes d'escacs#Primer tauler|primer tauler]] en el [[Matx d'escacs per ràdio Estats Units - URSS de 1945|matx per ràdio per equips entre els Estats Units i l'URSS]], perdent les seves dues partides contra [[Mikhaïl Botvínnik]],ref{{citar web| url= http://web.archive.org/web/20091028082845/http://www.geocities.com/SiliconValley/Lab/7378/radio.htm| títol= USA vs USSR radio match, 1945| llengua= anglès| consulta= 23 d'abril de 2013| cognom= Wall| nom= Bill}}/refref{{citar web| url= http://www.webcitation.org/query?url=http://www.geocities.com/al2055perv/matches/1945/ursusa45.htmldate=2009-10-25+16:13:02| títol= Quadre d'emparellaments i resultats del Matx d'escacs per ràdio Estats Units - URSS de 1945| llengua= anglès| consulta= 23 d'abril de 2013}}/ref i el 1946 va viatjar a [[Moscou]] per jugar el matx de revenja, i va tornar a perdre ambdues partides, aquest cop contra [[Vassili Smislov]].ref name=obit / També el 1946, va participar en el Torneig de [[Groningen]], on hi puntuà 9½ de 19, però aconseguí [[taules (escacs)|taules]] contra Botínnik i Smislov.

[[David Hooper]] i [[Kenneth Whyld]], al seu llibre ''[[The Oxford Companion to Chess]]'', relaten la «mala sort» de Denker, ja que va assolir la seva maduresa com a escaquista quan es produïa el fragor de la Segona Guerra Mundial, la qual cosa feia que es juguessin torneigs d'escassa envergadura per la seva capacitat {{harvcol|Hooper|Whyld|1992}}. 
 
El 1947, Denker va publicar una col·lecció autobiogràfica de partides al seu llibre ''If You Must Play Chess''.

=== Darrers anys ===
El 1981, la [[FIDE]] li va concedir el títol de [[Gran Mestre Internacional]].ref name=obit / En els següents anys, va passar a ser un important organitzador de torneigs, treballant en les juntes directives de la Fundació d'Escacs Americana, la Federació d'Escacs dels Estats Units (USCF), i la Fundació d'Escacs dels EUA. El prestigiós Torneig de Campions d'Escola Secundària dels Estats Units rep el seu nom (''Denker Tournament of High School Champions'').ref name=obit / Denker va continuar jugant als escacs, tot i que molt per sota de la seva capacitat anterior (el seu darrer [[Elo]] FIDE va ​​ser de 2293).ref name=obit / Va escriure molts articles d'escacs, i el 1995 publicà el llibre ''The Bobby Fischer I Knew and Other Stories'', juntament amb [[Lawrence Parr|Larry Parr]], Hypermodern Press.ref name=obit /

El 1992 Denker va ser inclòs al Saló de la Fama dels Escacs dels Estats Units. Va rebre el més alt honor escaquístic dels Estats Units l'11 de juny de 2004, quan va esdevenir la tercera persona en ser proclamada «Degà dels escacs americans» per la USCF.ref name=obit /

Denker va morir de càncer cerebral el 2 de gener de 2005 a Fort Lauderdale, Florida.

== Partida destacada ==

{{Tauler d'escacs petit|=
| tright
| '''Denker vs Feit, 1929''' 
|= 
 8 |rd|nd|bd|qd| | | | |=
 7 |pd| |pd| | | |pd|bl|=
 6 | |pd| |pd| | | |bd|=
 5 | | | |pl| | |kd| |=
 4 | | |pl| |ql| | | |=
 3 | | | | | | |pl| |=
 2 |pl|pl| | | | | |pl|=
 1 | | | | | |rl| |kl|=
 a b c d e f g h 
| Posició final, després de 23.Ag6–h7
}}
{{notació algebraica|pos=secleft}}

Aquesta és la partida favorita de Denker, un [[Glossari de termes d'escacs#Dibuix|dibuix]] que va fer quan tenia només 15 anys.



'''Denker–Feit, Nova York 1929, [[defensa holandesa]]''' br / 

blockquotecode1.d4 f5 2.Cf3 e6 3.g3 b6 4.Ag2 Ab7 5.0-0 Cf6 6.c4 Ae7 7.Cc3 d6
8.d5 e5 9.Cg5 Ac8 10.e4 0-0 11.f4 exf4 12.Axf4 fxe4 13.Ccxe4 Cxe4 14.Axe4 Axg5 15.Dh5 Txf4 16.Dxh7+ Rf7 17.Ag6+ Rf6 18.Txf4+ Axf4 19.Dh4+ Ag5 20.De4 Ae3+ 21.Rh1 Ah3 22.Tf1+ Rg5 23.Ah7 1–0/blockquote/code
{{clear}}

== Obres ==

*''If You Must Play Chess'', Arnold Denker, David McKay Co, 1947.
*''The Bobby Fischer I Knew and Other Stories'', Arnold Denker, [[Larry Parr]], [[San Francisco]], Hypermodern Press, 1995, ISBN 1-886040-18-4.

== Bibliografia ==
*{{Cite book
 | last1=Hooper | first1=David | author1-link=David Vincent Hooper
 | last2=Whyld | first2=Kenneth | author2-link=Kenneth Whyld
 | year=1992 | title=[[The Oxford Companion to Chess]] | edition=2a
 | publisher=Oxford University Press
 | isbn=0-19-280049-3
 | ref=harv
 | postscript=}}

== Notes i referències ==
{{referències|2}}

== Enllaços externs ==

* [http://www.chessbase.com/newsdetail.asp?newsid=2119 Arnold Denker a Chessbase]
* [http://www.chessgames.com/perl/chessplayer?pid=20546 Arnold Denker a Chessgames]
* [http://www.wtharvey.com/denk.html Arnold Denker a Wtharvey]
* [http://www.365chess.com/players/Arnold_Sheldon_Denker Arnold Denker a 365Chess]
* [http://chesstempo.com/gamedb/player/238864 Arnold Denker a Chess Tempo]


{{inicia taula}}
{{s-ach|awards}}
{{filera de successions |
 abans=[[Samuel Reshevsky]]|
 títol=[[Campionat d'escacs dels Estats Units|Campió dels Estats Units]] |
 anys=1944-46 |
 després=[[Samuel Reshevsky]] 
}}
{{finalitza taula}}
{{Autoritat}}

{{ORDENA:Denker, Arnold}}

[[Categoria:Grans Mestres d'escacs estatunidencs]]
[[Categoria:Jugadors d'escacs novaiorquesos]]
[[Categoria:Jugadors d'escacs de la dècada del 1920]]
[[Categoria:Jugadors d'escacs de la dècada del 1930]]
[[Categoria:Jugadors d'escacs de la dècada del 1940]]
[[Categoria:Jugadors d'escacs de la dècada del 1950]]
[[Categoria:Jugadors d'escacs de la dècada del 1960]]
[[Categoria:Jugadors d'escacs de la dècada del 1970]]
[[Categoria:Jugadors d'escacs de la dècada del 1980]]
[[Categoria:Jugadors d'escacs de la dècada del 1990]]
[[Categoria:Jugadors d'escacs de la dècada del 2000]]
[[Categoria:Jugadors d'escacs jueus]]
[[Categoria:Escriptors d'escacs estatunidencs]]
[[Categoria:Jueus estatunidencs]]</text>
      <sha1>6gwbc3q7mfr1wr9hnytsqeq20uq0dow</sha1>
      <model>wikitext</model>
      <format>text/x-wiki</format>
    </revision>
  </page>