<page>
    <title>Percy Hobart</title>
    <ns>0</ns>
    <id>1087461</id>
    <revision>
      <id>13834344</id>
      <parentid>13757036</parentid>
      <timestamp>2014-07-15T15:15:37Z</timestamp>
      <contributor>
        <username>PereBot</username>
        <id>118448</id>
      </contributor>
      <minor></minor>
      <comment>Robot inserta {{Autoritat}}</comment>
      <text>{{VPHISMILCAT Infotaula biografia militar 
|name= Sir Percy Cleghorn Stanley Hobart
|lived= {{data naixement|1885|6|14}} – {{data defunció i edat|1957|2|19|1885|6|14}}
|placeofbirth= [[Fitxer:British Raj Red Ensign.svg|25px|Bandera del Raj Britànic]] [[Naini Tal]], [[Raj Britànic|Índia]]
|placeofdeath=[[Fitxer:Flag of England.svg|20px|Anglaterra]] [[Farnham]], [[Surrey]]
|image= [[Fitxer:Percy Hobart.jpg|200px|El Major General Hobart]] 
|caption= El Major General Hobart
|nickname= '' Hobo''
|allegiance= [[Fitxer:Flag of the United Kingdom.svg|20px|Regne Unit]] [[Regne Unit]] 
|branch= [[Fitxer:Flag of the British Army.svg|20px|Exèrcit britànic]] [[Exèrcit britànic]] br[[Fitxer:Royal Engineers Ensign.png|20px|Royal Engineers]] [[Royal Engineers]]
|serviceyears=1902 - 1946
|rank= [[Fitxer:UK Army OF7.png|35px|Major General]] [[Major General]]
|commands= 2n Batalló [[Royal Tank Corps]]br/[[7a Divisió Cuirassada (Regne Unit)|Divisió Mòbil (Egipte)]]br/[[11a Divisió Cuirassada (Regne Unit)|11a Divisió Cuirassada]]br/[[79a Divisió Cuirassada (Regne Unit)|79a Divisió Cuirassada]] br Establiment Especialitzat de Desenvolupament Cuirassat  
|battles= Expedició de Mohmand, Frontera del Nord-Oest br/'''[[Primera Guerra Mundial|I Guerra Mundial]]'''br/- [[Batalla de Neuve Chapelle|Neuve Chapelle]]br/- [[Segona batalla d'Artois|Aubers Ridge]]br/- [[Batalla de Loos|Loos]]br/- [[Setge de Kut|Kut al Amara]]br/- [[Batalla de Megiddo (1918)|Megiddo]]br/'''[[II Guerra Mundial]]'''br/- [[Operació Overlord|Normandia]]br/- [[Batalla de l'Escalda|Escalda]]br/- [[Operació Plunder|Travessa del Rin]] 
|awards= [[Orde de l'Imperi Britànic|Cavaller Comandant de l'Imperi Britànic]]br /[[Orde del Bany|Company del Bany]]br / [[Orde del Servei Distingit]] br / [[Creu Militar]]ref name=Houterman  Koppes[http://www.unithistories.com/officers/Army_officers_H02.html#Hobart_PCS Houterman  Koppes]/ref
|laterwork=  
|portrayedby=
}}

Sir '''Percy Cleghorn Stanley Hobart''' [[Orde de l'Imperi Britànic|KBE]] [[Orde del Bany|CB]] [[Orde del Servei Distingit|DSO]] [[Creu Militar|MC]] (14 de juny de 1885 – 19 de febrer de 1957) va ser un [[enginyeria|enginyer]] militar [[Regne Unit|britànic]], famós pel seu comandament de la [[79a Divisió Cuirassada (Regne Unit)|79a Divisió Cuirassada]] durant la [[Segona Guerra Mundial]]. Va ser responsable de diversos vehicles cuirassats especialitzats (les [[Hobart's Funnies]])  que participaren en la [[invasió de Normandia]] i en accions posteriors.

== Biografia ==
Hobart va néixer a [[Naini Tal]], [[Raj Britànic|Índia]]. A la seva joventut estudià història, pintura, literatura i l'arquitectura de les esglésies. Va estudiar a l'Institut Temple Grove i al [[Clifton College]], ial 1904 es graduà a la [[Reial Acadèmia Militar de Woolwich|Reial Acadèmia Militar]] de [[Woolwich]], sent destinat al [[Cos d'Enginyers Reials]]. En un inici va ser destinat a l'Índia, al 1r Regiment de Sapadors i Miners, però durant la [[I Guerra Mundial]] serví a [[Front occidental de la Primera Guerra Mundial|França]] i a [[Front de l'Orient Mitjà (Primera Guerra Mundial)|Mesopotàmia]] en tasques d'estat major.

Participà en la [[campanya de Waziristan (1919-1920)|campanya de Waziristan]] de 1919-1920, quan tropes britàniques i índies van esclafar les revoltes als poblats. 

El 1923, mentre que servia com a instructor a l'Acadèmia d'Estat Major a Quetta, i previsualitzant la predominança de la guerra cuirassada, Hobart es presentà voluntari per ser destinat al [[Royal Tank Corps]]. Mentre que es trobava allà va rebre el sobrenom de Hobo, i va rebre una gran influència dels escrits de [[B. H. Liddell Hart]] sobre la guerra cuirassada. Va ser nomenat instructor a l'[[Acadèmia de Comandament i Estat Major]] a [[Quetta]] el 1923,refLondon Gazette 12 October 1923 p6881/ref  on serví fins al 1927.

Al novembre de 1928, Hobart es casà amb Dorothea Field, filla del coronel C. Field, [[Royal Marines]]. Van tenir una filla.ref[http://www.unithistories.com/officers/Army_officers_H02.html British Army Officers 1939-1945 - H!-- Bot generated title --]/ref La seva germana [[Elizabeth Carver|Elizabeth]] es casà amb el futur [[Mariscal de Camp (Regne Unit)|Mariscal]] [[Bernard Montgomery]].

El 1934, Hobart va ser promogut a [[brigadier]] de la primera brigada cuirassada permanent a Gran Bretanya i Inspector del Royal Tank Corps. Va haver de lluitar pels recursos pel seu comandament, car l'[[exèrcit britànic]] encara estava dominat pels conservadors oficials de [[cavalleria]]. Irònicament, el general alemany [[Heinz Guderian]] seguia els escrits de Hobarts, arribant a pagar ell mateix algú que traduís tots els articles que es publicaven a la Gran Bretanya.refFrance 1940 - Blitzkrieg in the West - Alan Shepperd - pages 10  11/ref  
El 1937, Hobart va ser fet Vice-Director de Tasques d'Estat Major (Vehicles de Combat Cuirassada) i posteriorment Director d'Entrenament Militar. Va ser promogut a [[Major General]].

El 1938, Hobart va ser enviat per formar i entrenar la [[7a Divisió Cuirassada (Regne Unit)|Divisió Mòbil (Egipte)]], encara que un general local es resistí als seus esforços. Si bé a vegades els crítics se li referiren com a Farsa Mòbil (''Mobile Farce''), la Força Mòbil (Egipte) va sobreviure i posteriorment esdevindria la [[7a Divisió Cuirassada (Regne Unit)|7a Divisió Cuirassada]], famosa com les ''[[Rates del Desert]]''.

=== La II Guerra Mundial ===
Sir [[Archibald Wavell]] envià al retir el 1940, basant-se en la informació hostil del [[War Office]] a causa de les seves idees no convencionals sobre la [[guerra cuirassada]]. Hobart s'uní als [[Voluntaris de Defensa Local]] (precursor de la [[British Home Guard|Home Guard]]) com a [[caporal]], encarregant-se de la defensa del seu poble, [[Chipping Campden]]. ''De cop i volta, Chipping Camden esdevingué un porc espí amb les punxes obertes'', i Hobart va ser promogut a Vice-organitzador d'Àrea.refKeegan, J (ed.): ''Churchill's Generals'', p. 247/ref Liddel Hart criticà la decisió de retirar a Hobart i va escriure un article al ''[[Sunday Pictorial]]''. [[Winston Churchill]] se'n va assabentar i va fer que Hobart tornés al servei actiu el 1941. Hobart va ser destinat a entrenar l'[[11a Divisió Cuirassada (Regne Unit)|11a Divisió Cuirassada]], tasca la qual se li reconegué com a molt ben feta. Els seus detractors intentaren eliminar-lo de nou, aquest cop per motius mèdics, però Churchill no en va fer cas. Malgrat tot, va ser rellevat de l'11a Cuirassada quan va ser enviada a [[Campanya de Tunísia|Tunísia]] al setembre de 1942: era relativament vell (tenia 57 anys) pel comandament actiu i havia estat malalt.

Una vegada més, Hobart va ser destinat a muntar i entrenar una nova divisió cuirassada, en aquesta ocasió la [[79a Divisió Cuirassada (Regne Unit)|79a]].

=== 79A Divisió ===
L'[[atac de Dieppe]] d'agost de 1942 havia demostrat la incapacitat dels [[tanc]]s corrents i de la infanteria per superar obstacles fortificats en un desembarcament [[guerra amfíbia|amfibi]]: això mostrà la necessitat de vehicles especialitzats per superar els obstacles naturals i artificials durant i després de la invasió aliada d'Europa.

[[File:79th armoured division badge.jpg|150px|thumb|left|Insígnia de la 79a Divisió Cuirassada]]
Al març de 1943 la 79a Cuirassada de Hobart va estar a punt de ser dissolta a causa de la manca de recursos, però el [[Cap de l'Estat Major Imperial General]] [[Mariscal de Camp (Regne Unit)|Mariscal]] Sir [[Alan Brooke]], en un feliç cop de cap, convidà a Hobart a convertir la seva divisió en una unitat cuirassada especialitzada. Hobart en un inici va dubtar i ho consultà amb Liddel Hart abans d'acceptar, després que se li assegurés que seria una unitat operativa amb un paper de combat. La unitat passà a anomenar-se 79th (Experimental) Armoured Division Royal Engineers. La insígnia de la unitat era un cap de brau negre sobre un triangle groc; insígnia que tots els vehicles lluïen orgullosament. El cunyat de Hobart, Mariscal [[Bernard Montgomery|Montgomery]]refIan Summner, ''British Commanders of WWII,'' Osprey: ''Elite'' (2003) ISBN 1841766690 p.22/ref informà a [[Dwight D. Eisenhower]] que necessitaria tancs especialitzats.

Sota el comandament de Hobart, la 79a creà diverses unitats de tancs amb els disseny modificats, anomenats col·lectivament les [[Hobart's Funnies]]. Es van fer servir durant la [[invasió de Normandia]], ajudant als Aliats a conservar les platges. Els vehicles de la 79 van ser oferts a totes les forces que van participar en els [[operació Neptú|desembarcament de Normandia]], però els estatunidencs declinaren fer-los servir, llevat el tanc [[Sherman DD]].

Els vehicles de la 79a no van ser desplegats com una unitat conjunta, sinó que van ser adjuntats a altres unitats. Al final de la guerra, la 79a tenia gairebé 7.000 vehicles. La divisió va ser dissolta el 20 d'agost de 1945.

=== Després de la guerra ===
Hobart tornà al retir el 1946, morint a [[Farnham]], [[Surrey]] el 1957.

Es batejaren amb el seu nom unes casernes a Detmold, Alemanya. Actualment estan en desús. 

Caracteritzat com ''l'home més rude de l'Exèrcit'', Hobart era un home d'opinions fortes, expressades amb convenciment. Era el campió d'una arma que no tenia gran suport a l'exèrcit, i les frustracions que aquesta situació li causaren molts mals de cap. Era un seguidor entusiasta de la doctrina d'una formació formada completament per tancs; encara que les experiències de la guerra li ensenyarien que la seva visió era incorrecta, i que una formació composta de manera més equilibrada entre les diverses armes assolia els millors resultats. Però principalment era un entrenador d'homes, com demostraren els excel·lents resultats assolits per les divisions cuirassades que comandà: la 7a, l'11a i la 79a.

== Historial Militar i Condecoracionsref name=Houterman  Koppes/ ==
=== Dates de Promoció ===
* [[Fitxer:UK Army OF1a.png|50px|Tinent de 2ª]] [[Alferes|Tinent de 2a]] – 29/07/1904 [23838]
* [[Fitxer:UK Army OF1b.png|50px|Tinent]] [[Tinent]] - 15/04/1907
* [[Fitxer:UK Army OF2.png|50px|Capità]] [[Capità]] - 30/10/1914
* [[Fitxer:UK Army OF3.png|50px|Major]] [[Major (Regne Unit)|Major]] - 24/09/1922 (provisional: 01/06/1916-31/03/1919, 21/01/1920-21/01/1921; [[Rang honorífic|llicència]]: 01/01/1918)
* [[Fitxer:UK Army OF4.png|50px|Tinent Coronel]] [[Tinent Coronel]] - 01/03/1930 ([[Rang honorífic|llicència]]: 24/05/1922)
* [[Fitxer:UK Army OF5.png|50px| Coronel]] [[Coronel]] – 01/03/1933 (antiguitat 24/05/1926; [[Rang honorífic|llicència]]: 01/01/1928; mitja paga 01/03/1937; paga completa: 18/03/1937)
* [[Fitxer:UK Army OF6.png|50px|Brigadier]] [[Brigadier]] – 01/03/1933
* [[Fitxer:UK Army OF7.png|50px|Major General]] [[Major General]] – 18/12/1937  (retirat 09/03/1940; tornà al servei actiu el 1941; tornà al retir el 14/06/1946)
 
=== Condecoracions ===
: [[Fitxer:Order BritEmp rib.png|50px|Orde de l'Imperi Britànic]] [[Orde de l'Imperi Britànic|Cavaller Comandant de l'Orde de l'Imperi Britànic]] – 02/06/1943
:: Oficial - 1919
: [[Fitxer:Order of the Bath (ribbon).svg|50px|Orde del Bany]] [[Orde del Bany|Company de l'Orde del Bany]] – 02/01/1939
: [[Fitxer:Dso-ribbon.png|50px|Orde del Servei Distingit]] [[Orde del Servei Distingit]] – 24/06/1916
: [[Fitxer:Military Cross ribbon.png|vora|50px|Creu Militar]]  [[Creu Militar]] – 23/06/1915
: [[Fitxer:UK MID 1920-94.svg|50px|Menció als Despatxos]] [[Menció als Despatxos|9 Mencions als Despatxos]] – 22/06/1915;  15/08/1917; 12/03/1918; 27/08/1918; 05/09/1919; 12/06/1923; 22/03/1945; 09/08/1945; 04/04/1946
: [[Fitxer: India General Service Medal 1909 BAR.svg|50px|India General Service]] [[Medalla del Servei General a l'Índia 1908-35|Medalla del Servei General a l'Índia]] amb barres Frontera Nord-oest de l'Índia 1908 i Waziristan 1919-1921
: [[Fitxer:1914 Star BAR.svg|50px|Estrella de 1914-15]] [[Estrella de 1914-15]]
: [[Fitxer:British War Medal BAR.svg|50px|Medalla Britànica de la Guerra]] [[Medalla Britànica de la Guerra 1914-20]]
: [[Fitxer:Victory Medal MID ribbon bar.svg|50px|Medalla de la Victòria]] [[Medalla de la Victòria 1914-1918 (Regne Unit)|Medalla de la Victòria 1914-1918]]
: [[Fitxer:39-45 Star BAR.svg|50px|Estrella de 1939-45]] [[Estrella de 1939-45]] 
: [[Fitxer:France and Germany Star BAR.svg|50px|Estrella de França i Alemanya]] [[Estrella de França i Alemanya]]
: [[Fitxer:War Medal 39-45 w MID BAR.svg|50px|Medalla de la Guerra 1939-1945]] [[Medalla de la Guerra 1939-1945]]
: [[Fitxer: Legion of Merit ribbon.svg|vora|50px|Legió del Mèrit]] [[Legió del Mèrit|Legionari de la Legió del Mèrit]] ([[Estats Units]]) 15/03/1945

== Referències ==
{{referències}}

==Bibliografia ==
*{{cite web| first=Hans |last=Houterman| coauthors=Koppes, Jeroen |title=World War II unit histories  officers website | url=http://www.unithistories.com/officers/Army_officers_H02.html#Hobart_PCS| accessdate=24 de gener de 2008}} {{en}}
*{{cite book
  |last = Keegan (ed)
  |first = John
  |authorlink = 
  |coauthors = Macksey, Kenneth 
  |title = Churchill's Generals
  |publisher = [[Orion Publishing Group|Cassell]] Military
  |year = 1991
  |location = London
  |pages = 243–255
  |url = 
  |doi = 
  |isbn = 0-304-36712-5 }}
*{{cite web| url=http://www.afrikakorps.org/percyhobart.htm| title=Hobart biographical notes| work=[http://www.afrikakorps.org/ Afrikacorps.org website]| publisher=Allies  Afrikakorps North African / Mediterranean Campaign Research Group| accessdate=24 de gener de 2008 |archiveurl = http://web.archive.org/web/20080308192417/http://www.afrikakorps.org/percyhobart.htm |archivedate = 8 de març de 2008}}

==Per llegir més ==

*{{cite book
  | last       = Delaforce
  | year       = 1998
  | first      = Patrick
  | title      = Chuchill's Secret Weapons - The Story of Hobart's Funnies
  | publisher  = Robert Hale
  | isbn       = 0-7090-6237-0
  | ref        = harv 
 }}

==Enllaços externs ==
*[http://www.unithistories.com/officers/Army_officers_H02.html#Hobart_PCS Sumari detallat de la carrera de Hobart]
*[http://www.historicalwarfare.com/articles/20070815 Historical Warfare] Major General Hobart {{en}}

{{Inicia taula}}
{{Filera de successions|títol= [[Fitxer:104983.jpg|center|60px|7a Divisió Cuirassada]]Comandant de la [[7a Divisió Cuirassada (Regne Unit)|Força Mòbil (Egipte)]]br {{mida|1= [[7a Divisió Cuirassada (Regne Unit)|7a Divisió Cuirassada]] a partir de setembre de 1939}}
|abans= Càrrec de nova creació  
|després= [[Michael O'Moore Creagh|Michael Creagh]]
|anys= setembre de 1939 – desembre de 1939 }}
{{Filera de successions|títol= [[Fitxer:11th Armoured Division (United Kingdom) Insignia.svg|center|60px|Onzena Divisió Cuirassada]] Comandant de l'[[11a Divisió Cuirassada (Regne Unit)|11a Divisió Cuirassada]]
|abans= Càrrec de nova creació  br[[Charles Keightley]]
|després= [[Charles Keightley]]br[[Montagu Brocas Burrows|Brocas Burrows]]
|anys= març de 1941 – febrer de 1942 br maig de 1942 – octubre de 1942}}
{{Filera de successions|títol=[[File:79th armoured division badge.jpg|60px|center|Insígnia de la 79a Divisió Cuirassada]] Comandant de la [[79a Divisió Cuirassada (Regne Unit)|79a Divisió Cuirassada]]
|abans= Divisió de nova creació
|després= Divisió desmantellada
|anys= novembre de 1942 – agost de 1945 }}
{{Finalitza taula}}
{{Autoritat}}
{{ORDENA:Hobart, Percy}}
[[Categoria:Militars britànics de la Primera Guerra Mundial]]
[[Categoria:Militars britànics de la Segona Guerra Mundial]]
[[Categoria:Generals britànics]]
[[Categoria:Participants a l'Operació Overlord]]
[[Categoria:Cavallers Comandants de l'Imperi Britànic]]
[[Categoria:Companys de l'orde del Bany]]
[[Categoria:Companys de l'Orde del Servei Distingit]]
[[Categoria:Receptors de la Legió del Mèrit]]</text>
      <sha1>n8qznprg582rxd5p7ralrdtsink7umr</sha1>
      <model>wikitext</model>
      <format>text/x-wiki</format>
    </revision>
  </page>