<page>
    <title>Maki Yūkō</title>
    <ns>0</ns>
    <id>1088450</id>
    <revision>
      <id>13542990</id>
      <parentid>13204670</parentid>
      <timestamp>2014-06-08T13:36:35Z</timestamp>
      <contributor>
        <username>Langtoolbot</username>
        <id>128552</id>
      </contributor>
      <minor></minor>
      <comment>Corregit: de vuit-mil metres  de vuit mil metres</comment>
      <text>{{Infobox person
| name = Maki Yūkō
| image = Yukou Maki.jpg
| birth_name = Maki Aritsune
| birth_date = {{Birth date|1894|02|05|df=y}}
| birth_place = [[Sendai]], [[Japan]]
| death_date = {{Death date and age|1989|05|02|1894|02|05|df=yes}}
| alma_mater = Keio University Faculty of Law
| death_place = [[Tòquio]], Japan
| occupation = [[Alpinista]]
| salary =
| networth =
| spouse = 
| website =
| awards = 
}}

{{Nom japonès |Maki|Yūkō}}
{{nihongo|'''Maki Yūkō'''|槇 有恒|Yūkō Maki|nascut el 5 de febrer de 1894 a [[Sendai]], mort el 2 de maig de 1989 a [[Tòquio]]}}, també conegut com a '''Maki Aritsune''', fou un [[alpinista]] [[Japó|japonès]].

==Carrera==
Maki va pujar el [[mont Fuji]] a l'edat de deu anys. Va fer moltes ascensions en la seva adolescència, incloent el [[mont Aso]]. Va fundar un club d'escalada, mentre estudiava [[Dret]] a la [[Universitat de Keio]] a Tòquio, on es va graduar en 1919. Va continuar els seus estudis als [[Estats Units]] i a la [[Gran Bretanya]].ref name=Smithsonian{{cite book|title=Mountaineers: Great Tales of Bravery and Conquest|last=Douglas|first=Ed|others=[[Smithsonian Institution]]|location=[[New York, New York]]|publisher=[[DK Publishing]]|year=2011|isbn=978-0-7566-8682-6|pages=212–213}}/ref

A més de nombroses escalades a [[Suïssa]] en el període 1919-1921, el 10 de setembre 1921 va fer la primera ascensió del [[Eiger]] per l'[[aresta Mittellegi]] amb els guies de muntanya [[Fritz Amatter]], [[Samuel Brawand]] i [[Fritz Steuri]].ref name=Smithsonian/ref name=Harrer{{cite book|last1=Harrer|first1=Heinrich|authorlink1=Heinrich Harrer|first2=Kurt|last2=Maix|others=Trans. Hugh Merrick|title=The White Spider: The Story of the North Face of the Eiger|url=http://books.google.com/books?id=Htg-t2DUPkgCpg=PA27|page=27|publisher=[[Rupert Hart-Davis]]|year=1959|isbn=0 586 08874 1}}/refref name=Brawand 1{{cite web|url=http://www.eigerworld.ch/pdf/text.pdf|title=Erinnerungen an Yuko Maki (Memories of Yuko Maki)|first=Samuel|last=Brawand|authorlink=Samuel Brawand|date=July 1989|location=[[Grindelwald]]|language=[[German language|German]]|format=PDF|pages=5–6|accessdate=29 January 2013}}/ref Va fer una donació de 10.000 [[franc suís|francs]] per la construcció del [[refugi Mittellegi]].ref name=Smithsonian/ref name=Brawand 1/ref name=Reynolds{{cite book|last=Reynolds|first=Kev|title=The Swiss Alps|url=http://books.google.com/books?id=LBR4WMqgKVICpg=PA331|page=331|series=Cicerone World Mountain Ranges|year=2012|location=[[Milnthorpe]]|publisher=[[Cicerone (publisher)|Cicerone Press]]|isbn=978 1 85284 465 3}}/ref

El [[1922]] va fer la primera ascensió hivernal del [[mont Yari]] (3.180 [[msnm]]) al Japó. El [[1925]], juntament amb cinc muntanyencs japonesos i tres guies de muntanya de Suïssa, va fer la primera ascensió del [[mont Alberta]] (3.619 msnm}) a les [[Muntanyes Rocalloses]] del [[Canadà]]. L'expedició va ser patrocinada pel príncep [[Chichibu]].ref name=Smithsonian/

En 1926 va ser de nou als Alps, assolint l'ascens del [[Cerví (muntanya)|Cerví]] per l'aresta de Zmutt, juntament amb el príncep Chichibu.ref name=Smithsonian/ref name=Brawand 2Brawand, pp. 7-8./ref

La carrera com alpinista de Maki va ser interrompuda per la [[Segona Guerra Mundial]], que li va impedir de liderar una expedició japonesa al [[Himàlaia]].ref name=Smithsonian/ El [[1956]] Maki va dirigir la tercera expedició japonesa al cim [[Nepal|nepalès]] de vuit mil metres [[Manāslu]]. Els expedicionaris Toshio Imanishi i el [[xerpa]] Gyalzen Norbu van fer la primera ascensió del Manāslu el 9 de maig de 1956.ref name=Smithsonian/ref name=Reynolds{{cite book|last=Reynolds|first=Kev|title=Manaslu: A Trekker's Guide|work=Introduction|page=14|accessdate=23 January 2013|url=http://books.google.co.uk/books?id=m6_Gso398j8Cprintsec=frontcoverdq=Manaslu#v=onepageq=f=false|location=Milnthorpe|publisher=[[Cicerone (publisher)|Cicerone Press Limited]]|year=2000|isbn=1 85284 302 0}}/ref

== Referències ==
{{Referències}}


{{Commons category|Maki Yūkō}}

== Publicacions ==
* {{cite journal|url=http://www.himalayanclub.org/journal/the-ascent-of-manaslu/|title=The ascent of Manaslu|last1=Maki|first1=Yuko|last2=Imanishi|first2=T.|year=1957|journal=[[Himalayan Journal]]|issue=20|accessdate=28 January 2013}}
* {{cite book|last=Maki|first=Aritsune|year=1956|title=The ascent of Manaslu|publisher=Mainichi|location=[[Tòquio]]}}
* {{cite book|editor-last=Maki|editor-first=Aritsune|year=1957|title=Manaslu: For Boys and Girls|publisher=Mainichi|location=Tòquio}}






[[Categoria:Alpinistes]]
[[Categoria:Esportistes japonesos]]
[[Categoria:Escriptors japonesos]]</text>
      <sha1>qnxnv10dlpbwg3dmo0hvj7szxauit9n</sha1>
      <model>wikitext</model>
      <format>text/x-wiki</format>
    </revision>
  </page>