<page>
    <title>Judici dels metges</title>
    <ns>0</ns>
    <id>1091975</id>
    <revision>
      <id>13839639</id>
      <parentid>13655564</parentid>
      <timestamp>2014-07-16T02:35:36Z</timestamp>
      <contributor>
        <username>PereBot</username>
        <id>118448</id>
      </contributor>
      <minor></minor>
      <comment>Robot inserta {{Autoritat}}</comment>
      <text>El '''Judici dels metges''' (oficialment, '''''United States of America v. Karl Brandt, et al.''''') va ser el primer de dotze processos per [[crim de guerra]] i [[crim contra la humanitat]], conduïts a [[Nuremberg]] ([[Alemanya]]) per les autoritats dels [[Estats Units d'Amèrica]] en la seva zona d'ocupació després de la fí de la [[Segona Guerra Mundial]]. Aquest primer dels [[Judicis de Nuremberg]], com els següents, va ser organitzat per tribunals militars entre 1945 i 1946. 

Dels 23 acusats, vint van ser metges, Brack, Rudolf Brandt i Sievers eren dignitaris nazis.Tot van ser acusats d'organitzar o d'executar experiments mèdics sens cap consentiment dels implicats, segons el cas amb pacients d'hospitals o amb presóners de [[camp de concentració nazi|camps de concentració]], experiments pseudo-mèdics amb assassinats, tortures i altres atrocitats inhumans. L'acte d'acusació comprenia també crims d'eliminació de «[[vida no mereixedora de vida|vides no mereixedores de vida]]» durant l'[[Aktion T4]] tal com la participació i col·laboració a l'assassinat massiu dels presóners dels camps de concentració i d'exterminació. 
== Les quatre incriminacions ==
# [[Crim de guerra]]: [[assassinat]]s, [[tortura]] i [[violació|violacions]], contraris a la [[Convenció de Ginebra]].
# [[Crim contra la humanitat]]
# [[Genocidi]]
# [[Crim d'agressió]], segons l'[[Estatut de Roma]], l'atac premeditat contra la seguretat d'un estat sobirà. 

{| class=wikitable
!rowspan=2 width=200| Nom
!rowspan=2| Càrrec
!colspan=4 width=200| Acusació
!rowspan=2 width=200| Sentència
|-
! 1 !! 2 !! 3 !! 4
|-
| [[Hermann Becker-Freyseng|Hermannnbsp;Becker-Freyseng]]
| ''Stabsarzt'' de la [[Luftwaffe]] (Capità, Cap del Departament de Medicina Aérea del Servei Mèdic de la Luftwaffe
| A|| C|| C|| nbsp;
| 20 anys de presó, reduïts a 10 anys.
|-
| [[Wilhelm Beiglböck]]
| Metge conseller de la Luftwaffe
| A|| C|| C|| nbsp;
| 15 anys de presó, reduïts a 10 anys.
|-
| [[Kurt Blome]]
| ''Reichsgesundheitsführer''); Plenipotenciari de la Investigació del Cáncer al Consell d'Investigació del Cáncer
| A|| A|| A|| nbsp;
| [[Innocent|alliberat]]
|-
| [[Viktor Brack]]
| ''[[Oberführer]]'' de l'[[Schutzstaffel|Schutzstaffel (SS)]] i ''[[Sturmbannführer]]'' de la [[Waffen-SS]]; Cap Administratiu oficial de la [[Cancelleria]] del Führer del [[Partit Nacional Socialista dels Treballadors Alemanys|Partit Nacional Socialista dels Treballadors Alemanys (NSDAP)]]
| A|| C|| C|| C
| Mort.
|-
| [[Karl Brandt (metge)|Karl Brandt]]
| Mèdic personal d'[[Adolf Hitler]]; ''[[Gruppenführer]]'' de la SS i Tinent General de la Waffen-SS; Comissionat del Reich per a la salut; membre del Consell de la Recerca del Reich  (''[[Reichsforschungsrat]]'')
| A|| C|| C|| C
| Mort.
|-
| [[Rudolf Brandt]]
| ''[[Standartenführer]]'' de l'SS; Oficial administratu personal del Reichsführer SS [[Heinrich Himmler|Himmler]] (Persönlicher Referent von Himmler); Conseller Ministerial i Cap de l'oficina ministerial al ministeri de l'Interior.
| A|| C|| C|| C
| Mort.
|-
| [[Fritz Fischer (metge SS)|Fritz Fischer]]
| ''[[Sturmbannführer]]'' de la Waffen-SS i mèdic adjunt al sanatori de [[Lychen|Hohenlychen]].
| A|| C|| C|| C
| Presó Perpètua, reduït  a 15 anys.
|-
| [[Karl Gebhardt]]
| [[Gruppenführer]] de l'SS i Tinent General de la Waffen-SS; metge personal del [[Reichsführer]] SS [[Heinrich Himmler]]; Cap de [[cirurgia]] de l'staff de mèdics SS del Reich i la policía (''Oberster Kliniker, Reichsarzt SS und Polizei''); President de la [[Creu Roja]] alemanya.
| A|| C|| C|| C
| Mort.
|-
| [[Karl Genzken]]
| [[Gruppenführer]] de l'SS i Tinent General de la [[Waffen-SS]]; cap del departament mèdic de l'SS (Chef des Sanitätsamts der Waffen SS)
| A|| C|| C|| C
| Presó perpètua, reduïda  a 20 anys.
|-
| [[Siegfried Handloser]]
| ''Generaloberstabsarzt'' (Coronel, Servei Mèdic); Inspector mèdic de l'exèrcit  (''Heeressanitätsinspekteur''); cap dels Serveis mèdics de les forces armades (''Chef des Wehrmachtsanitätswesens'')
| A|| C|| C|| nbsp;
| Presó Perpètua, reduïda a 20 anys.
|-
| [[Waldemar Hoven]]
| [[Hauptsturmführer]] de l'SS i metge en cap del [[camp de concentració de Buchenwald]]
| A|| C|| C|| C
| Mort.
|-
| [[Joachim Mrugowsky]]
| [[Oberführer]] de l'SS; higienista en cap del Reichsarzt SS i policía; Cap de l'Institut d'Higiene de la Waffen-SS (''Chef des Hygienischen Institutes der Waffen SS'')
| A|| C|| C|| C
| Mort.
|-
| [[Herta Oberheuser]]
| Mèdic al [[camp de concentració de Ravensbrück]] i mèdic adjunt de l'acusat Karl Gebhardt al sanatori de Hohenlychen.
| A|| C|| C|| nbsp;
| 20 anys de presó, reduït a 10 anys.
|-
| [[Adolf Pokorny]]
| [[Dermatologia|Dermatòleg]]
| A|| A|| A|| nbsp;
| Absolt.
|-
| [[Helmut Poppendick]]
| [[Oberführer]]; cap del èquip dels metges de l'SS i policía (''Chef des Persönlichen Stabes des Reichsarztes SS und Polizei'')
| A|| A|| A|| C
| 10 anys de presó.
|-
| [[Hans Wolfgang Romberg]]
| Metge al Departament de medicina de la [[Luftwaffe]] a l'institut experimental d'aviació.
| A|| A|| A|| nbsp;
| Absolt.
|-
| [[Gerhard Rose]]
| Generalarzt de la Luftwaffe, metge general de la Luftwaffe; Cap del departament de Medicina tropical i professor de l'[[Iinstitut Robert Koch]]; Assessor d'higiene per a la Medicina tropical a la Luftwaffe
| A|| C|| C|| nbsp;
| Presó Perpètua, reduït a 20 anys
|-
| [[Paul Rostock]]
| [[Cirurgia |cirurg]] en cap de la Clínica Cirurgica de Berlín; assessor cirurgic de l'Exèrcit i cap de l' Oficina per a la Ciència i la Investigació Médica (''Amtschef der Dienststelle Medizinische Wissenschaft und Forschung'') subordenat a Karl Brandt, comissionat del Reich per a la Salut i la Sanedat
| A|| A|| A|| nbsp;
| Absolt.
|-
| [[Siegfried Ruff]]
| Director del Departament de [[medicina aeronáutica]] a l'Institut Alemany Experimental par a l'Aviació (''Deutsche Versuchsanstalt für Luftfahrt'');refSiegfried Ruft i altres. ''Sicherheit und Rettung in der Luftfahrt''. [[Coblença (Alemanya)|Colblença]], ed. Bernard  Graefe, 1989./ref
| A|| A|| A|| nbsp;
| Absolt.
|-
| [[Konrad Schäfer]]
| Metge a l'Institut de Medicina Aeronáutica de Berlín 
| A|| A|| A|| nbsp;
| Absolt.
|-
| [[Oskar Schröder]]
| ''Generaloberstabsarzt''; cap de l'èquip d'inspectors del Servei Mèdic de la Luftwaffe (Chef des Stabes, Inspekteur des Luftwaffe-Sanitätswesens)
| A|| C|| C|| nbsp;
| [[Presó Perpètua]], reduïda a 15 anys.
|-
| [[Wolfram Sievers]]
| Standartenführer de l'SS; Director de la societat [[Ahnenerbe]] i del seu Institut per a la Investigació Científica Militar (''Institut für Wehrwissenschaftliche Zweckforschung'')
| A|| C|| C|| C
| Mort.
|-
| [[Georg August Weltz]]
| Oberfeldarzt de la Luftwaffe; cap de l'Institut de Medicina Aeronáutica a [[Munic]]
| A|| A|| A|| nbsp;
| Absolt.
|}
* '''A''' — Acusat
* '''C''' — Acusat i declarat culpable

==Altres metges nazis==
Fora de la zona d'ocupació americana, altres metges nazis van practicar la seva concepció molt indiosincràtica del seu deure de mèdic. No tots van ser arrestats o condemnats i certs van escapar i amagar-se durant molt anys a la [[república democràtica alemanya|RDA]], la [[República federal alemanya|RFA]] o [[Sud-amèrica]], gràcies a la complicitat de funcionaris als serveis secrets, a la justícia i a la polícia, que malgrat llur  passat nazi van obtenir posicions de responsabilitat a les administracions posthitlerianes.
* [[Kurt Heissmeyer]] (1905-1967), [[pneumologia|pneumòleg]], arrestat només el 1964 i mort a la presó de [[Bautzen]] per la seva participació als experiments amb [[rússia|russos]] i nens, assassinats a l'[[Escola del Bullenhuser Damm]], condemnat en contumàcia durant els [[judicis de la Casa Curio]]
* [[Alfred Trzebinski]] (1902-1946), condemnat a mort al primier [[Judicis de la Casa Curio|judici de la Casa Curio]] a [[Hamburg]], per la serva participació als assassinats dels nens del Bullenhuser Damm
* [[Eugen Fischer]] (1874-1967), metge i antropòleg [[racisme|racista]]
* [[Josef Mengele]] (1911-1979), metge del camp d'extermini d'[[Auschwitz]]

==Fonts==
;Referències
{{Referències}}

;Bibliografía
{{Commonscat|Doctors' Trial}}
* {{cita publicación|apellido=Hanauske-Abel |nombre=H. |año=1996 |url=http://bmj.bmjjournals.com/cgi/content/full/313/7070/1453?ijkey=41686bee0524cf4585d4937822eaa36f737c7453keytype2=tf_ipsecsha |título=Not a slippery slope or sudden subversion: German medicine and National Socialism in 1933 |revista=[[British Medical Journal]] |volumen=313 |número=7070 |páginas=1453–1463 |pmid=8973235 |issn=0959-8138}}
* {{cita publicación|apellido=Pellegrino |nombre=E. |url=http://www.annals.org/cgi/content/full/127/4/307 |título=The Nazi Doctors and Nuremberg: Some Moral Lessons Revisited |revista=[[American College of Physicians|ACP]] |fecha=[[1997]] |volumen=127 |número=4 |páginas=307–308 |pmid=9265432}}
* {{cita publicación|apellido=Seidelman |nombre=W. |año=1996 |url=http://bmj.bmjjournals.com/cgi/content/full/313/7070/1463 |título=Nuremberg lamentation: for the forgotten victims of medical science |revista=[[British Medical Journal]] |volumen=313 |páginas=1463–1467 |pmid=8973236 |issn=0959-8138}}

;Enlaços externs
* [http://www.ess.uwe.ac.uk/WCC/warcrimmed.htm Crims de guerra nazis]
* [http://www.mazal.org/archive/nmt/01/NMT01-C001.htm Trial proceedings (first part)] i [http://www.mazal.org/archive/nmt/02/NMT02-C001.htm Trial proceedings (second part)] de la bibliotics Mazal (Actes dels processos).
* [http://www.ushmm.org/wlc/en/index.php?ModuleId=10007035 Description] del museu [[Holocaust Memorial Museum]] als Estats Units.
* [http://www.ushmm.org/research/doctors/index.html Opening and closing statements and eyewitness testimony], Declaracions a l'obertura i la conclusió, i testimoniatges 
* [http://www.jlaw.com/Articles/NaziMedEx.html The Ethics Of Using Medical Data From Nazi Experiments] (en català: L'ètica de la utilització de les dades mèdiques dels experiments dels nazis)
* [http://www.ess.uwe.ac.uk/genocide/mord.htm Life Unworthy of Life] (en català: [[vida no mereixedora de vida]])
* Biddiss M. (1997). [http://www.pubmedcentral.nih.gov/picrender.fcgi?artid=1296317blobtype=pdf Disease and dictatorship: the case of Hitler's Reich] ''United States National Library of Medicine'' 1997 Jun;90(6):342-6. (en català: Malaltia i dictadura: el cas del Reich d'Hitler)

{{coord|49|27.2603|N|11|02.9103|E|region:DE_type:building|display=title}}
{{Autoritat}}

{{ORDENA:Judici Dels Metges}}	!--ORDENA generat per bot--
[[Categoria:Metges nazis]]</text>
      <sha1>7ah15r8f4rwoz2clyv43m3p8ld7eeoa</sha1>
      <model>wikitext</model>
      <format>text/x-wiki</format>
    </revision>
  </page>