<page>
    <title>Salvador Soria Zapater</title>
    <ns>0</ns>
    <id>1093797</id>
    <revision>
      <id>13923929</id>
      <parentid>13673357</parentid>
      <timestamp>2014-08-08T09:54:03Z</timestamp>
      <contributor>
        <username>Langtoolbot</username>
        <id>128552</id>
      </contributor>
      <minor></minor>
      <comment>Corregit: fóren  foren</comment>
      <text>{{Infotaula persona
| nom = Salvador Soria Zapater
| imatge = 
| mida_imatge = 
| peu = 
| nom_naix = 
| data_naix = {{Data naixement|1915|05|}}
| lloc_naix = [[El Grau de València]]
| data_mort = {{Data defunció i edat|2010|03|12|1915|05|95|}}
| lloc_mort = [[Benissa]]
| causa_mort = 
| lloc_enterrat = 
| coordenades_lloc_enterrat = 
| residència = [[Benissa]]
| nacionalitat = {{VAL}}
| altres_noms = 
| conegut_per = 
| educació = 
| empleat = 
| ocupació = Pintor
| títol = 
| salari = 
| valor_net = 
| alçada = 
| pes = 
| term = 
| predecessor = 
| successor = 
| partit = 
| boards = 
| religió = 
| pares = 
| muller = Arlett
| marit = 
| fills = Martine
| senyal de crida = 
| parent = 
| signatura = 
| lloc_web = 
| notes = 
}}
Salvador Soria Zapater naix a [[El Grau de València]] el [[maig]]refConferencia sobre l'obra de Salvador Soria [http://www.laverdad.es/alicante/v/20120905/cultura/descubre-obra-salvador-soria-20120905.html]/ref de [[1915]] - i mor a [[Benissa]] el [[12 de març]] de [[2010]].refObituari a El Mundo [http://www.elmundo.es/elmundo/2010/03/12/valencia/1268392637.html]/ref

Va estudiar a l'Escola d'Arts i Oficis de València. En acabar la [[guerra civil]] es va exiliar a [[França]], on va continuar la seva formació artística a l'Escola dels Museus. En finalitzar la [[Segona Guerra Mundial]] va viatjar a [[París]], on seguí estudiant. Va ser membre de la Comissió Assessora del Moviment Artístic del Mediterrani.

== Exposicions ==
* El [[1940]] va realitzar la seva primera exposició a [[Perpinyà]], on residia el pintor Balbino Giner.
* El [[1944]] va exposar a [[Vilanuèva d'Òlt]].
* El [[1945]] va exposar a [[Marsella]]. 
* El [[1946]] i [[1947]] exposà obra a [[París]]. 
* El [[1949]] exposà a [[Agen]].
* El [[1950]] va exposar a [[Tolosa]].
* El [[1952]] va exposar a Bourdeaux (Paris)
* En [[1953]] va tornar a València.
* En [[1954]] va realitzar una exposició on va donar a conèixer el seu nou estil.
* El [[1955]] va participar en el ''I Salón de Otoño'' que es va celebrar al Saló d'Exposicions de l'[[Ateneu Mercantil de València]], de l'1 al 21 de Desembre. Amb altres artistes com [[Luis Giner Bueno]], [[Genaro Lahuerta]] o José Gumbau, entre d'altres. També es va exposar per primera vegada una recopilació d'obres seves realitzades entre 1944 i 1954 a València, a la ''Sala Lafuente'' el març de [[1955]].refSegons fullet disponible a la [[Biblioteca_del_MUVIM|Biblioteca]] del [[MUVIM]] amb signatura A.R. C.001/012 amb text d'[[Alfons Roig]]/ref
* El [[1956]] va participar en la III Bienal Hispanoamericana a [[Barcelona]] i va obtenir el primer accésit al ''II Salón de Otoño'' de València
* El [[1957]] es va adherir al [[Grup Parpalló]] liderat pel crític d'art [[Vicente Aguilera Cerni]], eixe any aconseguí el primer premi al ''III Salón de Otoño'' de l'[[Ateneu Mercantil de València]].
* El [[1958]] va exposar a Madrid, València, Santander i Bilbao. També al ''I Salón de Arte del Mediterráneo''. Al IV Salón de Otoño de València va exposar fora de concurs i va participar com a Jurat.
* El [[1959]] va exposar a la III Bienal de Alejandría, al ''II Salón de Arte Actual del Mediterráneo'', ''20 años de pintura española contemporánea'' a [[Lisboa]]. Va ser jurat al ''V Salón de Otoño'' de València. Va ser seleccionat per a la XXX [[Biennal de Venècia]]. Va realitzar una exposició col·lectiva a [[Formentor]] i Mallorca amb el [[Grup Parpalló]]. Va estar al Saló de Premis [[Juan Gris]] a Barcelona.
* El [[1960]] va exposar a València a la sala Martínez PerisrefFullet a la Biblioteca del [[MUVIM]], signatura: A.R. C.001/055/ref
* El [[1969]] va exhibir per primera vegada la seva obra a [[Barcelona]]refExposició a Barcelona [http://hemeroteca-paginas.lavanguardia.com/LVE07/HEM/1969/03/30/LVG19690330LVG-049.pdf]/ref
* El [[1970]] va guanyar el V premi de pintura Tina.ref{{cita web|url=http://hemeroteca-paginas.lavanguardia.com/LVE07/HEM/1970/10/16/LVG19701016-028.pdf|título=Guanyador V Premi de Pintura 'La Tina' 1970 |data=10 d'octubre 1970|dataacces=20 de maig de 2013|editorial=''[[La Vanguardia]]''|pàgina=28}}/ref Aquesta edició del premi Tina es va celebrar a Benidorm. El segon premi va ser per a Manera i el tercer per a R. Ferrer. L'exposició es va celebrar a la Galeria Darhim i varen participar 24 artistes. Les Tines d'honor es varen atorgar a [[Emília Xargay]], de Girona, al dibuixant Cese de Barcelona i a R. Ferrer, de Blanes. El president d'honor del jurat va ser el pintor [[Bartomeu Massot]], el president l'artista Valbuena —que va guanyar la IV edició - i la resta del jurat foren: [[Xavier Dalfó]], [[Joan Fuster]], Ernesto Contreras, Martínez Monje, J. Guillamet, Mariano Chicot i Joaquín Bellostas.

== Col·laboracions == 

En [[1959]] va fundar la revista 'Arte Vivo' amb el crític d'art [[Vicente Aguilera Cerni]].
En [[1960]] va començar a col·laborar a ''Cuadernos del Movimiento Artístico del Mediterráneo''.

== Obra ==
La seva obra es pot trobar al Museu d'Art Contemporani de Madrid, al Museu de Belles Arts de València, a l'[[IVAM]], al Museu de Solidaritat Salvador Allende de Santiago de Xile, al Museu d'Art Contemporàni de Managua, a l'Ajuntament de València, a la seu de la Fundació Bancaixa i a la [[Biblioteca Museu Víctor Balaguer]] de [[Vilanova i la Geltrú]].

Va realitzar més de 500 exposicions col·lectives, per tota Espanya i per diferents museus d'Alemanya, Argentina, Àustria, Bèlgica, Brasil, Canadà, Xile, Egipte, Escòcia, Finlandia, França, Anglaterra, Itàlia, Japó, Líban, Marroc, Mèxic, Portugal, Síria, Suïssa i els Estats Units (Nova York, Washington, Chicago, San Francisco, Filadèlfia, Atlanta i Oram).

També va escriure poesia.refEdició llibre pòstum a l'IVAM [http://www.20minutos.es/noticia/1067430/0/]/ref

== Referències ==
{{referències}}
 
== Enllaços externs == 
* Obituari El País [http://elpais.com/diario/2010/03/13/necrologicas/1268434801_850215.html]
* Exposició a l'IVAM del 26 Gener - 22 Març 2009 [http://www.ivam.es/exposiciones/2550-salvador-soria-de-las-integraciones-la-emotividad-de-la-razn:2009]
* Catàleg exposició IVAM [http://www.ivam.es/catalogopdf/0519/] ISBN 978-84-482-5145-1
* Imatges de les seves obres [http://www.classicartpaintings.com/Painters-S/Salvador+Soria/]
* Certàmen de Pintura ''Salvador Soria'' a [[Benissa]] [http://www.lasprovincias.es/v/20130312/marina/roberto-coromina-gana-certamen-20130312.html]
* Exposició al Palau de Sástago de Saragossa del 16 de desembre de 1994 al 29 de gener de 1995 amb el títol ''Salvador Soria. Exposición retrospectiva. 1940-1992''. Galeria d'imatges de l'obra exposada [http://cultura.dpz.es/es/cultura-juventud-deporte/exposiciones/exposiciones-virtuales/salvador-soria/id/832]</text>
      <sha1>olez2lxlawmv8pyyfnxev7xts2tiar4</sha1>
      <model>wikitext</model>
      <format>text/x-wiki</format>
    </revision>
  </page>