<page>
    <title>Crim de la fase final</title>
    <ns>0</ns>
    <id>1093764</id>
    <revision>
      <id>14017116</id>
      <parentid>12948280</parentid>
      <timestamp>2014-09-07T10:03:33Z</timestamp>
      <contributor>
        <username>Langtoolbot</username>
        <id>128552</id>
      </contributor>
      <minor></minor>
      <comment>Corregit: Bahnhofsvorplatz'' per que s  Bahnhofsvorplatz'' perquè s</comment>
      <text>'''Crims de la fase final''' o en alemany '''''Endphaseverbrechen''''' es diuen tota una sèrie de 410 crims [[nazisme|nazis]] perpetrats principalment per la [[Schutzstaffel|SS]], la [[Wehrmacht]], la [[Hitlerjugend]] i la [[Gestapo]], però també per civils quan la desfeta alemanya a la [[Segona Guerra Mundial]] semblava ineludible. Van començar des de la fi de gener [[1945]] i continuar fins a les darreres hores abans la [[Actes de capitulació del Tercer Reich|capitulació incondicional de la Wehrmacht]] el [[8 de maig]] del mateix any. La terminologia ''crim de la fase final'' és una categoria de [[crim de guerra]] que troba el seu origen als [[Judici (dret)|judicis]] després del 1945 a [[Àustria]] i [[Alemanya]]. Les víctimes van ser desenes de milers presoners dels camps de concentració, forçats, desertors, presoners militars i dissidents alemanys.

== L'estrategia de supervivència dels Nazis ==
Tret d'uns casos de venjança personal, es tractava d'una estrategia de supervivència dels nazis davant la desfeta imminent, decidida al més alt nivell de la jerarquia. El gener 1945, el [[Reichsführer]] [[Heinrich Himmler]] i el cap de la Gestapo [[Heinrich Müller]] van donar l'ordre als seus [[Comando (forces especials)|comandos]] d'eliminar d'un costat tot els potencials testimonis a càrrega dels crims nazis (presoners dels camps i treballadors estrangers) i d'un altre costat tots els oponents i dissidents que podrien complir un paper dirigent o exercir un poder polític en la reconstrucció del país post-nazista. Tret de les persones, també va decretar-se de destruir totes les traces materials dels seus crims, per exemple les [[cambra de gas|cambres de gas]] d'[[Auschwitz]] o els camps de concentració i d'extermini.

Müller va dir: «No farem el mateix error que va fer-se el 1918. No deixarem vius els nostres [[enemic]]s interiors.»refHeinrich Müller, text original: «Wir werden nicht den gleichen Fehler machen, der 1918 begangen wurde; wir werden unsere innerdeutschen Feinde nicht am Leben lassen.» citat per: Gisa Marschefski, [http://irpk.wordpress.com/2009/04/10/die-rede-von-gisa-marschefski-karfreitag-2009/ «Die Rede von Gisa Marschefski, Karfreitag 2009» {{de}}], web del museu commemoratiu du Romberg Park/ref Això marcava l'estrategia de supervivència concebut per [[Adolf Hitler]]: els [[Aliats de la Segona Guerra Mundial|Aliats]] haurien de trobar una [[terra cremada]] sense infraestructures, a la qual no hi hagués cap [[Democracia|democrata]], [[comunista]], [[socialisme|socialista]], intel·lectual dissident o sacerdot resistent que podria ajudar-les o testimoniejar contra els nazis.  

Els més coneguts crims de la fase final van ser les evacuacions dels [[camp de concentració nazi|camps de concentració]] durant [[marxa de la mort|marxes de la mort]] cap a enlloc, durant les quals molts presoners ja força extenuats van morir.

== Uns crims destacats==
Uns exemples de crims de la fase final, classificats segons el lloc on van passar.

;Aquisgrà
El 25 de març de 1945, [[Franz Oppenhoff]], nomenat per l'exèrcit americà el 1944 com a batlle de la ciutat, sobre recomanació del bisbe d'[[Aquisgrà]], va ser assassinat per ordre d'Heinrich Himmler per un comando de la SS i de la [[Luftwaffe]] que van poder passar el front amb un avió americà capturat.ref[http://www.wgdv.de/wege/oppenhoff.htm «Oppenhoffallee, Denkmal»]/ref

;Hamburg
A la nit del 21 al [[22 d'abril]] de 1945, a l'antiga escola del l'[[Escola del Bullenhuser Damm|Bullenhuser Damm]] al barri de [[Rothenburgsort]] d'[[Hamburg]], l'[[unterscharführer]] [[Johann Frahm]] (1901 – 1946) i [[Alfred Trzebinski]] (1902 – 1946), sota el comandament de l'[[obersturmführer]] [[Arnold Strippel]] i manats per l'[[obergruppenführer]] [[Oswald Pohl]] van assassinar 20 nens i nenes jueus de cinc a dotze anys, tots víctimes d'experiments pseudo-científics del metge SS [[Kurt Heissmeyer]], els seus quatre curadors ([[René Quenouille]],  [[Gabriel Florence]], [[Anton Hölzel]] i [[Dirk Deutekom]]) així com 24 [[Presoner de guerra|presoners de guerra]] [[Rússia|russos]].ref[http://www.kz-gedenkstaette-neuengamme.de/?id=655 «Site commemoratif du camp de concentration de Neuengamme» {{fr}}], Web de l'indret memorial del KZ Neuengamme [Consulta el 22 d'abril de 2013]/ref

;Leipzig
* 12 d'abril: 53 presoners alemanys i estrangers són matats a la vora de la ciutat de [[Leipzig]]
* 13 d'abril: 32 arrestats alemanys, francesos, austríacs i txecoslovacs són matats a una caserna de la Wehrmacht.
* 18 d'abril: almenys 80 presoners del camp de Leipzig-Thekla, una extensió del camp de [[Buchenwald]] són cremats vius pels SS, durant el «massacre d'[[Abtnaundorf]]».refKarl-Heinz Rother, [http://www.leipzigs-neue.de/archiv/2009/LN-01-2009.pdf «Das Massaker von Abtnaundorf» {{de}} ], ''Leipzigs Neue'', gener del 2009 (volum 17), pàgina 7 (en català: «El Massacre d'Abtnaundorf»)/ref                        

;Lemgo
* [[5 d'abril]]: Wilhelm Gräfer, [[burgmestre]] de [[Lemgo]], executat després d'un [[judici sumaríssim ]] per haver temptejat de negociar la rendició de la ciutat amb les [[Exèrcit dels Estats Units d'Amèrica|forces armades americanes]] que van alliberar la ciutat al vespre del mateix dia. 
;Sandbostel
L'abril 1945, uns 8000 presoners del [[Camp de concentració de Neuengamme]] es transfereixen al camp de [[Sandbostel]] al nord de Bremen, al qual una gran part va morir.ref[http://www.stiftung-lager-sandbostel.de/pdf-dateien/flyer/sandbostel_infoflyer_x_eng_zoll.pdf «The Sandbostel Camp» {{en}}]/ref

;Schwerin
El [[2 de maig]] del 1945, uns SS de [[Schwerin]] van penjar [[Marianne Grunthal]] a la plaça  ''Bahnhofsvorplatz'' perquè s'havia alegrat de la mort d'en Hitler i de la pau imminent.ref[http://www.svz.de/nachrichten/lokales/schwerin/artikeldetails/artikel/mord-an-marianne-grunthal-zeitzeuge-erzaehlt.html «Mord an Marianne Grunthal: Zeitzeuge erzählt»], ''Schweriner Volkszeitung'', [[Schwerin]], 2 de maig 2013,  (en català: L’assassinat de Marianne Grunthal: un testimoni d’època)/ref

;Wuppertal
El [[28 de febrer]] de 1945, a una clarina al bosc estatal de Burgholz prop del camp de tir de la policia municipal de [[Wuppertal]], la Gestapo, ajudat per la [[Kripo]] de Wuppertal va afusellar sis dones i 24 homes [[Unió de Repúbliques Socialistes Soviètiques|soviètics]], tots forçats, dels quals només es coneix el nom d'una, Helena Matrosova, una ensenyant d'[[Ucraina]].ref[http://www.gedenkbuch-wuppertal.de/de/person/matrosova «Helena Matrosova»], al web [http://www.gedenkbuch-wuppertal.de ''Gedenkbuch für die NS-Opfer aus Wuppertal''] (en català: Llibre [[in memoriam]] de les víctimes del nazisme a Wuppertal)/ref

{{nazisme}}

== Referències ==
{{Referències|2}}


{{ORDENA:Crim De La Fase Final}}	!--ORDENA generat per bot--
[[Categoria:Segona Guerra Mundial]]
[[Categoria:Nazisme]]
[[Categoria:Delictes]]</text>
      <sha1>qy5sxoekjmorayqr3pymsrwhui8xinc</sha1>
      <model>wikitext</model>
      <format>text/x-wiki</format>
    </revision>
  </page>