<page>
    <title>J. D. Morgan</title>
    <ns>0</ns>
    <id>1093351</id>
    <revision>
      <id>13034739</id>
      <parentid>13024319</parentid>
      <timestamp>2014-03-10T20:11:54Z</timestamp>
      <contributor>
        <username>ArnauBot</username>
        <id>90823</id>
      </contributor>
      <comment>Robot estandarditza i catalanitza referències, catalanitza dates i fa altres canvis menors</comment>
      <text>
{{Infobox person 
|name          = J. D. Morgan
|image         = J D Morgan - Southern Campus 1960.jpg
|image_size    = 
|caption       = J. D. Morgan de la UCLA
|birth_name    = 
|birth_date    = 3 de març del 1919
|birth_place   = [[Newcastle (Oklahoma)]]
|death_date    = {{death date and age|1980|12|16|1919|3|3}}
|death_place   = [[Los Angeles|Los Angeles (California)]]
|body_discovered = 
|death_cause   = 
|resting_place = 
|resting_place_coordinates = !-- {{coord|LAT|LONG|display=inline,title}} --
|residence     = 
|nationality   = 
|ethnicity     = 
|citizenship   = Estats Units
|other_names   = 
|known_for     = Vuit campionats de tennis de l'NCAA com a entrenador i trenta campionats de l'NCAA com a coordinador d'esports
|education     = 
|alma_mater    = Universitat de Califòrnia a Los Angeles ([[Universitat de Califòrnia a Los Angeles|UCLA]])
|employer      = 
|occupation    = Entrenador de tennis i coordinador d'esport
|years_active  = 
|home_town     = 
|title         = 
|salary        = 
|networth      = 
|height        = 
|weight        = 
|term          = 
|predecessor   = 
|successor     = 
|party         = 
|opponents     =
|boards        = 
|religion      = 
|spouse        = 
|partner       = 
|children      = 
|parents       = 
|relations     = 
|callsign      = 
|signature     = 
|website       = 
|footnotes     = 
}}
'''J. D. Morgan''' (3 de març de [[1919]] - 16 de desembre de [[1980]]) va ser un [[tennista]], entrenador i coordinador d'esports [[estatunidenc]], que va estar vinculat a l'esport a la UCLA durant més de 40 anys.

==Biografia==
===Primers anys===
Morgan va néixer a Newcastle, Oklahoma, i va jugar a futbol, tennis i beisbol al Cordell High School a [[New Cordell| Cordell (Oklahoma)]]. Va començar a estudiar a la UCLA a finals dels anys 30, i des de llavors va mantenir una relació molt estreta amb aquesta universitat. Durant quatre anys va jugar amb la selecció de tennis de la UCLA, i en va ser el capità el 1941.
Durant la [[Segona Guerra Mundial]], Morgan va servir a la [[Marina dels Estats Units d'Amèrica]] i va ser el comandant d'un [[torpediner]] a [[Teatre d'Operacions del Pacífic|la Guerra del Pacífic]].

===Carrera===
;Entrenador de tennis
El 1946, Morgan va tornar a la UCLA com a assistent d'entrenador de tennis sota la direcció de William C. Ackerman.ref{{ref-web|url= http://articles.latimes.com/1988-02-17/sports/sp-29162_1_william-ackerman |títol= William Ackerman, a Pioneer Figure in UCLA Sports, Administration, Dies.|cognom = Anònim |editor= Los Angeles Times |data= 17 de febrer de 1988 |consulta=14 de maig del 2013}}/ref Va assumir el càrrec de cap dels entrenadors de tennis el 1949, posició que va ocupar fins a l'any 1966; període en què l'equip de tennis Bruins va guanyar vuit campionats de l'NCAA ([[National Collegiate Athletic Association|Associació Nacional Atlètica Col·legial]]). Aquest equip va comptar amb campions individuals, com Edith Sigourneyref{{ref-web|url= http://fr.wikipedia.org/wiki/Edith_Sigourney |títol= Edith Sigourney. |cognom= Anònim |editor= Wikipedia, the free encyclopedia |data= 9 de desembre de 2012 |consulta=14 de maig del 2013}}/ref i Charles Pasarell. Va renunciar com a entrenador de tennis el 1966.

;Coordinador d'esports
El 1963, Morgan va adquirir la responsabilitat afegida del càrrec de coordinador d'esports de la UCLA, posició que va ocupar fins al 1979. En aquest període la universitat va guanyar 30 campionats de l'NCAA: deu [[Campionat de bàsquet de l'NCAA|campionats de bàsquet de l'NCAA]], set de voleibol, sis de tennis, quatre d'atletisme i tres de waterpolo.
Durant els 16 anys que va ser coordinador d'esports de la UCLA, a Morgan se li van atribuir una sèrie d'accions com “revitalitzar el programa esportiu, catapultar els Bruins a nivell nacional i, finalment, redefinir els esports a la UCLA fins a convertir el departament d'esports de la universitat en el model admirat per totes les universitats del país”.ref{{ref-web|url= http://alumni.ucla.edu/share/ucla-history/tmih-feb-morgan.aspx |títol= A League of His Own. |cognom= Anònim |editor= UCLA History |data= 8 de febrer de 1963 |consulta=14 de maig del 2013}}/ref 
J. D. Morgan va contractar Tommy Prothro com a entrenador de [[futbol americà]], i els Bruins van jugar quatre partits Bowl, dos dels quals eren [[Estadi Rose Bowl|Rose Bowl]]. Morgan també va supervisar el final de la construcció del Pauley Pavillion i la construcció del Drake Stadium, del Spaulding Field i del varador per a l'equip a Marina del Rey.

===Caràcter===
Morgan era conegut pel seu caràcter competitiu i una personalitat que alguns descriuen com difícil, fins i tot arrogant. En els seus primers anys com a coordinador d'esports de la UCLA, va seure a la banqueta amb John Wooden durant els partits de bàsquet, des d'on solia denigrar els àrbitres. Els atacs de ràbia de Morgan van ser el que probablement va donar lloc a un canvi de la norma, que va acabar prohibint als coordinadors d'esports estar asseguts a la banqueta durant els partits de bàsquet.

===Últims anys===
El 1979, Morgan es va retirar per problemes de salut. Va morir l'any següent, als 61 anys. El 1983, se li va dedicar el J. D. Morgan Center de la UCLA, on hi ha el departament d'esports de la universitat i el personal, tant administratiu com tècnic.

==Referències==
{{referències|2}}

== Bibliografia ==
* [http://news.google.com/newspapers?nid=1928dat=19270204id=rAgiAAAAIBAJsjid=e2kFAAAAIBAJpg=3249,2565825 Anònim. The Lewiston Daily Sun, a Google News] [Última consulta: 14 de maig del 2013].
* [http://www.usta.com/presentations/USTAYearBook/62.pdf Anònim. U.S. ADULT  SENIOR NATIONAL CHAMPIONSHIPS. USTA] [Última consulta: 14 de maig del 2013].
* [http://alumni.ucla.edu/share/ucla-trivia/ Anònim. UCLA Trivia. UCLA Alumni] [Última consulta: 14 de maig del 2013].
* [http://lde421.blogspot.com.es/2009/09/american-in-paris.html LDE. An American in Paris. Blogspot] [Última consulta: 14 de maig del 2013].

{{ORDENA:Morgan, J D}}

[[Categoria:Tennistes estatunidencs]]
[[Categoria:Esportistes d'Oklahoma]]</text>
      <sha1>4ojavy1k1k2083kjb5r62wryw0inzf4</sha1>
      <model>wikitext</model>
      <format>text/x-wiki</format>
    </revision>
  </page>