<page>
    <title>Carta de jurament</title>
    <ns>0</ns>
    <id>1093011</id>
    <revision>
      <id>14046641</id>
      <parentid>14043489</parentid>
      <timestamp>2014-09-15T19:00:25Z</timestamp>
      <contributor>
        <username>ArnauBot</username>
        <id>90823</id>
      </contributor>
      <comment>Robot estandarditza i catalanitza referències, catalanitza dates i fa altres canvis menors</comment>
      <text>[[Fitxer:5jo1.gif|thumb|200px|La Carta de jurament tal com es va publicar oficialment.]]
La {{nihongo|'''Carta de jurament''' |五箇条の御誓文|Gokajō no Goseimon| literalment, el '''Jurament en cinc articles'''}}ref Keene, 137. Es poden observar altres traduccions, per exemple,'' 'Jurament en cinc articles''' o '''Carta de jurament en cinc articles'''/ref va ser promulgada en l'entronització del l'[[Emperador Meiji]] del [[Japó]] el [[7 d'abril]] de [[1868]]. El jurament delineava les principals fites i el curs d'acció del regnat de l'Emperador Meiji, i preparava el marc legal per a la modernització del Japó. Tractava de deixar enrere el període del ''[[bakumatsu]]'' i el [[Shogunat Tokugawa]], però volia incloure, al seu torn, aquells territoris que donaven suport al règim anterior. Va continuar influint durant l'[[era Meiji]] i a principis del [[segle XX]], i se la pot considerar com la primera [[constitució]] del Japó modern.ref Keene, 340, fa notar que hom pot «descriure el Jurament en cinc articles com una constitució per a totes les eres.»/ref

== Context previ ==
{{Principal|Bakumatsu|Restauració Meiji}}
La carta es va publicar dins d'un període tumultuós de la història del Japó, conegut com la «[[Restauració Meiji]]». Des de [[1192]], Japó estava governat per un govern militar conegut com a [[shogunat]], i el cap d'estat era la figura del ''[[shogun]]''. Al juny de [[1853]], el comodor [[Matthew Perry]] va arribar a la badia d'Edo amb diversos vaixells de guerra, i va exigir drets per comerciar amb el Japó. El [[shogunat Tokugawa|''shōgun'' Tokugawa]], va haver de signar un tractat de comerç davant la gran bretxa tecnològica que separava els dos exèrcits, que deixava el japonès en clar desavantatge. Diversos ''[[dàimio]]'', senyors feudals de gran renom, que s'oposaven al ''shogun'' van veure això com una mostra de debilitat del règim i van decidir lluitar pel govern i tractar d'instaurar un nou [[Emperador del Japó|emperador]], la qual cosa donà lloc al període conegut com a ''[[bakumatsu]]''. Després que la victòria s'inclinés cap als ''[[Ishin Shishi]]'', patriotes de la restauració, i les tropes imperials, es va poder proclamar a l'[[Emperador Meiji]], un fet que fou el punt de partida del període conegut com a [[Era Meiji]], caracteritzat per un nou acostament del Japó al context internacional i una gran modernització del país, retratats en la carta promulgada durant l'entronització del flamant emperador.

== Text ==
Tal com diu el seu nom, el text de la carta consisteix en cinc clàusules:

{{Citació|Mitjançant aquest jurament, denotem com la nostra meta l'establiment d'una prosperitat nacional d'àmplia base i l'elaboració d'una constitució i lleis.

# S'establiran àmpliament assemblees deliberatives i totes les qüestions s'hauran de decidir en discussions obertes.
# Totes les classes, altes i poderoses, s'uniran per dur a terme vigorosament l'administració dels assumptes de l'estat.
# Les persones comunes, igual que els funcionaris civils i els militars, estaran autoritzades a seguir llur pròpia vocació perquè no hi hagi descontentament.
# Es trencaran els mals costums del passat i tot es basarà en les justes lleis de la naturalesa.
# Es buscarà el coneixement a través del món per enfortir els fonaments del govern imperial.refTraducció lliure a partir de McLaren, 8, citat a De Bary ''et al.'', 672. /ref}}

== Origen i influència posterior ==
El primer esborrany de la carta el va escriure el regidor [[Yuri Kimimasa]] al gener de 1868, i contenia un llenguatge progressista que parlava sobre les frustracions que els radicals però modests líders Meiji havien experimentat al «servei d'incompetents hereditaris.» ref A l'anglès original: «service to Hereditary incompetents.» /refref name=jansen338 Jansen, 338./ref El llenguatge utilitzat per Yuri va acabar sent moderat pel seu col·lega [[Fukuoka Takachika]] en febrer perquè fos «menys alarmant,» i [[Kido Takayoshi]] va preparar la forma final de la carta, emprant un «llenguatge prou ampli per abraçar les dues lectures.»ref En l'anglès original: «language broad enough to Embrace both readings. »/refref name=jansen338 / La carta va ser llegida en veu alta per [[Sanjo Sanetomi]] a la sala cerimonial principal del [[Palau Imperial de Kyoto]] davant la presència de l'Emperador i més de 400 oficials. Després de la lectura, els [[kuge|nobles]] i els ''[[dàimio]]'' presents van signar amb els seus noms un document lloant la carta, i jurant fer el possible per complir i implementar-la. Aquells que no van poder acudir a la lectura formal, van visitar amb posteritat el palau per signar-lo, aconseguint un nombre total de 767 signatures.ref Keene, 140/ref

El propòsit de la carta era tant dictar una declaració de polítiques a seguir pel govern posterior al [[shogunat Tokugawa]] durant l'era Meiji, com oferir esperances d'inclusió dins del pròxim règim als dominis pro-Tokugawa. Això era especialment important durant les primeres etapes de la [[Restauració Meiji|Restauració]] per evitar que aquests dominis s'aliessin als romanents dels Tokugawa durant la [[guerra Boshin]]. Posteriorment, la victòria militar «va fer segur el fet de començar a treure els nobles de la cort i els ''daimyō'' del camí.»ref En l'anglès original: «made it safe to begin to push court nobles and daimyō figureheads out of the way.»/refref Jansen, 342 /ref

La promesa de reforma del document no es va complir al principi: en particular, no es va establir un parlament amb poder real fins al 1890, i l'oligarquia Meiji de [[Domini de Satsuma|Satsuma]], [[Domini de Chōshū|Chosu]], [[Domini de Tosa|Tosa]] i [[Domini de Hizen|Hizen]] va mantenir el control polític i militar fins entrat el segle XX. En general, la carta estava expressada en termes amplis per minimitzar la resistència dels ''daimyō'' i per donar «una promesa de gradualisme i equitat»:ref En l'anglès original: «a promise of gradualism and equity:» /refref name=autogenerated1 Jansen, 339 /ref

{{Citació|«Concilis deliberatius» i «dissertacions públiques» eren, després de tot, termes que s'havien aplicat a la cooperació entre senyors de grans dominis. Que «totes les classes» s'havien unir indicava que aquestes continuarien existint. Fins i tot els «plebeus» havien de ser tractats decentment pels funcionaris «civils i militars», els rangs privilegiats del passat. Ningú semblava estar a favor de retenir els «mals costums», una «naturalesa» confuciana indicaria el camí a seguir. Només sota la promesa de «buscar coneixement a través del món» hi havia un indicador específic de canvi, però aquí, també, els activistes tardans de Tokugawa havien deplorat la irracionalitat del govern bicèfal del Japó com l'únic al món. A més, la recerca seria selectiva i amb un propòsit específic, dissenyada per «enfortir les bases del govern imperial.»refEn l'anglès original: «deliberative councils» and «public discourse» were, after all, terms that had been applied to cooperation between lords of great domains. That «all classes» were to unite indicated that there would continue to be classes. Even «commoners» were to be treated decently by «civil and military» officers, the privileged ranks of the recent past. No one was likely to be in favor of the Retention of «evil customs», a rather Confucian «Nature» would indicate the path to be chosen. Only in the promise to «seek knowledge throughout the world» was there a specific indication of change; but here, too, batega Tokugawa activists had deplored the irrationality of Japan s two-headed government as the only one in the world. Moreover the search would be selective and purposeful, designed to «strengthen the foundations of imperial rule.» /refref Traducció lliure de: Jansen, 339/ref}}

Es va reiterar el jurament en el primer article de la constitució promulgada el juny de 1868, i els seus articles subsegüents amplien les polítiques demarcades a la carta.ref De Bary'' et al.'', 672-3. /ref Gairebé vuitanta anys més tard, al començament de la [[Segona Guerra Mundial]], l'Emperador [[Hirohito]] va retre homenatge al jurament i el va reafirmar com la base de la [[kokutai|«política nacional»]] en el seu famós ''[[Ningen-Sengen]]''.refDe Bary'' et al''., 1029 /refref name=autogenerated1/

== Vegeu també ==
* [[Era Meiji]]

== Referències ==
* {{ref-llibre|cognom=De Bary |nom=William |coautors= Carol Cluck, y Arthur Tiedemann (eds.) |títol=Sources of Japanese Tradition, Vol. II: 1600 to 2000 |año-original=1958 |edició=2a ed.|any=2005 |editorial=Columbia |lloc=Nova York|id=ISBN 0-231-12984-X |pàgines= |capítol= |urlcapítulo= |cita = }}
* {{ref-llibre|cognom=Dower |nom=John |títol=[[Embracing Defeat: Japan in the Wake of World War II]] |any=2000 |editorial=Norton |lloc=Nova York|id=ISBN 0-393-04686-9 |pàgines= |capítol= | urlcapítulo = |cita= }}
* {{ref-llibre|cognom=Jansen |nom=Marius B. |títol=The Making of Modern Japan |any=2002 |lloc=Cambridge |editorial=Harvard |id=ISBN 0-674-00991-6 }}
* {{ref-llibre|cognom=Keene |nom=Donald |enllaçautor=Donald Keene |títol=Emperor of Japan: Meiji and His World, 1852–1912 |any=2005 |lloc=Nova York |editorial=Columbia |id=ISBN 0-231-12340-X }}
* {{ref-llibre|cognom=McLaren |nom=W. W. |enllaçautor= |títol=Japanese Government Documents |any=1979 |editorial=University Publications of America |lloc=Bethesda, Md. |id=ISBN 0-313-26912-2 }}

== Notes ==
{{Referències|2}}

== Bibliografia ==
* {{ref-llibre|cognom=Akamatsu |nom=Paul |altres=Miriam Kochan (trad.) |títol=Meiji 1868: Revolution and Counter-Revolution in Japan |any=1972 |mes= |editorial=Harper  Row |lloc=Nueva York |llengua=japonés |id=ISBN 0-06-010044-3 }}
* {{ref-llibre|cognom=Akita |nom=George |títol=Foundations of Constitutional Government in Modern Japan 1868-1900 |any=1967 |mes= |editorial=Harvard |lloc=Cambridge |id=ISBN 0-674-31250-3}}
* {{ref-llibre|cognom=Beasley |nom=W. G. |títol=The Rise of Modern Japan: Political, Economic and Social Change Since 1850 |any=1995 |editorial=St. Martin's Press |lloc=Nueva York |id=ISBN 0-312-23373-6}}
* {{ref-llibre|cognom=Jansen |nom=Marius B. |coautors=Gilbert Rozman (eds.) |títol=Japan in Transition: From Tokugawa to Meiji |any=1986 |lloc=Princeton |editorial=Princeton |id=ISBN 0-691-10245-7 }}
* {{ref-llibre|cognom=Murphey |nom=Rhoades |títol=East Asia: A New History |any=1997 |editorial=Addison Wesley Longman |lloc=Nueva York |id=ISBN 0-321-42141-8 }}


{{ORDENA:Carta De Jurament}}	!--ORDENA generat per bot--

[[Categoria:Història del Japó]]

{{Link GA|en}}
{{Link GA|es}}</text>
      <sha1>9au2abybl37brl6t7ogc3berbwpnlsm</sha1>
      <model>wikitext</model>
      <format>text/x-wiki</format>
    </revision>
  </page>